{
	"pack_name": "{chair_pack.make_sd_workwork.name}",
	"author": ["Normal_sd"],
	"description": ["{chair_pack.make_sd_workwork.desc}"],
	"date": "2021.11.22",
	"icon": "make_sd_workwork:textures/chair_icon.png",
	"version": "1.0.0",
	"model_list": [
		{
			"model_id": "make_sd_workwork:ldx",
			"render_item_scale": 0.5,
			"description": ["{model.make_sd_workwork.ldx.desc}"],
			"mounted_height": 2,
			"animation": []
		},
		{
			"model_id": "make_sd_workwork:rdx",
			"render_item_scale": 0.5,
			"description": ["{model.make_sd_workwork.rdx.desc}"],
			"mounted_height": 2,
			"animation": []
		},
		{
			"model_id": "make_sd_workwork:m_wacca",
			"animation": [],
			"description": ["{model.make_sd_workwork.m_wacca.desc}"],
			"render_item_scale": 0.7
		},
		{
			"model_id": "make_sd_workwork:drilldozer",
			"animation": ["touhou_little_maid:animation/base/rotation/z_normal_speed.js"],
			"description": ["{model.make_sd_workwork.drilldozer.desc}"],
			"render_item_scale": 0.3,
			"mounted_height": 40
		}
	]
}