{
	"pack_name": "{maid_pack.make_sd_workwork.name}",
	"author": ["Normal_sd"],
	"description": ["{maid_pack.make_sd_workwork.desc}"],
	"date": "2022-06-04",
	"icon": "make_sd_workwork:textures/maid_icon.png",
	"version": "1.0.2",
	"model_list": [
		{
			"model_id": "make_sd_workwork:abyssal_fish",
			"description": ["{model.make_sd_workwork.abyssal_fish.desc}"],
			"animation": ["touhou_little_maid:animation/maid/default/head/default.js", "touhou_little_maid:animation/maid/default/head/beg.js", "touhou_little_maid:animation/maid/default/head/music_shake.js", "touhou_little_maid:animation/maid/default/arm/default.js", "touhou_little_maid:animation/maid/default/arm/swing.js", "touhou_little_maid:animation/maid/default/leg/default.js", "touhou_little_maid:animation/maid/default/sit/default.js", "touhou_little_maid:animation/maid/default/head/blink.js"]
		},
		{
			"model_id": "make_sd_workwork:abyssal_spider",
			"description": ["{model.make_sd_workwork.abyssal_spider.desc}"],
			"animation": ["touhou_little_maid:animation/maid/default/head/default.js", "touhou_little_maid:animation/maid/default/head/beg.js", "touhou_little_maid:animation/maid/default/head/music_shake.js", "touhou_little_maid:animation/maid/default/arm/default.js", "touhou_little_maid:animation/maid/default/arm/swing.js", "touhou_little_maid:animation/maid/default/leg/default.js", "touhou_little_maid:animation/maid/default/sit/default.js", "touhou_little_maid:animation/maid/default/head/blink.js", "touhou_little_maid:animation/maid/default/sit/skirt_rotation.js"]
		},
		{
			"model_id": "make_sd_workwork:maid_sd",
			"description": ["{model.make_sd_workwork.maid_sd.desc}"],
			"animation": ["touhou_little_maid:animation/maid/default/head/default.js", "touhou_little_maid:animation/maid/default/head/beg.js", "touhou_little_maid:animation/maid/default/head/music_shake.js", "touhou_little_maid:animation/maid/default/arm/default.js", "touhou_little_maid:animation/maid/default/arm/swing.js", "touhou_little_maid:animation/maid/default/leg/default.js", "touhou_little_maid:animation/maid/default/sit/default.js", "touhou_little_maid:animation/maid/default/head/blink.js", "touhou_little_maid:animation/maid/default/sit/skirt_rotation.js"]
		},
		{
			"model_id": "make_sd_workwork:new_sd",
			"description": ["{model.make_sd_workwork.new_sd.desc}"],
			"animation": ["touhou_little_maid:animation/maid/default/head/default.js", "touhou_little_maid:animation/maid/default/head/beg.js", "touhou_little_maid:animation/maid/default/head/music_shake.js", "touhou_little_maid:animation/maid/default/arm/default.js", "touhou_little_maid:animation/maid/default/arm/swing.js", "touhou_little_maid:animation/maid/default/leg/default.js", "touhou_little_maid:animation/maid/default/sit/default.js", "touhou_little_maid:animation/maid/default/head/blink.js", "touhou_little_maid:animation/maid/default/sit/skirt_rotation.js"]
		},
		{
			"model_id": "make_sd_workwork:tenndou_arisu",
			"description": ["{model.make_sd_workwork.tenndou_arisu.desc}"],
			"animation": ["touhou_little_maid:animation/maid/default/head/default.js", "touhou_little_maid:animation/maid/default/head/beg.js", "touhou_little_maid:animation/maid/default/head/music_shake.js", "touhou_little_maid:animation/maid/default/arm/default.js", "touhou_little_maid:animation/maid/default/arm/swing.js", "touhou_little_maid:animation/maid/default/leg/default.js", "touhou_little_maid:animation/maid/default/sit/default.js", "touhou_little_maid:animation/maid/default/head/blink.js", "touhou_little_maid:animation/maid/default/sit/skirt_rotation.js", "touhou_little_maid:animation/maid/default/armor/default.js"]
		},
		{
			"model_id": "make_sd_workwork:saiba_momoi",
			"description": ["{model.make_sd_workwork.saiba_momoi.desc}"],
			"animation": ["touhou_little_maid:animation/maid/default/head/default.js", "touhou_little_maid:animation/maid/default/head/beg.js", "touhou_little_maid:animation/maid/default/head/music_shake.js", "touhou_little_maid:animation/maid/default/arm/default.js", "touhou_little_maid:animation/maid/default/arm/swing.js", "touhou_little_maid:animation/maid/default/leg/default.js", "touhou_little_maid:animation/maid/default/sit/default.js", "touhou_little_maid:animation/maid/default/head/blink.js", "touhou_little_maid:animation/maid/default/tail/default.js", "touhou_little_maid:animation/maid/default/sit/skirt_rotation.js"]
		},
		{
			"model_id": "make_sd_workwork:saiba_midori",
			"description": ["{model.make_sd_workwork.saiba_midori.desc}"],
			"animation": ["touhou_little_maid:animation/maid/default/head/default.js", "touhou_little_maid:animation/maid/default/head/beg.js", "touhou_little_maid:animation/maid/default/head/music_shake.js", "touhou_little_maid:animation/maid/default/arm/default.js", "touhou_little_maid:animation/maid/default/arm/swing.js", "touhou_little_maid:animation/maid/default/leg/default.js", "touhou_little_maid:animation/maid/default/sit/default.js", "touhou_little_maid:animation/maid/default/head/blink.js", "touhou_little_maid:animation/maid/default/tail/default.js"]
		},
		{
			"model_id": "make_sd_workwork:hanaoka_yuzu",
			"description": ["{model.make_sd_workwork.hanaoka_yuzu.desc}"],
			"animation": ["touhou_little_maid:animation/maid/default/head/default.js", "touhou_little_maid:animation/maid/default/head/beg.js", "touhou_little_maid:animation/maid/default/head/music_shake.js", "touhou_little_maid:animation/maid/default/arm/default.js", "touhou_little_maid:animation/maid/default/arm/swing.js", "touhou_little_maid:animation/maid/default/leg/default.js", "touhou_little_maid:animation/maid/default/sit/default.js", "touhou_little_maid:animation/maid/default/head/blink.js", "touhou_little_maid:animation/maid/default/sit/skirt_rotation.js"]
		},
		{
			"model_id": "make_sd_workwork:nep_nepgundam",
			"description": ["{model.make_sd_workwork.nep_nepgundam.desc}"],
			"animation": ["touhou_little_maid:animation/maid/default/head/default.js", "touhou_little_maid:animation/maid/default/head/beg.js", "touhou_little_maid:animation/maid/default/head/music_shake.js", "touhou_little_maid:animation/maid/default/arm/default.js", "touhou_little_maid:animation/maid/default/arm/swing.js", "touhou_little_maid:animation/maid/default/leg/default.js", "touhou_little_maid:animation/maid/default/sit/default.js"],
			"render_item_scale": 0.7,
			"show_custom_head": false,
			"can_hold_trolley": false,
			"show_hata": false,
			"can_hold_vehicle": false,
			"can_riding_broom": false
		},
		{
			"model_id": "make_sd_workwork:mirabelle_decory",
			"description": ["{model.make_sd_workwork.mirabelle_decory.desc}"],
			"animation": ["touhou_little_maid:animation/base/float/default.js", "touhou_little_maid:animation/maid/default/head/default.js", "touhou_little_maid:animation/maid/default/head/beg.js", "touhou_little_maid:animation/maid/default/head/music_shake.js", "touhou_little_maid:animation/maid/default/head/blink.js", "touhou_little_maid:animation/maid/default/sit/skirt_hidden.js", "touhou_little_maid:animation/base/rotation/x_low_speed.js", "touhou_little_maid:animation/base/rotation/y_low_speed.js", "touhou_little_maid:animation/base/rotation/z_low_speed.js"],
			"show_backpack": false,
			"can_hold_trolley": false,
			"show_hata": false,
			"can_hold_vehicle": false,
			"can_riding_broom": false
		},
		{
			"model_id": "make_sd_workwork:drg_moly",
			"description": ["{model.make_sd_workwork.drg_moly.desc}"],
			"animation": ["touhou_little_maid:animation/maid/default/sit/skirt_hidden.js", "touhou_little_maid:animation/maid/default/leg/extra.js", "touhou_little_maid:animation/maid/default/leg/default.js", "touhou_little_maid:animation/maid/default/sit/default.js"],
			"render_item_scale": 0.7,
			"show_custom_head": false,
			"can_hold_trolley": false,
			"show_hata": false,
			"can_hold_vehicle": false,
			"can_riding_broom": false,
			"show_backpack": false
		},
		{
			"model_id": "make_sd_workwork:drg_bosco_drone",
			"description": ["{model.make_sd_workwork.drg_bosco_drone.desc}"],
			"animation": ["touhou_little_maid:animation/base/float/default.js"],
			"render_item_scale": 1.2,
			"show_backpack": false,
			"show_custom_head": false,
			"can_hold_trolley": false,
			"show_hata": false,
			"can_hold_vehicle": false,
			"can_riding_broom": false
		}
	]
}