{
	"format_version": "1.8.0",
	"animations": {
		"animation.model.draw": {
			"loop": true,
			"animation_length": 1.2,
			"bones": {
				"main": {
					"rotation": {
						"0.0": {
							"vector": [32.09413, -54.38778, -8.29667]
						},
						"0.35": {
							"vector": [0.50518, -5.08075, 6.8716],
							"easing": "easeOutSine"
						},
						"0.5": {
							"vector": [0.32389, -0.60235, -2.1558],
							"easing": "linear"
						},
						"0.6": {
							"vector": [0, 0, 0],
							"easing": "linear"
						}
					},
					"position": {
						"0.0": {
							"vector": [0, -17.3, 0]
						},
						"0.25": {
							"vector": [-0.4, -2.525, -1.625],
							"easing": "linear"
						},
						"0.4": {
							"vector": [-0.05, 0, -2.49],
							"easing": "linear"
						},
						"0.55": {
							"vector": [0, 0, 0],
							"easing": "linear"
						}
					}
				},
				"axe": {
					"rotation": {
						"0.5": {
							"vector": [92.5, 0, 0]
						},
						"0.6": {
							"vector": [0, 0, 0]
						}
					},
					"position": {
						"vector": [0, 0, 0]
					}
				},
				"leftarm": {
					"rotation": {
						"0.0": {
							"vector": [0, 0, 0]
						},
						"0.2": {
							"vector": [1, 0, -22]
						},
						"0.4": {
							"vector": [0, 0, 0]
						},
						"0.5": {
							"vector": [0, 0, 0]
						},
						"0.6": {
							"vector": [-8.73538, 11.88922, -9.24505]
						},
						"0.7": {
							"vector": [0, 0, 0]
						},
						"0.85": {
							"vector": [0, 0, 0]
						}
					},
					"position": {
						"0.0": {
							"vector": [0, 0, 0]
						},
						"0.2": {
							"vector": [3.53901, 3.6754, 5.59783]
						},
						"0.4": {
							"vector": [0, 0, 0]
						},
						"0.5": {
							"vector": [4, 7, -2]
						},
						"0.6": {
							"vector": [4, 8, -2]
						},
						"0.7": {
							"vector": [4, 7, -2]
						},
						"0.8": {
							"vector": [6.33, 2.33, 7.33]
						},
						"0.85": {
							"vector": [0, 0, 0]
						}
					}
				}
			}
		},
		"animation.model.inspect": {
			"loop": true,
			"animation_length": 4.2667,
			"bones": {
				"main": {
					"rotation": {
						"0.0": {
							"vector": [0, 0, 0]
						},
						"0.1667": {
							"vector": [-8.41746, -13.59608, -21.21259],
							"easing": "linear"
						},
						"0.3": {
							"vector": [-8.39812, -20.10111, -31.77688]
						},
						"0.4333": {
							"vector": [-9.55676, -20.88889, -28.55629]
						},
						"0.5333": {
							"vector": [-8.77652, -21.21647, -30.72851]
						},
						"0.7667": {
							"vector": [-9.4227, -20.94881, -28.93303]
						},
						"1.0": {
							"vector": [-3.1216, -20.98207, -46.44405]
						},
						"1.1333": {
							"vector": [-4.564, -20.73064, -42.44007]
						},
						"1.2333": {
							"vector": [-4.86325, -20.9153, -41.60203]
						},
						"1.3333": {
							"vector": [-4.58308, -20.97575, -42.38574]
						},
						"1.4667": {
							"vector": [-4.01131, -21.08802, -43.97908]
						},
						"1.6": {
							"vector": [-4.38767, -21.01662, -42.9316]
						},
						"1.7": {
							"vector": [-4.18847, -21.05622, -43.48691],
							"easing": "linear"
						},
						"2.0333": {
							"vector": [-16.91438, 5.38499, 54.40399],
							"easing": "linear"
						},
						"2.1667": {
							"vector": [-15.22513, 5.80082, 60.04554]
						},
						"2.3": {
							"vector": [-15.70981, 5.86025, 59.48558]
						},
						"2.4333": {
							"vector": [-15.93602, 7.03904, 62.69373]
						},
						"2.5667": {
							"vector": [-15.60896, 7.75082, 65.23442]
						},
						"2.7333": {
							"vector": [-15.71675, 7.52491, 64.42194]
						},
						"2.9": {
							"vector": [-15.56389, 7.84019, 65.55973]
						},
						"3.1": {
							"vector": [-15.61778, 7.73186, 65.16659]
						},
						"3.2667": {
							"vector": [-15.9801, 6.93689, 62.33342]
						},
						"3.4": {
							"vector": [-8.86998, 2.42135, 33.56191]
						},
						"3.5333": {
							"vector": [0, -1.75, -2.75]
						},
						"3.7": {
							"vector": [0, 0, 0]
						}
					},
					"position": {
						"0.0": {
							"vector": [0, 0, 0]
						},
						"0.3": {
							"vector": [-0.475, 1.475, -8.7]
						},
						"0.4": {
							"vector": [-0.195, 1, -7.7]
						},
						"0.5333": {
							"vector": [-0.03, 0.725, -7.7]
						},
						"0.7": {
							"vector": [0, 1.125, -7.7]
						},
						"0.9": {
							"vector": [0.125, 1.4, -8.275]
						},
						"1.2": {
							"vector": [-0.02, 1.475, -8]
						},
						"1.4": {
							"vector": [0.11, 1.425, -8.175]
						},
						"1.6667": {
							"vector": [0.275, 1.25, -7.975]
						},
						"1.8": {
							"vector": [-0.13, -1.19, -8.65]
						},
						"1.9667": {
							"vector": [-0.545, -1.325, -11.15]
						},
						"2.1333": {
							"vector": [-0.415, -1.395, -10.545]
						},
						"2.2667": {
							"vector": [-0.525, -1.455, -9.17]
						},
						"2.4": {
							"vector": [-0.49, -1.43, -9.85]
						},
						"2.5667": {
							"vector": [-0.455, -1.5, -9.24]
						},
						"2.7667": {
							"vector": [-0.53, -1.5, -9.27]
						},
						"3.0": {
							"vector": [-0.49, -1.41, -9.3]
						},
						"3.2333": {
							"vector": [-0.545, -1.325, -9.325]
						},
						"3.3667": {
							"vector": [-1.005, -0.61, -7.41]
						},
						"3.6333": {
							"vector": [0, 0, 0]
						}
					}
				},
				"leftarm": {
					"rotation": {
						"0.0": {
							"vector": [0, 0, 0]
						},
						"0.1667": {
							"vector": [0, 0, -2.5]
						},
						"1.7333": {
							"vector": [0, 0, -2.5]
						},
						"2.0333": {
							"vector": [-20, 0, -45]
						},
						"3.3": {
							"vector": [-20, 0, -45]
						},
						"3.5667": {
							"vector": [0, 0, 0]
						}
					},
					"position": {
						"0.0": {
							"vector": [0, 0, 0]
						},
						"0.1667": {
							"vector": [11.23986, -30.20851, 24.64864]
						},
						"1.7333": {
							"vector": [11.23986, -30.20851, 24.64864]
						},
						"2.0333": {
							"vector": [7.35, 6.25, 2.33]
						},
						"3.3": {
							"vector": [7.35, 6.25, 2.33]
						},
						"3.5667": {
							"vector": [0, 0, 0]
						}
					}
				}
			}
		},
		"animation.model.reload": {
			"loop": true,
			"animation_length": 2.8,
			"bones": {
				"main": {
					"rotation": {
						"0.0": {
							"vector": [0, 0, 0]
						},
						"0.1333": {
							"vector": [-5.21485, -2.95862, -15.29475]
						},
						"0.2": {
							"vector": [-5.32661, -2.7519, -13.05148]
						},
						"0.5333": {
							"vector": [-6.11401, -0.24184, -2.94553]
						},
						"0.6667": {
							"vector": [-5.5641, -3.67217, -16.73407]
						},
						"0.8": {
							"vector": [-9.13595, -7.55317, -28.24841]
						},
						"0.9333": {
							"vector": [-8.4828, -8.28104, -32.98754]
						},
						"1.0667": {
							"vector": [-9.07014, -7.63227, -28.74648]
						},
						"1.1667": {
							"vector": [-6.70888, -8.74921, -39.37529]
						},
						"1.2667": {
							"vector": [-6.67274, -8.47385, -33.47033]
						},
						"1.4": {
							"vector": [-5.35749, -3.38984, -21.36846]
						},
						"1.5": {
							"vector": [-3.68785, -3.32623, -20.36901]
						},
						"1.5667": {
							"vector": [-4.01371, -3.91418, -15.81009]
						},
						"1.6333": {
							"vector": [-3.48871, -4.99149, -22.77553]
						},
						"1.7333": {
							"vector": [-3.82888, -3.95992, -18.57018]
						},
						"1.9667": {
							"vector": [-3.27935, -4.42552, -26.07585]
						},
						"2.1": {
							"vector": [-3.82888, -3.95992, -18.57018]
						},
						"2.3": {
							"vector": [0.65978, 0.18913, -3.84963]
						},
						"2.4333": {
							"vector": [0, 0, 0]
						}
					},
					"position": {
						"0.0": {
							"vector": [0, 0, 0]
						},
						"0.0667": {
							"vector": [-0.575, 0, 0]
						},
						"0.1667": {
							"vector": [-0.38, 0.875, 0.35]
						},
						"0.6": {
							"vector": [-0.705, -1.9, -1.575]
						},
						"0.7333": {
							"vector": [-0.55, -1.27, -3.6]
						},
						"0.8667": {
							"vector": [-0.7, -0.55, -1.85]
						},
						"0.9667": {
							"vector": [-0.85, -0.45, -1.3]
						},
						"1.0333": {
							"vector": [-1.025, -0.475, -1.3]
						},
						"1.1333": {
							"vector": [-1.075, -0.2, -1.3]
						},
						"1.2": {
							"vector": [-1.575, 0.5, -0.775]
						},
						"1.3": {
							"vector": [-1.075, -0.225, -1.025]
						},
						"1.4333": {
							"vector": [-0.43, -0.51, -0.98]
						},
						"1.5333": {
							"vector": [-0.505, -0.985, -1.855]
						},
						"1.6333": {
							"vector": [-0.965, -0.92, -1.73]
						},
						"1.8": {
							"vector": [-0.23, -0.81, -2.13]
						},
						"2.1667": {
							"vector": [-0.23, -0.81, -2.13]
						},
						"2.2667": {
							"vector": [0.34, -0.865, -2.46]
						},
						"2.3667": {
							"vector": [0, 0, 0]
						}
					}
				},
				"pump": {
					"rotation": {
						"0.0": {
							"vector": [0, 0, 0]
						},
						"2.0333": {
							"vector": [0, 0, 0]
						}
					},
					"position": {
						"0.0": {
							"vector": [0, 0, 0]
						},
						"0.0667": {
							"vector": [0, 0, 9]
						},
						"1.9333": {
							"vector": [0, 0, 9]
						},
						"2.0333": {
							"vector": [0, 0, 0]
						}
					}
				},
				"shell": {
					"rotation": {
						"0.0": {
							"vector": [0, 0, 0]
						},
						"1.0667": {
							"vector": [-12.5, 0, 0]
						}
					},
					"position": {
						"0.0": {
							"vector": [22, -25, 0]
						},
						"0.7667": {
							"vector": [-4.92, -21.4, -17.48]
						},
						"0.8333": {
							"vector": [-4, -20, -19]
						},
						"0.9": {
							"vector": [-4, -19.17, -19]
						},
						"1.0": {
							"vector": [-4, -17.77, -19]
						},
						"1.0667": {
							"vector": [-4, -15, -19]
						},
						"1.1667": {
							"vector": [-4, -10, -14]
						},
						"1.2333": {
							"vector": [0, -3, -10]
						}
					}
				},
				"leftarm": {
					"rotation": {
						"0.0": {
							"vector": [0, 0, 0]
						},
						"0.2333": {
							"vector": [0, 0, 0]
						},
						"0.3333": {
							"vector": [43.07804, 15.85303, 7.64839]
						},
						"0.8333": {
							"vector": [9.84584, 4.15599, 15.03241]
						},
						"0.9": {
							"vector": [9.77665, 5.80251, 14.43551]
						},
						"0.9667": {
							"vector": [6.77665, 5.80251, 14.43551]
						},
						"1.0333": {
							"vector": [6.85598, 4.18921, 15.11822]
						},
						"1.2333": {
							"vector": [0.91192, 3.09309, 15.72168]
						},
						"2.0333": {
							"vector": [0, 0, 0]
						}
					},
					"position": {
						"0.0": {
							"vector": [0, 0, 0]
						},
						"0.0667": {
							"vector": [0, 0, 10]
						},
						"0.2333": {
							"vector": [0, 0, 0]
						},
						"0.3333": {
							"vector": [-0.58, -9.97, 13.38]
						},
						"0.7": {
							"vector": [-6.055, -20.32, 16.98]
						},
						"0.8333": {
							"vector": [-3.435, -16.77, 14.98]
						},
						"0.9": {
							"vector": [-3.78, -16.42, 14.23]
						},
						"0.9667": {
							"vector": [-3.805, -17.595, 14.755]
						},
						"1.0333": {
							"vector": [-3.9, -16.575, 14.76]
						},
						"1.2333": {
							"vector": [-3.9, -7.175, 19.76]
						},
						"1.6": {
							"vector": [5.58, -7.25, -1.7]
						},
						"1.8": {
							"vector": [0, 0, 10]
						},
						"1.9333": {
							"vector": [0, 0, 10]
						},
						"2.0333": {
							"vector": [0, 0, 0]
						}
					}
				}
			},
			"sound_effects": {
				"0.0": {
					"effect": "ChinaLake_reload"
				}
			}
		},
		"animation.model.preparefire": {
			"animation_length": 0.0833,
			"bones": {
				"main": {
					"position": {
						"0.0": {
							"vector": [0, 0, 0]
						},
						"0.0417": {
							"vector": [0, 0, 0.25]
						}
					}
				},
				"leftarm": {
					"position": {
						"0.0": {
							"vector": [0, 0, 0]
						},
						"0.0417": {
							"vector": [0, 0, 0.45]
						}
					}
				}
			}
		},
		"animation.model.fire": {
			"animation_length": 0.4583,
			"bones": {
				"axe": {
					"rotation": {
						"0.0": {
							"vector": [2.5, 0, 0]
						},
						"0.0833": {
							"vector": [-7.5, 0, 0]
						},
						"0.1667": {
							"vector": [10, 0, 0]
						},
						"0.25": {
							"vector": [2.5, 0, 0]
						}
					},
					"position": {
						"vector": [0, 0, 0]
					}
				},
				"main": {
					"rotation": {
						"0.0": {
							"vector": [0, 0, 0]
						},
						"0.0417": {
							"vector": [-11.66, 0, 0]
						},
						"0.2083": {
							"vector": [-8.33, 0, 0]
						},
						"0.375": {
							"vector": [0, 0, 0]
						}
					},
					"position": {
						"0.0": {
							"vector": [0, 0, 0]
						},
						"0.0417": {
							"vector": [0, -0.66, 4.84]
						},
						"0.2083": {
							"vector": [0, 1.67, 5.67]
						},
						"0.375": {
							"vector": [0, 0, 0]
						}
					}
				},
				"bettermain": {
					"rotation": {
						"0.0": {
							"vector": [0, 0, 0]
						},
						"0.4167": {
							"vector": [0, 0, 0]
						}
					},
					"position": {
						"0.0": {
							"vector": [0, 0, 0]
						},
						"0.4167": {
							"vector": [0, 0, 0]
						}
					}
				},
				"leftarm": {
					"position": {
						"vector": [0, 0, 0]
					}
				}
			},
			"sound_effects": {
				"0.0": {
					"effect": "chinalake_action"
				}
			}
		},
		"animation.model.completefire": {
			"animation_length": 1.75,
			"bones": {
				"pump": {
					"position": {
						"0.2917": {
							"vector": [0, 0, 0]
						},
						"0.4167": {
							"vector": [0, 0, 12]
						},
						"0.5833": {
							"vector": [0, 0, 12]
						},
						"0.7083": {
							"vector": [0, 0, 0]
						}
					}
				},
				"axe": {
					"rotation": {
						"0.0": {
							"vector": [2.5, 0, 0]
						},
						"0.0833": {
							"vector": [-7.5, 0, 0]
						},
						"0.1667": {
							"vector": [10, 0, 0]
						},
						"0.25": {
							"vector": [2.5, 0, 0]
						}
					},
					"position": {
						"vector": [0, 0, 0]
					}
				},
				"shell": {
					"rotation": {
						"0.2917": {
							"vector": [0, 0, 0]
						},
						"0.375": {
							"vector": [-19.37006, -5.07855, -14.13272]
						}
					},
					"position": {
						"0.2917": {
							"vector": [0, 0, 0]
						},
						"0.3333": {
							"vector": [-3, 1, -6]
						},
						"0.375": {
							"vector": [-7, 4, -6]
						},
						"0.4583": {
							"vector": [-13, 13, 18]
						}
					},
					"scale": {
						"0.5417": {
							"vector": [1, 1, 1]
						},
						"0.8333": {
							"vector": [0.6, 0, 0]
						}
					}
				},
				"main": {
					"rotation": {
						"0.1667": {
							"vector": [0, 0, 0]
						},
						"0.3333": {
							"vector": [-10.38453, -12.07041, -16.73446]
						},
						"0.5417": {
							"vector": [-9.88651, -9.49076, -15.04478]
						},
						"0.5833": {
							"vector": [-10.22141, -9.1258, -12.9665]
						},
						"0.6667": {
							"vector": [-9.78118, -9.59582, -15.66982]
						},
						"0.75": {
							"vector": [-9.88651, -9.49076, -15.04478]
						},
						"0.875": {
							"vector": [-6.02304, -5.70958, -1.1519]
						},
						"0.9167": {
							"vector": [-3.67407, -5.43079, -6.52904]
						},
						"1.125": {
							"vector": [0, 0, 0]
						},
						"1.2083": {
							"vector": [0, 0, 0]
						}
					},
					"position": {
						"0.1667": {
							"vector": [0, 0, 0]
						},
						"0.5833": {
							"vector": [0, 0, -0.57]
						},
						"0.6667": {
							"vector": [0.5, 0, -1.27]
						},
						"0.75": {
							"vector": [0.25, -0.3, -0.92]
						},
						"0.8333": {
							"vector": [0, 0, -0.57]
						},
						"0.9583": {
							"vector": [0, 0, -1]
						},
						"1.2083": {
							"vector": [0, 0, 0]
						}
					}
				},
				"bettermain": {
					"rotation": {
						"0.1667": {
							"vector": [0, 0, 0]
						},
						"0.25": {
							"vector": [-7.43656, -0.9762, -9.93656]
						},
						"0.8333": {
							"vector": [-7.49294, -0.32621, -4.97864]
						},
						"1.0833": {
							"vector": [0, 0, 0]
						}
					},
					"position": {
						"0.1667": {
							"vector": [0, 0, 0]
						},
						"0.2917": {
							"vector": [0, 0, 0]
						},
						"0.4167": {
							"vector": [0, 0, 4]
						},
						"0.5417": {
							"vector": [0, 0, 0]
						},
						"0.75": {
							"vector": [0, 0, -2]
						},
						"1.1667": {
							"vector": [0, 0, 0]
						}
					}
				},
				"leftarm": {
					"position": {
						"0.1667": {
							"vector": [0, 0, 0]
						},
						"0.2917": {
							"vector": [0, 0, 0]
						},
						"0.4167": {
							"vector": [0, 0, 11]
						},
						"0.5833": {
							"vector": [0, 0, 11]
						},
						"0.7083": {
							"vector": [0, 0, 0]
						}
					}
				}
			},
			"sound_effects": {
				"0.0": {
					"effect": "ChinaLake_completefire"
				}
			}
		}
	},
	"geckolib_format_version": 2
}