{
	"format_version": "1.8.0",
	"animations": {
		"animation.model.reload": {
			"loop": true,
			"animation_length": 2.7333,
			"blend_weight": "1",
			"bones": {
				"main": {
					"rotation": {
						"0.0": {
							"vector": [0, 0, 0]
						},
						"0.2": {
							"vector": [-2.82845, -3.14202, -11.53827]
						},
						"0.2667": {
							"vector": [-4.74703, -3.26698, -16.49858]
						},
						"0.4": {
							"vector": [-8.99714, -2.88714, -18.93428],
							"easing": "linear"
						},
						"0.6": {
							"vector": [-9.02146, -3.20775, -18.56678]
						},
						"0.6667": {
							"vector": [-8.93449, -3.57494, -20.09324]
						},
						"0.8": {
							"vector": [-8.82126, -3.5665, -21.94186]
						},
						"0.9": {
							"vector": [-8.4224, -4.29086, -28.09539],
							"easing": "linear"
						},
						"1.0": {
							"vector": [-7.70135, -5.48509, -36.54201],
							"easing": "linear"
						},
						"1.1": {
							"vector": [-6.11762, -4.35841, -32.12568],
							"easing": "linear"
						},
						"1.2333": {
							"vector": [-5.32391, -3.82513, -33.76028]
						},
						"1.4667": {
							"vector": [0, 0, -5.25],
							"easing": "linear"
						},
						"1.5667": {
							"vector": [0, 0, 1.13]
						},
						"1.6667": {
							"vector": [0, 0, 0],
							"easing": "linear"
						}
					},
					"position": {
						"0.0": {
							"vector": [0, 0, 0]
						},
						"0.1333": {
							"vector": [0.355, -0.42, -4.425]
						},
						"0.3667": {
							"vector": [-0.35, -1.75, 0.05],
							"easing": "linear"
						},
						"0.5667": {
							"vector": [-0.15, -0.6, 1],
							"easing": "linear"
						},
						"0.6667": {
							"vector": [-0.52, -1.72, 0.475]
						},
						"0.8": {
							"vector": [-0.85, -2.275, 1],
							"easing": "linear"
						},
						"0.9": {
							"vector": [-0.65, -1.475, 1],
							"easing": "linear"
						},
						"1.0": {
							"vector": [-1.35, -0.225, 0.525],
							"easing": "linear"
						},
						"1.1333": {
							"vector": [-1.575, -2.1, -1.075],
							"easing": "linear"
						},
						"1.4": {
							"vector": [0, -1.3, -3.4],
							"easing": "linear"
						},
						"1.5": {
							"vector": [0, -0.425, -2.45],
							"easing": "linear"
						},
						"1.6": {
							"vector": [0, 0, 0],
							"easing": "linear"
						}
					}
				},
				"leftarm": {
					"rotation": {
						"0.0": {
							"vector": [0, 0, 0]
						},
						"0.1": {
							"vector": [20.7545, 6.23781, -12.10268]
						},
						"0.1667": {
							"vector": [45.89249, 9.11862, -11.25407]
						},
						"0.3": {
							"vector": [-4.81661, 9.3714, -3.03716]
						},
						"0.4667": {
							"vector": [-5.81111, 15.11301, -7.16462]
						},
						"0.5667": {
							"vector": [-4.52065, 13.24248, 4.02647]
						},
						"0.7667": {
							"vector": [-7.15273, -7.37043, -22.91247]
						},
						"1.2333": {
							"vector": [-8.15646, -22.7531, -41.09076]
						},
						"1.3333": {
							"vector": [-12.97347, -12.21849, -27.80342]
						},
						"1.7": {
							"vector": [0, 0, 0]
						}
					},
					"position": {
						"0.0": {
							"vector": [0, 0, 0]
						},
						"0.1667": {
							"vector": [4.1, -3.7, 20.8]
						},
						"0.3": {
							"vector": [7.655, 10.655, -2.275]
						},
						"0.4": {
							"vector": [7.15, 14.375, -14.705]
						},
						"0.4667": {
							"vector": [3.72, 13.105, -13.14]
						},
						"0.6667": {
							"vector": [3.1, 9.52, -14.49]
						},
						"0.7667": {
							"vector": [4.225, 11.47, -12.94]
						},
						"0.9333": {
							"vector": [3.1, 9.52, -14.49]
						},
						"1.2333": {
							"vector": [3.075, 10.045, 4.14]
						},
						"1.3333": {
							"vector": [4.505, 9.255, 10.35]
						},
						"1.4": {
							"vector": [3.395, 10.08, 6.47]
						},
						"1.5": {
							"vector": [6.89, 4.175, 3.88]
						},
						"1.6": {
							"vector": [2.3, 0.715, 1.29]
						},
						"1.7": {
							"vector": [0, 0, 0]
						}
					}
				},
				"tandongauche": {
					"rotation": {
						"0.8667": {
							"vector": [0, 19.5, 0]
						},
						"1.2": {
							"vector": [0, 0, 0]
						}
					},
					"position": {
						"vector": [0, 0, 0]
					}
				},
				"tandondroit": {
					"rotation": {
						"0.8667": {
							"vector": [0, -22.5, 0]
						},
						"1.2": {
							"vector": [0, 0, 0]
						}
					},
					"position": {
						"vector": [0, 0, 0]
					}
				},
				"bone2": {
					"rotation": {
						"0.0": {
							"vector": [0, -69.5, 0]
						},
						"0.8667": {
							"vector": [0, -69, 0]
						},
						"1.2": {
							"vector": [0, 0, 0]
						}
					},
					"position": {
						"vector": [0, 0, 0]
					}
				},
				"bone": {
					"rotation": {
						"0.8667": {
							"vector": [0, 65.25, 0]
						},
						"1.2": {
							"vector": [0, 0, 0]
						}
					},
					"position": {
						"vector": [0, 0, 0]
					}
				},
				"bone3": {
					"rotation": {
						"1.2": {
							"vector": [0, -1, 0]
						},
						"1.4": {
							"vector": [0, 0, 0]
						}
					},
					"position": {
						"1.2": {
							"vector": [4.35, 0, -1.75]
						},
						"1.4": {
							"vector": [0, 0, 0]
						}
					},
					"scale": {
						"1.2": {
							"vector": [1.285, 1, 1]
						},
						"1.4": {
							"vector": [1, 1, 1]
						}
					}
				},
				"carreau": {
					"rotation": {
						"0.0": {
							"vector": [0, 0, 0]
						},
						"0.1667": {
							"vector": [-69.7755, 1.03793, -2.81488]
						},
						"0.6": {
							"vector": [-15.72315, -1.42137, 0.08095]
						},
						"1.0667": {
							"vector": [-16.21985, -4.86702, 0.40819]
						},
						"1.2667": {
							"vector": [0, 0, 0]
						}
					},
					"position": {
						"0.1667": {
							"vector": [13.675, -33.25, 26.275]
						},
						"0.3": {
							"vector": [6.585, 2.2, 5.57]
						},
						"0.4667": {
							"vector": [2.33, 9.59, -9.99]
						},
						"0.6": {
							"vector": [2.855, 10.27, -25.685]
						},
						"0.6667": {
							"vector": [1.22, 5.41, -22.955]
						},
						"0.7333": {
							"vector": [1.785, 5.945, -23.365]
						},
						"0.7667": {
							"vector": [2.335, 6.455, -24.365]
						},
						"1.0": {
							"vector": [2.335, 6.455, -24.365]
						},
						"1.0667": {
							"vector": [1.2, 2.01, -13.175]
						},
						"1.2667": {
							"vector": [0, 0, 0]
						}
					},
					"scale": {
						"0.0": {
							"vector": [0, 0, 0]
						},
						"0.0333": {
							"vector": [0.06, 0.06, 0.06]
						},
						"0.0667": {
							"vector": [0.2, 0.2, 0.2]
						},
						"0.1333": {
							"vector": [1, 1, 1]
						},
						"0.1667": {
							"vector": [0.8, 0.8, 0.8]
						},
						"0.2": {
							"vector": [0.94, 0.94, 0.94]
						},
						"0.2667": {
							"vector": [1, 1, 1]
						}
					}
				},
				"bone4": {
					"rotation": {
						"0.0": {
							"vector": [0, 0, 0]
						},
						"0.2": {
							"vector": [-27.25, 0, 0]
						},
						"1.5333": {
							"vector": [-27.25, 0, 0],
							"easing": "easeInSine"
						},
						"1.8667": {
							"vector": [0, 0, 0],
							"easing": "easeInSine"
						}
					},
					"position": {
						"0.0": {
							"vector": [0, 0, 0]
						},
						"0.1333": {
							"vector": [0, -0.675, 3.425]
						},
						"0.2667": {
							"vector": [0, -0.67, -8.045]
						},
						"1.4": {
							"vector": [0, -0.67, -8.045],
							"easing": "easeInSine"
						},
						"1.7": {
							"vector": [0, -0.675, 3.425],
							"easing": "easeInSine"
						},
						"1.9333": {
							"vector": [0, 0, 0],
							"easing": "easeInSine"
						}
					}
				}
			},
			"sound_effects": {
				"0.0": {
					"effect": "crossbow_reload"
				}
			}
		},
		"animation.model.draw": {
			"loop": true,
			"animation_length": 1.2,
			"bones": {
				"main": {
					"rotation": {
						"0.0": {
							"vector": [32.09413, -54.38778, -8.29667]
						},
						"0.35": {
							"vector": [0.50518, -5.08075, 6.8716],
							"easing": "easeOutSine"
						},
						"0.5": {
							"vector": [0.32389, -0.60235, -2.1558],
							"easing": "linear"
						},
						"0.6": {
							"vector": [0, 0, 0],
							"easing": "linear"
						}
					},
					"position": {
						"0.0": {
							"vector": [0, -17.3, 0]
						},
						"0.25": {
							"vector": [-0.4, -2.525, -1.625],
							"easing": "linear"
						},
						"0.4": {
							"vector": [-0.05, 0, -2.49],
							"easing": "linear"
						},
						"0.55": {
							"vector": [0, 0, 0],
							"easing": "linear"
						}
					}
				},
				"leftarm": {
					"rotation": {
						"0.0": {
							"vector": [0, 0, 0]
						},
						"0.2": {
							"vector": [1, 0, -22]
						},
						"0.4": {
							"vector": [0, 0, 0]
						}
					},
					"position": {
						"0.0": {
							"vector": [0, 0, 0]
						},
						"0.2": {
							"vector": [3.53901, 3.6754, 5.59783]
						},
						"0.4": {
							"vector": [0, 0, 0]
						}
					}
				}
			}
		},
		"animation.model.inspect": {
			"loop": true,
			"animation_length": 4.2667,
			"bones": {
				"main": {
					"rotation": {
						"0.0": {
							"vector": [0, 0, 0]
						},
						"0.1667": {
							"vector": [-8.41746, -13.59608, -21.21259],
							"easing": "linear"
						},
						"0.3": {
							"vector": [-8.39812, -20.10111, -31.77688]
						},
						"0.4333": {
							"vector": [-9.55676, -20.88889, -28.55629]
						},
						"0.5333": {
							"vector": [-8.77652, -21.21647, -30.72851]
						},
						"0.7667": {
							"vector": [-9.4227, -20.94881, -28.93303]
						},
						"1.0": {
							"vector": [-3.1216, -20.98207, -46.44405]
						},
						"1.1333": {
							"vector": [-4.564, -20.73064, -42.44007]
						},
						"1.2333": {
							"vector": [-4.86325, -20.9153, -41.60203]
						},
						"1.3333": {
							"vector": [-4.58308, -20.97575, -42.38574]
						},
						"1.4667": {
							"vector": [-4.01131, -21.08802, -43.97908]
						},
						"1.6": {
							"vector": [-4.38767, -21.01662, -42.9316]
						},
						"1.7": {
							"vector": [-4.18847, -21.05622, -43.48691],
							"easing": "linear"
						},
						"2.0333": {
							"vector": [-16.91438, 5.38499, 54.40399],
							"easing": "linear"
						},
						"2.1667": {
							"vector": [-15.22513, 5.80082, 60.04554]
						},
						"2.3": {
							"vector": [-15.70981, 5.86025, 59.48558]
						},
						"2.4333": {
							"vector": [-15.93602, 7.03904, 62.69373]
						},
						"2.5667": {
							"vector": [-15.60896, 7.75082, 65.23442]
						},
						"2.7333": {
							"vector": [-15.71675, 7.52491, 64.42194]
						},
						"2.9": {
							"vector": [-15.56389, 7.84019, 65.55973]
						},
						"3.1": {
							"vector": [-15.61778, 7.73186, 65.16659]
						},
						"3.2667": {
							"vector": [-15.9801, 6.93689, 62.33342]
						},
						"3.4": {
							"vector": [-8.86998, 2.42135, 33.56191]
						},
						"3.5333": {
							"vector": [0, -1.75, -2.75]
						},
						"3.7": {
							"vector": [0, 0, 0]
						}
					},
					"position": {
						"0.0": {
							"vector": [0, 0, 0]
						},
						"0.3": {
							"vector": [-0.475, 1.475, -8.7]
						},
						"0.4": {
							"vector": [-0.195, 1, -7.7]
						},
						"0.5333": {
							"vector": [-0.03, 0.725, -7.7]
						},
						"0.7": {
							"vector": [0, 1.125, -7.7]
						},
						"0.9": {
							"vector": [0.125, 1.4, -8.275]
						},
						"1.2": {
							"vector": [-0.02, 1.475, -8]
						},
						"1.4": {
							"vector": [0.11, 1.425, -8.175]
						},
						"1.6667": {
							"vector": [0.275, 1.25, -7.975]
						},
						"1.8": {
							"vector": [-0.13, -1.19, -8.65]
						},
						"1.9667": {
							"vector": [-0.545, -1.325, -11.15]
						},
						"2.1333": {
							"vector": [-0.415, -1.395, -10.545]
						},
						"2.2667": {
							"vector": [-0.525, -1.455, -9.17]
						},
						"2.4": {
							"vector": [-0.49, -1.43, -9.85]
						},
						"2.5667": {
							"vector": [-0.455, -1.5, -9.24]
						},
						"2.7667": {
							"vector": [-0.53, -1.5, -9.27]
						},
						"3.0": {
							"vector": [-0.49, -1.41, -9.3]
						},
						"3.2333": {
							"vector": [-0.545, -1.325, -9.325]
						},
						"3.3667": {
							"vector": [-1.005, -0.61, -7.41]
						},
						"3.6333": {
							"vector": [0, 0, 0]
						}
					}
				},
				"leftarm": {
					"rotation": {
						"0.0": {
							"vector": [0, 0, 0]
						},
						"0.1667": {
							"vector": [0, 0, -2.5]
						},
						"1.7333": {
							"vector": [0, 0, -2.5]
						},
						"2.0333": {
							"vector": [-20, 0, -45]
						},
						"3.3": {
							"vector": [-20, 0, -45]
						},
						"3.5667": {
							"vector": [0, 0, 0]
						}
					},
					"position": {
						"0.0": {
							"vector": [0, 0, 0]
						},
						"0.1667": {
							"vector": [11.23986, -30.20851, 24.64864]
						},
						"1.7333": {
							"vector": [11.23986, -30.20851, 24.64864]
						},
						"2.0333": {
							"vector": [7.35, 6.25, 2.33]
						},
						"3.3": {
							"vector": [7.35, 6.25, 2.33]
						},
						"3.5667": {
							"vector": [0, 0, 0]
						}
					}
				}
			}
		},
		"animation.model.fire": {
			"animation_length": 1,
			"bones": {
				"main": {
					"rotation": {
						"0.0": {
							"vector": [0, 0, 0]
						},
						"0.0833": {
							"vector": [0, 0, 1.5]
						},
						"0.125": {
							"vector": [0, 0, -0.05]
						},
						"0.2917": {
							"vector": [0, 0, 0]
						}
					},
					"position": {
						"0.0": {
							"vector": [0, 0, 0]
						},
						"0.0833": {
							"vector": [0, 0, 0.95]
						},
						"0.2917": {
							"vector": [0, 0, 0]
						}
					}
				},
				"carreau": {
					"position": {
						"0.0": {
							"vector": [0, 0, 0]
						},
						"0.0833": {
							"vector": [0, 0, -63.55]
						},
						"0.1667": {
							"vector": [0, 0, -1223.9]
						}
					},
					"scale": {
						"0.375": {
							"vector": [1, 1, 1]
						},
						"0.4167": {
							"vector": [0.94, 0.94, 0.94]
						},
						"0.4583": {
							"vector": [0.8, 0.8, 0.8]
						},
						"0.5417": {
							"vector": [0.2, 0.2, 0.2]
						},
						"0.5833": {
							"vector": [0.06, 0.06, 0.06]
						},
						"0.625": {
							"vector": [0, 0, 0]
						}
					}
				},
				"bone3": {
					"position": {
						"0.0": {
							"vector": [0, 0, 0]
						},
						"0.0833": {
							"vector": [4.375, 0, -2.575]
						}
					},
					"scale": {
						"0.0": {
							"vector": [1, 1, 1]
						},
						"0.0833": {
							"vector": [1.275, 1, 1]
						}
					}
				},
				"tandongauche": {
					"rotation": {
						"0.0": {
							"vector": [0, 0, 0]
						},
						"0.0833": {
							"vector": [0, 19.5, 0]
						}
					},
					"position": {
						"vector": [0, 0, 0]
					}
				},
				"bone2": {
					"rotation": {
						"0.0": {
							"vector": [0, 0, 0]
						},
						"0.0833": {
							"vector": [0, -68.5, 0]
						}
					},
					"position": {
						"0.0": {
							"vector": [0, 0, 0]
						},
						"0.0833": {
							"vector": [-1.125, 0, -0.875]
						}
					}
				},
				"tandondroit": {
					"rotation": {
						"0.0": {
							"vector": [0, 0, 0]
						},
						"0.0833": {
							"vector": [0, -22.5, 0]
						}
					},
					"position": {
						"vector": [0, 0, 0]
					}
				},
				"bone": {
					"rotation": {
						"0.0": {
							"vector": [0, 0, 0]
						},
						"0.0833": {
							"vector": [0, 65.25, 0]
						}
					},
					"position": {
						"vector": [0, 0, 0]
					}
				}
			}
		}
	},
	"geckolib_format_version": 2
}