{
	"format_version": "1.8.0",
	"animations": {
		"animation.model.draw": {
			"loop": true,
			"animation_length": 1.2,
			"bones": {
				"main": {
					"rotation": {
						"0.0": {
							"vector": [32.09413, -54.38778, -8.29667]
						},
						"0.45": {
							"vector": [0.50518, -5.08075, 6.8716]
						},
						"0.6": {
							"vector": [0.32389, -0.60235, -2.1558]
						},
						"0.7": {
							"vector": [0, 0, 0]
						}
					},
					"position": {
						"0.0": {
							"vector": [0, -17.3, 0]
						},
						"0.25": {
							"vector": [-0.4, -2.525, -1.625]
						},
						"0.5": {
							"vector": [-0.05, 0, -4.49]
						},
						"0.65": {
							"vector": [0, 0, 0]
						}
					}
				}
			},
			"sound_effects": {
				"0.0": {
					"effect": "draw"
				}
			}
		},
		"animation.model.inspect": {
			"loop": true,
			"animation_length": 4.2667,
			"bones": {
				"main": {
					"rotation": {
						"0.0": {
							"vector": [0, 0, 0]
						},
						"0.1667": {
							"vector": [-8.41746, -13.59608, -21.21259]
						},
						"0.3": {
							"vector": [-8.39812, -20.10111, -31.77688]
						},
						"0.4333": {
							"vector": [-9.55676, -20.88889, -28.55629]
						},
						"0.5333": {
							"vector": [-8.77652, -21.21647, -30.72851]
						},
						"0.7667": {
							"vector": [-9.4227, -20.94881, -28.93303]
						},
						"1.0": {
							"vector": [-3.1216, -20.98207, -46.44405]
						},
						"1.1333": {
							"vector": [-4.564, -20.73064, -42.44007]
						},
						"1.2333": {
							"vector": [-4.86325, -20.9153, -41.60203]
						},
						"1.3333": {
							"vector": [-4.58308, -20.97575, -42.38574]
						},
						"1.4667": {
							"vector": [-4.01131, -21.08802, -43.97908]
						},
						"1.6": {
							"vector": [-4.38767, -21.01662, -42.9316]
						},
						"1.7": {
							"vector": [-4.18847, -21.05622, -43.48691]
						},
						"2.0333": {
							"vector": [-16.91438, 5.38499, 54.40399]
						},
						"2.1667": {
							"vector": [-15.22513, 5.80082, 60.04554]
						},
						"2.3": {
							"vector": [-15.70981, 5.86025, 59.48558]
						},
						"2.4333": {
							"vector": [-15.93602, 7.03904, 62.69373]
						},
						"2.5667": {
							"vector": [-15.60896, 7.75082, 65.23442]
						},
						"2.7333": {
							"vector": [-15.71675, 7.52491, 64.42194]
						},
						"2.9": {
							"vector": [-15.56389, 7.84019, 65.55973]
						},
						"3.1": {
							"vector": [-15.61778, 7.73186, 65.16659]
						},
						"3.2667": {
							"vector": [-15.9801, 6.93689, 62.33342]
						},
						"3.4": {
							"vector": [-8.86998, 2.42135, 33.56191]
						},
						"3.5333": {
							"vector": [0, -1.75, -2.75]
						},
						"3.7": {
							"vector": [0, 0, 0]
						}
					},
					"position": {
						"0.0": {
							"vector": [0, 0, 0]
						},
						"0.3": {
							"vector": [-0.475, 4.475, -11.7]
						},
						"0.4": {
							"vector": [-0.195, 4, -10.7]
						},
						"0.5333": {
							"vector": [-0.03, 3.725, -10.7]
						},
						"0.7": {
							"vector": [0, 4.125, -10.7]
						},
						"0.9": {
							"vector": [0.125, 4.4, -11.275]
						},
						"1.2": {
							"vector": [-0.02, 4.475, -11]
						},
						"1.4": {
							"vector": [0.11, 4.425, -11.175]
						},
						"1.6667": {
							"vector": [0.275, 4.25, -10.975]
						},
						"1.8": {
							"vector": [0.87, 0.81, -8.65]
						},
						"1.9667": {
							"vector": [1.455, -1.325, -9.15]
						},
						"2.1333": {
							"vector": [1.585, -1.395, -8.545]
						},
						"2.2667": {
							"vector": [1.475, -1.455, -7.17]
						},
						"2.4": {
							"vector": [1.51, -1.43, -7.85]
						},
						"2.5667": {
							"vector": [1.545, -1.5, -7.24]
						},
						"2.7667": {
							"vector": [1.47, -1.5, -7.27]
						},
						"3.0": {
							"vector": [1.51, -1.41, -7.3]
						},
						"3.2333": {
							"vector": [1.455, -1.325, -7.325]
						},
						"3.3667": {
							"vector": [-0.005, -0.61, -6.41]
						},
						"3.6333": {
							"vector": [0, 0, 0]
						}
					}
				},
				"leftarm": {
					"rotation": {
						"0.0": {
							"vector": [0, 0, 0]
						},
						"0.1667": {
							"vector": [0, 0, -2.5]
						},
						"1.7333": {
							"vector": [0, 0, -2.5]
						},
						"2.0": {
							"vector": [-20, 0, -45]
						},
						"3.2667": {
							"vector": [-20, 0, -45]
						},
						"3.5333": {
							"vector": [0, 0, 0]
						}
					},
					"position": {
						"0.0": {
							"vector": [0, 0, 0]
						},
						"0.1667": {
							"vector": [11.23986, -30.20851, 24.64864]
						},
						"1.7333": {
							"vector": [11.23986, -30.20851, 24.64864]
						},
						"2.0": {
							"vector": [7.35, 6.25, -0.67]
						},
						"3.2667": {
							"vector": [7.35, 6.25, -0.67]
						},
						"3.5333": {
							"vector": [0, 0, 0]
						}
					}
				}
			},
			"sound_effects": {
				"0.0": {
					"effect": "inspect_up"
				},
				"0.8": {
					"effect": "inspect_foley"
				},
				"1.3667": {
					"effect": "inspect_turn"
				},
				"3.2667": {
					"effect": "inspect_down"
				}
			}
		},
		"animation.model.reload": {
			"animation_length": 2.85,
			"blend_weight": "1",
			"bones": {
				"main": {
					"rotation": {
						"0.0": {
							"vector": [0, 0, 0]
						},
						"0.25": {
							"vector": [-42.97859, -16.96042, -8.74675]
						},
						"0.4": {
							"vector": [-40.74917, -18.27234, -15.33068]
						},
						"0.5": {
							"vector": [-39.45085, -20.21501, -17.7522]
						},
						"0.65": {
							"vector": [-39.93798, -18.39731, -15.45174]
						},
						"0.7": {
							"vector": [-39.15475, -19.71556, -17.15618]
						},
						"0.85": {
							"vector": [-37.29214, -23.38857, -22.95401]
						},
						"0.9": {
							"vector": [-34.43221, -29.69985, -32.69142]
						},
						"1.05": {
							"vector": [-40.51906, -23.81307, -23.6302]
						},
						"1.2": {
							"vector": [-38.50774, -25.94886, -26.54226]
						},
						"1.3": {
							"vector": [-38.17819, -24.44929, -24.62667]
						},
						"1.45": {
							"vector": [-35.88357, -27.80642, -29.6777]
						},
						"1.55": {
							"vector": [-37.45955, -26.61451, -27.8718]
						},
						"1.65": {
							"vector": [-37.36158, -27.75391, -29.72182]
						},
						"1.7": {
							"vector": [-33.29996, -32.96392, -38.23434]
						},
						"1.75": {
							"vector": [-36.52248, -28.04483, -30.24211]
						},
						"1.9": {
							"vector": [-34.44014, -29.96274, -33.18216]
						},
						"2.15": {
							"vector": [-3.50984, -0.42402, -5.88838]
						},
						"2.25": {
							"vector": [-1.40393, -0.16961, 2.39465]
						},
						"2.4": {
							"vector": [0, 0, 0]
						}
					},
					"position": {
						"0.0": {
							"vector": [0, 0, 0]
						},
						"0.15": {
							"vector": [-1.63, 5.49, -8.09]
						},
						"0.25": {
							"vector": [-3.8, 12.8, -12]
						},
						"0.35": {
							"vector": [-4, 9.95, -12]
						},
						"0.55": {
							"vector": [-4, 11.1, -12]
						},
						"0.65": {
							"vector": [-3.73, 10.8, -12.225]
						},
						"0.8": {
							"vector": [-3.775, 10.525, -12]
						},
						"0.95": {
							"vector": [-4.005, 10.8, -12]
						},
						"1.2": {
							"vector": [-3.95, 10.35, -12]
						},
						"1.3": {
							"vector": [-3.755, 10.8, -12]
						},
						"1.45": {
							"vector": [-4.4, 11.125, -11.525]
						},
						"1.65": {
							"vector": [-4.07, 11.055, -11.395]
						},
						"1.7": {
							"vector": [-5.035, 11.295, -10.985]
						},
						"1.8": {
							"vector": [-4.505, 10.375, -12.27]
						},
						"2.05": {
							"vector": [-2.87, 3.75, -9.5]
						},
						"2.25": {
							"vector": [0, 0, 1.4]
						},
						"2.35": {
							"vector": [0, 0, 0]
						}
					}
				},
				"leftarm": {
					"rotation": {
						"0.0": {
							"vector": [0, 0, 0]
						},
						"0.25": {
							"vector": [0.48244, 6.83411, 5.32786]
						},
						"0.35": {
							"vector": [-0.07453, 4.37756, 0.93715]
						},
						"0.45": {
							"vector": [-7.09646, 1.23537, 9.55224]
						},
						"0.55": {
							"vector": [-7.09646, 1.23537, 9.55224]
						},
						"0.65": {
							"vector": [-3.09646, 1.23537, 9.55224]
						},
						"0.7": {
							"vector": [-11.14019, -0.03905, 5.52079]
						},
						"0.8": {
							"vector": [-18.24237, -5.97273, 3.20142]
						},
						"0.9": {
							"vector": [-18.24237, -5.97273, 3.20142]
						},
						"1.0": {
							"vector": [-4.90738, -11.91343, -9.85246]
						},
						"1.2": {
							"vector": [-4.90738, -11.91343, -9.85246]
						},
						"1.4": {
							"vector": [-6.09525, 0.1143, 5.51124]
						},
						"1.45": {
							"vector": [-2.01861, 8.69743, 22.36783]
						},
						"1.55": {
							"vector": [-3.40429, 1.95781, 12.85468]
						},
						"1.7": {
							"vector": [-3.09646, 1.23537, 9.55224]
						},
						"1.85": {
							"vector": [-3.09646, 1.23537, 9.55224]
						},
						"2.0": {
							"vector": [-14.61082, -12.06342, 19.38375]
						},
						"2.25": {
							"vector": [0, 0, 0]
						}
					},
					"position": {
						"0.0": {
							"vector": [0, 0, 0]
						},
						"0.1": {
							"vector": [4.54283, -2.81974, 14.99329]
						},
						"0.25": {
							"vector": [-0.40698, -4.80551, 42.04622]
						},
						"0.35": {
							"vector": [0.09302, -4.80551, 42.04622]
						},
						"0.45": {
							"vector": [-2.60698, -8.50551, 34.64622]
						},
						"0.55": {
							"vector": [-2.60698, -8.50551, 34.64622]
						},
						"0.65": {
							"vector": [-3.51, -9.71, 34.65]
						},
						"0.7": {
							"vector": [-0.51, -11.21, 33.55]
						},
						"0.8": {
							"vector": [-0.51, -11.81, 33.55]
						},
						"0.9": {
							"vector": [-0.51, -16.01, 33.55]
						},
						"1.0": {
							"vector": [2.865, -19.235, 43.3]
						},
						"1.2": {
							"vector": [-2.16, -24.785, 43.3]
						},
						"1.4": {
							"vector": [-1.66129, -13.66399, 35.25925]
						},
						"1.45": {
							"vector": [-4.56129, -11.98899, 35.80925]
						},
						"1.55": {
							"vector": [-3.43, -11.865, 35.535]
						},
						"1.65": {
							"vector": [-3.47, -9.815, 35.38]
						},
						"1.7": {
							"vector": [-3.51, -6.985, 35.65]
						},
						"1.85": {
							"vector": [-3.51, -6.985, 35.65]
						},
						"2.0": {
							"vector": [0.67906, -7.39158, 14.04269]
						},
						"2.25": {
							"vector": [0, 0, 0]
						}
					}
				},
				"magazine": {
					"rotation": {
						"0.0": {
							"vector": [0, 0, 0]
						},
						"0.55": {
							"vector": [0, 0, 0]
						},
						"0.9": {
							"vector": [0, 0, 0]
						},
						"1.0": {
							"vector": [32.41048, -0.7687, 8.97952]
						},
						"1.2": {
							"vector": [33.70329, 1.43246, -10.7351]
						},
						"1.4": {
							"vector": [5.47005, 0.57403, -0.97258]
						},
						"1.45": {
							"vector": [3.18766, -0.75713, 5.96624]
						},
						"1.55": {
							"vector": [0, 0, 0]
						},
						"1.65": {
							"vector": [0, 0, 0]
						},
						"1.7": {
							"vector": [0, 0, 0]
						}
					},
					"position": {
						"0.0": {
							"vector": [0, 0, 0]
						},
						"0.55": {
							"vector": [0, 0, 0]
						},
						"0.65": {
							"vector": [0, -1.2, 0]
						},
						"0.7": {
							"vector": [0, -1.8, 0]
						},
						"0.8": {
							"vector": [0, -1.9, 0]
						},
						"0.9": {
							"vector": [0, -6.4, 0]
						},
						"1.0": {
							"vector": [-6.825, -18.425, 9.525]
						},
						"1.2": {
							"vector": [0.95, -16.375, 9.525]
						},
						"1.4": {
							"vector": [-0.24197, -6.68834, 0.2493]
						},
						"1.45": {
							"vector": [-0.35089, -5.29374, 0.56173]
						},
						"1.55": {
							"vector": [0, -5.75, 0]
						},
						"1.65": {
							"vector": [0, -4.45, 0]
						},
						"1.7": {
							"vector": [0, 0, 0]
						}
					}
				},
				"rightarm": {
					"rotation": {
						"0.0": {
							"vector": [0, 0, 0]
						},
						"0.2": {
							"vector": [-1.40588, -7.92544, 4.0884]
						},
						"2.15": {
							"vector": [-1.40588, -7.92544, 4.0884]
						},
						"2.4": {
							"vector": [0, 0, 0]
						}
					},
					"position": {
						"0.0": {
							"vector": [0, 0, 0]
						},
						"0.2": {
							"vector": [-4.06704, -0.32608, -0.36449]
						},
						"2.15": {
							"vector": [-4.06704, -0.32608, -0.36449]
						},
						"2.4": {
							"vector": [0, 0, 0]
						}
					}
				},
				"bolt": {
					"rotation": {
						"vector": [0, 0, 0]
					},
					"position": {
						"vector": [0, 0, 0]
					}
				},
				"bipod": {
					"rotation": {
						"0.0": {
							"vector": [0, 0, 0]
						},
						"0.15": {
							"vector": [-1.74519, 0.12967, 4.24803]
						},
						"0.3": {
							"vector": [-1.63257, 0.04987, 1.46583]
						},
						"0.5": {
							"vector": [0, 0, 0]
						}
					},
					"position": {
						"0.0": {
							"vector": [0, 0, 0]
						},
						"0.5": {
							"vector": [0, 0, 0]
						}
					}
				},
				"leftarm2": {
					"rotation": {
						"vector": [0, 0, 0]
					},
					"position": {
						"vector": [0, 0, 0]
					}
				}
			},
			"sound_effects": {
				"0.0": {
					"effect": "foley_start"
				},
				"0.45": {
					"effect": "rifle_magout"
				},
				"0.75": {
					"effect": "foley_end"
				},
				"1.1": {
					"effect": "rifle_magin"
				},
				"1.7": {
					"effect": "foley_end"
				}
			}
		},
		"animation.model.reloadempty": {
			"animation_length": 4,
			"blend_weight": "1",
			"bones": {
				"main": {
					"rotation": {
						"0.0": {
							"vector": [0, 0, 0]
						},
						"0.3": {
							"vector": [-42.97859, -16.96042, -8.74675]
						},
						"0.4667": {
							"vector": [-40.74917, -18.27234, -15.33068]
						},
						"0.6": {
							"vector": [-39.45085, -20.21501, -17.7522]
						},
						"0.7333": {
							"vector": [-39.93798, -18.39731, -15.45174]
						},
						"0.8667": {
							"vector": [-39.15475, -19.71556, -17.15618]
						},
						"1.0": {
							"vector": [-37.29214, -23.38857, -22.95401]
						},
						"1.1": {
							"vector": [-34.43221, -29.69985, -32.69142]
						},
						"1.2667": {
							"vector": [-40.51906, -23.81307, -23.6302]
						},
						"1.4333": {
							"vector": [-38.50774, -25.94886, -26.54226]
						},
						"1.5667": {
							"vector": [-38.17819, -24.44929, -24.62667]
						},
						"1.7": {
							"vector": [-35.88357, -27.80642, -29.6777]
						},
						"1.8333": {
							"vector": [-37.45955, -26.61451, -27.8718]
						},
						"1.9333": {
							"vector": [-37.36158, -27.75391, -29.72182]
						},
						"2.0": {
							"vector": [-33.29996, -32.96392, -38.23434]
						},
						"2.1": {
							"vector": [-36.52248, -28.04483, -30.24211]
						},
						"2.2333": {
							"vector": [-34.44014, -29.96274, -33.18216]
						},
						"2.3667": {
							"vector": [-29.31576, -20.35859, -26.46395]
						},
						"2.5667": {
							"vector": [-7.76373, -0.94297, -10.51512]
						},
						"2.6667": {
							"vector": [-8.20224, -1.40209, -13.97895]
						},
						"2.8333": {
							"vector": [-11.19553, -1.29612, -3.95358]
						},
						"2.8667": {
							"vector": [-11.15849, -1.5869, -8.4256]
						},
						"2.9667": {
							"vector": [-7.76373, -0.94297, -4.76512]
						},
						"3.1333": {
							"vector": [-7.01967, -0.84804, -7.27675]
						},
						"3.2667": {
							"vector": [-3.50984, -0.42402, -5.88838]
						},
						"3.4333": {
							"vector": [-1.40393, -0.16961, 2.39465]
						},
						"3.5667": {
							"vector": [0, 0, 0]
						}
					},
					"position": {
						"0.0": {
							"vector": [0, 0, 0]
						},
						"0.1667": {
							"vector": [-1.63, 5.49, -8.09]
						},
						"0.3": {
							"vector": [-3.8, 12.8, -12]
						},
						"0.4": {
							"vector": [-4, 9.95, -12]
						},
						"0.6667": {
							"vector": [-4, 11.1, -12]
						},
						"0.8": {
							"vector": [-3.73, 10.8, -12.225]
						},
						"0.9333": {
							"vector": [-3.775, 10.525, -12]
						},
						"1.1667": {
							"vector": [-4.005, 10.8, -12]
						},
						"1.4": {
							"vector": [-3.95, 10.35, -12]
						},
						"1.5667": {
							"vector": [-3.755, 10.8, -12]
						},
						"1.7333": {
							"vector": [-4.4, 11.125, -11.525]
						},
						"1.9333": {
							"vector": [-4.07, 11.055, -11.395]
						},
						"2.0333": {
							"vector": [-5.035, 11.295, -10.985]
						},
						"2.1667": {
							"vector": [-4.505, 10.375, -12.27]
						},
						"2.5333": {
							"vector": [-2.87, -3.555, -5.075],
							"easing": "easeInQuad"
						},
						"2.6667": {
							"vector": [-3.54, -4.53, -4.13]
						},
						"2.7667": {
							"vector": [-3.79, -4.53, -2.955]
						},
						"2.8333": {
							"vector": [-3.54, -4.53, -0.235]
						},
						"2.9333": {
							"vector": [-3.54, -4.53, -1.615]
						},
						"3.0667": {
							"vector": [-3.54, -4.88, -1.035]
						},
						"3.2333": {
							"vector": [-1.32, -2.99, 2.08]
						},
						"3.3667": {
							"vector": [0, 0, 1.4]
						},
						"3.5333": {
							"vector": [0, 0, 0]
						}
					}
				},
				"leftarm": {
					"rotation": {
						"0.0": {
							"vector": [0, 0, 0]
						},
						"0.3": {
							"vector": [0.48244, 6.83411, 5.32786]
						},
						"0.4": {
							"vector": [-0.07453, 4.37756, 0.93715]
						},
						"0.5667": {
							"vector": [-7.09646, 1.23537, 9.55224]
						},
						"0.6667": {
							"vector": [-7.09646, 1.23537, 9.55224]
						},
						"0.7667": {
							"vector": [-3.09646, 1.23537, 9.55224]
						},
						"0.8667": {
							"vector": [-11.14019, -0.03905, 5.52079]
						},
						"0.9667": {
							"vector": [-18.24237, -5.97273, 3.20142]
						},
						"1.1": {
							"vector": [-18.24237, -5.97273, 3.20142]
						},
						"1.2": {
							"vector": [-4.90738, -11.91343, -9.85246]
						},
						"1.4": {
							"vector": [-4.90738, -11.91343, -9.85246]
						},
						"1.6333": {
							"vector": [-6.09525, 0.1143, 5.51124]
						},
						"1.7333": {
							"vector": [-2.01861, 8.69743, 22.36783]
						},
						"1.8333": {
							"vector": [-3.40429, 1.95781, 12.85468]
						},
						"2.0": {
							"vector": [-3.09646, 1.23537, 9.55224]
						},
						"2.2": {
							"vector": [-3.09646, 1.23537, 9.55224]
						},
						"2.4": {
							"vector": [-14.61082, -12.06342, 19.38375]
						},
						"2.5667": {
							"vector": [-22.10093, -13.52089, 18.48971]
						},
						"2.6667": {
							"vector": [-22.10093, -13.52089, 18.48971]
						},
						"2.7667": {
							"vector": [-29.66631, -17.27241, 20.26525]
						},
						"2.8667": {
							"vector": [-45.99244, -17.66086, 26.24792]
						},
						"2.9": {
							"vector": [-45.99244, -17.66086, 26.24792]
						},
						"3.0": {
							"vector": [-46.7608, -26.24948, 23.3935]
						},
						"3.1667": {
							"vector": [-17.65865, -10.31307, 15.07101]
						},
						"3.4": {
							"vector": [0, 0, 0]
						}
					},
					"position": {
						"0.0": {
							"vector": [0, 0, 0]
						},
						"0.1": {
							"vector": [4.54283, -2.81974, 14.99329]
						},
						"0.3": {
							"vector": [-0.40698, -4.80551, 42.04622]
						},
						"0.4": {
							"vector": [0.09302, -4.80551, 42.04622]
						},
						"0.5667": {
							"vector": [-2.60698, -8.50551, 34.64622]
						},
						"0.6667": {
							"vector": [-2.60698, -8.50551, 34.64622]
						},
						"0.7667": {
							"vector": [-3.51, -9.71, 34.65]
						},
						"0.8667": {
							"vector": [-0.51, -11.21, 33.55]
						},
						"0.9667": {
							"vector": [-0.51, -11.81, 33.55]
						},
						"1.1": {
							"vector": [-0.51, -16.01, 33.55]
						},
						"1.2": {
							"vector": [2.865, -19.235, 43.3]
						},
						"1.4": {
							"vector": [-2.16, -24.785, 43.3]
						},
						"1.6333": {
							"vector": [-1.66129, -13.66399, 35.25925]
						},
						"1.7333": {
							"vector": [-4.56129, -11.98899, 35.80925]
						},
						"1.8333": {
							"vector": [-3.43, -11.865, 35.535]
						},
						"1.9333": {
							"vector": [-3.47, -9.815, 35.38]
						},
						"2.0": {
							"vector": [-3.51, -6.985, 35.65]
						},
						"2.2": {
							"vector": [-3.51, -6.985, 35.65]
						},
						"2.4": {
							"vector": [0.67906, -7.39158, 14.04269]
						},
						"2.5667": {
							"vector": [0.55334, -3.81318, -2.00909]
						},
						"2.6667": {
							"vector": [0.50309, -3.78815, -1.93432]
						},
						"2.7667": {
							"vector": [0.25704, -5.25684, -1.7475]
						},
						"2.8667": {
							"vector": [0.17747, -7.02731, 6.41477]
						},
						"2.9": {
							"vector": [0.22952, -7.03287, 6.41458]
						},
						"3.0": {
							"vector": [2.675, -13.26, 18.31]
						},
						"3.1667": {
							"vector": [2.68, -16.135, 37.26]
						},
						"3.4": {
							"vector": [0, 0, 0]
						}
					}
				},
				"magazine": {
					"rotation": {
						"0.0": {
							"vector": [0, 0, 0]
						},
						"0.6667": {
							"vector": [0, 0, 0]
						},
						"1.1": {
							"vector": [0, 0, 0]
						},
						"1.2": {
							"vector": [32.41048, -0.7687, 8.97952]
						},
						"1.4": {
							"vector": [33.70329, 1.43246, -10.7351]
						},
						"1.6333": {
							"vector": [5.47005, 0.57403, -0.97258]
						},
						"1.7333": {
							"vector": [3.18766, -0.75713, 5.96624]
						},
						"1.8333": {
							"vector": [0, 0, 0]
						},
						"1.9333": {
							"vector": [0, 0, 0]
						},
						"2.0": {
							"vector": [0, 0, 0]
						}
					},
					"position": {
						"0.0": {
							"vector": [0, 0, 0]
						},
						"0.6667": {
							"vector": [0, 0, 0]
						},
						"0.7667": {
							"vector": [0, -1.2, 0]
						},
						"0.8667": {
							"vector": [0, -1.8, 0]
						},
						"0.9667": {
							"vector": [0, -1.9, 0]
						},
						"1.1": {
							"vector": [0, -6.4, 0]
						},
						"1.2": {
							"vector": [-6.825, -18.425, 9.525]
						},
						"1.4": {
							"vector": [0.95, -16.375, 9.525]
						},
						"1.6333": {
							"vector": [-0.24197, -6.68834, 0.2493]
						},
						"1.7333": {
							"vector": [-0.35089, -5.29374, 0.56173]
						},
						"1.8333": {
							"vector": [0, -5.75, 0]
						},
						"1.9333": {
							"vector": [0, -4.45, 0]
						},
						"2.0": {
							"vector": [0, 0, 0]
						}
					}
				},
				"rightarm": {
					"rotation": {
						"0.0": {
							"vector": [0, 0, 0]
						},
						"0.2": {
							"vector": [-1.40588, -7.92544, 4.0884]
						},
						"2.6": {
							"vector": [-1.40588, -7.92544, 4.0884]
						},
						"2.8667": {
							"vector": [0, 0, 0]
						}
					},
					"position": {
						"0.0": {
							"vector": [0, 0, 0]
						},
						"0.2": {
							"vector": [-4.06704, -0.32608, -0.36449]
						},
						"2.6": {
							"vector": [-4.06704, -0.32608, -0.36449]
						},
						"2.8667": {
							"vector": [0, 0, 0]
						}
					}
				},
				"bolt": {
					"rotation": {
						"0.0": {
							"vector": [0, 0, 0]
						},
						"2.6667": {
							"vector": [0, 0, 0]
						},
						"2.9667": {
							"vector": [0, 0, 0]
						}
					},
					"position": {
						"0.0": {
							"vector": [0, 0, 0]
						},
						"2.6667": {
							"vector": [0, 0, 0]
						},
						"2.7667": {
							"vector": [0, 0, 2.7]
						},
						"2.8667": {
							"vector": [0, 0, 17.15]
						},
						"2.9": {
							"vector": [0, 0, 17.15]
						},
						"2.9667": {
							"vector": [0, 0, 0]
						}
					}
				},
				"bipod": {
					"rotation": {
						"0.0": {
							"vector": [0, 0, 0]
						},
						"0.1667": {
							"vector": [-1.74519, 0.12967, 4.24803]
						},
						"0.3": {
							"vector": [-1.63257, 0.04987, 1.46583]
						},
						"2.4": {
							"vector": [0, 0, 0]
						},
						"2.5667": {
							"vector": [0.02618, 0.99966, 1.50023]
						},
						"2.7": {
							"vector": [0.83724, -0.74836, -0.50044]
						},
						"2.8667": {
							"vector": [-1.16227, -0.03387, -2.24893]
						},
						"3.0": {
							"vector": [-0.42781, -0.48551, 1.25432]
						},
						"3.1667": {
							"vector": [0.03608, 0.75724, 0.62343]
						},
						"3.3": {
							"vector": [0, 0, 0]
						}
					},
					"position": {
						"0.0": {
							"vector": [0, 0, 0]
						},
						"2.4": {
							"vector": [0, 0, 0]
						},
						"3.3": {
							"vector": [0, 0, 0]
						}
					}
				},
				"bullet": {
					"rotation": {
						"0.0": {
							"vector": [0, 0, 0]
						},
						"1.3667": {
							"vector": [0, 0, 0]
						},
						"1.4": {
							"vector": [0, 0, 0]
						}
					},
					"position": {
						"0.0": {
							"vector": [0, -1, 0]
						},
						"1.3667": {
							"vector": [0, -1, 0]
						},
						"1.4": {
							"vector": [0, 0, 0]
						}
					}
				},
				"bone20": {
					"position": {
						"2.5667": {
							"vector": [0, 0, 0]
						},
						"2.6667": {
							"vector": [-0.775, 0, 0]
						},
						"2.9": {
							"vector": [-7.325, 0, 0]
						},
						"3.0333": {
							"vector": [0, 0, 0]
						}
					}
				},
				"leftarm2": {
					"rotation": {
						"0.0": {
							"vector": [0, 0, 0]
						},
						"2.2667": {
							"vector": [0, 0, 0]
						},
						"2.4": {
							"vector": [0, 0, 0]
						},
						"2.5667": {
							"vector": [0, 0, 0]
						},
						"3.0": {
							"vector": [0, 0, 0]
						},
						"3.5333": {
							"vector": [0, 0, 0]
						}
					},
					"position": {
						"0.0": {
							"vector": [0, 0, 0]
						},
						"2.2667": {
							"vector": [0, 0, 0]
						},
						"2.4": {
							"vector": [-2.8, 6.225, -20.525]
						},
						"2.5667": {
							"vector": [-2.35, 1.3, -3.4]
						},
						"2.7": {
							"vector": [-2.775, 0.585, -4.595]
						},
						"2.8667": {
							"vector": [-5.4, -1.87, -14.65]
						},
						"2.9333": {
							"vector": [-4.05, -2.055, -1.44]
						},
						"3.0": {
							"vector": [-4.05, -4.2, -0.6]
						},
						"3.5333": {
							"vector": [0, 0, 0]
						}
					}
				}
			},
			"sound_effects": {
				"0.0": {
					"effect": "foley_start"
				},
				"0.6": {
					"effect": "rifle_magout"
				},
				"1.0": {
					"effect": "foley_end"
				},
				"1.4667": {
					"effect": "rifle_magin"
				},
				"2.6667": {
					"effect": "wa2000_actionback"
				},
				"2.7667": {
					"effect": "wa2000_actionforward"
				},
				"3.0667": {
					"effect": "foley_end"
				}
			}
		},
		"animation.model.fire": {
			"animation_length": 0.125,
			"bones": {
				"bone20": {
					"rotation": {
						"0.0": {
							"vector": [0, 0, 0]
						},
						"0.125": {
							"vector": [0, 0, 0]
						}
					},
					"position": {
						"0.0": {
							"vector": [0, 0, 0]
						},
						"0.0417": {
							"vector": [-5, 0, 0]
						},
						"0.125": {
							"vector": [0, 0, 0]
						}
					}
				},
				"jt": {
					"rotation": {
						"0.0": {
							"vector": [0, 0, 0]
						},
						"0.0833": {
							"vector": [0, 0, 0]
						}
					},
					"position": {
						"0.0": {
							"vector": [0, 0, 0]
						},
						"0.0417": {
							"vector": [0, 0, 2]
						},
						"0.0833": {
							"vector": [0, 0, 0]
						}
					}
				},
				"magazine": {
					"rotation": {
						"vector": [0, 0, 0]
					},
					"position": {
						"vector": [0, 0, 0]
					}
				},
				"leftarm": {
					"position": {
						"vector": [0, 0, 0]
					}
				}
			}
		}
	},
	"geckolib_format_version": 2
}