{
	"format_version": "1.8.0",
	"animations": {
		"animation.model.draw": {
			"animation_length": 0.54167,
			"bones": {
				"ironsightdetails": {
					"rotation": {
						"0.0": {
							"vector": [0, 0, 0]
						},
						"0.1667": {
							"vector": [0, 0, 17.5]
						},
						"0.25": {
							"vector": [0, 0, -8.75]
						},
						"0.3333": {
							"vector": [0, 0, -10]
						},
						"0.4167": {
							"vector": [0, 0, 15]
						},
						"0.5": {
							"vector": [0, 0, 0]
						}
					},
					"position": {
						"vector": [0, 0, 0]
					}
				},
				"main": {
					"rotation": {
						"0.0": {
							"vector": [77.5, 0, 0]
						},
						"0.25": {
							"vector": [-14.88, 0, 0]
						},
						"0.4583": {
							"vector": [0, 0, 0]
						}
					},
					"position": {
						"0.0": {
							"vector": [0, -10, 13]
						},
						"0.1667": {
							"vector": [0, 0, 0]
						},
						"0.4583": {
							"vector": [0, 0, 0]
						}
					}
				}
			}
		},
		"animation.model.prepare": {
			"animation_length": 1,
			"bones": {
				"main": {
					"rotation": {
						"0.0": {
							"vector": [0, 0, 0]
						},
						"0.0417": {
							"vector": [-15.83, 0, 0]
						},
						"0.125": {
							"vector": [-32.5, 0, 0]
						},
						"0.2083": {
							"vector": [-40.48005, -11.86554, -19.25656]
						},
						"0.3333": {
							"vector": [-38.66338, -8.59576, -15.4122]
						},
						"0.4583": {
							"vector": [-40.48005, -11.86554, -19.25656]
						}
					},
					"position": {
						"0.0": {
							"vector": [0, 0, 0]
						},
						"0.0833": {
							"vector": [-1, 0, 0]
						},
						"0.1667": {
							"vector": [-1, 1, 0]
						},
						"0.4583": {
							"vector": [-1, 1, 0]
						}
					}
				},
				"rightarm": {
					"rotation": {
						"0.0": {
							"vector": [0, 0, 0]
						},
						"0.1667": {
							"vector": [-6.4105, -29.10858, 22.27267]
						}
					},
					"position": {
						"0.0": {
							"vector": [0, 0, 0]
						},
						"0.1667": {
							"vector": [-10, 0, -7]
						}
					}
				},
				"leftarm": {
					"rotation": {
						"0.0": {
							"vector": [0, 0, 0]
						},
						"0.0833": {
							"vector": [3.79089, -3.793, 44.95667]
						},
						"0.2083": {
							"vector": [5.5045, -16.19315, 83.28411]
						},
						"0.3333": {
							"vector": [5.5, -16.19, 83.28]
						}
					},
					"position": {
						"0.0": {
							"vector": [0, 0, 0]
						},
						"0.0833": {
							"vector": [3, 0, 0]
						},
						"0.25": {
							"vector": [54, 0, 45]
						},
						"0.3333": {
							"vector": [54, 0, 75]
						}
					}
				},
				"bone2": {
					"rotation": {
						"vector": [0, 0, 0]
					},
					"position": {
						"0.0": {
							"vector": [0, 0, 0]
						},
						"0.1667": {
							"vector": [0, 0, -15]
						}
					}
				}
			},
			"sound_effects": {
				"0.0": {
					"effect": "foley_start"
				}
			}
		},
		"animation.model.preparealt": {
			"animation_length": 1,
			"bones": {
				"main": {
					"rotation": {
						"0.0": {
							"vector": [-40.48005, -11.86554, -19.25656]
						},
						"0.125": {
							"vector": [-18.78928, 14.7048, 21.60208]
						},
						"0.2083": {
							"vector": [-29.12022, 27.10287, 44.2212]
						},
						"0.2917": {
							"vector": [-36.1888, 21.45178, 35.16315]
						},
						"0.375": {
							"vector": [-34.12022, 27.10287, 44.2212]
						}
					},
					"position": {
						"0.0": {
							"vector": [0, 0, 0]
						},
						"0.0833": {
							"vector": [-1, 0, 0]
						},
						"0.1667": {
							"vector": [-1, 1, 0]
						}
					}
				},
				"rightarm": {
					"rotation": {
						"0.0": {
							"vector": [0, 0, 0]
						},
						"0.1667": {
							"vector": [-6.4105, -29.10858, 22.27267]
						}
					},
					"position": {
						"0.0": {
							"vector": [0, 0, 0]
						},
						"0.1667": {
							"vector": [-10, 0, -7]
						}
					}
				},
				"leftarm": {
					"rotation": {
						"0.0": {
							"vector": [0, 0, 0]
						},
						"0.0833": {
							"vector": [3.79089, -3.793, 44.95667]
						},
						"0.2083": {
							"vector": [5.5045, -16.19315, 83.28411]
						},
						"0.3333": {
							"vector": [5.5, -16.19, 83.28]
						}
					},
					"position": {
						"0.0": {
							"vector": [0, 0, 0]
						},
						"0.0833": {
							"vector": [3, 0, 0]
						},
						"0.25": {
							"vector": [54, 0, 45]
						},
						"0.3333": {
							"vector": [54, 0, 75]
						}
					}
				},
				"bone2": {
					"rotation": {
						"vector": [0, 0, 0]
					},
					"position": {
						"0.0": {
							"vector": [0, 0, -15]
						},
						"0.1667": {
							"vector": [0, 0, -15]
						}
					}
				}
			},
			"sound_effects": {
				"0.0": {
					"effect": "foley_start"
				}
			}
		},
		"animation.model.chamberload": {
			"animation_length": 2.5,
			"bones": {
				"steel": {
					"position": {
						"0.625": {
							"vector": [0, 0, 0]
						},
						"0.6667": {
							"vector": [0, 0, 1]
						},
						"0.7083": {
							"vector": [0, 0, 3]
						},
						"0.75": {
							"vector": [0, 0, 4]
						}
					},
					"scale": {
						"0.625": {
							"vector": [1, 1, 1]
						},
						"0.6667": {
							"vector": [1, 1, 0.8]
						},
						"0.7083": {
							"vector": [1, 1, 0.7]
						},
						"0.75": {
							"vector": [1, 1, 0.6]
						}
					}
				},
				"main": {
					"rotation": {
						"0.0": {
							"vector": [-40.48005, -11.86554, -19.25656]
						},
						"0.0833": {
							"vector": [-35.24404, 4.74796, 8.36413]
						},
						"0.1667": {
							"vector": [-29.12022, 27.10287, 44.2212]
						},
						"0.25": {
							"vector": [-34.12022, 27.10287, 44.2212]
						},
						"0.2917": {
							"vector": [-31.62022, 27.10287, 44.2212]
						},
						"0.3333": {
							"vector": [-29.12022, 27.10287, 44.2212]
						},
						"0.4583": {
							"vector": [-27.96693, 28.29477, 46.70035]
						},
						"0.5833": {
							"vector": [-30.47834, 25.51508, 41.14552]
						},
						"0.75": {
							"vector": [-24.94077, 30.91969, 52.79977]
						},
						"0.9167": {
							"vector": [-29.12022, 27.10287, 44.2212]
						},
						"1.125": {
							"vector": [-40.48005, -11.86554, -19.25656]
						},
						"1.2917": {
							"vector": [-39.01172, -16.66536, -25.20512]
						},
						"1.375": {
							"vector": [-39.56204, -15.08219, -23.1935]
						},
						"1.5": {
							"vector": [-36.83568, -21.48904, -31.77728]
						},
						"1.625": {
							"vector": [-40.48005, -11.86554, -19.25656]
						},
						"1.75": {
							"vector": [-40.48, -11.87, -19.26]
						}
					},
					"position": {
						"0.0": {
							"vector": [-1, 1, 0]
						},
						"0.0833": {
							"vector": [1, 1, -1]
						},
						"0.1667": {
							"vector": [2, 1, 0]
						},
						"0.3333": {
							"vector": [2, 1, 0]
						},
						"0.9167": {
							"vector": [2, 1, 0]
						},
						"1.125": {
							"vector": [-1, 1, 0]
						},
						"1.75": {
							"vector": [-1, 1, 0]
						}
					}
				},
				"rightarm": {
					"rotation": {
						"0.0": {
							"vector": [-6.4105, -29.10858, 22.27267]
						},
						"0.1667": {
							"vector": [0, 0, 0]
						},
						"0.3333": {
							"vector": [0, 0, 30]
						},
						"1.5417": {
							"vector": [0, 0, 30]
						},
						"1.75": {
							"vector": [-6.4105, -29.10858, 22.27267]
						}
					},
					"position": {
						"0.0": {
							"vector": [-10, 0, -7]
						},
						"0.1667": {
							"vector": [0, 0, 0]
						},
						"0.3333": {
							"vector": [0, 0, 0]
						},
						"1.5417": {
							"vector": [0, 0, 0]
						},
						"1.75": {
							"vector": [-10, 0, -7]
						}
					}
				},
				"leftarm": {
					"rotation": {
						"0.0": {
							"vector": [5.5, -16.19, 83.28]
						},
						"0.2917": {
							"vector": [5.5, -16.19, 83.28]
						},
						"1.125": {
							"vector": [5.5, -16.19, 83.28]
						},
						"1.4167": {
							"vector": [0, 0, 0]
						},
						"1.5": {
							"vector": [0, 0, 0]
						},
						"1.5833": {
							"vector": [17.5, 0, 142.5]
						},
						"1.625": {
							"vector": [17.5, 0, 142.5]
						}
					},
					"position": {
						"0.0": {
							"vector": [54, 0, 75]
						},
						"0.2917": {
							"vector": [54, 0, 75]
						},
						"0.4167": {
							"vector": [-42.4, 0, 62.4]
						},
						"0.5": {
							"vector": [-30, 0, 24]
						},
						"0.5833": {
							"vector": [-24, 8, 35]
						},
						"0.6667": {
							"vector": [-23, 8, 35]
						},
						"0.7083": {
							"vector": [-21, 7.67, 32.33]
						},
						"0.7917": {
							"vector": [-20, 10, 31]
						},
						"0.9583": {
							"vector": [-20, 10, 35]
						},
						"1.125": {
							"vector": [-42, 10, 74]
						},
						"1.25": {
							"vector": [17.2, 4, 49.6]
						},
						"1.375": {
							"vector": [0, 0, 0]
						},
						"1.5417": {
							"vector": [0, 0, 0]
						},
						"1.5833": {
							"vector": [4.5, 0, 13]
						},
						"1.625": {
							"vector": [4.5, 0, 13]
						},
						"1.6667": {
							"vector": [9, 0, 26]
						},
						"1.7083": {
							"vector": [39, 0, 74]
						}
					}
				},
				"shell": {
					"rotation": {
						"0.4167": {
							"vector": [0, 0, 0]
						},
						"0.5417": {
							"vector": [0, -42.5, 0]
						},
						"0.75": {
							"vector": [0, -42.5, 0]
						},
						"0.7917": {
							"vector": [0, 2.5, 0]
						}
					},
					"position": {
						"0.4167": {
							"vector": [0, 0, 0]
						},
						"0.4583": {
							"vector": [-22, -3, 6]
						},
						"0.5": {
							"vector": [-15, -4, -12]
						},
						"0.5417": {
							"vector": [-9, 0, -6]
						},
						"0.5833": {
							"vector": [-5, 1, 0]
						},
						"0.6667": {
							"vector": [-5, 1, 0]
						},
						"0.7083": {
							"vector": [-3, 1, -2]
						},
						"0.75": {
							"vector": [-3, 1, -3]
						},
						"0.7917": {
							"vector": [-2, 1, -3]
						},
						"0.8333": {
							"vector": [0, 1, -7]
						}
					}
				},
				"bone2": {
					"position": {
						"vector": [0, 0, -15]
					}
				}
			},
			"sound_effects": {
				"0.0": {
					"effect": "foley_start"
				},
				"0.625": {
					"effect": "wa2000_actionback"
				},
				"0.75": {
					"effect": "shell_chamber"
				},
				"0.9167": {
					"effect": "m4_actionforward"
				},
				"1.1667": {
					"effect": "foley_end"
				}
			}
		},
		"animation.model.iterativeload": {
			"loop": true,
			"animation_length": 1.25,
			"bones": {
				"main": {
					"rotation": {
						"0.0": {
							"vector": [-40.48, -11.87, -19.26]
						},
						"0.0833": {
							"vector": [-39.01172, -16.66536, -25.20512]
						},
						"0.2083": {
							"vector": [-38.39847, -18.22882, -27.25009]
						},
						"0.2917": {
							"vector": [-43.39847, -18.22882, -27.25009]
						},
						"0.4167": {
							"vector": [-39.51471, -18.60112, -23.54498]
						},
						"0.5": {
							"vector": [-36.97628, -21.28703, -31.454]
						},
						"0.625": {
							"vector": [-38.96485, -15.95613, -24.53687]
						},
						"0.7083": {
							"vector": [-40.48005, -11.86554, -19.25656]
						}
					},
					"position": {
						"0.0": {
							"vector": [-1, 1, 0]
						},
						"0.1667": {
							"vector": [-1, 1, 1]
						},
						"0.2917": {
							"vector": [-1, 2, -1]
						},
						"0.4583": {
							"vector": [-1, 1, 1]
						},
						"0.7083": {
							"vector": [-1, 1, 0]
						}
					}
				},
				"rightarm": {
					"rotation": {
						"vector": [-6.4105, -29.10858, 22.27267]
					},
					"position": {
						"vector": [-10, 0, -7]
					}
				},
				"leftarm": {
					"rotation": {
						"0.0833": {
							"vector": [42.4762, -3.16843, 127.83656]
						},
						"0.125": {
							"vector": [55.25212, -9.93967, 124.59795]
						},
						"0.1667": {
							"vector": [54.72614, 9.04549, 122.70391]
						},
						"0.2083": {
							"vector": [56.91198, 19.31085, 139.01591]
						},
						"0.3333": {
							"vector": [55.25212, -9.93967, 124.59795]
						}
					},
					"position": {
						"0.0": {
							"vector": [39, 0, 74]
						},
						"0.0417": {
							"vector": [9, 0, 26]
						},
						"0.125": {
							"vector": [-2, -5, 31]
						},
						"0.1667": {
							"vector": [-3, -3, 34]
						},
						"0.25": {
							"vector": [-2.7, -3.6, 31.1]
						},
						"0.3333": {
							"vector": [-2.7, -3.6, 31.1]
						},
						"0.4167": {
							"vector": [-2, -5, 31]
						},
						"0.5417": {
							"vector": [39, 0, 74]
						}
					}
				},
				"shell": {
					"rotation": {
						"0.0": {
							"vector": [0, 10, 0]
						},
						"0.0417": {
							"vector": [0, 10, 0]
						},
						"0.0833": {
							"vector": [-30, 10, 0]
						},
						"0.5": {
							"vector": [-30, 10, 0]
						}
					},
					"position": {
						"0.0": {
							"vector": [36, -5, 24]
						},
						"0.0417": {
							"vector": [14, -5, -12]
						},
						"0.0833": {
							"vector": [8, -7, -9]
						},
						"0.125": {
							"vector": [0, -11, -6]
						},
						"0.5": {
							"vector": [0, 1, -1]
						}
					},
					"scale": {
						"vector": [1, 1, 1]
					}
				},
				"bone2": {
					"position": {
						"vector": [0, 0, -15]
					}
				}
			},
			"sound_effects": {
				"0.0": {
					"effect": "shell"
				}
			}
		},
		"animation.model.finish": {
			"animation_length": 1,
			"bones": {
				"main": {
					"rotation": {
						"0.0": {
							"vector": [-40.48005, -11.86554, -19.25656]
						},
						"0.125": {
							"vector": [-38.66338, -8.59576, -15.4122]
						},
						"0.2083": {
							"vector": [-40.48005, -11.86554, -19.25656]
						},
						"0.3333": {
							"vector": [-32.5, 0, 0]
						},
						"0.4583": {
							"vector": [-15.83, 0, 0]
						},
						"0.5417": {
							"vector": [0, 0, 0]
						}
					},
					"position": {
						"0.0": {
							"vector": [-1, 1, 0]
						},
						"0.25": {
							"vector": [-1, 1, 0]
						},
						"0.375": {
							"vector": [-1, 0, 0]
						},
						"0.5": {
							"vector": [0, 0, 0]
						}
					}
				},
				"rightarm": {
					"rotation": {
						"0.0": {
							"vector": [-6.4105, -29.10858, 22.27267]
						},
						"0.2083": {
							"vector": [0, 0, 0]
						}
					},
					"position": {
						"0.0": {
							"vector": [-10, 0, -7]
						},
						"0.2083": {
							"vector": [0, 0, 0]
						}
					}
				},
				"leftarm": {
					"rotation": {
						"0.0": {
							"vector": [5.5, -16.19, 83.28]
						},
						"0.1667": {
							"vector": [5.5045, -16.19315, 83.28411]
						},
						"0.25": {
							"vector": [3.79089, -3.793, 44.95667]
						},
						"0.375": {
							"vector": [0, 0, 0]
						}
					},
					"position": {
						"0.0": {
							"vector": [54, 0, 75]
						},
						"0.125": {
							"vector": [54, 0, 45]
						},
						"0.25": {
							"vector": [3, 0, 0]
						},
						"0.375": {
							"vector": [0, 0, 0]
						}
					}
				},
				"bone2": {
					"rotation": {
						"vector": [0, 0, 0]
					},
					"position": {
						"0.25": {
							"vector": [0, 0, -15]
						},
						"0.5417": {
							"vector": [0, 0, 0]
						}
					}
				}
			},
			"sound_effects": {
				"0.0": {
					"effect": "foley_start"
				}
			}
		},
		"animation.model.fire": {
			"animation_length": 0.54167,
			"bones": {
				"ironsightdetails": {
					"rotation": {
						"0.0833": {
							"vector": [0, 0, 0]
						},
						"0.1667": {
							"vector": [0, 0, 17.5]
						},
						"0.2083": {
							"vector": [0, 0, 0]
						},
						"0.2917": {
							"vector": [0, 0, 7.5]
						},
						"0.3333": {
							"vector": [0, 0, 0]
						}
					},
					"position": {
						"0.0833": {
							"vector": [0, 0, 0]
						},
						"0.2083": {
							"vector": [0, 0, 0]
						},
						"0.3333": {
							"vector": [0, 0, 0]
						}
					}
				},
				"main": {
					"rotation": {
						"0.0": {
							"vector": [0, 0, 0]
						},
						"0.5417": {
							"vector": [0, 0, 0]
						}
					},
					"position": {
						"0.0": {
							"vector": [0, 0, 0]
						},
						"0.0417": {
							"vector": [-0.375, -0.9, 6.575]
						},
						"0.125": {
							"vector": [-0.63, -0.4, 3.375]
						},
						"0.2083": {
							"vector": [-0.39, -0.44, 4.06]
						},
						"0.2917": {
							"vector": [-0.155, -0.475, 3.95]
						},
						"0.5": {
							"vector": [0, 0, 0]
						}
					}
				}
			}
		},
		"animation.model.inspect": {
			"loop": true,
			"animation_length": 4.26667,
			"bones": {
				"main": {
					"rotation": {
						"0.0": {
							"vector": [0, 0, 0]
						},
						"0.1667": {
							"vector": [-8.41746, -13.59608, -21.21259]
						},
						"0.3": {
							"vector": [-8.39812, -20.10111, -31.77688]
						},
						"0.4333": {
							"vector": [-9.55676, -20.88889, -28.55629]
						},
						"0.5333": {
							"vector": [-8.77652, -21.21647, -30.72851]
						},
						"0.7667": {
							"vector": [-9.4227, -20.94881, -28.93303]
						},
						"1.0": {
							"vector": [-3.1216, -20.98207, -46.44405]
						},
						"1.1333": {
							"vector": [-4.564, -20.73064, -42.44007]
						},
						"1.2333": {
							"vector": [-4.86325, -20.9153, -41.60203]
						},
						"1.3333": {
							"vector": [-4.58308, -20.97575, -42.38574]
						},
						"1.4667": {
							"vector": [-4.01131, -21.08802, -43.97908]
						},
						"1.6": {
							"vector": [-4.38767, -21.01662, -42.9316]
						},
						"1.7": {
							"vector": [-4.18847, -21.05622, -43.48691]
						},
						"2.0333": {
							"vector": [-16.91438, 5.38499, 54.40399]
						},
						"2.1667": {
							"vector": [-15.22513, 5.80082, 60.04554]
						},
						"2.3": {
							"vector": [-15.70981, 5.86025, 59.48558]
						},
						"2.4333": {
							"vector": [-15.93602, 7.03904, 62.69373]
						},
						"2.5667": {
							"vector": [-15.60896, 7.75082, 65.23442]
						},
						"2.7333": {
							"vector": [-15.71675, 7.52491, 64.42194]
						},
						"2.9": {
							"vector": [-15.56389, 7.84019, 65.55973]
						},
						"3.1": {
							"vector": [-15.61778, 7.73186, 65.16659]
						},
						"3.2667": {
							"vector": [-15.9801, 6.93689, 62.33342]
						},
						"3.4": {
							"vector": [-8.86998, 2.42135, 33.56191]
						},
						"3.5333": {
							"vector": [0, -1.75, -2.75]
						},
						"3.7": {
							"vector": [0, 0, 0]
						}
					},
					"position": {
						"0.0": {
							"vector": [0, 0, 0]
						},
						"0.3": {
							"vector": [-0.475, 1.475, -8.7]
						},
						"0.4": {
							"vector": [-0.195, 1, -7.7]
						},
						"0.5333": {
							"vector": [-0.03, 0.725, -7.7]
						},
						"0.7": {
							"vector": [0, 1.125, -7.7]
						},
						"0.9": {
							"vector": [0.125, 1.4, -8.275]
						},
						"1.2": {
							"vector": [-0.02, 1.475, -8]
						},
						"1.4": {
							"vector": [0.11, 1.425, -8.175]
						},
						"1.6667": {
							"vector": [0.275, 1.25, -7.975]
						},
						"1.8": {
							"vector": [-0.13, -1.19, -8.65]
						},
						"1.9667": {
							"vector": [-0.545, -1.325, -11.15]
						},
						"2.1333": {
							"vector": [-0.415, -1.395, -10.545]
						},
						"2.2667": {
							"vector": [-0.525, -1.455, -9.17]
						},
						"2.4": {
							"vector": [-0.49, -1.43, -9.85]
						},
						"2.5667": {
							"vector": [-0.455, -1.5, -9.24]
						},
						"2.7667": {
							"vector": [-0.53, -1.5, -9.27]
						},
						"3.0": {
							"vector": [-0.49, -1.41, -9.3]
						},
						"3.2333": {
							"vector": [-0.545, -1.325, -9.325]
						},
						"3.3667": {
							"vector": [-1.005, -0.61, -7.41]
						},
						"3.6333": {
							"vector": [0, 0, 0]
						}
					}
				},
				"ironsightdetails": {
					"rotation": {
						"0.0": {
							"vector": [0, 0, 0]
						},
						"0.2667": {
							"vector": [0, 0, 0]
						},
						"0.3333": {
							"vector": [0, 0, 7.5]
						},
						"0.4": {
							"vector": [0, 0, 0]
						},
						"0.4667": {
							"vector": [0, 0, 7.5]
						},
						"0.5333": {
							"vector": [0, 0, 0]
						},
						"0.9333": {
							"vector": [0, 0, 0]
						},
						"1.0": {
							"vector": [0, 0, 7.5]
						},
						"1.0667": {
							"vector": [0, 0, 0]
						},
						"1.1333": {
							"vector": [0, 0, 7.5]
						},
						"1.2": {
							"vector": [0, 0, 0]
						},
						"2.0333": {
							"vector": [0, 0, 0]
						},
						"2.1": {
							"vector": [0, 0, 7.5]
						},
						"2.1667": {
							"vector": [0, 0, 0]
						},
						"2.2333": {
							"vector": [0, 0, 7.5]
						},
						"2.3": {
							"vector": [0, 0, 0]
						},
						"3.4333": {
							"vector": [0, 0, 0]
						},
						"3.5": {
							"vector": [0, 0, 7.5]
						},
						"3.5667": {
							"vector": [0, 0, 0]
						},
						"3.6333": {
							"vector": [0, 0, 7.5]
						},
						"3.7": {
							"vector": [0, 0, 0]
						}
					},
					"position": {
						"0.0": {
							"vector": [0, 0, 0]
						},
						"0.2667": {
							"vector": [0, 0, 0]
						},
						"0.4": {
							"vector": [0, 0, 0]
						},
						"0.5333": {
							"vector": [0, 0, 0]
						},
						"0.9333": {
							"vector": [0, 0, 0]
						},
						"1.0667": {
							"vector": [0, 0, 0]
						},
						"1.2": {
							"vector": [0, 0, 0]
						},
						"2.0333": {
							"vector": [0, 0, 0]
						},
						"2.1667": {
							"vector": [0, 0, 0]
						},
						"2.3": {
							"vector": [0, 0, 0]
						},
						"3.4333": {
							"vector": [0, 0, 0]
						},
						"3.5667": {
							"vector": [0, 0, 0]
						},
						"3.7": {
							"vector": [0, 0, 0]
						}
					}
				}
			}
		}
	},
	"geckolib_format_version": 2
}