{
	"format_version": "1.8.0",
	"animations": {
		"animation.model.reload": {
			"loop": true,
			"animation_length": 2.46667,
			"blend_weight": "1",
			"bones": {
				"main": {
					"rotation": {
						"0.0": {
							"vector": [0, 0, 0]
						},
						"0.2": {
							"vector": [-2.96277, -3.01571, -9.03785]
						},
						"0.3667": {
							"vector": [-9.11317, -2.49362, -16.46272]
						},
						"0.5": {
							"vector": [-8.38815, -3.30373, -16.59609]
						},
						"0.6": {
							"vector": [-8.00563, -3.91224, -22.58229]
						},
						"0.7": {
							"vector": [-7.08031, -4.20154, -25.07199]
						},
						"0.8333": {
							"vector": [-7.54919, -2.501, -17.71617]
						},
						"0.9667": {
							"vector": [-7.15461, -1.91406, -16.92527]
						},
						"1.1": {
							"vector": [-6.86279, -2.34205, -16.22303]
						},
						"1.2667": {
							"vector": [-7.4138, -3.79514, -24.37131]
						},
						"1.3667": {
							"vector": [-7.68674, -3.20356, -19.90201]
						},
						"1.4667": {
							"vector": [-7.65466, -3.86435, -21.07652]
						},
						"1.5667": {
							"vector": [-7.09814, -3.15655, -21.16502]
						},
						"1.6667": {
							"vector": [-7.54793, -3.77476, -26.1357]
						},
						"1.7667": {
							"vector": [-6.8061, -3.48806, -22.13012]
						},
						"1.9": {
							"vector": [-5.98868, -3.84034, -19.82775]
						},
						"2.0333": {
							"vector": [-1.23874, 0.50827, -8.39804]
						},
						"2.1667": {
							"vector": [0, 0, 0]
						}
					},
					"position": {
						"0.0": {
							"vector": [0, 0, 0]
						},
						"0.1333": {
							"vector": [0.355, -0.42, -6.425]
						},
						"0.3333": {
							"vector": [-0.35, -1.75, -4.95]
						},
						"0.4333": {
							"vector": [-0.65, -1.825, -3.95]
						},
						"0.5667": {
							"vector": [-0.675, -1.725, -5.225]
						},
						"0.6667": {
							"vector": [-0.725, -2.5, -5.825]
						},
						"0.8": {
							"vector": [-0.495, -2.45, -5.075]
						},
						"0.9333": {
							"vector": [-0.915, -2.045, -4.25]
						},
						"1.1": {
							"vector": [-0.65, -1.79, -3.54]
						},
						"1.3333": {
							"vector": [-0.44, -1.69, -4.8]
						},
						"1.5667": {
							"vector": [-0.14, -1.865, -4.25]
						},
						"1.6333": {
							"vector": [-0.04, -1.265, -4.575]
						},
						"1.7667": {
							"vector": [-0.29, -1.86, -4.77]
						},
						"1.8667": {
							"vector": [-0.29, -2.43, -6.095]
						},
						"2.0": {
							"vector": [-0.16, -1.79, -5.915]
						},
						"2.1333": {
							"vector": [0, 0, 0]
						}
					}
				},
				"leftarm": {
					"rotation": {
						"0.0": {
							"vector": [0, 0, 0]
						},
						"0.2": {
							"vector": [-8.3641, -3.09804, -1.53102]
						},
						"0.2333": {
							"vector": [-8.3641, -3.09804, -1.53102]
						},
						"0.2667": {
							"vector": [-7.99275, -5.65315, -7.4268]
						},
						"0.3": {
							"vector": [-7.99275, -5.65315, -7.4268]
						},
						"0.4333": {
							"vector": [-4.40779, -6.2999, -8.19423]
						},
						"0.5": {
							"vector": [-6.40779, -6.2999, -8.19423]
						},
						"0.5667": {
							"vector": [-13.39298, -8.06407, -6.40726]
						},
						"0.6333": {
							"vector": [-7.88754, -5.33511, -2.77433]
						},
						"0.6667": {
							"vector": [-8.49938, 1.24098, 6.8808]
						},
						"0.7667": {
							"vector": [12.23073, -4.11703, -0.3568]
						},
						"0.8667": {
							"vector": [11.79373, -5.57964, 6.87472]
						},
						"0.9333": {
							"vector": [18.22294, 5.17766, -3.30474]
						},
						"1.3": {
							"vector": [-4.71411, -2.88358, 2.60215]
						},
						"1.4": {
							"vector": [-4.7923, -4.21237, 3.74364]
						},
						"1.5": {
							"vector": [-4.57, -6.16204, 1.45264]
						},
						"1.5667": {
							"vector": [-7.25203, -6.64795, 0.8773]
						},
						"1.6": {
							"vector": [-6.25203, -6.64795, 0.8773]
						},
						"1.6667": {
							"vector": [-10.25203, -6.64795, 0.8773]
						},
						"1.8": {
							"vector": [-10.25203, -6.64795, 0.8773]
						},
						"1.9667": {
							"vector": [-0.76362, -8.61019, -0.17607]
						},
						"2.1333": {
							"vector": [0, 0, 0]
						}
					},
					"position": {
						"0.0": {
							"vector": [0, 0, 0]
						},
						"0.1": {
							"vector": [5.16645, -3.74823, 9.71021]
						},
						"0.2": {
							"vector": [0.3767, -6.1315, 19.74542]
						},
						"0.2333": {
							"vector": [0.3767, -6.1315, 19.74542]
						},
						"0.2667": {
							"vector": [1.51599, -6.42844, 19.71707]
						},
						"0.3": {
							"vector": [1.51599, -6.42844, 19.71707]
						},
						"0.4333": {
							"vector": [0.595, -6.43, 11.97]
						},
						"0.5": {
							"vector": [1.245, -6.43, 11.97]
						},
						"0.5667": {
							"vector": [1.75, -11.705, 8.22]
						},
						"0.6333": {
							"vector": [1.7, -12.725, 10.07]
						},
						"0.6667": {
							"vector": [0.475, -13.42, 11.095]
						},
						"0.7667": {
							"vector": [0.48, -8.62, 19.3]
						},
						"0.8333": {
							"vector": [-0.395, -9.47, 21.375]
						},
						"0.9333": {
							"vector": [3.48, -8.12, 40.405]
						},
						"1.1667": {
							"vector": [-4.65374, -18.21481, 16.57539]
						},
						"1.3": {
							"vector": [-1.93094, -9.90574, 13.19382]
						},
						"1.4": {
							"vector": [-2.62736, -10.16682, 13.25309]
						},
						"1.5": {
							"vector": [-1.42114, -10.11689, 13.187]
						},
						"1.5667": {
							"vector": [-1.16759, -10.15507, 13.1823]
						},
						"1.6": {
							"vector": [-1.5341, -9.76406, 13.40228]
						},
						"1.6667": {
							"vector": [-0.87988, -7.87926, 12.99591]
						},
						"1.8": {
							"vector": [-0.87988, -7.87926, 12.99591]
						},
						"1.9667": {
							"vector": [1.54327, -6.74647, 7.3102]
						},
						"2.1333": {
							"vector": [0, 0, 0]
						}
					}
				},
				"magazine": {
					"rotation": {
						"0.0": {
							"vector": [0, 0, 0]
						},
						"0.2667": {
							"vector": [0, 0, 0]
						},
						"0.3333": {
							"vector": [-4.75, 0, 0]
						},
						"0.4667": {
							"vector": [-5.75, 0, 0]
						},
						"0.5": {
							"vector": [-5.75, 0, 0]
						},
						"0.5667": {
							"vector": [-9, 0, 0]
						},
						"0.6333": {
							"vector": [-8.43309, -7.32817, -9.55836]
						},
						"0.6667": {
							"vector": [-7.4344, -5.25022, -12.26583]
						},
						"0.8333": {
							"vector": [-9.6002, -3.04071, 11.9094]
						},
						"0.9333": {
							"vector": [-9.6002, -3.04071, 11.9094]
						},
						"1.3": {
							"vector": [-9.6002, -3.04071, 11.9094]
						},
						"1.4": {
							"vector": [-9.54443, -5.2373, 10.76658]
						},
						"1.5": {
							"vector": [-8.38009, -3.40258, -0.28267]
						},
						"1.5667": {
							"vector": [-3.25, 0, 0]
						},
						"1.6": {
							"vector": [-1.25, 0, 0]
						},
						"1.6667": {
							"vector": [0, 0, 0]
						}
					},
					"position": {
						"0.0": {
							"vector": [0, 0, 0]
						},
						"0.2667": {
							"vector": [0, 0, 0]
						},
						"0.3333": {
							"vector": [0, -1.2, -0.3]
						},
						"0.4667": {
							"vector": [0, -1.4, -0.3]
						},
						"0.5": {
							"vector": [0, -1.4, -0.3]
						},
						"0.5667": {
							"vector": [0, -4.85, -0.9]
						},
						"0.6333": {
							"vector": [0.775, -7.325, -0.9]
						},
						"0.6667": {
							"vector": [1.125, -7.65, -0.9]
						},
						"0.7333": {
							"vector": [-0.515, -11.835, -0.9]
						},
						"0.8333": {
							"vector": [-8.22, -31.825, -0.9]
						},
						"0.9333": {
							"vector": [-8.22, -31.825, -0.9]
						},
						"1.3": {
							"vector": [-0.67, -3.83, -0.9]
						},
						"1.4": {
							"vector": [-0.945, -3.83, -0.9]
						},
						"1.5": {
							"vector": [0.155, -3.83, -0.9]
						},
						"1.5667": {
							"vector": [0, -3.1, -0.35]
						},
						"1.6": {
							"vector": [0, -2.775, -0.35]
						},
						"1.6667": {
							"vector": [0, 0, 0]
						}
					}
				}
			},
			"sound_effects": {
				"0.0": {
					"effect": "m14_reload"
				}
			}
		},
		"animation.model.draw": {
			"loop": true,
			"animation_length": 1.2,
			"bones": {
				"main": {
					"rotation": {
						"0.0": {
							"vector": [32.09413, -54.38778, -8.29667]
						},
						"0.45": {
							"vector": [0.50518, -5.08075, 6.8716]
						},
						"0.6": {
							"vector": [0.32389, -0.60235, -2.1558]
						},
						"0.7": {
							"vector": [0, 0, 0]
						}
					},
					"position": {
						"0.0": {
							"vector": [0, -17.3, 0]
						},
						"0.3": {
							"vector": [-0.4, -2.525, -1.625]
						},
						"0.5": {
							"vector": [-0.05, 0, -2.49]
						},
						"0.65": {
							"vector": [0, 0, 0]
						}
					}
				},
				"leftarm": {
					"rotation": {
						"0.0": {
							"vector": [0, 0, 0]
						},
						"0.2": {
							"vector": [1, 0, -22]
						},
						"0.4": {
							"vector": [0, 0, 0]
						}
					},
					"position": {
						"0.0": {
							"vector": [0, 0, 0]
						},
						"0.2": {
							"vector": [3.53901, 3.6754, 5.59783]
						},
						"0.4": {
							"vector": [0, 0, 0]
						}
					}
				}
			}
		},
		"animation.model.inspect": {
			"loop": true,
			"animation_length": 4.26667,
			"bones": {
				"main": {
					"rotation": {
						"0.0": {
							"vector": [0, 0, 0]
						},
						"0.1667": {
							"vector": [-8.41746, -13.59608, -21.21259]
						},
						"0.3": {
							"vector": [-8.39812, -20.10111, -31.77688]
						},
						"0.4333": {
							"vector": [-9.55676, -20.88889, -28.55629]
						},
						"0.5333": {
							"vector": [-8.77652, -21.21647, -30.72851]
						},
						"0.7667": {
							"vector": [-9.4227, -20.94881, -28.93303]
						},
						"1.0": {
							"vector": [-3.1216, -20.98207, -46.44405]
						},
						"1.1333": {
							"vector": [-4.564, -20.73064, -42.44007]
						},
						"1.2333": {
							"vector": [-4.86325, -20.9153, -41.60203]
						},
						"1.3333": {
							"vector": [-4.58308, -20.97575, -42.38574]
						},
						"1.4667": {
							"vector": [-4.01131, -21.08802, -43.97908]
						},
						"1.6": {
							"vector": [-4.38767, -21.01662, -42.9316]
						},
						"1.7": {
							"vector": [-4.18847, -21.05622, -43.48691]
						},
						"2.0333": {
							"vector": [-16.91438, 5.38499, 54.40399]
						},
						"2.1667": {
							"vector": [-15.22513, 5.80082, 60.04554]
						},
						"2.3": {
							"vector": [-15.70981, 5.86025, 59.48558]
						},
						"2.4333": {
							"vector": [-15.93602, 7.03904, 62.69373]
						},
						"2.5667": {
							"vector": [-15.60896, 7.75082, 65.23442]
						},
						"2.7333": {
							"vector": [-15.71675, 7.52491, 64.42194]
						},
						"2.9": {
							"vector": [-15.56389, 7.84019, 65.55973]
						},
						"3.1": {
							"vector": [-15.61778, 7.73186, 65.16659]
						},
						"3.2667": {
							"vector": [-15.9801, 6.93689, 62.33342]
						},
						"3.4": {
							"vector": [-8.86998, 2.42135, 33.56191]
						},
						"3.5333": {
							"vector": [0, -1.75, -2.75]
						},
						"3.7": {
							"vector": [0, 0, 0]
						}
					},
					"position": {
						"0.0": {
							"vector": [0, 0, 0]
						},
						"0.3": {
							"vector": [-0.475, 1.475, -8.7]
						},
						"0.4": {
							"vector": [-0.195, 1, -7.7]
						},
						"0.5333": {
							"vector": [-0.03, 0.725, -7.7]
						},
						"0.7": {
							"vector": [0, 1.125, -7.7]
						},
						"0.9": {
							"vector": [0.125, 1.4, -8.275]
						},
						"1.2": {
							"vector": [-0.02, 1.475, -8]
						},
						"1.4": {
							"vector": [0.11, 1.425, -8.175]
						},
						"1.6667": {
							"vector": [0.275, 1.25, -7.975]
						},
						"1.8": {
							"vector": [-0.13, -1.19, -8.65]
						},
						"1.9667": {
							"vector": [-0.545, -1.325, -11.15]
						},
						"2.1333": {
							"vector": [-0.415, -1.395, -10.545]
						},
						"2.2667": {
							"vector": [-0.525, -1.455, -9.17]
						},
						"2.4": {
							"vector": [-0.49, -1.43, -9.85]
						},
						"2.5667": {
							"vector": [-0.455, -1.5, -9.24]
						},
						"2.7667": {
							"vector": [-0.53, -1.5, -9.27]
						},
						"3.0": {
							"vector": [-0.49, -1.41, -9.3]
						},
						"3.2333": {
							"vector": [-0.545, -1.325, -9.325]
						},
						"3.3667": {
							"vector": [-1.005, -0.61, -7.41]
						},
						"3.6333": {
							"vector": [0, 0, 0]
						}
					}
				},
				"leftarm": {
					"rotation": {
						"0.0": {
							"vector": [0, 0, 0]
						},
						"0.1667": {
							"vector": [61.84867, 41.92862, 15.56015]
						},
						"1.7333": {
							"vector": [61.84867, 41.92862, 15.56015]
						},
						"2.0333": {
							"vector": [-20, 0, -45]
						},
						"3.3": {
							"vector": [-20, 0, -45]
						},
						"3.5667": {
							"vector": [0, 0, 0]
						}
					},
					"position": {
						"0.0": {
							"vector": [0, 0, 0]
						},
						"0.1667": {
							"vector": [11.23986, -30.20851, 24.64864]
						},
						"1.7333": {
							"vector": [11.23986, -30.20851, 24.64864]
						},
						"2.0333": {
							"vector": [7.35, 6.25, 2.33]
						},
						"3.3": {
							"vector": [7.35, 6.25, 2.33]
						},
						"3.5667": {
							"vector": [0, 0, 0]
						}
					}
				}
			}
		},
		"animation.model.fire": {
			"loop": true,
			"animation_length": 0.14,
			"bones": {
				"bolt": {
					"position": {
						"0.0": {
							"vector": [0, 0, 0]
						},
						"0.06": {
							"vector": [0, 0, 12]
						},
						"0.12": {
							"vector": [0, 0, 0]
						}
					}
				},
				"main": {
					"rotation": {
						"0.0": {
							"vector": [0, 0, 0]
						},
						"0.06": {
							"vector": [0, 0, -1.25]
						}
					},
					"position": {
						"0.0": {
							"vector": [0, 0, 0]
						},
						"0.06": {
							"vector": [0.05, 0, 0]
						}
					}
				},
				"action": {
					"rotation": {
						"0.0": {
							"vector": [0, 0, 0]
						},
						"0.02": {
							"vector": [0, 0, 17.5]
						},
						"0.04": {
							"vector": [0, 0, 17.5]
						}
					},
					"position": {
						"0.0": {
							"vector": [0, 0, 0]
						},
						"0.04": {
							"vector": [-0.175, 0, 11]
						}
					}
				},
				"action2": {
					"position": {
						"0.0": {
							"vector": [0, 0, 0]
						},
						"0.04": {
							"vector": [0, 0, 11]
						}
					}
				}
			}
		}
	},
	"geckolib_format_version": 2
}