{
	"format_version": "1.8.0",
	"animations": {
		"animation.model.draw": {
			"loop": true,
			"animation_length": 2.3667,
			"bones": {
				"main": {
					"rotation": {
						"0.0": {
							"vector": [23.1968, -6.03864, 6.37855]
						},
						"0.2667": {
							"vector": [63.88662, -5.52637, 1.3989]
						},
						"0.5333": {
							"vector": [63.88662, -5.52637, 1.3989]
						},
						"0.6667": {
							"vector": [63.8527, -6.19972, 1.73095]
						},
						"0.8": {
							"vector": [63.88662, -5.52637, 1.3989]
						},
						"0.9333": {
							"vector": [63.93438, -4.40373, 0.84712]
						},
						"1.1333": {
							"vector": [63.88662, -5.52637, 1.3989]
						},
						"1.4": {
							"vector": [20.43271, 2.46517, 3.533]
						},
						"1.6667": {
							"vector": [-1.74911, -0.81072, -1.97618]
						},
						"1.8333": {
							"vector": [-1.02236, -0.41032, 1.87038]
						},
						"1.9667": {
							"vector": [-0.00218, 0.24999, -0.5]
						},
						"2.1333": {
							"vector": [0, 0, 0]
						}
					},
					"position": {
						"0.0": {
							"vector": [0, -20.775, 0]
						},
						"0.1667": {
							"vector": [-0.7, -13.3, -2.3]
						},
						"0.2667": {
							"vector": [-0.55, -9.66, -3.64],
							"easing": "easeInQuad"
						},
						"0.3667": {
							"vector": [-0.55, -9.01, -3.64]
						},
						"0.4667": {
							"vector": [-0.55, -9.66, -3.64],
							"easing": "easeInQuart"
						},
						"0.6": {
							"vector": [-0.55, -10.135, -3.64],
							"easing": "easeInQuint"
						},
						"0.7": {
							"vector": [-1.035, -10.05, -3.64],
							"easing": "easeInQuint"
						},
						"0.8": {
							"vector": [-0.875, -9.96, -3.64],
							"easing": "easeInQuint"
						},
						"0.9333": {
							"vector": [-0.78, -9.87, -3.615],
							"easing": "easeInQuint"
						},
						"1.0667": {
							"vector": [-0.69, -9.79, -2.22],
							"easing": "easeInQuint"
						},
						"1.1667": {
							"vector": [-0.55, -9.66, -3.64]
						},
						"1.3333": {
							"vector": [-0.47, -7.845, -4.305],
							"easing": "easeInCubic"
						},
						"1.5": {
							"vector": [-0.08, -1.42, -3.38]
						},
						"1.7333": {
							"vector": [0.075, -0.12, -0.055]
						},
						"1.8333": {
							"vector": [-0.195, -0.09, 0.14]
						},
						"1.9333": {
							"vector": [0, -0.075, 0.275]
						},
						"2.1": {
							"vector": [0, 0, 0]
						}
					}
				},
				"leftarm": {
					"rotation": {
						"0.0": {
							"vector": [-5.94254, -4.22578, -13.91874]
						},
						"0.5": {
							"vector": [-5.94254, -4.22578, -13.91874]
						},
						"0.7333": {
							"vector": [-9.12768, 0.86862, -17.55431]
						},
						"0.9": {
							"vector": [-5.94254, -4.22578, -13.91874]
						},
						"1.0": {
							"vector": [0, 0, 0]
						}
					},
					"position": {
						"0.0": {
							"vector": [4.925, 1.375, 0]
						},
						"0.5": {
							"vector": [4.925, 1.375, 0]
						},
						"0.7333": {
							"vector": [7.87, 3.055, -1.245]
						},
						"0.9": {
							"vector": [4, 1.375, -1.25]
						},
						"1.0": {
							"vector": [0, 0, 0]
						}
					}
				},
				"rightarm": {
					"rotation": {
						"0.0": {
							"vector": [0, 0, 0]
						},
						"0.1333": {
							"vector": [-10.75, 0, 0]
						},
						"0.2667": {
							"vector": [-15.57024, 19.63356, 8.42024]
						},
						"0.5": {
							"vector": [-36.33364, -14.6125, 32.11402]
						},
						"0.6": {
							"vector": [-31.33364, -14.6125, 32.11402]
						},
						"0.7667": {
							"vector": [-52.16078, -12.74095, 42.10791]
						},
						"0.9667": {
							"vector": [-29.66078, -12.74095, 42.10791]
						},
						"1.1667": {
							"vector": [-52.16078, -12.74095, 42.10791]
						},
						"1.6": {
							"vector": [0, 0, 0]
						}
					},
					"position": {
						"0.0": {
							"vector": [0, 0, 0]
						},
						"0.1": {
							"vector": [-4.775, 0, 13.275]
						},
						"0.1667": {
							"vector": [-4.78, 0, 20.08]
						},
						"0.2667": {
							"vector": [-0.315, 3.63, 17.595]
						},
						"0.4333": {
							"vector": [-2.83, -17.795, 13.65]
						},
						"0.7667": {
							"vector": [-9.38, 3.8, 15.99]
						},
						"0.9667": {
							"vector": [-4.17, 1.69, 6.985]
						},
						"1.1667": {
							"vector": [-2.57, 1.04, 23.325]
						},
						"1.4333": {
							"vector": [-21.33, 0.52, 11.66]
						},
						"1.6": {
							"vector": [0, 0, 0]
						}
					}
				},
				"arriere": {
					"rotation": {
						"0.7333": {
							"vector": [0, 0, 0]
						},
						"0.8333": {
							"vector": [0, 0, 0]
						},
						"1.0667": {
							"vector": [0, 0, 0]
						}
					},
					"position": {
						"0.6": {
							"vector": [0, 0, 22.2]
						},
						"0.7333": {
							"vector": [0, 0, 10.25]
						},
						"0.7667": {
							"vector": [0, 0, 11.175]
						},
						"0.8333": {
							"vector": [0, 0, 10.25]
						},
						"0.9333": {
							"vector": [0, 0, 9.47]
						},
						"1.0667": {
							"vector": [0, 0, 0]
						}
					}
				},
				"zube": {
					"rotation": {
						"0.2667": {
							"vector": [-123.75, 0, 0]
						},
						"0.4": {
							"vector": [0, 0, 0]
						}
					},
					"position": {
						"vector": [0, 0, 0]
					}
				},
				"bone2": {
					"rotation": {
						"0.0": {
							"vector": [0, 0, 0]
						},
						"0.6333": {
							"vector": [0, 0, 0]
						}
					},
					"position": {
						"0.0": {
							"vector": [0, 0, 0]
						},
						"0.2667": {
							"vector": [0, 0, 1.575]
						},
						"0.6": {
							"vector": [0, 0, 1.575]
						},
						"0.6333": {
							"vector": [0, 0, 0]
						}
					}
				},
				"bone": {
					"rotation": {
						"0.0": {
							"vector": [0, 0, 0]
						},
						"0.2": {
							"vector": [0, 0, 0]
						},
						"0.3": {
							"vector": [0, -4.25, 0]
						},
						"0.4": {
							"vector": [0, -6, 0]
						},
						"0.4667": {
							"vector": [0, -8.75, 0]
						},
						"0.6333": {
							"vector": [0, -2.5, 0]
						},
						"0.7333": {
							"vector": [0, 0.25, 0]
						},
						"0.9667": {
							"vector": [0, 4, 0]
						},
						"1.1": {
							"vector": [0, 2, 0]
						},
						"1.2333": {
							"vector": [0, 6.75, 0]
						},
						"1.4667": {
							"vector": [0, 5.25, 0]
						},
						"1.7667": {
							"vector": [0, 0, 0]
						}
					},
					"position": {
						"0.0": {
							"vector": [0, 0, 0]
						},
						"0.2": {
							"vector": [0, 0, 0]
						},
						"0.3667": {
							"vector": [-0.45, 0, 0]
						},
						"0.4667": {
							"vector": [-1.32, 0, 0]
						},
						"0.5667": {
							"vector": [-1.22, 0, 0.8]
						},
						"0.7333": {
							"vector": [-1.05, 0.8, 0.515]
						},
						"0.8667": {
							"vector": [-0.91, 0.325, 0.45]
						},
						"1.0333": {
							"vector": [0.135, 0.26, 0.37]
						},
						"1.1667": {
							"vector": [0.11, 0.56, 0.625]
						},
						"1.3333": {
							"vector": [-0.77, 0.4, 0.625]
						},
						"1.5333": {
							"vector": [-1.285, 0.22, 0.815]
						},
						"1.7667": {
							"vector": [0, 0, 0]
						}
					}
				},
				"bone3": {
					"rotation": {
						"0.0": {
							"vector": [0, 0, 0]
						},
						"0.2333": {
							"vector": [0, 0, 0]
						},
						"0.2667": {
							"vector": [0, -2.5, 0]
						},
						"0.4": {
							"vector": [0, 0, 0]
						},
						"0.7333": {
							"vector": [0, 0, 0]
						},
						"0.7667": {
							"vector": [0, -2.5, 0]
						},
						"0.8667": {
							"vector": [0, 0, 0]
						},
						"1.0667": {
							"vector": [0, 0, 0]
						},
						"1.1": {
							"vector": [0, -2.5, 0]
						},
						"1.2667": {
							"vector": [0, 0, 0]
						},
						"1.6667": {
							"vector": [0, 0, 0]
						},
						"1.7333": {
							"vector": [-0.5, 0, 0]
						},
						"1.8": {
							"vector": [0.25, 0.00218, 0.24999]
						},
						"1.8667": {
							"vector": [0, 0, 0]
						}
					},
					"position": {
						"0.0": {
							"vector": [0, 0, 0]
						},
						"0.2333": {
							"vector": [0, 0, 0]
						},
						"0.2667": {
							"vector": [0, 0.475, 0]
						},
						"0.3333": {
							"vector": [0, 0.99, 0]
						},
						"0.4": {
							"vector": [0, -0.5, 0]
						},
						"0.4333": {
							"vector": [0, -0.5, 0]
						},
						"0.7333": {
							"vector": [0, 0, 0]
						},
						"0.7667": {
							"vector": [0, 0.475, 0]
						},
						"0.8333": {
							"vector": [0, 0.99, 0]
						},
						"0.8667": {
							"vector": [0, -0.5, 0]
						},
						"0.9333": {
							"vector": [0, -0.5, 0]
						},
						"1.0667": {
							"vector": [0, 0, 0]
						},
						"1.1": {
							"vector": [0, 0.475, 0]
						},
						"1.1667": {
							"vector": [0, 0.99, 0]
						},
						"1.2667": {
							"vector": [0, -0.5, 0]
						},
						"1.3333": {
							"vector": [0, -0.5, 0]
						},
						"1.6667": {
							"vector": [0, -0.5, 0]
						},
						"1.7333": {
							"vector": [0, -0.5, 0.5]
						},
						"1.7667": {
							"vector": [0, -0.5, -0.15]
						},
						"1.8333": {
							"vector": [0, -0.5, 0]
						}
					}
				}
			},
			"sound_effects": {
				"0.2667": {
					"effect": "launcher_draw"
				}
			}
		},
		"animation.model.fire": {
			"loop": true,
			"animation_length": 0.6833,
			"bones": {
				"main": {
					"rotation": {
						"0.0": {
							"vector": [0, 0, 0]
						},
						"0.0833": {
							"vector": [-1.22338, -0.27569, -1.99651]
						},
						"0.1667": {
							"vector": [-1.21277, 0.50071, -0.76276]
						},
						"0.2667": {
							"vector": [-1.21289, 0.5138, -0.76295]
						},
						"0.35": {
							"vector": [-0.85405, 0.30967, 0.05694]
						},
						"0.4333": {
							"vector": [0.57515, 0.05523, 1.99083]
						},
						"0.5667": {
							"vector": [0.5, 0, -0.75]
						},
						"0.6833": {
							"vector": [0, 0, 0]
						}
					},
					"position": {
						"0.0": {
							"vector": [0, 0, 0]
						},
						"0.0333": {
							"vector": [0, 0.05, 2.875]
						},
						"0.1333": {
							"vector": [0, -0.05, 3.955]
						},
						"0.2833": {
							"vector": [-0.1, -0.225, 3.385]
						},
						"0.3833": {
							"vector": [-0.1, -0.22, 2.035]
						},
						"0.5": {
							"vector": [-0.05, -0.225, 0.97]
						},
						"0.6": {
							"vector": [0, 0, 0]
						}
					}
				},
				"leftarm": {
					"rotation": {
						"0.0": {
							"vector": [0, 0, 0]
						},
						"0.1333": {
							"vector": [-7.40868, -0.40508, 0.65084]
						},
						"0.3167": {
							"vector": [-6.94767, 0.81527, -1.2949]
						},
						"0.5167": {
							"vector": [0, 0, 0]
						}
					},
					"position": {
						"0.0": {
							"vector": [0, 0, 0]
						},
						"0.1333": {
							"vector": [0.9842, -1.26161, -3.04564]
						},
						"0.3167": {
							"vector": [1.86139, -0.82348, -3.04385]
						},
						"0.5167": {
							"vector": [0, 0, 0]
						}
					}
				},
				"arriere": {
					"position": {
						"vector": [0, 0, 0]
					}
				}
			}
		},
		"animation.model.reload": {
			"loop": true,
			"animation_length": 3.4333,
			"bones": {
				"main": {
					"rotation": {
						"0.0": {
							"vector": [0, 0, 0]
						},
						"0.1667": {
							"vector": [6.20407, 4.18006, 0.66803],
							"easing": "easeInSine"
						},
						"0.6333": {
							"vector": [40.39518, -15.06168, 6.18279]
						},
						"1.2": {
							"vector": [24.30477, 3.89997, 6.35779]
						},
						"1.3333": {
							"vector": [23.88025, 4.47067, 1.39664]
						},
						"1.5": {
							"vector": [21.91127, 5.4911, 0.65702]
						},
						"1.6667": {
							"vector": [20.43271, 2.46517, 3.533]
						},
						"1.9": {
							"vector": [-1.74911, -0.81072, -1.97618]
						},
						"2.0333": {
							"vector": [-1.02236, -0.41032, 1.87038]
						},
						"2.1333": {
							"vector": [-0.00218, 0.24999, -0.5]
						},
						"2.2667": {
							"vector": [0, 0, 0]
						}
					},
					"position": {
						"0.0": {
							"vector": [0, 0, 0]
						},
						"0.2": {
							"vector": [0, -7.28, -5.05],
							"easing": "easeInSine"
						},
						"0.3333": {
							"vector": [-0.325, -13.485, -7.62]
						},
						"0.6": {
							"vector": [-9.125, -27.1, -9.875]
						},
						"1.2": {
							"vector": [0, -20.775, 0]
						},
						"1.4333": {
							"vector": [-0.7, -13.3, -2.3]
						},
						"1.6333": {
							"vector": [-0.47, -7.845, -4.305]
						},
						"1.7667": {
							"vector": [-0.08, -1.42, -3.38]
						},
						"1.9333": {
							"vector": [0.075, -0.12, -0.055]
						},
						"2.0333": {
							"vector": [-0.195, -0.09, 0.14]
						},
						"2.1": {
							"vector": [0, -0.075, 0.275]
						},
						"2.2333": {
							"vector": [0, 0, 0]
						}
					}
				},
				"rightarm": {
					"rotation": {
						"vector": [0, 0, 0]
					},
					"position": {
						"vector": [0, 0, 0]
					}
				},
				"leftarm": {
					"rotation": {
						"vector": [0, 0, 0]
					},
					"position": {
						"vector": [0, 0, 0]
					}
				}
			},
			"sound_effects": {
				"0.0": {
					"effect": "launcher_reloadend"
				},
				"1.5": {
					"effect": "launcher_draw"
				},
				"1.7333": {
					"effect": "at4_cover"
				}
			}
		}
	},
	"geckolib_format_version": 2
}