{
	"format_version": "1.8.0",
	"animations": {
		"animation.model.fire": {
			"animation_length": 2.1667,
			"bones": {
				"bone19": {
					"rotation": {
						"0.0": {
							"vector": [0, 0, -15.25]
						},
						"0.2917": {
							"vector": [-9.57446, 0, -15.25]
						},
						"0.375": {
							"vector": [-63.67497, 16.33492, -29.70247]
						},
						"0.5417": {
							"vector": [-106.23796, 34.31263, -25.32111]
						},
						"0.7917": {
							"vector": [2.38052, 10.84055, -20.98928]
						},
						"1.0": {
							"vector": [32.13052, 10.84055, -20.98928]
						}
					},
					"position": {
						"0.0": {
							"vector": [2.01, 0, 0]
						},
						"0.875": {
							"vector": [3.535, 0, -6.75]
						}
					}
				},
				"leftarm": {
					"position": {
						"0.0": {
							"vector": [0, 0, 0]
						},
						"0.125": {
							"vector": [28.025, -103.375, 0]
						},
						"0.2917": {
							"vector": [-172.97, -209.17, 211.225]
						}
					}
				},
				"mainofmain": {
					"rotation": {
						"0.0833": {
							"vector": [0, 0, 0]
						},
						"0.625": {
							"vector": [0, 0, 0]
						},
						"0.6667": {
							"vector": [-253.79797, -46.61052, -230.78852]
						},
						"0.7083": {
							"vector": [-256.55605, -55.79839, -234.45614]
						},
						"0.7917": {
							"vector": [-241.74929, -65.51256, -211.19167]
						},
						"0.875": {
							"vector": [-227.38963, -91.43559, -173.80843]
						},
						"0.9167": {
							"vector": [-224.733, -128.37771, -129.52119]
						},
						"1.0": {
							"vector": [-237.89146, -134.00999, -106.96166]
						}
					},
					"position": {
						"0.0833": {
							"vector": [0, 0, 0]
						},
						"0.625": {
							"vector": [0, 0, 0]
						},
						"0.75": {
							"vector": [5.55, 10.6, -34.8]
						},
						"0.7917": {
							"vector": [17.8, 11.375, -54.875]
						},
						"0.875": {
							"vector": [20.425, 30.625, -93.37]
						},
						"0.9583": {
							"vector": [18.15, 45.75, -104.39]
						},
						"1.0": {
							"vector": [17.095, 41.83, -110.96]
						},
						"1.0833": {
							"vector": [16.705, 31, -124.115]
						}
					},
					"scale": {
						"0.8333": {
							"vector": [1, 1, 1]
						},
						"1.125": {
							"vector": [0, 0, 0]
						}
					}
				},
				"bone20": {
					"rotation": {
						"vector": [0, 0, 0]
					},
					"position": {
						"0.0": {
							"vector": [0, 44, 0]
						},
						"1.2917": {
							"pre": {
								"vector": [0, 44, 0]
							},
							"post": {
								"vector": [0, 44, 0]
							},
							"lerp_mode": "catmullrom"
						},
						"2.1667": {
							"vector": [0, 0, 0]
						}
					}
				},
				"brasgauche": {
					"rotation": {
						"0.0": {
							"vector": [0, 0, 0]
						},
						"0.0833": {
							"vector": [0, -31.25, 0]
						},
						"0.2083": {
							"vector": [0, 0, 0]
						},
						"0.2917": {
							"vector": [0, -31.25, 0]
						},
						"0.4167": {
							"vector": [0, 0, 0]
						},
						"0.5": {
							"vector": [0, -31.25, 0]
						},
						"0.625": {
							"vector": [0, 0, 0]
						},
						"0.7083": {
							"vector": [0, -31.25, 0]
						},
						"0.8333": {
							"vector": [0, 3.5, 0]
						}
					}
				},
				"brasdroit": {
					"rotation": {
						"0.0": {
							"vector": [0, 0, 0]
						},
						"0.0833": {
							"vector": [0, 52, 0]
						},
						"0.2083": {
							"vector": [0, 0, 0]
						},
						"0.2917": {
							"vector": [0, 52, 0]
						},
						"0.4167": {
							"vector": [0, 0, 0]
						},
						"0.5": {
							"vector": [0, 52, 0]
						},
						"0.625": {
							"vector": [0, 0, 0]
						},
						"0.7083": {
							"vector": [0, 52, 0]
						},
						"0.8333": {
							"vector": [0, -3.25, 0]
						}
					}
				}
			}
		},
		"animation.model.preparefire": {
			"animation_length": 4.25,
			"bones": {
				"bone19": {
					"rotation": {
						"0.0": {
							"vector": [0, 0, 0]
						},
						"0.0833": {
							"pre": {
								"vector": [0, 0, -7.35]
							},
							"post": {
								"vector": [0, 0, -7.35]
							},
							"lerp_mode": "catmullrom"
						},
						"0.1667": {
							"post": {
								"vector": [0, 0, -17.12]
							},
							"lerp_mode": "catmullrom"
						},
						"0.2083": {
							"post": {
								"vector": [0, 0, -15.25]
							},
							"lerp_mode": "catmullrom"
						},
						"0.4167": {
							"post": {
								"vector": [0, -24.625, -17.96944]
							},
							"lerp_mode": "catmullrom"
						},
						"0.5": {
							"post": {
								"vector": [0, -25.875, -17.96944]
							},
							"lerp_mode": "catmullrom"
						},
						"0.5833": {
							"post": {
								"vector": [0, -26.99342, -17.96944]
							},
							"lerp_mode": "catmullrom"
						},
						"0.6667": {
							"post": {
								"vector": [0, -28.46478, -17.96944]
							},
							"lerp_mode": "catmullrom"
						},
						"0.9167": {
							"post": {
								"vector": [0, -27.77887, -17.96944]
							},
							"lerp_mode": "catmullrom"
						},
						"1.0833": {
							"post": {
								"vector": [0, -25.65493, -17.96944]
							},
							"lerp_mode": "catmullrom"
						},
						"1.2917": {
							"post": {
								"vector": [0, -24.625, -17.96944]
							},
							"lerp_mode": "catmullrom"
						},
						"1.5417": {
							"post": {
								"vector": [3.75, -17.90909, -17.22778]
							},
							"lerp_mode": "catmullrom"
						},
						"1.5833": {
							"post": {
								"vector": [3.01563, -16.78977, -17.10417]
							},
							"lerp_mode": "catmullrom"
						},
						"1.7083": {
							"post": {
								"vector": [1.9125, -13.43182, -16.73333]
							},
							"lerp_mode": "catmullrom"
						},
						"1.8333": {
							"post": {
								"vector": [2.45781, -12.87216, -16.67153]
							},
							"lerp_mode": "catmullrom"
						},
						"1.875": {
							"post": {
								"vector": [2.47292, -12.68561, -16.65093]
							},
							"lerp_mode": "catmullrom"
						},
						"1.9583": {
							"post": {
								"vector": [5.50313, -12.3125, -16.60972]
							},
							"lerp_mode": "catmullrom"
						},
						"2.0833": {
							"post": {
								"vector": [2.75871, -7.40481, -15.99037]
							},
							"lerp_mode": "catmullrom"
						},
						"2.125": {
							"post": {
								"vector": [1.83846, -4.68667, -15.73553]
							},
							"lerp_mode": "catmullrom"
						},
						"2.2083": {
							"vector": [0, 0, -15.25]
						}
					},
					"position": {
						"0.0": {
							"vector": [0, 0, 0]
						},
						"0.0417": {
							"pre": {
								"vector": [1.06, 0, 0]
							},
							"post": {
								"vector": [1.06, 0, 0]
							},
							"lerp_mode": "catmullrom"
						},
						"0.0833": {
							"post": {
								"vector": [2.025, 0, 0]
							},
							"lerp_mode": "catmullrom"
						},
						"0.125": {
							"post": {
								"vector": [2.775, 0, 0]
							},
							"lerp_mode": "catmullrom"
						},
						"0.1667": {
							"post": {
								"vector": [2.33, 0, 0]
							},
							"lerp_mode": "catmullrom"
						},
						"0.2083": {
							"post": {
								"vector": [2.005, 0, 0]
							},
							"lerp_mode": "catmullrom"
						},
						"0.4167": {
							"post": {
								"vector": [-4.995, -7.2, 0.745]
							},
							"lerp_mode": "catmullrom"
						},
						"1.3333": {
							"post": {
								"vector": [-4.995, -7.2, 0.745]
							},
							"lerp_mode": "catmullrom"
						},
						"1.7917": {
							"post": {
								"vector": [1.335, 0, 2.05]
							},
							"lerp_mode": "catmullrom"
						},
						"1.875": {
							"post": {
								"vector": [1.255, 0, 3.41]
							},
							"lerp_mode": "catmullrom"
						},
						"2.125": {
							"post": {
								"vector": [0.86, 0, 4.14]
							},
							"lerp_mode": "catmullrom"
						},
						"2.2083": {
							"vector": [2.01, 0, 0]
						}
					}
				},
				"leftarm": {
					"rotation": {
						"0.0": {
							"vector": [0, 0, 0]
						},
						"0.1667": {
							"vector": [0, 0, 0]
						},
						"0.25": {
							"vector": [-20.16421, 2.10588, 0.52167]
						},
						"0.5833": {
							"vector": [-4.57104, 10.5294, 2.60833]
						},
						"0.75": {
							"vector": [40.7526, -36.18547, -123.84453]
						},
						"1.1667": {
							"vector": [-4.57104, 10.5294, 2.60833]
						},
						"1.3333": {
							"vector": [23.25675, -37.23513, -93.83465]
						},
						"1.4583": {
							"vector": [35.18026, -37.35068, -114.16744]
						},
						"1.625": {
							"vector": [-4.57104, 10.5294, 2.60833]
						},
						"1.75": {
							"vector": [0.39899, -5.57453, 24.82829]
						},
						"1.8333": {
							"vector": [21.64899, -5.57453, 24.82829]
						},
						"1.9167": {
							"vector": [0, 0, 0]
						},
						"2.0": {
							"vector": [0, 0, 0]
						},
						"2.2083": {
							"vector": [0, 0, 0]
						}
					},
					"position": {
						"0.0": {
							"vector": [0, 0, 0]
						},
						"0.1667": {
							"vector": [0, 0, 0]
						},
						"0.25": {
							"vector": [-3.855, 8.33, 1.73]
						},
						"0.2917": {
							"vector": [-6.395, 12.5, 2.6]
						},
						"0.375": {
							"vector": [-10.2, 20.825, 4.325]
						},
						"0.4167": {
							"vector": [-10.475, 20.83, 4.33]
						},
						"0.4583": {
							"vector": [-10.83, 20.18, 4.33]
						},
						"0.5": {
							"vector": [-11.38, 20.83, 4.33]
						},
						"0.5417": {
							"vector": [-11.53, 20.83, 4.33]
						},
						"0.5833": {
							"vector": [-11.53, 21.03, 4.33]
						},
						"0.6667": {
							"vector": [-13.33, 23.555, 4.33]
						},
						"0.75": {
							"vector": [-12.105, 22.625, 4.33]
						},
						"0.9583": {
							"vector": [-12.725, 22.63, 5.23]
						},
						"1.0417": {
							"vector": [-8.55, 22.63, 3.855]
						},
						"1.125": {
							"vector": [-12.725, 22.63, 5.23]
						},
						"1.2083": {
							"vector": [-12.13, 23.455, 5.23]
						},
						"1.25": {
							"vector": [-13.13, 23.46, 5.055]
						},
						"1.2917": {
							"vector": [-12.58, 22.785, 5.06]
						},
						"1.3333": {
							"vector": [-10.63, 22.79, 4.46]
						},
						"1.5833": {
							"vector": [-4.655, 17.215, 4.96]
						},
						"1.75": {
							"vector": [-0.9, 9.445, 4.96]
						},
						"1.8333": {
							"vector": [-0.9, 3.05, 4.96]
						},
						"1.9583": {
							"vector": [0, 0, 0]
						},
						"2.0833": {
							"vector": [0, 0, 0]
						},
						"2.2083": {
							"vector": [0, 0, 0]
						}
					}
				},
				"brasgauche": {
					"rotation": {
						"1.4167": {
							"vector": [0, 0, 0]
						},
						"1.5": {
							"vector": [0, -31.25, 0]
						},
						"1.625": {
							"vector": [0, 0, 0]
						},
						"1.7083": {
							"vector": [0, -31.25, 0]
						},
						"1.8333": {
							"vector": [0, 0, 0]
						},
						"1.9167": {
							"vector": [0, -31.25, 0]
						},
						"2.0417": {
							"vector": [0, 0, 0]
						},
						"2.125": {
							"vector": [0, -31.25, 0]
						},
						"2.25": {
							"vector": [0, 3.5, 0]
						}
					}
				},
				"brasdroit": {
					"rotation": {
						"1.4167": {
							"vector": [0, 0, 0]
						},
						"1.5": {
							"vector": [0, 52, 0]
						},
						"1.625": {
							"vector": [0, 0, 0]
						},
						"1.7083": {
							"vector": [0, 52, 0]
						},
						"1.8333": {
							"vector": [0, 0, 0]
						},
						"1.9167": {
							"vector": [0, 52, 0]
						},
						"2.0417": {
							"vector": [0, 0, 0]
						},
						"2.125": {
							"vector": [0, 52, 0]
						},
						"2.25": {
							"vector": [0, -3.25, 0]
						}
					}
				},
				"tete": {
					"rotation": {
						"1.1667": {
							"vector": [0, 0, 0]
						},
						"1.375": {
							"vector": [0, 0, 36.5]
						}
					},
					"position": {
						"vector": [0, 0, 0]
					}
				},
				"tourni": {
					"rotation": {
						"0.5833": {
							"vector": [0, 0, 0]
						},
						"0.7917": {
							"vector": [0, 0, -171]
						},
						"1.2083": {
							"vector": [0, 0, -171]
						},
						"1.3333": {
							"vector": [0, 0, -369.75]
						}
					},
					"position": {
						"0.5833": {
							"vector": [0, 0, 0]
						},
						"1.25": {
							"vector": [0, 0, 0]
						}
					}
				},
				"bone20": {
					"rotation": {
						"0.0": {
							"vector": [0, 0, 0]
						},
						"0.4583": {
							"pre": {
								"vector": [0, -4, 0]
							},
							"post": {
								"vector": [0, -4, 0]
							},
							"lerp_mode": "catmullrom"
						},
						"0.875": {
							"post": {
								"vector": [-2, -1, 0]
							},
							"lerp_mode": "catmullrom"
						},
						"1.6667": {
							"post": {
								"vector": [0, 2, 0]
							},
							"lerp_mode": "catmullrom"
						},
						"2.125": {
							"vector": [0, 0, 0]
						}
					},
					"position": {
						"0.0": {
							"vector": [0, 0, 0]
						},
						"0.2083": {
							"pre": {
								"vector": [0, 44, 0]
							},
							"post": {
								"vector": [0, 44, 0]
							},
							"lerp_mode": "catmullrom"
						},
						"2.125": {
							"vector": [0, 44, 0]
						},
						"4.25": {
							"vector": [0, 44, 0]
						}
					}
				}
			}
		},
		"animation.model.reload": {
			"animation_length": 0.0833,
			"bones": {
				"bone20": {
					"position": {
						"0.0": {
							"vector": [0, 0, 0]
						},
						"0.0417": {
							"vector": [0, 1, 0]
						}
					}
				},
				"brasgauche": {
					"position": {
						"vector": [0, 0, 0]
					}
				}
			}
		},
		"animation.model.draw": {
			"animation_length": 0.2083,
			"bones": {
				"bone20": {
					"position": {
						"0.0": {
							"vector": [0, 0, 0]
						},
						"0.0833": {
							"vector": [0, -1, 0]
						}
					}
				},
				"bone21": {
					"position": {
						"vector": [0, 0, 0]
					}
				}
			}
		},
		"animation.model.inspect": {
			"animation_length": 0.125,
			"bones": {
				"bone20": {
					"position": {
						"0.0": {
							"vector": [0, 0, 0]
						},
						"0.0833": {
							"vector": [0, 1, 0]
						}
					}
				},
				"bone21": {
					"position": {
						"vector": [0, 0, 0]
					}
				}
			}
		}
	},
	"geckolib_format_version": 2
}