{
	"format_version": "1.8.0",
	"animations": {
		"animation.model.draw": {
			"loop": true,
			"animation_length": 1.2,
			"bones": {
				"main": {
					"rotation": {
						"0.0": {
							"vector": [32.09413, -54.38778, -8.29667]
						},
						"0.3": {
							"vector": [1.77698, -9.99529, -4.30852]
						},
						"0.45": {
							"vector": [0.58201, -1.04064, 2.6563]
						},
						"0.55": {
							"vector": [0.33587, 0.38756, -0.40013]
						},
						"0.65": {
							"vector": [0, 0, 0]
						}
					},
					"position": {
						"0.0": {
							"vector": [0, -17.3, 0]
						},
						"0.1": {
							"vector": [0, -7.41, -4.07]
						},
						"0.3": {
							"vector": [-0.4, -1.2, -2.75]
						},
						"0.4": {
							"vector": [0.4, 0, -1.9]
						},
						"0.55": {
							"vector": [0, 0, 0]
						}
					}
				},
				"leftarm": {
					"rotation": {
						"0.0": {
							"vector": [0, 0, 0]
						},
						"0.2": {
							"vector": [1, 0, -22]
						},
						"0.4": {
							"vector": [0, 0, 0]
						}
					},
					"position": {
						"0.0": {
							"vector": [0, 0, 0]
						},
						"0.2": {
							"vector": [3.53901, 3.6754, 5.59783]
						},
						"0.4": {
							"vector": [0, 0, 0]
						}
					}
				}
			},
			"sound_effects": {
				"0.0": {
					"effect": "draw"
				}
			}
		},
		"animation.model.reload": {
			"loop": true,
			"animation_length": 3.8,
			"bones": {
				"bolt": {
					"rotation": {
						"0.0": {
							"vector": [0, 0, 0]
						},
						"0.1667": {
							"vector": [0, 0, 0]
						},
						"0.2333": {
							"vector": [0, 0, 0]
						},
						"0.3": {
							"vector": [0, 0, 0]
						},
						"0.3667": {
							"vector": [0, 0, -42.75]
						},
						"2.4": {
							"vector": [0, 0, -42.75]
						},
						"2.4333": {
							"vector": [0, 0, 0]
						},
						"2.4667": {
							"vector": [0, 0, 0]
						}
					},
					"position": {
						"0.0": {
							"vector": [0, 0, 0]
						},
						"0.1667": {
							"vector": [0, 0, 0]
						},
						"0.2333": {
							"vector": [0, 0, 2.2]
						},
						"0.3": {
							"vector": [0, 0, 8.875]
						},
						"0.3667": {
							"vector": [0, 0, 8.7]
						},
						"2.4": {
							"vector": [0, 0, 8.7]
						},
						"2.4333": {
							"vector": [0, 0, 8.875]
						},
						"2.4667": {
							"vector": [0, 0, 0]
						}
					}
				},
				"bullet": {
					"position": {
						"0.0": {
							"vector": [0, -1, 0]
						},
						"1.0333": {
							"vector": [0, -1, 0]
						},
						"1.1": {
							"vector": [0, 0, 0]
						}
					}
				},
				"magazine": {
					"rotation": {
						"0.0": {
							"vector": [0, 0, 0]
						},
						"0.3": {
							"vector": [0, 0, 0]
						},
						"0.4333": {
							"vector": [0, 0, 0]
						},
						"0.5333": {
							"vector": [0, 0, 0]
						},
						"0.6333": {
							"vector": [0, 0, 32.25]
						},
						"1.1333": {
							"vector": [0, 0, 2]
						},
						"1.2": {
							"vector": [-2.00689, -4.7471, 2.16615]
						},
						"1.2667": {
							"vector": [-1.60043, -9.40215, -2.72316]
						},
						"1.3333": {
							"vector": [-2.11397, -4.54945, 0.39151]
						},
						"1.4": {
							"vector": [0, 0, 0]
						},
						"1.4667": {
							"vector": [0, 0, 0]
						},
						"1.5333": {
							"vector": [0, 0, 0]
						}
					},
					"position": {
						"0.0": {
							"vector": [0, 0, 0]
						},
						"0.3": {
							"vector": [0, 0, 0]
						},
						"0.4333": {
							"vector": [0, -1.975, 0]
						},
						"0.5333": {
							"vector": [0, -7.22, 0]
						},
						"0.6333": {
							"vector": [-11.75, -28.095, 0]
						},
						"1.1333": {
							"vector": [1.575, -5.275, -0.8]
						},
						"1.2": {
							"vector": [1.35, -5.275, -0.8]
						},
						"1.2667": {
							"vector": [0.1, -5.655, -0.8]
						},
						"1.3333": {
							"vector": [0.1, -4.525, -0.8]
						},
						"1.4": {
							"vector": [0, -4.5, -0.75]
						},
						"1.4667": {
							"vector": [0, -3.525, -0.75]
						},
						"1.5333": {
							"vector": [0, 0, 0]
						}
					}
				},
				"main": {
					"rotation": {
						"0.0": {
							"vector": [0, 0, 0]
						},
						"0.0667": {
							"vector": [-1.17438, -1.99239, 10.00303]
						},
						"0.1667": {
							"vector": [-1.10412, -2.03216, 8.00219]
						},
						"0.3": {
							"vector": [-1.23452, -2.42457, -18.11333]
						},
						"0.4": {
							"vector": [-2.20497, -2.36521, -27.59228]
						},
						"0.5": {
							"vector": [-1.32173, 3.14073, 8.47746]
						},
						"0.6": {
							"vector": [-1.02943, 1.16716, 35.53071]
						},
						"0.7333": {
							"vector": [-1.15372, 0.17744, 22.2964]
						},
						"0.8667": {
							"vector": [-0.88519, -1.19438, 15.57167]
						},
						"1.0333": {
							"vector": [-4.28175, -5.50211, -12.97646]
						},
						"1.1667": {
							"vector": [-10.14303, -6.12726, -19.80846]
						},
						"1.3": {
							"vector": [-8.4828, -8.28104, -32.98754]
						},
						"1.4333": {
							"vector": [-9.08105, -8.12601, -28.66686]
						},
						"1.5333": {
							"vector": [-6.69599, -8.00433, -39.46376]
						},
						"1.7667": {
							"vector": [-6.67274, -8.47385, -33.47033]
						},
						"2.0": {
							"vector": [0.66015, 1.93901, -3.82947]
						},
						"2.2": {
							"vector": [0, 0, 0]
						}
					},
					"position": {
						"0.0": {
							"vector": [0, 0, 0]
						},
						"0.2": {
							"vector": [-0.51, -1.03, 1.59]
						},
						"0.3333": {
							"vector": [-1.325, -1.7, -1.03]
						},
						"0.5": {
							"vector": [-0.325, -3.675, -3.38]
						},
						"0.6333": {
							"vector": [-1.095, -5, -3.38]
						},
						"0.7667": {
							"vector": [-0.445, -4.645, -3.38]
						},
						"0.9667": {
							"vector": [0.62, -3.49, -2.72]
						},
						"1.1333": {
							"vector": [1.145, -2.65, -2.18]
						},
						"1.2333": {
							"vector": [0.3, -1.55, -1.85]
						},
						"1.3333": {
							"vector": [0.15, -1.45, -1.3]
						},
						"1.4": {
							"vector": [-0.025, -1.475, -1.3]
						},
						"1.5": {
							"vector": [-0.075, -1.2, -1.3]
						},
						"1.5667": {
							"vector": [-0.575, -0.5, -0.775]
						},
						"1.6667": {
							"vector": [-0.075, -1.225, -1.025]
						},
						"1.9": {
							"vector": [0.34, -0.865, -2.46]
						},
						"2.1": {
							"vector": [0, 0, 0]
						}
					}
				},
				"leftarm": {
					"rotation": {
						"0.0": {
							"vector": [0, 0, 0]
						},
						"0.1": {
							"vector": [-15.36655, -25.04902, -11.35634]
						},
						"0.3": {
							"vector": [-26.24759, -11.46951, 13.80926]
						},
						"0.5": {
							"vector": [39.82148, 22.01614, 8.9869]
						},
						"0.9": {
							"vector": [39.82148, 22.01614, 8.9869]
						},
						"1.1333": {
							"vector": [-4.11557, 5.91622, 13.80556]
						},
						"1.2333": {
							"vector": [-4.42591, 3.41205, 10.9968]
						},
						"1.2667": {
							"vector": [-4.63468, 0.39164, 7.65415]
						},
						"1.3333": {
							"vector": [-4.5362, 1.1796, 9.64129]
						},
						"1.4": {
							"vector": [-1.99366, -0.16826, 10.75827]
						},
						"1.4667": {
							"vector": [-1.98349, -0.74612, 11.23648]
						},
						"1.5333": {
							"vector": [-1.98349, -0.74612, 11.23648]
						},
						"1.7333": {
							"vector": [-1.98349, -0.74612, 11.23648]
						},
						"2.0667": {
							"vector": [0, 0, 0]
						}
					},
					"position": {
						"0.0": {
							"vector": [0, 0, 0]
						},
						"0.1": {
							"vector": [3.4, 1.8, -3.1]
						},
						"0.2": {
							"vector": [3.97, -3.99, 2.46]
						},
						"0.3": {
							"vector": [-3.6699, -12.78231, 5.00593]
						},
						"0.4": {
							"vector": [-2.78726, -14.12244, 18.97425]
						},
						"0.5": {
							"vector": [1.73109, -25.21634, 13.53548]
						},
						"0.9": {
							"vector": [1.73109, -25.21634, 13.53548]
						},
						"1.1333": {
							"vector": [-1.11359, -21.98821, 7.96414]
						},
						"1.2": {
							"vector": [-1.52177, -22.91651, 7.95188]
						},
						"1.2667": {
							"vector": [-1.68544, -22.21395, 7.92737]
						},
						"1.3333": {
							"vector": [-1.88111, -22.51521, 7.90715]
						},
						"1.4": {
							"vector": [-3.01438, -21.31632, 9.16377]
						},
						"1.4667": {
							"vector": [-3.1965, -17.98468, 9.63985]
						},
						"1.5333": {
							"vector": [-3.01867, -13.6486, 10.62479]
						},
						"1.6333": {
							"vector": [-3.03293, -13.65021, 10.62715]
						},
						"1.8333": {
							"vector": [3.45, -8, 2.81]
						},
						"1.9667": {
							"vector": [0, 0, 0]
						}
					}
				}
			},
			"sound_effects": {
				"0.0": {
					"effect": "spectre_reload"
				}
			}
		},
		"animation.model.reloadempty": {
			"loop": true,
			"animation_length": 3.8,
			"bones": {
				"bolt": {
					"rotation": {
						"0.0": {
							"vector": [0, 0, 0]
						},
						"0.1667": {
							"vector": [0, 0, 0]
						},
						"0.2333": {
							"vector": [0, 0, 0]
						},
						"0.3": {
							"vector": [0, 0, 0]
						},
						"0.3667": {
							"vector": [0, 0, -42.75]
						},
						"2.4": {
							"vector": [0, 0, -42.75]
						},
						"2.4333": {
							"vector": [0, 0, 0]
						},
						"2.4667": {
							"vector": [0, 0, 0]
						}
					},
					"position": {
						"0.0": {
							"vector": [0, 0, 0]
						},
						"0.1667": {
							"vector": [0, 0, 0]
						},
						"0.2333": {
							"vector": [0, 0, 2.2]
						},
						"0.3": {
							"vector": [0, 0, 8.875]
						},
						"0.3667": {
							"vector": [0, 0, 8.7]
						},
						"2.4": {
							"vector": [0, 0, 8.7]
						},
						"2.4333": {
							"vector": [0, 0, 8.875]
						},
						"2.4667": {
							"vector": [0, 0, 0]
						}
					}
				},
				"bullet": {
					"position": {
						"0.0": {
							"vector": [0, -1, 0]
						},
						"1.0333": {
							"vector": [0, -1, 0]
						},
						"1.1": {
							"vector": [0, 0, 0]
						}
					}
				},
				"magazine": {
					"rotation": {
						"0.0": {
							"vector": [0, 0, 0]
						},
						"0.3": {
							"vector": [0, 0, 0]
						},
						"0.4333": {
							"vector": [0, 0, 0]
						},
						"0.5333": {
							"vector": [0, 0, 0]
						},
						"0.6333": {
							"vector": [0, 0, 32.25]
						},
						"1.1333": {
							"vector": [0, 0, 2]
						},
						"1.2": {
							"vector": [-2.00689, -4.7471, 2.16615]
						},
						"1.2667": {
							"vector": [-1.60043, -9.40215, -2.72316]
						},
						"1.3333": {
							"vector": [-2.11397, -4.54945, 0.39151]
						},
						"1.4": {
							"vector": [0, 0, 0]
						},
						"1.4667": {
							"vector": [0, 0, 0]
						},
						"1.5333": {
							"vector": [0, 0, 0]
						}
					},
					"position": {
						"0.0": {
							"vector": [0, 0, 0]
						},
						"0.3": {
							"vector": [0, 0, 0]
						},
						"0.4333": {
							"vector": [0, -1.975, 0]
						},
						"0.5333": {
							"vector": [0, -7.22, 0]
						},
						"0.6333": {
							"vector": [-11.75, -28.095, 0]
						},
						"1.1333": {
							"vector": [1.575, -5.275, -0.8]
						},
						"1.2": {
							"vector": [1.35, -5.275, -0.8]
						},
						"1.2667": {
							"vector": [0.1, -5.655, -0.8]
						},
						"1.3333": {
							"vector": [0.1, -4.525, -0.8]
						},
						"1.4": {
							"vector": [0, -4.5, -0.75]
						},
						"1.4667": {
							"vector": [0, -3.525, -0.75]
						},
						"1.5333": {
							"vector": [0, 0, 0]
						}
					}
				},
				"main": {
					"rotation": {
						"0.0": {
							"vector": [0, 0, 0]
						},
						"0.0667": {
							"vector": [-1.17438, -1.99239, 10.00303]
						},
						"0.1667": {
							"vector": [-1.10412, -2.03216, 8.00219]
						},
						"0.3": {
							"vector": [-1.23452, -2.42457, -18.11333]
						},
						"0.4": {
							"vector": [-2.20497, -2.36521, -27.59228]
						},
						"0.5": {
							"vector": [-1.32173, 3.14073, 8.47746]
						},
						"0.6": {
							"vector": [-1.02943, 1.16716, 35.53071]
						},
						"0.7333": {
							"vector": [-1.15372, 0.17744, 22.2964]
						},
						"0.8667": {
							"vector": [-0.88519, -1.19438, 15.57167]
						},
						"1.0333": {
							"vector": [-4.28175, -5.50211, -12.97646]
						},
						"1.1667": {
							"vector": [-10.14303, -6.12726, -19.80846]
						},
						"1.3": {
							"vector": [-8.4828, -8.28104, -32.98754]
						},
						"1.4333": {
							"vector": [-9.08105, -8.12601, -28.66686]
						},
						"1.5333": {
							"vector": [-6.69599, -8.00433, -39.46376]
						},
						"1.7667": {
							"vector": [-6.67274, -8.47385, -33.47033]
						},
						"1.9333": {
							"vector": [0, 0, 0]
						},
						"2.0333": {
							"vector": [-18.54091, 1.146, 1.94018]
						},
						"2.1667": {
							"vector": [-26.62363, 2.0628, 3.49233]
						},
						"2.2667": {
							"vector": [-24.4712, 1.93597, 6.31035]
						},
						"2.3667": {
							"vector": [-20.56414, 1.64303, 14.72057]
						},
						"2.5": {
							"vector": [-23.95518, 1.69684, 11.34784]
						},
						"3.1": {
							"vector": [0.66015, 1.93901, -3.82947]
						},
						"3.2333": {
							"vector": [0, 0, 0]
						}
					},
					"position": {
						"0.0": {
							"vector": [0, 0, 0]
						},
						"0.2": {
							"vector": [-0.51, -1.03, 1.59]
						},
						"0.3333": {
							"vector": [-1.325, -1.7, -1.03]
						},
						"0.5": {
							"vector": [-0.325, -3.675, -3.38]
						},
						"0.6333": {
							"vector": [-1.095, -5, -3.38]
						},
						"0.7667": {
							"vector": [-0.445, -4.645, -3.38]
						},
						"0.9667": {
							"vector": [0.62, -3.49, -2.72]
						},
						"1.1333": {
							"vector": [1.145, -2.65, -2.18]
						},
						"1.2333": {
							"vector": [0.3, -1.55, -1.85]
						},
						"1.3333": {
							"vector": [0.15, -1.45, -1.3]
						},
						"1.4": {
							"vector": [-0.025, -1.475, -1.3]
						},
						"1.5": {
							"vector": [-0.075, -1.2, -1.3]
						},
						"1.5667": {
							"vector": [-0.575, -0.5, -0.775]
						},
						"1.6667": {
							"vector": [-0.075, -1.225, -1.025]
						},
						"1.8333": {
							"vector": [0, 0, 0]
						},
						"1.9667": {
							"vector": [1.145, -2.65, -2.18]
						},
						"2.0667": {
							"vector": [0.3, -1.55, -1.85]
						},
						"2.1667": {
							"vector": [0.15, -1.45, -1.3]
						},
						"2.3": {
							"vector": [-0.025, -1.475, -1.3]
						},
						"2.4667": {
							"vector": [-0.075, -1.2, -1.3]
						},
						"2.6": {
							"vector": [-0.075, -1.225, -1.025]
						},
						"2.7333": {
							"vector": [-0.325, -3.675, -3.38]
						},
						"2.8667": {
							"vector": [-1.095, -5, -3.38]
						},
						"3.0": {
							"vector": [-0.445, -4.645, -3.38]
						},
						"3.1333": {
							"vector": [0, 0, 0]
						}
					}
				},
				"leftarm": {
					"rotation": {
						"0.0": {
							"vector": [0, 0, 0]
						},
						"0.1": {
							"vector": [-15.36655, -25.04902, -11.35634]
						},
						"0.3": {
							"vector": [-26.24759, -11.46951, 13.80926]
						},
						"0.5": {
							"vector": [39.82148, 22.01614, 8.9869]
						},
						"0.9": {
							"vector": [39.82148, 22.01614, 8.9869]
						},
						"1.1333": {
							"vector": [-4.11557, 5.91622, 13.80556]
						},
						"1.2333": {
							"vector": [-4.42591, 3.41205, 10.9968]
						},
						"1.2667": {
							"vector": [-4.63468, 0.39164, 7.65415]
						},
						"1.3333": {
							"vector": [-4.5362, 1.1796, 9.64129]
						},
						"1.4": {
							"vector": [-1.99366, -0.16826, 10.75827]
						},
						"1.4667": {
							"vector": [-1.98349, -0.74612, 11.23648]
						},
						"1.5333": {
							"vector": [-1.98349, -0.74612, 11.23648]
						},
						"1.7333": {
							"vector": [-1.98349, -0.74612, 11.23648]
						},
						"2.0667": {
							"vector": [0, 0, 0]
						},
						"2.2": {
							"vector": [-3.09825, -25.76005, 5.97622]
						},
						"2.4333": {
							"vector": [2.08949, -15.5724, -17.11681]
						},
						"2.6333": {
							"vector": [2.08949, -15.5724, -17.11681]
						},
						"2.8667": {
							"vector": [13.20811, -34.42458, -30.62544]
						},
						"3.0667": {
							"vector": [0, 0, 0]
						}
					},
					"position": {
						"0.0": {
							"vector": [0, 0, 0]
						},
						"0.1": {
							"vector": [3.4, 1.8, -3.1]
						},
						"0.2": {
							"vector": [3.97, -3.99, 2.46]
						},
						"0.3": {
							"vector": [-3.6699, -12.78231, 5.00593]
						},
						"0.4": {
							"vector": [-2.78726, -14.12244, 18.97425]
						},
						"0.5": {
							"vector": [1.73109, -25.21634, 13.53548]
						},
						"0.9": {
							"vector": [1.73109, -25.21634, 13.53548]
						},
						"1.1333": {
							"vector": [-1.11359, -21.98821, 7.96414]
						},
						"1.2": {
							"vector": [-1.52177, -22.91651, 7.95188]
						},
						"1.2667": {
							"vector": [-1.68544, -22.21395, 7.92737]
						},
						"1.3333": {
							"vector": [-1.88111, -22.51521, 7.90715]
						},
						"1.4": {
							"vector": [-3.01438, -21.31632, 9.16377]
						},
						"1.4667": {
							"vector": [-3.1965, -17.98468, 9.63985]
						},
						"1.5333": {
							"vector": [-3.01867, -13.6486, 10.62479]
						},
						"1.6333": {
							"vector": [-3.03293, -13.65021, 10.62715]
						},
						"1.8333": {
							"vector": [3.45, -8, 2.81]
						},
						"1.9667": {
							"vector": [0, 0, 0]
						},
						"2.3": {
							"vector": [-0.575, 7.7, 2.9]
						},
						"2.4": {
							"vector": [-0.88, 10.25, 7.8]
						},
						"2.5333": {
							"vector": [0.595, 10.25, 24.175]
						},
						"2.7": {
							"vector": [-0.88, 10.25, 7.8]
						},
						"2.9667": {
							"vector": [0, 0, 0]
						}
					}
				},
				"levier": {
					"rotation": {
						"vector": [0, 0, 0]
					},
					"position": {
						"2.4": {
							"vector": [0, 0, 0]
						},
						"2.5333": {
							"vector": [0, 0, 14]
						},
						"2.7": {
							"vector": [0, 0, 0]
						}
					}
				},
				"bone6": {
					"rotation": {
						"0.0": {
							"vector": [0, 0, 0]
						},
						"0.3": {
							"vector": [-21.21067, -3.9984, -4.08053]
						},
						"2.4": {
							"vector": [0, 0, 0]
						},
						"2.7667": {
							"vector": [0, 0, 0]
						},
						"3.0667": {
							"vector": [-7.63907, -1.03077, 1.51695]
						},
						"3.2": {
							"vector": [-5.08344, -0.61846, 0.91017]
						},
						"3.3333": {
							"vector": [0, 0, 0]
						}
					},
					"position": {
						"0.0": {
							"vector": [0, 0, 0]
						},
						"0.3": {
							"vector": [0, 0, -2.575]
						},
						"2.4": {
							"vector": [0, 0, 0]
						},
						"2.5333": {
							"vector": [0, -1.25, 3.3]
						},
						"2.7667": {
							"vector": [0, 0, 0]
						},
						"2.9333": {
							"vector": [0, 0, -2.575]
						},
						"3.1": {
							"vector": [-0.375, 0, -1.66]
						},
						"3.2333": {
							"vector": [-0.21, 0, -1.095]
						},
						"3.3333": {
							"vector": [0, 0, 0]
						}
					}
				}
			},
			"sound_effects": {
				"0.0": {
					"effect": "spectre_reloadempty"
				}
			}
		},
		"animation.model.inspect": {
			"loop": true,
			"animation_length": 4.26667,
			"bones": {
				"main": {
					"rotation": {
						"0.0": {
							"vector": [0, 0, 0]
						},
						"0.1667": {
							"vector": [-8.41746, -13.59608, -21.21259],
							"easing": "linear"
						},
						"0.3": {
							"vector": [-8.39812, -20.10111, -31.77688]
						},
						"0.4333": {
							"vector": [-9.55676, -20.88889, -28.55629]
						},
						"0.5333": {
							"vector": [-8.77652, -21.21647, -30.72851]
						},
						"0.7667": {
							"vector": [-9.4227, -20.94881, -28.93303]
						},
						"1.0": {
							"vector": [-3.1216, -20.98207, -46.44405]
						},
						"1.1333": {
							"vector": [-4.564, -20.73064, -42.44007]
						},
						"1.2333": {
							"vector": [-4.86325, -20.9153, -41.60203]
						},
						"1.3333": {
							"vector": [-4.58308, -20.97575, -42.38574]
						},
						"1.4667": {
							"vector": [-4.01131, -21.08802, -43.97908]
						},
						"1.6": {
							"vector": [-4.38767, -21.01662, -42.9316]
						},
						"1.7": {
							"vector": [-4.18847, -21.05622, -43.48691],
							"easing": "linear"
						},
						"2.0": {
							"vector": [-16.91438, 5.38499, 54.40399],
							"easing": "linear"
						},
						"2.1333": {
							"vector": [-15.22513, 5.80082, 60.04554]
						},
						"2.2667": {
							"vector": [-15.70981, 5.86025, 59.48558]
						},
						"2.4": {
							"vector": [-15.93602, 7.03904, 62.69373]
						},
						"2.5333": {
							"vector": [-15.60896, 7.75082, 65.23442]
						},
						"2.7": {
							"vector": [-15.71675, 7.52491, 64.42194]
						},
						"2.8667": {
							"vector": [-15.56389, 7.84019, 65.55973]
						},
						"3.0667": {
							"vector": [-15.61778, 7.73186, 65.16659]
						},
						"3.2333": {
							"vector": [-15.9801, 6.93689, 62.33342]
						},
						"3.3667": {
							"vector": [-8.86998, 2.42135, 33.56191]
						},
						"3.5": {
							"vector": [0, -1.75, -2.75]
						},
						"3.6667": {
							"vector": [0, 0, 0]
						}
					},
					"position": {
						"0.0": {
							"vector": [0, 0, 0]
						},
						"0.3": {
							"vector": [-0.475, 1.475, -8.7]
						},
						"0.4": {
							"vector": [-0.195, 1, -7.7]
						},
						"0.5333": {
							"vector": [-0.03, 0.725, -7.7]
						},
						"0.7": {
							"vector": [0, 1.125, -7.7]
						},
						"0.9": {
							"vector": [0.125, 1.4, -8.275]
						},
						"1.2": {
							"vector": [-0.02, 1.475, -8]
						},
						"1.4": {
							"vector": [0.11, 1.425, -8.175]
						},
						"1.6667": {
							"vector": [0.275, 1.25, -7.975]
						},
						"1.8": {
							"vector": [-0.13, -1.19, -8.65]
						},
						"1.9333": {
							"vector": [-0.545, -1.325, -11.15]
						},
						"2.1": {
							"vector": [-0.415, -1.395, -10.545]
						},
						"2.2333": {
							"vector": [-0.525, -1.455, -9.17]
						},
						"2.3667": {
							"vector": [-0.49, -1.43, -9.85]
						},
						"2.5333": {
							"vector": [-0.455, -1.5, -9.24]
						},
						"2.7333": {
							"vector": [-0.53, -1.5, -9.27]
						},
						"2.9667": {
							"vector": [-0.49, -1.41, -9.3]
						},
						"3.2": {
							"vector": [-0.545, -1.325, -9.325]
						},
						"3.3333": {
							"vector": [-1.005, -0.61, -7.41]
						},
						"3.6": {
							"vector": [0, 0, 0]
						}
					}
				},
				"leftarm": {
					"rotation": {
						"0.0": {
							"vector": [0, 0, 0]
						},
						"0.1667": {
							"vector": [0, 0, -2.5]
						},
						"1.7333": {
							"vector": [0, 0, -2.5]
						},
						"2.0": {
							"vector": [-20, 0, -45]
						},
						"3.2667": {
							"vector": [-20, 0, -45]
						},
						"3.5333": {
							"vector": [0, 0, 0]
						}
					},
					"position": {
						"0.0": {
							"vector": [0, 0, 0]
						},
						"0.1667": {
							"vector": [11.23986, -30.20851, 24.64864]
						},
						"1.7333": {
							"vector": [11.23986, -30.20851, 24.64864]
						},
						"2.0": {
							"vector": [7.35, 6.25, -0.67]
						},
						"3.2667": {
							"vector": [7.35, 6.25, -0.67]
						},
						"3.5333": {
							"vector": [0, 0, 0]
						}
					}
				}
			},
			"sound_effects": {
				"0.0": {
					"effect": "inspect_up"
				},
				"0.8": {
					"effect": "inspect_foley"
				},
				"1.3667": {
					"effect": "inspect_turn"
				},
				"3.2667": {
					"effect": "inspect_down"
				}
			}
		},
		"animation.model.fire": {
			"animation_length": 0.3,
			"bones": {
				"slide": {
					"position": {
						"0.0": {
							"vector": [0, 0, 0]
						},
						"0.05": {
							"vector": [0, 0, 8]
						}
					}
				},
				"hammer": {
					"rotation": {
						"0.0": {
							"vector": [0, 0, 0]
						},
						"0.05": {
							"vector": [57.5, 0, 0]
						}
					},
					"position": {
						"vector": [0, 0, 0]
					}
				},
				"lever": {
					"position": {
						"0.0": {
							"vector": [0, 0, 0]
						},
						"0.05": {
							"pre": {
								"vector": [0, 0, 4]
							},
							"post": {
								"vector": [0, 0, 4]
							},
							"lerp_mode": "catmullrom"
						},
						"0.15": {
							"vector": [0, 0, 0]
						}
					}
				},
				"main": {
					"rotation": {
						"0.0": {
							"post": {
								"vector": [0, 0, 0.25]
							},
							"lerp_mode": "catmullrom"
						},
						"0.1": {
							"post": {
								"vector": [0, 0, 0.25]
							},
							"lerp_mode": "catmullrom"
						}
					},
					"position": {
						"0.0": {
							"vector": [0, 0, 0]
						},
						"0.05": {
							"pre": {
								"vector": [0, 0, 2]
							},
							"post": {
								"vector": [0, 0, 2]
							},
							"lerp_mode": "catmullrom"
						},
						"0.1": {
							"post": {
								"vector": [0, 0, 0]
							},
							"lerp_mode": "catmullrom"
						}
					}
				}
			}
		}
	},
	"geckolib_format_version": 2
}