{
	"format_version": "1.8.0",
	"animations": {
		"animation.model.draw": {
			"animation_length": 1.6,
			"bones": {
				"main": {
					"rotation": {
						"0.0": {
							"vector": [32.09413, -54.38778, -8.29667]
						},
						"0.4": {
							"vector": [1.77698, -9.99529, -4.30852]
						},
						"0.55": {
							"vector": [0.58201, -1.04064, 2.6563]
						},
						"0.7": {
							"vector": [0.32388, 0.39763, -2.15014]
						},
						"0.8": {
							"vector": [0, 0, 0]
						},
						"1.05": {
							"vector": [1.77698, -9.99529, -4.30852]
						},
						"1.2": {
							"vector": [0.58201, -1.04064, 2.6563]
						},
						"1.35": {
							"vector": [0.32388, 0.39763, -2.15014]
						},
						"1.45": {
							"vector": [0, 0, 0]
						}
					},
					"position": {
						"0.0": {
							"vector": [0, -17.3, 0]
						},
						"0.25": {
							"vector": [0, -7.41, -4.07]
						},
						"0.4": {
							"vector": [-0.4, -1.2, -2.75]
						},
						"0.5": {
							"vector": [0.4, 0, -2.6]
						},
						"0.65": {
							"vector": [0.16, -0.15, 0.6]
						},
						"0.75": {
							"vector": [0, 0, 0]
						},
						"1.05": {
							"vector": [-0.4, -1.2, -2.75]
						},
						"1.15": {
							"vector": [0.4, 0, -2.6]
						},
						"1.3": {
							"vector": [0.16, -0.15, 0.6]
						},
						"1.4": {
							"vector": [0, 0, 0]
						}
					}
				},
				"leftarm": {
					"rotation": {
						"0.0": {
							"vector": [0, 0, 0]
						},
						"0.2": {
							"vector": [1, 0, -22]
						},
						"0.4": {
							"vector": [0, 0, 0]
						},
						"0.55": {
							"vector": [0, 0, 0]
						},
						"0.65": {
							"vector": [-13.59079, 2.94012, -2.73376]
						},
						"0.8": {
							"vector": [-13.59079, 2.94012, -2.73376]
						},
						"0.9": {
							"vector": [0, 0, 0]
						}
					},
					"position": {
						"0.0": {
							"vector": [0, 0, 0]
						},
						"0.2": {
							"vector": [3.53901, 3.6754, 5.59783]
						},
						"0.4": {
							"vector": [0, 0, 0]
						},
						"0.55": {
							"vector": [0, 0, 0]
						},
						"0.65": {
							"vector": [-2.625, 4.175, 6.5]
						},
						"0.8": {
							"vector": [-2.625, 4.175, 6.5]
						},
						"0.9": {
							"vector": [0, 0, 0]
						}
					}
				},
				"bone2": {
					"rotation": {
						"0.0": {
							"vector": [0, 0, 0]
						},
						"0.25": {
							"vector": [0, 0, 0]
						},
						"0.5": {
							"vector": [-29.75, 0, 0]
						},
						"0.65": {
							"vector": [-28.28974, 4.30321, 17.92618]
						},
						"0.8": {
							"vector": [-28.83705, 1.05481, 12.22508]
						},
						"1.0": {
							"vector": [-29.75, 0, 0]
						},
						"1.25": {
							"vector": [0, 0, 0]
						}
					},
					"position": {
						"0.0": {
							"vector": [0, 0, 0]
						},
						"0.4": {
							"vector": [0, 0, 0]
						},
						"0.55": {
							"vector": [0, 0, 0]
						},
						"0.65": {
							"vector": [0, -2.325, 1.95]
						},
						"0.85": {
							"vector": [0, -2.325, 1.95]
						},
						"0.95": {
							"vector": [0, 0, 0]
						},
						"1.35": {
							"vector": [0, 0, 0]
						}
					}
				},
				"grip": {
					"rotation": {
						"0.55": {
							"vector": [0, 0, 0]
						},
						"0.9": {
							"vector": [0, 0, 0]
						}
					},
					"position": {
						"0.55": {
							"vector": [0, 0, 0]
						},
						"0.65": {
							"vector": [0, 0, 14.525]
						},
						"0.8": {
							"vector": [0, 0, 14.525]
						},
						"0.9": {
							"vector": [0, 0, 0]
						}
					}
				}
			},
			"sound_effects": {
				"0.0": {
					"effect": "stakeout_draw"
				}
			}
		},
		"animation.model.prepare": {
			"animation_length": 0.5,
			"bones": {
				"main": {
					"rotation": {
						"0.0": {
							"vector": [0, 0, 0]
						},
						"0.2": {
							"vector": [-6.52539, -6.79837, -35.22041]
						}
					},
					"position": {
						"0.0": {
							"vector": [0, 0, 0]
						},
						"0.2": {
							"vector": [-1.15, -1.52, -2.63]
						}
					}
				},
				"leftarm": {
					"rotation": {
						"0.0": {
							"vector": [0, 0, 0]
						},
						"0.2667": {
							"vector": [-28.46613, 36.45621, 56.64158]
						}
					},
					"position": {
						"0.0": {
							"vector": [0, 0, 0]
						},
						"0.1": {
							"vector": [-18.205, -10.16, -0.29]
						},
						"0.2": {
							"vector": [-35.54, -10.37, -0.39]
						},
						"0.2667": {
							"vector": [-47.09446, -4.17679, -0.46128]
						}
					}
				},
				"gun": {
					"rotation": {
						"0.0": {
							"vector": [0, 0, 0]
						},
						"0.2667": {
							"vector": [0, 0, 90.25]
						}
					},
					"position": {
						"0.0": {
							"vector": [0, 0, 0]
						},
						"0.2667": {
							"vector": [-8.45224, 5.70111, 0.31149]
						}
					}
				}
			},
			"sound_effects": {
				"0.0": {
					"effect": "foley_start"
				}
			}
		},
		"animation.model.chamberload": {
			"animation_length": 0.6667,
			"bones": {
				"main": {
					"rotation": {
						"0.0": {
							"vector": [-6.52539, -6.79837, -35.22041]
						},
						"0.1333": {
							"vector": [-5.4, -7.0215, -37.22247]
						},
						"0.2333": {
							"vector": [-5.68703, -6.63452, -35.99917]
						},
						"0.3333": {
							"vector": [-6.2, -6.81161, -35.34584]
						},
						"0.4": {
							"vector": [-6.24053, -6.80589, -36.42309]
						},
						"0.5": {
							"vector": [-6.82145, -6.25791, -32.75056]
						},
						"0.5667": {
							"vector": [-6.76173, -6.20471, -32.25041]
						},
						"0.6667": {
							"vector": [-6.52539, -6.79837, -35.22041]
						}
					},
					"position": {
						"0.0": {
							"vector": [-1.15, -1.52, -2.63]
						},
						"0.2": {
							"vector": [-1.2, -1.72, -2.78]
						},
						"0.3333": {
							"vector": [-1.04, -1.72, -2.93]
						},
						"0.4": {
							"vector": [-1.095, -1.72, -3.025]
						},
						"0.4667": {
							"vector": [-1.015, -1.72, -4.13]
						},
						"0.5667": {
							"vector": [-1.07, -1.64, -3.515]
						},
						"0.6667": {
							"vector": [-1.15, -1.52, -2.63]
						}
					}
				},
				"leftarm": {
					"rotation": {
						"0.0": {
							"vector": [-28.46613, 36.45621, 56.64158]
						},
						"0.1333": {
							"vector": [-28.46613, 36.45621, 56.64158]
						},
						"0.3": {
							"vector": [-28.46613, 36.45621, 56.64158]
						}
					},
					"position": {
						"0.0": {
							"vector": [-47.09446, -4.17679, -0.46128]
						},
						"0.1333": {
							"vector": [-47.09446, -4.17679, -0.46128]
						},
						"0.3": {
							"vector": [-47.09446, -4.17679, -0.46128]
						}
					}
				},
				"shell": {
					"rotation": {
						"0.0": {
							"vector": [0, 0, 0]
						},
						"0.2333": {
							"vector": [-24.26728, 0.80482, 3.95796]
						},
						"0.3333": {
							"vector": [-34.64097, 7.83185, 3.39166]
						},
						"0.4": {
							"vector": [-35, 0, 0]
						},
						"0.5": {
							"vector": [-24, 0, 0]
						},
						"0.6": {
							"vector": [0, 0, 0]
						}
					},
					"position": {
						"0.0": {
							"vector": [0, 0, 25]
						},
						"0.1": {
							"vector": [0, -21.2, 27.2]
						},
						"0.2333": {
							"vector": [0, -13.725, 11.5]
						},
						"0.3333": {
							"vector": [0.1, -4.125, 7.225]
						},
						"0.4": {
							"vector": [0, -4.4, 6.425]
						},
						"0.4667": {
							"vector": [0, -3.125, 5.525]
						},
						"0.6": {
							"vector": [0, 0, 0]
						}
					}
				},
				"gun": {
					"rotation": {
						"vector": [0, 0, 90.25]
					},
					"position": {
						"vector": [-8.45224, 5.70111, 0.31149]
					}
				},
				"rightarm": {
					"rotation": {
						"0.0": {
							"vector": [0, 0, 0]
						},
						"0.2333": {
							"vector": [-5.43866, -23.78491, 14.43034]
						},
						"0.3333": {
							"vector": [-2.66143, -28.49017, 11.85429]
						},
						"0.4": {
							"vector": [-4.72345, -27.82172, 15.02519]
						},
						"0.4667": {
							"vector": [-8.92148, -33.13507, 12.64003]
						},
						"0.5333": {
							"vector": [-7.91502, -30.31994, 11.19498]
						},
						"0.6667": {
							"vector": [0, 0, 0]
						}
					},
					"position": {
						"0.0": {
							"vector": [-16.43124, 8.9014, 13.64999]
						},
						"0.1": {
							"vector": [-22.68, 3.475, 4.3]
						},
						"0.2333": {
							"vector": [-23.655, 5.88, -17.25]
						},
						"0.3333": {
							"vector": [-17.785, 8.505, -20.225]
						},
						"0.4": {
							"vector": [-17.785, 8.505, -20.225]
						},
						"0.4667": {
							"vector": [-17.785, 8.505, -20.225]
						},
						"0.5333": {
							"vector": [-17.785, 8.505, -20.225]
						},
						"0.6": {
							"vector": [-17.11, 15.475, -3.29]
						},
						"0.6667": {
							"vector": [-16.43124, 8.9014, 13.64999]
						}
					}
				}
			},
			"sound_effects": {
				"0.3667": {
					"effect": "shell"
				}
			}
		},
		"animation.model.iterativeload": {
			"animation_length": 0.6667,
			"bones": {
				"main": {
					"rotation": {
						"0.0": {
							"vector": [-6.52539, -6.79837, -35.22041]
						},
						"0.1333": {
							"vector": [-5.4, -7.0215, -37.22247]
						},
						"0.2333": {
							"vector": [-5.68703, -6.63452, -35.99917]
						},
						"0.3333": {
							"vector": [-6.2, -6.81161, -35.34584]
						},
						"0.4": {
							"vector": [-6.24053, -6.80589, -36.42309]
						},
						"0.5": {
							"vector": [-6.82145, -6.25791, -32.75056]
						},
						"0.5667": {
							"vector": [-6.76173, -6.20471, -32.25041]
						},
						"0.6667": {
							"vector": [-6.52539, -6.79837, -35.22041]
						}
					},
					"position": {
						"0.0": {
							"vector": [-1.15, -1.52, -2.63]
						},
						"0.2": {
							"vector": [-1.2, -1.72, -2.78]
						},
						"0.3333": {
							"vector": [-1.04, -1.72, -2.93]
						},
						"0.4": {
							"vector": [-1.095, -1.72, -3.025]
						},
						"0.4667": {
							"vector": [-1.015, -1.72, -4.13]
						},
						"0.5667": {
							"vector": [-1.07, -1.64, -3.515]
						},
						"0.6667": {
							"vector": [-1.15, -1.52, -2.63]
						}
					}
				},
				"leftarm": {
					"rotation": {
						"0.0": {
							"vector": [-28.46613, 36.45621, 56.64158]
						},
						"0.1333": {
							"vector": [-28.46613, 36.45621, 56.64158]
						},
						"0.3": {
							"vector": [-28.46613, 36.45621, 56.64158]
						}
					},
					"position": {
						"0.0": {
							"vector": [-47.09446, -4.17679, -0.46128]
						},
						"0.1333": {
							"vector": [-47.09446, -4.17679, -0.46128]
						},
						"0.3": {
							"vector": [-47.09446, -4.17679, -0.46128]
						}
					}
				},
				"shell": {
					"rotation": {
						"0.0": {
							"vector": [0, 0, 0]
						},
						"0.2333": {
							"vector": [-24.26728, 0.80482, 3.95796]
						},
						"0.3333": {
							"vector": [-34.64097, 7.83185, 3.39166]
						},
						"0.4": {
							"vector": [-35, 0, 0]
						},
						"0.5": {
							"vector": [-24, 0, 0]
						},
						"0.6": {
							"vector": [0, 0, 0]
						}
					},
					"position": {
						"0.0": {
							"vector": [0, 0, 25]
						},
						"0.1": {
							"vector": [0, -21.2, 27.2]
						},
						"0.2333": {
							"vector": [0, -13.725, 11.5]
						},
						"0.3333": {
							"vector": [0.1, -4.125, 7.225]
						},
						"0.4": {
							"vector": [0, -4.4, 6.425]
						},
						"0.4667": {
							"vector": [0, -3.125, 5.525]
						},
						"0.6": {
							"vector": [0, 0, 0]
						}
					}
				},
				"gun": {
					"rotation": {
						"vector": [0, 0, 90.25]
					},
					"position": {
						"vector": [-8.45224, 5.70111, 0.31149]
					}
				},
				"rightarm": {
					"rotation": {
						"0.0": {
							"vector": [0, 0, 0]
						},
						"0.2333": {
							"vector": [-5.43866, -23.78491, 14.43034]
						},
						"0.3333": {
							"vector": [-2.66143, -28.49017, 11.85429]
						},
						"0.4": {
							"vector": [-4.72345, -27.82172, 15.02519]
						},
						"0.4667": {
							"vector": [-8.92148, -33.13507, 12.64003]
						},
						"0.5333": {
							"vector": [-7.91502, -30.31994, 11.19498]
						},
						"0.6667": {
							"vector": [0, 0, 0]
						}
					},
					"position": {
						"0.0": {
							"vector": [-16.43124, 8.9014, 13.64999]
						},
						"0.1": {
							"vector": [-22.68, 3.475, 4.3]
						},
						"0.2333": {
							"vector": [-23.655, 5.88, -17.25]
						},
						"0.3333": {
							"vector": [-17.785, 8.505, -20.225]
						},
						"0.4": {
							"vector": [-17.785, 8.505, -20.225]
						},
						"0.4667": {
							"vector": [-17.785, 8.505, -20.225]
						},
						"0.5333": {
							"vector": [-17.785, 8.505, -20.225]
						},
						"0.6": {
							"vector": [-17.11, 15.475, -3.29]
						},
						"0.6667": {
							"vector": [-16.43124, 8.9014, 13.64999]
						}
					}
				}
			},
			"sound_effects": {
				"0.3667": {
					"effect": "shell"
				}
			}
		},
		"animation.model.finish": {
			"animation_length": 1.0667,
			"bones": {
				"main": {
					"rotation": {
						"0.0": {
							"vector": [-6.52539, -6.79837, -35.22041]
						},
						"0.2333": {
							"vector": [-2.13353, -0.05529, -12.82404]
						},
						"0.4": {
							"vector": [0, 0, 0]
						}
					},
					"position": {
						"0.0": {
							"vector": [-1.15, -1.52, -2.63]
						},
						"0.1": {
							"vector": [-1.14, -3.565, -2.59]
						},
						"0.1667": {
							"vector": [-1.16, -3.23, -2.97]
						},
						"0.2667": {
							"vector": [-1.18, -1.605, -3.55]
						},
						"0.3667": {
							"vector": [0, 0, 0]
						}
					}
				},
				"leftarm": {
					"rotation": {
						"0.0": {
							"vector": [-28.46613, 36.45621, 56.64158]
						},
						"0.4": {
							"vector": [0, 0, 0]
						}
					},
					"position": {
						"0.0": {
							"vector": [-47.09446, -4.17679, -0.46128]
						},
						"0.2": {
							"vector": [-14.65, -13.515, -0.23]
						},
						"0.4": {
							"vector": [0, 0, 0]
						}
					}
				},
				"gun": {
					"rotation": {
						"0.0": {
							"vector": [0, 0, 90.25]
						},
						"0.3667": {
							"vector": [0, 0, 0]
						}
					},
					"position": {
						"0.0": {
							"vector": [-8.45224, 5.70111, 0.31149]
						},
						"0.3667": {
							"vector": [0, 0, 0]
						}
					}
				}
			},
			"sound_effects": {
				"0.0": {
					"effect": "foley_end"
				}
			}
		},
		"animation.model.inspect": {
			"animation_length": 4.2667,
			"bones": {
				"main": {
					"rotation": {
						"0.0": {
							"vector": [0, 0, 0]
						},
						"0.1667": {
							"vector": [-8.41746, -13.59608, -21.21259],
							"easing": "linear"
						},
						"0.3": {
							"vector": [-8.39812, -20.10111, -31.77688]
						},
						"0.4333": {
							"vector": [-9.55676, -20.88889, -28.55629]
						},
						"0.5333": {
							"vector": [-8.77652, -21.21647, -30.72851]
						},
						"0.7667": {
							"vector": [-9.4227, -20.94881, -28.93303]
						},
						"1.0": {
							"vector": [-3.1216, -20.98207, -46.44405]
						},
						"1.1333": {
							"vector": [-4.564, -20.73064, -42.44007]
						},
						"1.2333": {
							"vector": [-4.86325, -20.9153, -41.60203]
						},
						"1.3333": {
							"vector": [-4.58308, -20.97575, -42.38574]
						},
						"1.4667": {
							"vector": [-4.01131, -21.08802, -43.97908]
						},
						"1.6": {
							"vector": [-4.38767, -21.01662, -42.9316]
						},
						"1.7": {
							"vector": [-4.18847, -21.05622, -43.48691],
							"easing": "linear"
						},
						"2.0333": {
							"vector": [-16.91438, 5.38499, 54.40399],
							"easing": "linear"
						},
						"2.1667": {
							"vector": [-15.22513, 5.80082, 60.04554]
						},
						"2.3": {
							"vector": [-15.70981, 5.86025, 59.48558]
						},
						"2.4333": {
							"vector": [-15.93602, 7.03904, 62.69373]
						},
						"2.5667": {
							"vector": [-15.60896, 7.75082, 65.23442]
						},
						"2.7333": {
							"vector": [-15.71675, 7.52491, 64.42194]
						},
						"2.9": {
							"vector": [-15.56389, 7.84019, 65.55973]
						},
						"3.1": {
							"vector": [-15.61778, 7.73186, 65.16659]
						},
						"3.2667": {
							"vector": [-15.9801, 6.93689, 62.33342]
						},
						"3.4": {
							"vector": [-8.86998, 2.42135, 33.56191]
						},
						"3.5333": {
							"vector": [0, -1.75, -2.75]
						},
						"3.7": {
							"vector": [0, 0, 0]
						}
					},
					"position": {
						"0.0": {
							"vector": [0, 0, 0]
						},
						"0.3": {
							"vector": [-0.475, 1.475, -11.7]
						},
						"0.4": {
							"vector": [-0.195, 1, -10.7]
						},
						"0.5333": {
							"vector": [-0.03, 0.725, -10.7]
						},
						"0.7": {
							"vector": [0, 1.125, -10.7]
						},
						"0.9": {
							"vector": [0.125, 1.4, -11.275]
						},
						"1.2": {
							"vector": [-0.02, 1.475, -11]
						},
						"1.4": {
							"vector": [0.11, 1.425, -11.175]
						},
						"1.6667": {
							"vector": [0.275, 1.25, -10.975]
						},
						"1.8": {
							"vector": [-0.13, -1.19, -11.65]
						},
						"1.9667": {
							"vector": [-0.545, -1.325, -10.15]
						},
						"2.1333": {
							"vector": [-0.415, -1.395, -9.545]
						},
						"2.2667": {
							"vector": [-0.525, -1.455, -8.17]
						},
						"2.4": {
							"vector": [-0.49, -1.43, -8.85]
						},
						"2.5667": {
							"vector": [-0.455, -1.5, -8.24]
						},
						"2.7667": {
							"vector": [-0.53, -1.5, -8.27]
						},
						"3.0": {
							"vector": [-0.49, -1.41, -8.3]
						},
						"3.2333": {
							"vector": [-0.545, -1.325, -8.325]
						},
						"3.3667": {
							"vector": [-1.005, -0.61, -6.41]
						},
						"3.6333": {
							"vector": [0, 0, 0]
						}
					}
				},
				"leftarm": {
					"rotation": {
						"0.0": {
							"vector": [0, 0, 0]
						},
						"0.1667": {
							"vector": [94.34183, 65.03608, 48.49136]
						},
						"1.7333": {
							"vector": [94.34183, 65.03608, 48.49136]
						},
						"2.0333": {
							"vector": [-20, 0, -45]
						},
						"3.3": {
							"vector": [-20, 0, -45]
						},
						"3.5667": {
							"vector": [0, 0, 0]
						}
					},
					"position": {
						"0.0": {
							"vector": [0, 0, 0]
						},
						"0.1667": {
							"vector": [6.23986, -75.73351, 24.64864]
						},
						"1.7333": {
							"vector": [6.23986, -75.73351, 24.64864]
						},
						"2.0333": {
							"vector": [8.825, 8.55, 14.98]
						},
						"3.3": {
							"vector": [8.825, 8.55, 14.98]
						},
						"3.5667": {
							"vector": [0, 0, 0]
						}
					}
				},
				"rightarm": {
					"rotation": {
						"0.0": {
							"vector": [0, 0, 0]
						},
						"0.1667": {
							"vector": [0, 0, 0]
						},
						"1.7333": {
							"vector": [0, 0, 0]
						},
						"2.0333": {
							"vector": [0.09396, 19.47939, 4.39424]
						},
						"3.3": {
							"vector": [0.09396, 19.47939, 4.39424]
						},
						"3.5667": {
							"vector": [0, 0, 0]
						}
					},
					"position": {
						"0.0": {
							"vector": [0, 0, 0]
						},
						"0.1667": {
							"vector": [0, 0, 0]
						},
						"1.7333": {
							"vector": [0, 0, 0]
						},
						"2.0333": {
							"vector": [6.85, 1.45, 2.025]
						},
						"3.3": {
							"vector": [6.85, 1.45, 2.025]
						},
						"3.5667": {
							"vector": [0, 0, 0]
						}
					}
				}
			},
			"sound_effects": {
				"0.0": {
					"effect": "stakeout_inspect"
				}
			}
		},
		"animation.model.fire": {
			"animation_length": 1.2,
			"bones": {
				"main": {
					"rotation": {
						"0.0": {
							"vector": [0, 0, 0]
						},
						"0.05": {
							"vector": [-8.70704, -2.00287, -6.82365]
						},
						"0.15": {
							"vector": [-4.73303, -1.97055, -6.0739]
						},
						"0.2": {
							"vector": [-4.60652, -1.80399, -2.32556]
						},
						"0.3": {
							"vector": [-4.38312, -0.94992, 9.14611]
						},
						"0.35": {
							"vector": [-4.25774, -0.72034, 5.61845]
						},
						"0.45": {
							"vector": [-2.57757, -1.02971, 4.45041]
						},
						"0.55": {
							"vector": [-1.24175, -0.61979, -1.14831]
						},
						"0.6": {
							"vector": [0, 0, 0]
						}
					},
					"position": {
						"0.0": {
							"vector": [0, 0, 0]
						},
						"0.05": {
							"vector": [-0.375, -0.9, 6.575]
						},
						"0.1": {
							"vector": [-0.63, -0.4, 3.375]
						},
						"0.65": {
							"vector": [0, 0, 0]
						}
					}
				},
				"pump": {
					"rotation": {
						"0.0": {
							"vector": [0, 0, 0]
						},
						"0.25": {
							"vector": [0, 0, 0]
						},
						"0.65": {
							"vector": [0, 0, 0]
						}
					},
					"position": {
						"0.0": {
							"vector": [0, 0, 0]
						},
						"0.25": {
							"vector": [0, 0, 0]
						},
						"0.35": {
							"vector": [0, 0, 10.5]
						},
						"0.55": {
							"vector": [0, 0, 10.5]
						},
						"0.65": {
							"vector": [0, 0, 0]
						}
					}
				},
				"action": {
					"rotation": {
						"0.0": {
							"vector": [0, 0, 0]
						},
						"0.25": {
							"vector": [0, 0, 0]
						},
						"0.65": {
							"vector": [0, 0, 0]
						}
					},
					"position": {
						"0.0": {
							"vector": [0, 0, 0]
						},
						"0.25": {
							"vector": [0, 0, 0]
						},
						"0.35": {
							"vector": [0, 0, 8.6]
						},
						"0.55": {
							"vector": [0, 0, 8.6]
						},
						"0.65": {
							"vector": [0, 0, 0]
						}
					}
				},
				"shell": {
					"rotation": {
						"0.0": {
							"vector": [0, 0, 0]
						},
						"0.25": {
							"vector": [0, 0, 0]
						},
						"0.3": {
							"vector": [11.25, 0, 0]
						},
						"0.35": {
							"vector": [1.04852, 17.49725, 0.31528]
						},
						"0.4": {
							"vector": [13.90982, -0.29585, -19.12988]
						},
						"0.45": {
							"vector": [40.13672, -11.72631, -51.54685]
						},
						"0.5": {
							"vector": [77.01537, 30.7905, -125.02275]
						},
						"0.55": {
							"vector": [77.01537, 30.7905, -125.02275]
						},
						"0.65": {
							"vector": [0, 0, 0]
						},
						"0.75": {
							"vector": [0, 0, 0]
						}
					},
					"position": {
						"0.0": {
							"vector": [0, 0, 0]
						},
						"0.25": {
							"vector": [0, 0, 0]
						},
						"0.3": {
							"vector": [-0.075, 3.45, 7.05]
						},
						"0.35": {
							"vector": [-1.87, 3.55, 9]
						},
						"0.4": {
							"vector": [-11.275, 4.9, 7.05]
						},
						"0.45": {
							"vector": [-22.37, 4.175, 7.05]
						},
						"0.5": {
							"vector": [-34.045, -0.8, 7.05]
						},
						"0.55": {
							"vector": [-58.615, -14.15, 7.05]
						},
						"0.6": {
							"vector": [-58.62, -42.175, 7.05]
						},
						"0.65": {
							"vector": [3.105, -42.18, 35.15]
						},
						"0.7": {
							"vector": [0.125, -0.79, 25.455]
						},
						"0.75": {
							"vector": [0, 0, 0]
						}
					},
					"scale": {
						"0.0": {
							"vector": [1, 1, 1]
						},
						"0.25": {
							"vector": [1, 1, 1]
						},
						"0.6": {
							"vector": [1, 1, 1]
						},
						"0.65": {
							"vector": [0.2625, 0.19, 0.0575]
						},
						"0.7": {
							"vector": [0.2625, 0.19, 0.0575]
						},
						"0.75": {
							"vector": [1, 1, 1]
						}
					}
				},
				"leftarm": {
					"rotation": {
						"0.0": {
							"vector": [0, 0, 0]
						},
						"0.4": {
							"vector": [0, 0, 0]
						},
						"0.5": {
							"vector": [-13.59079, 2.94012, -2.73376]
						},
						"0.65": {
							"vector": [-13.59079, 2.94012, -2.73376]
						},
						"0.75": {
							"vector": [0, 0, 0]
						}
					},
					"position": {
						"0.0": {
							"vector": [0, 0, 0]
						},
						"0.4": {
							"vector": [0, 0, 0]
						},
						"0.5": {
							"vector": [-2.625, 4.175, 6.5]
						},
						"0.65": {
							"vector": [-2.625, 4.175, 6.5]
						},
						"0.75": {
							"vector": [0, 0, 0]
						}
					}
				},
				"bone2": {
					"rotation": {
						"0.0": {
							"vector": [0, 0, 0]
						},
						"0.15": {
							"vector": [0, 0, 0]
						},
						"0.35": {
							"vector": [-7, -6, 6.75]
						},
						"0.9": {
							"vector": [0, 0, 0]
						}
					},
					"position": {
						"0.0": {
							"vector": [0, 0, 0]
						},
						"0.2": {
							"vector": [0, 0, 0]
						},
						"0.35": {
							"vector": [0, 0, 0]
						},
						"0.4": {
							"vector": [0, 0, 0]
						},
						"0.5": {
							"vector": [0, 0, 5.325]
						},
						"0.65": {
							"vector": [0, 0, 5.325]
						},
						"0.85": {
							"vector": [0, 0, 0]
						},
						"0.95": {
							"vector": [0, 0, 0]
						}
					}
				},
				"grip": {
					"rotation": {
						"0.4": {
							"vector": [0, 0, 0]
						},
						"0.75": {
							"vector": [0, 0, 0]
						}
					},
					"position": {
						"0.4": {
							"vector": [0, 0, 0]
						},
						"0.5": {
							"vector": [0, 0, 14.525]
						},
						"0.65": {
							"vector": [0, 0, 14.525]
						},
						"0.75": {
							"vector": [0, 0, 0]
						}
					}
				}
			}
		}
	},
	"geckolib_format_version": 2
}