{
	"format_version": "1.12.0",
	"minecraft:geometry": [
		{
			"description": {
				"identifier": "geometry.unknown",
				"texture_width": 300,
				"texture_height": 300,
				"visible_bounds_width": 14,
				"visible_bounds_height": 4,
				"visible_bounds_offset": [0, 1, 0]
			},
			"bones": [
				{
					"name": "bone",
					"pivot": [0, 0, 0]
				},
				{
					"name": "main",
					"parent": "bone",
					"pivot": [0, 20, 0]
				},
				{
					"name": "gun",
					"parent": "main",
					"pivot": [1, 11, -1],
					"cubes": [
						{"origin": [-2, 14, -1], "size": [4, 4, 5], "uv": [108, 95]},
						{"origin": [-2, 18, -31], "size": [4, 4, 35.75], "inflate": 0.002, "uv": [176, 205]},
						{"origin": [-2, 22.75, -24], "size": [1, 1.25, 11.75], "pivot": [-2, 22.75, -24], "rotation": [0, 0, 18.75], "uv": [128, 36]},
						{"origin": [-2, 21.25, -24], "size": [1, 1.5, 11.75], "uv": [127, 48]},
						{"origin": [-1, 21.75, -2], "size": [2, 1, 37.5], "inflate": -0.001, "uv": [206, 55]},
						{"origin": [0.9, 21.85, -1], "size": [1.25, 1, 36.6], "inflate": -0.1, "pivot": [1, 22.75, -1], "rotation": [0, 0, 21.25], "uv": [0, 37]},
						{"origin": [-2.15, 21.85, -1], "size": [1.25, 1, 36.6], "inflate": -0.1, "pivot": [-1, 22.75, -1], "rotation": [0, 0, -21.25], "uv": [0, 0]},
						{"origin": [-2, 15.75, -23.25], "size": [4, 4, 5.25], "pivot": [0.75, 15.75, -23.25], "rotation": [-4, 0, 0], "uv": [106, 105]},
						{"origin": [-2, 17, -17.5], "size": [4, 4, 5.25], "pivot": [0.75, 17, -17.5], "rotation": [-4, 0, 0], "uv": [56, 76]},
						{"origin": [-2, 15.4, -18], "size": [4, 3, 3.25], "inflate": -0.001, "pivot": [0.75, 15.4, -18], "rotation": [45.5, 0, 0], "uv": [92, 64]},
						{"origin": [-2, 14.975, -15.5], "size": [4, 3, 3.25], "inflate": -0.001, "pivot": [0.75, 14.975, -12.25], "rotation": [-51.25, 0, 0], "uv": [92, 20]},
						{"origin": [-2, 15.75, -12.25], "size": [4, 4, 3.25], "pivot": [0.75, 15.75, -23.25], "rotation": [-4, 0, 0], "uv": [38, 37]},
						{"origin": [-2, 17.35, -9.45], "size": [4, 2, 2.25], "inflate": -0.001, "pivot": [0.75, 17.35, -8.2], "rotation": [41, 0, 0], "uv": [0, 94]},
						{"origin": [-2, 17.35, -2.55], "size": [4, 2, 2.25], "inflate": -0.001, "pivot": [0.75, 17.35, -1.55], "rotation": [-41, 0, 0], "uv": [91, 77]},
						{"origin": [-2, 15.75, -23.25], "size": [4, 10, 2.25], "inflate": -0.001, "pivot": [0.75, 15.75, -23.25], "rotation": [75, 0, 0], "uv": [38, 0]},
						{
							"origin": [1, 21.5, -34],
							"size": [1, 2.25, 32],
							"inflate": 0.001,
							"uv": {
								"north": {"uv": [109, 32], "uv_size": [1, 2]},
								"east": {"uv": [77, 32], "uv_size": [32, 2]},
								"south": {"uv": [142, 32], "uv_size": [1, 2]},
								"west": {"uv": [110, 32], "uv_size": [32, 2]},
								"up": {"uv": [109, 0], "uv_size": [1, 32]},
								"down": {"uv": [110, 32], "uv_size": [1, -32]}
							}
						},
						{"origin": [-2, 21.5, -34], "size": [1, 2.25, 10], "inflate": 0.001, "uv": [53, 54]},
						{"origin": [-2, 21.75, -6], "size": [1, 2, 4], "uv": [65, 54]},
						{"origin": [-2, 21.75, -2], "size": [4, 2, 3.5], "inflate": -0.001, "pivot": [0.75, 23.75, -2], "rotation": [-35.25, 0, 0], "uv": [38, 68]},
						{"origin": [-2, 18.25, -59.75], "size": [4, 5, 1.75], "uv": [77, 34]},
						{"origin": [-1.75, 21.4, -58], "size": [3.5, 2, 24.75], "uv": [154, 27]},
						{"origin": [-2, 18.25, -58], "size": [4, 3.25, 27.75], "uv": [77, 34]},
						{"origin": [-2, 23.25, -57.75], "size": [1, 1.25, 33.75], "uv": [0, 76]},
						{"origin": [-2, 22.05, -24], "size": [1, 2, 2.75], "inflate": -0.001, "pivot": [-1.25, 24.05, -24], "rotation": [-50.75, 0, 0], "uv": [69, 37]},
						{"origin": [-2, 22.25, -15.25], "size": [1, 2, 2.75], "inflate": -0.001, "pivot": [-1.25, 24.25, -12.5], "rotation": [56.75, 0, 0], "uv": [44, 54]},
						{"origin": [-2, 23.25, -59.75], "size": [4, 2.35, 1.25], "inflate": -0.001, "pivot": [-0.75, 23.25, -59.75], "rotation": [-57.75, 0, 0], "uv": [25, 32]},
						{
							"origin": [0.999, 23.24859, -11.9499],
							"size": [1, 1.25, 5.2],
							"inflate": 0.0004,
							"uv": {
								"north": {"uv": [175, 254], "uv_size": [1, 1]},
								"east": {"uv": [169, 254], "uv_size": [6, 1]},
								"south": {"uv": [182, 254], "uv_size": [1, 1]},
								"west": {"uv": [177, 243], "uv_size": [14, 1]},
								"up": {"uv": [175, 248], "uv_size": [1, 6]},
								"down": {"uv": [176, 254], "uv_size": [1, -6]}
							}
						},
						{"origin": [0.999, 23.24859, -57.7249], "size": [1, 1.25, 23.85], "uv": [192, 220]},
						{"origin": [1, 23.5, -6.75], "size": [1, 1, 1.75], "inflate": -0.001, "pivot": [-0.75, 24.5, -6.75], "rotation": [-40.75, 0, 0], "uv": [48, 46]},
						{"origin": [1.0004, 22.17466, -13.09273], "size": [1, 1, 1.75], "inflate": -0.001, "pivot": [-0.7496, 23.17466, -13.09273], "rotation": [49.25, 0, 0], "uv": [48, 46]},
						{"origin": [1, 23.5, -20.375], "size": [1, 1, 1.75], "inflate": -0.001, "pivot": [-0.75, 24.5, -20.375], "rotation": [-40.75, 0, 0], "uv": [48, 46]},
						{
							"origin": [0.999, 23.24859, -25.5749],
							"size": [1, 1.25, 5.2],
							"inflate": 0.0004,
							"uv": {
								"north": {"uv": [175, 254], "uv_size": [1, 1]},
								"east": {"uv": [169, 254], "uv_size": [6, 1]},
								"south": {"uv": [182, 254], "uv_size": [1, 1]},
								"west": {"uv": [177, 243], "uv_size": [14, 1]},
								"up": {"uv": [175, 248], "uv_size": [1, 6]},
								"down": {"uv": [176, 254], "uv_size": [1, -6]}
							}
						},
						{"origin": [1.0004, 22.17466, -26.71773], "size": [1, 1, 1.75], "inflate": -0.001, "pivot": [-0.7496, 23.17466, -26.71773], "rotation": [49.25, 0, 0], "uv": [48, 46]},
						{"origin": [-1.475, 20.05, -55.05], "size": [4.15, 1.4, 1.4], "inflate": -0.2, "pivot": [2.975, 19.75, -55.35], "rotation": [-26.5, 0, 0], "uv": [1, 91]},
						{"origin": [-1.475, 20.05, -39.05], "size": [4.15, 1.4, 1.4], "inflate": -0.2, "pivot": [2.975, 19.75, -39.35], "rotation": [-26.5, 0, 0], "uv": [90, 29]},
						{"origin": [-1.475, 18.525, -26.35], "size": [4.15, 1.4, 1.4], "inflate": -0.2, "pivot": [2.975, 18.225, -26.65], "rotation": [-26.5, 0, 0], "uv": [36, 89]},
						{"origin": [-1.475, 19.1, -11.175], "size": [4.15, 1.4, 1.4], "inflate": -0.2, "pivot": [2.975, 18.8, -11.475], "rotation": [-26.5, 0, 0], "uv": [1, 83]},
						{"origin": [-1.5, 20.1, 4.925], "size": [4.1, 1.35, 1.35], "inflate": -0.2, "pivot": [2.925, 19.775, 4.6], "rotation": [-26.5, 0, 0], "uv": [78, 29]},
						{"origin": [-1.5, 20.1, 10.925], "size": [4.1, 1.35, 1.35], "inflate": -0.2, "pivot": [2.925, 19.775, 10.6], "rotation": [-26.5, 0, 0], "uv": [78, 19]},
						{"origin": [-0.875, 20.125, 29.95], "size": [4.05, 1.3, 1.3], "inflate": -0.2, "pivot": [3.525, 19.775, 29.6], "rotation": [-26.5, 0, 0], "uv": [26, 71]},
						{"origin": [-1.5, 14.1, 18.925], "size": [4.1, 1.35, 1.35], "inflate": -0.2, "pivot": [2.925, 13.775, 18.6], "rotation": [-26.5, 0, 0], "uv": [78, 15]},
						{"origin": [-1.925, 27.8, -13.025], "size": [3.85, 1.1, 1.1], "inflate": -0.2, "pivot": [2.375, 27.35, -13.475], "rotation": [-26.5, 0, 0], "uv": [78, 15]},
						{"origin": [-1.925, 27.8, -18.875], "size": [3.85, 1.1, 1.1], "inflate": -0.2, "pivot": [2.375, 27.35, -19.325], "rotation": [-26.5, 0, 0], "uv": [78, 15]},
						{"origin": [-1.925, 27.8, -16.025], "size": [3.85, 1.1, 1.1], "inflate": -0.2, "pivot": [2.375, 27.35, -16.475], "rotation": [-26.5, 0, 0], "uv": [78, 15]},
						{"origin": [-1.5, 14.1, 31.925], "size": [4.1, 1.35, 1.35], "inflate": -0.2, "pivot": [2.925, 13.775, 31.6], "rotation": [-26.5, 0, 0], "uv": [78, 7]},
						{"origin": [-2.375, 8.1, 2.425], "size": [4.75, 2, 2], "inflate": -0.2, "pivot": [2.375, 8.1, 2.425], "rotation": [-26.5, 0, 0], "uv": [77, 22]},
						{"origin": [-2, 21.25, -12.5], "size": [1, 3.25, 3.75], "uv": [0, 0]},
						{"origin": [-2, 18.5, -0.25], "size": [4, 3.85, 35.75], "uv": [91, 208]},
						{"origin": [-2.05, 18.5, 7.25], "size": [4.1, 3.85, 3.25], "inflate": 0.1, "uv": [92, 6]},
						{"origin": [1.925, 18.5, 8.95], "size": [1.25, 3.9, 1.5], "pivot": [3.175, 21.4, 8.95], "rotation": [0, -19.5, 0], "uv": [32, 7]},
						{"origin": [-1.8, 21.75, 7.25], "size": [3.6, 1, 3.25], "inflate": 0.099, "uv": [38, 62]},
						{"origin": [-2.25, 8, 35.5], "size": [4.5, 13.725, 6.75], "uv": [77, 77]},
						{"origin": [-2.25, 6.93519, 34.24897], "size": [4.5, 1.8, 6.75], "inflate": 0.0004, "pivot": [0, 1.56019, 37.62397], "rotation": [-10.5, 0, 0], "uv": [77, 77]},
						{"origin": [-2.2504, 20.65987, 34.24851], "size": [4.5, 1.8, 6.75], "inflate": 0.0002, "pivot": [-0.0004, 15.28487, 37.62351], "rotation": [-10.5, 0, 0], "uv": [77, 77]},
						{"origin": [-2, 22.65, 17], "size": [2, 1.25, 17.75], "inflate": -0.001, "pivot": [0, 23.9, 17], "rotation": [0, 0, -18.5], "uv": [108, 77]},
						{"origin": [0, 22.65, 17], "size": [2, 1.25, 17.75], "pivot": [0, 23.9, 17], "rotation": [0, 0, 18.5], "uv": [35, 76]},
						{"origin": [-2, 12.5, 12.25], "size": [4, 6, 23.25], "uv": [64, 153]},
						{"origin": [-1.5, 10.4, 27], "size": [3, 2, 9.75], "pivot": [0, 11.4, 31.875], "rotation": [-29, 0, 0], "uv": [77, 64]},
						{"origin": [-1.5, 10.5, 31.35], "size": [3, 2.5, 4.75], "inflate": 0.0004, "uv": [89, 97]},
						{"origin": [-1.75, 7.725, 13.75], "size": [3.5, 5.6, 10.25], "inflate": -0.001, "pivot": [0.5, 7.725, 13.75], "rotation": [31.25, 0, 0], "uv": [77, 34]},
						{"origin": [-1, 9.725, 12.75], "size": [2, 1.6, 1.25], "pivot": [-0.25, 7.725, 13.75], "rotation": [31.25, 0, 0], "uv": [0, 6]},
						{"origin": [-2, 6, -0.25], "size": [4, 9, 4.5], "inflate": 0.001, "pivot": [1, 14, -0.25], "rotation": [12.25, 0, 0], "uv": [57, 37]},
						{"origin": [-2, 15.8, 1.625], "size": [4, 2, 4.5], "inflate": -0.001, "pivot": [1, 17.8, 1.625], "rotation": [38.25, 0, 0], "uv": [35, 82]},
						{"origin": [-2, 15.8, 9.875], "size": [4, 2, 4.5], "inflate": -0.001, "pivot": [1, 17.8, 14.375], "rotation": [-38.25, 0, 0], "uv": [35, 76]},
						{"origin": [-2, 6, 0.75], "size": [4, 6, 5.5], "uv": [56, 21]},
						{"origin": [-2, 6, 6.25], "size": [4, 5, 5.5], "inflate": 0.001, "pivot": [1, 6, 6.25], "rotation": [13.5, 0, 0], "uv": [15, 76]},
						{"origin": [-2, 12.025, 2.025], "size": [4, 3, 5.5], "inflate": -0.001, "pivot": [1, 12.025, 2.025], "rotation": [-37.25, 0, 0], "uv": [56, 85]},
						{"origin": [-2, 8.15, 11.5], "size": [4, 4.8, 1.5], "pivot": [1, 7.95, 13], "rotation": [32, 0, 0], "uv": [50, 94]},
						{"origin": [-1, 14.05, -5.55], "size": [2, 5, 1], "inflate": -0.1, "pivot": [1, 14.05, -4.55], "rotation": [-21, 0, 0], "uv": [68, 12]},
						{"origin": [-1.75, 12.7, -7.8], "size": [3.5, 1, 5.3], "inflate": -0.2, "uv": [92, 0]},
						{"origin": [-1.75, 12.7, -2.9], "size": [3.5, 1, 3.4], "inflate": -0.199, "pivot": [1.25, 12.9, -2.7], "rotation": [32, 0, 0], "uv": [0, 98]},
						{"origin": [-1.75, 12.7, -10.8], "size": [3.5, 1, 3.4], "inflate": -0.199, "pivot": [1.25, 12.9, -7.6], "rotation": [-47.25, 0, 0], "uv": [35, 94]},
						{"origin": [-1.35, 11.875, -13.175], "size": [2.75, 1, 3.4], "inflate": -0.199, "pivot": [0.9, 12.075, -9.975], "rotation": [-83.25, 0, 0], "uv": [52, 69]},
						{"origin": [0.75, 22.8, -32.175], "size": [1, 3.25, 27.75], "uv": [77, 105]},
						{"origin": [-1.75, 21.95, -4.925], "size": [3.5, 2, 4], "inflate": -0.001, "uv": [92, 14]},
						{"origin": [0.3, 21.95, -1.925], "size": [1.2, 2, 1.2], "inflate": -0.002, "uv": [32, 43]},
						{"origin": [-1.5, 21.95, -1.925], "size": [1.2, 2, 1.2], "inflate": -0.002, "uv": [32, 18]},
						{"origin": [-0.6, 21.6, -1.925], "size": [1.2, 2, 1.2], "inflate": -0.003, "uv": [32, 15]},
						{"origin": [1.35, 24.8, -7.825], "size": [1, 1, 2.75], "inflate": -0.2, "pivot": [2.35, 25.8, -7.275], "rotation": [0, -8.25, 0], "uv": [49, 68]},
						{"origin": [-1.175, 26.475, -19.875], "size": [2.375, 1.725, 9.15], "inflate": -0.002, "uv": [225, 112]},
						{"origin": [0.15, 28, -20.075], "size": [1.3, 1, 9.65], "inflate": -0.2, "uv": [19, 199]},
						{"origin": [-1.15, 28, -20.075], "size": [2, 1, 9.65], "inflate": -0.201, "uv": [96, 96]},
						{"origin": [0.75, 26.05, -32.175], "size": [1, 1.525, 27.75], "inflate": -0.001, "pivot": [1.75, 26.05, -32.175], "rotation": [0, 0, -39.5], "uv": [0, 152]},
						{"origin": [-1.75, 26.05, -32.175], "size": [1, 1.525, 8.25], "inflate": -0.001, "pivot": [-1.75, 26.05, -32.175], "rotation": [0, 0, 39.5], "uv": [15, 90]},
						{"origin": [-2.05, 26.6, -24.275], "size": [1, 1.275, 11.9], "inflate": -0.3, "pivot": [-1.75, 26.05, -32.175], "rotation": [0, 0, 39.5], "uv": [125, 14]},
						{"origin": [-1.75, 21.8, -32.175], "size": [1, 4.25, 8.25], "uv": [56, 0]},
						{"origin": [-1.75, 26.05, -12.675], "size": [1, 1.525, 4], "inflate": -0.001, "pivot": [-1.75, 26.05, -12.675], "rotation": [0, 0, 39.5], "uv": [93, 54]},
						{"origin": [-2.05, 26.85, -9.075], "size": [1, 1.025, 4.95], "inflate": -0.301, "pivot": [-1.75, 26.05, -12.675], "rotation": [0, 0, 39.5], "uv": [93, 49]},
						{"origin": [-1.75, 21.8, -12.675], "size": [1, 4.25, 4], "uv": [38, 54]},
						{"origin": [-1.75, 21.8, -6.175], "size": [1, 3.5, 1.75], "uv": [32, 11]},
						{"origin": [-1, 20.8, -8.925], "size": [1, 3.5, 2.75], "uv": [77, 64]},
						{"origin": [-1.75, 21.3, -8.675], "size": [1, 1.25, 2.5], "uv": [56, 5]},
						{"origin": [-1.75, 22.8, -23.925], "size": [1, 1.25, 11.25], "uv": [128, 60]},
						{"origin": [-0.775, 26.225, -32.175], "size": [1.55, 1, 27.75], "uv": [0, 110]},
						{"origin": [-1.2, 23.4, -118.55], "size": [3, 3, 3], "inflate": -0.4, "pivot": [-0.2, 24.4, -118.55], "rotation": [0, 0, -20], "uv": [63, 66]},
						{"origin": [-1.2, 23.4, -116.55], "size": [3, 3, 10], "pivot": [-0.2, 24.4, -116.55], "rotation": [0, 0, -20], "uv": [77, 105]},
						{"origin": [-0.95, 19, -63.55], "size": [2, 2, 10], "pivot": [-0.95, 20, -63.55], "rotation": [0, 0, -20], "uv": [0, 123]},
						{"origin": [-0.95, 16.5, -63.55], "size": [2, 3.75, 3], "inflate": -0.001, "uv": [53, 54]},
						{"origin": [-2.925, 15, -63.55], "size": [5.6, 2.5, 3], "inflate": 0.1, "uv": [92, 34]},
						{"origin": [-1.2, 23.4, -111.3], "size": [3, 3, 4], "inflate": 0.2, "pivot": [-0.2, 24.4, -117.3], "rotation": [0, 0, -20], "uv": [38, 44]},
						{"origin": [-0.6, 26.07, -44.25], "size": [1.2, 1, 13.75], "inflate": -0.25, "uv": [77, 0]},
						{"origin": [-1.225, 26.1, -44], "size": [1, 1.125, 13], "inflate": 0.001, "pivot": [-1.225, 26.1, -44], "rotation": [0, 0, 50.75], "uv": [38, 54]},
						{"origin": [0.225, 26.1, -44], "size": [1, 1.125, 13], "inflate": 0.001, "pivot": [1.225, 26.1, -44], "rotation": [0, 0, -50.75], "uv": [0, 76]},
						{"origin": [-0.6, 25.62, -107.25], "size": [1.2, 1, 13.75], "inflate": -0.25, "uv": [35, 94]},
						{"origin": [-0.6, 25.62, -94.5], "size": [1.2, 1, 50.75], "inflate": -0.25, "pivot": [-0.95, 26.59, -94.5], "rotation": [0.5, 0, 0], "uv": [154, 77]},
						{"origin": [-1.625, 25.745, -94.25], "size": [1.125, 1, 50.25], "inflate": -0.001, "pivot": [-0.075, 26.715, -85.25], "rotation": [0.3, 0.4, -40], "uv": [120, 153]},
						{"origin": [0.5, 25.745, -94.25], "size": [1.125, 1, 50.25], "inflate": -0.001, "pivot": [0.075, 26.715, -85.25], "rotation": [0.3, -0.4, 40], "uv": [172, 154]},
						{"origin": [-0.95, 23.67, -107.025], "size": [1.925, 1, 62], "uv": [0, 152]},
						{"origin": [-1.5, 24.65, -107], "size": [1.1, 1, 75], "pivot": [-1.5, 24.65, -98], "rotation": [0, 0, 61.5], "uv": [0, 0]},
						{"origin": [-1.5, 24.65, -107], "size": [1, 1, 75], "inflate": 0.001, "pivot": [-1.5, 24.65, -98], "rotation": [0, 0, 11], "uv": [0, 76]},
						{"origin": [0.4, 24.65, -107], "size": [1.1, 1, 75], "pivot": [1.5, 24.65, -98], "rotation": [0, 0, -61.5], "uv": [77, 1]},
						{"origin": [-1.5, 24.65, -98], "size": [1, 1, 54], "pivot": [-1.5, 24.65, -98], "rotation": [0.5, 0, 11], "uv": [64, 153]},
						{"origin": [0.5, 24.65, -98], "size": [1, 1, 54], "pivot": [1.5, 24.65, -98], "rotation": [0.5, 0, -11], "uv": [154, 0]},
						{"origin": [-1.5, 25.125, -44], "size": [1, 1, 12], "pivot": [-1.5, 24.65, -98], "rotation": [0, 0, 11], "uv": [0, 110]},
						{"origin": [0.5, 25.125, -44], "size": [1, 1, 12], "pivot": [1.5, 24.65, -98], "rotation": [0, 0, -11], "uv": [111, 14]},
						{"origin": [-1.3, 25.65, -107], "size": [1, 1.2, 13], "inflate": 0.001, "pivot": [-1.3, 25.65, -107], "rotation": [0, 0, 53], "uv": [77, 14]},
						{"origin": [0.3, 25.65, -107], "size": [1, 1.2, 13], "inflate": 0.001, "pivot": [1.3, 25.65, -107], "rotation": [0, 0, -53], "uv": [0, 90]},
						{"origin": [0.5, 24.65, -107], "size": [1, 1, 75], "inflate": 0.001, "pivot": [1.5, 24.65, -98], "rotation": [0, 0, -11], "uv": [77, 77]},
						{"origin": [-2.25, 31.25, -23.8], "size": [4.75, 1, 3], "inflate": -0.149, "uv": [14, 32]},
						{"origin": [-2.9, 30.6, -18.475], "size": [4, 4, 6], "inflate": -0.3, "pivot": [-2.1, 30.6, -18], "rotation": [0, 0, 32], "uv": [101, 64]},
						{"origin": [-2.1, 31.2, -23.8], "size": [3, 3, 3], "inflate": -0.15, "pivot": [-2.1, 31.2, -23.7], "rotation": [0, 0, 32], "uv": [77, 0]},
						{"origin": [-2.1, 31.05, -33.925], "size": [2, 3, 8], "inflate": -0.3, "pivot": [-1.8, 31.25, -26.7], "rotation": [0, 7.5, 32], "uv": [53, 97]},
						{"origin": [-0.95, 31.05, -33.925], "size": [2, 3, 8], "inflate": -0.3, "pivot": [-1.8, 31.25, -26.7], "rotation": [0, -7.5, 32], "uv": [80, 121]},
						{"origin": [-2, 32.1, -33.925], "size": [3, 2, 8], "inflate": -0.3, "pivot": [-1.8, 31.25, -26.7], "rotation": [-7.5, 0, 32], "uv": [80, 52]},
						{"origin": [-2, 30.95, -33.6], "size": [3, 2, 8], "inflate": -0.3, "pivot": [-1.8, 31.25, -26.7], "rotation": [7.5, 0, 32], "uv": [115, 50]},
						{"origin": [-2.8, 30.7, -39.675], "size": [3.8, 3.8, 6.65], "pivot": [-2.1, 30.6, -41.425], "rotation": [0, 0, 32], "uv": [115, 4]},
						{
							"origin": [0.9, 30.05, 0.425],
							"size": [1.2, 3.225, 1.9],
							"inflate": -0.5,
							"uv": {
								"north": {"uv": [191, 92], "uv_size": [1, 3]},
								"east": {"uv": [190, 92], "uv_size": [1, 3]},
								"south": {"uv": [193, 92], "uv_size": [1, 3]},
								"west": {"uv": [192, 92], "uv_size": [1, 3]},
								"up": {"uv": [191, 91], "uv_size": [1, 1]},
								"down": {"uv": [192, 92], "uv_size": [1, -1]}
							}
						},
						{
							"origin": [-1.575, 32.55, 0.425],
							"size": [3.15, 1.325, 1.9],
							"inflate": -0.5,
							"uv": {
								"north": {"uv": [123, 43], "uv_size": [3, 1]},
								"east": {"uv": [122, 43], "uv_size": [1, 1]},
								"south": {"uv": [127, 43], "uv_size": [3, 1]},
								"west": {"uv": [126, 43], "uv_size": [1, 1]},
								"up": {"uv": [123, 42], "uv_size": [3, 1]},
								"down": {"uv": [126, 43], "uv_size": [3, -1]}
							}
						},
						{
							"origin": [-1.55, 29.45, 0.425],
							"size": [3.05, 1.3, 1.9],
							"inflate": -0.5,
							"uv": {
								"north": {"uv": [193, 120], "uv_size": [3, 1]},
								"east": {"uv": [192, 120], "uv_size": [1, 1]},
								"south": {"uv": [194, 120], "uv_size": [3, 1]},
								"west": {"uv": [196, 120], "uv_size": [1, 1]},
								"up": {"uv": [193, 119], "uv_size": [3, 1]},
								"down": {"uv": [196, 120], "uv_size": [3, -1]}
							}
						},
						{
							"origin": [-2.325, 30.1, 0.425],
							"size": [1.425, 3.2, 1.9],
							"inflate": -0.5,
							"uv": {
								"north": {"uv": [122, 43], "uv_size": [-1, 3]},
								"east": {"uv": [123, 43], "uv_size": [-1, 3]},
								"south": {"uv": [124, 43], "uv_size": [-1, 3]},
								"west": {"uv": [121, 43], "uv_size": [-1, 3]},
								"up": {"uv": [122, 42], "uv_size": [-1, 1]},
								"down": {"uv": [123, 43], "uv_size": [-1, -1]}
							}
						},
						{"origin": [-1, 28.8, -13.175], "size": [2, 3, 2.75], "inflate": -0.2, "uv": [0, 37]},
						{"origin": [-1.4, 27.75, -13.175], "size": [2.8, 2, 2.75], "inflate": -0.198, "uv": [66, 4]},
						{"origin": [-0.125, 28.75, -13.175], "size": [1.525, 1, 2.75], "inflate": -0.199, "pivot": [1.2, 29.55, -12.975], "rotation": [0, 0, 52.75], "uv": [69, 23]},
						{"origin": [-1.4, 28.75, -13.175], "size": [1.525, 1, 2.75], "inflate": -0.199, "pivot": [-1.2, 29.55, -12.975], "rotation": [0, 0, -52.75], "uv": [77, 10]},
						{"origin": [-1.4, 28.75, -20.15], "size": [1.525, 1, 2.75], "inflate": -0.199, "pivot": [-1.2, 29.55, -19.95], "rotation": [0, 0, -52.75], "uv": [77, 69]},
						{"origin": [-0.125, 28.75, -20.15], "size": [1.525, 1, 2.75], "inflate": -0.199, "pivot": [1.2, 29.55, -19.95], "rotation": [0, 0, 52.75], "uv": [77, 77]},
						{"origin": [-1.4, 27.75, -20.15], "size": [2.8, 2, 2.75], "inflate": -0.198, "uv": [77, 40]},
						{"origin": [-2.1, 31.2, -26.9], "size": [3, 3, 4], "inflate": -0.3, "pivot": [-2.1, 31.2, -26.8], "rotation": [0, 0, 32], "uv": [175, 21]},
						{"origin": [-1, 28.8, -20.15], "size": [2, 3, 2.75], "inflate": -0.2, "uv": [56, 0]},
						{"origin": [-2.2, 12.45, -56.775], "size": [2, 2, 16.325], "inflate": -0.2, "pivot": [-2.2, 14.45, -59.45], "rotation": [178.32991, 1.74138, -12.12311], "uv": [34, 115]},
						{"origin": [-2.2, 12.45, -43.1], "size": [2, 2, 3.25], "inflate": -0.1, "pivot": [-2.2, 14.45, -59.45], "rotation": [178.32991, 1.74138, -12.12311], "uv": [77, 54]},
						{"origin": [0.2, 12.45, -43.1], "size": [2, 2, 3.25], "inflate": -0.1, "pivot": [2.2, 14.45, -59.45], "rotation": [178.32991, -1.74138, 12.12311], "uv": [77, 49]},
						{"origin": [-4.325, 12.55, -40.85], "size": [2.5, 4, 1], "pivot": [2.2, 14.45, -59.45], "rotation": [172.52585, -14.48584, 12.50375], "uv": [69, 76]},
						{"origin": [1.825, 12.55, -40.85], "size": [2.5, 4, 1], "pivot": [-2.2, 14.45, -59.45], "rotation": [172.52585, 14.48584, -12.50375], "uv": [69, 18]},
						{"origin": [0.2, 12.45, -57.7], "size": [2, 2, 17.25], "inflate": -0.2, "pivot": [2.2, 14.45, -59.45], "rotation": [178.32991, -1.74138, 12.12311], "uv": [110, 109]},
						{
							"origin": [-1.625, 30, 0.65],
							"size": [3.225, 3.5, 1],
							"inflate": -0.3,
							"uv": {
								"north": {"uv": [202, 67], "uv_size": [3, 3]},
								"east": {"uv": [201, 67], "uv_size": [1, 3]},
								"south": {"uv": [206, 67], "uv_size": [3, 3]},
								"west": {"uv": [205, 67], "uv_size": [1, 3]},
								"up": {"uv": [202, 66], "uv_size": [3, 1]},
								"down": {"uv": [205, 67], "uv_size": [3, -1]}
							}
						}
					]
				},
				{
					"name": "bolt1",
					"parent": "gun",
					"pivot": [0, 24.8, -6.9],
					"cubes": [
						{"origin": [-1.35, 24.425, -23.75], "size": [2, 2, 14.5], "inflate": 0.2, "pivot": [-1.35, 24.425, -8.5], "rotation": [0, 0, 25], "uv": [183, 171]},
						{"origin": [-1.7, 23.925, -4.425], "size": [3.4, 2, 2.8], "uv": [53, 60]},
						{"origin": [-2.775, 23.925, -4.6], "size": [1.9, 1.75, 1.05], "pivot": [-2.775, 23.925, -2.775], "rotation": [0, -20.25, 0], "uv": [166, 92]},
						{"origin": [-1.725, 23.925, -2.35], "size": [2.575, 1.5, 1.5], "uv": [48, 34]},
						{"origin": [-0.5, 23.425, -1.65], "size": [1, 1, 1], "inflate": -0.201, "uv": [28, 43]},
						{"origin": [-1.7, 25.425, -4.425], "size": [2.55, 1.5, 3.575], "uv": [67, 33]},
						{"origin": [-0.3, 24.575, -1.675], "size": [1, 1, 1.5], "inflate": -0.2, "pivot": [-1, 24.575, -0.6], "rotation": [0, 0, -16.5], "uv": [24, 43]},
						{"origin": [-0.2, 25.625, -4.425], "size": [1.05, 1.3, 2.8], "pivot": [0.85, 26.925, -0.85], "rotation": [0, 0, -41], "uv": [11, 32]},
						{"origin": [0.85, 23.925, -2.35], "size": [1.15, 2, 1.5], "inflate": -0.001, "pivot": [0.85, 23.925, -0.85], "rotation": [0, 42.5, 0], "uv": [32, 24]}
					]
				},
				{
					"name": "bolt2",
					"parent": "bolt1",
					"pivot": [0, 24.8, -6.9],
					"cubes": [
						{"origin": [-1.725, 23.4, -8.075], "size": [1, 2, 1.25], "pivot": [-1.725, 23.4, -6.575], "rotation": [0, 0, 6.75], "uv": [32, 27]},
						{"origin": [-2.625, 22.925, -8.075], "size": [1.2, 1, 1.25], "inflate": -0.001, "pivot": [-1.625, 23.925, -6.575], "rotation": [0, 0, -45.25], "uv": [48, 44]},
						{"origin": [-6.525, 22.225, -8.075], "size": [4.2, 1, 1.25], "inflate": -0.001, "pivot": [-2.325, 23.225, -8.075], "rotation": [0, 23, -45.25], "uv": [38, 34]},
						{"origin": [-8.575, 21.725, -8.5], "size": [2, 2, 2], "inflate": 0.1, "pivot": [-2.325, 23.225, -8.075], "rotation": [0, 23, -45.25], "uv": [65, 60]},
						{"origin": [-1.35, 24.425, -9.15], "size": [2, 2, 4.85], "pivot": [-1.35, 24.425, -6.25], "rotation": [0, 0, 25], "uv": [181, 110]}
					]
				},
				{
					"name": "fv2",
					"parent": "gun",
					"pivot": [2.61339, 31.64998, -16.91254],
					"rotation": [0, 0, 87],
					"cubes": [
						{
							"origin": [1.14516, 30.76618, -18.96912],
							"size": [2.60827, 0.51882, 2.30529],
							"pivot": [2.61339, 30.62941, -17.32763],
							"rotation": [-90, 22.5, 0],
							"uv": {
								"north": {"uv": [30, 3], "uv_size": [-3, -3]},
								"east": {"uv": [30, 3], "uv_size": [-3, -3]},
								"south": {"uv": [87, 30], "uv_size": [1.25, 0.25]},
								"west": {"uv": [30, 3], "uv_size": [-3, -3]},
								"up": {"uv": [72, 0], "uv_size": [1.25, 1]},
								"down": {"uv": [72, 2], "uv_size": [1.25, -1]}
							}
						},
						{
							"origin": [1.30924, 30.79881, -18.96912],
							"size": [2.60827, 0.51882, 2.30529],
							"pivot": [2.61339, 30.62941, -17.32763],
							"rotation": [-90, 0, 0],
							"uv": {
								"north": {"uv": [30, 3], "uv_size": [-3, -3]},
								"east": {"uv": [30, 3], "uv_size": [-3, -3]},
								"south": {"uv": [87, 31], "uv_size": [1.25, 0.25]},
								"west": {"uv": [30, 3], "uv_size": [-3, -3]},
								"up": {"uv": [72, 3], "uv_size": [1.25, 1]},
								"down": {"uv": [72, 5], "uv_size": [1.25, -1]}
							}
						},
						{
							"origin": [1.47335, 30.76618, -18.96912],
							"size": [2.60827, 0.51882, 2.30529],
							"pivot": [2.61339, 30.62941, -17.32763],
							"rotation": [-90, -22.5, 0],
							"uv": {
								"north": {"uv": [30, 3], "uv_size": [-3, -3]},
								"east": {"uv": [30, 3], "uv_size": [-3, -3]},
								"south": {"uv": [33, 87], "uv_size": [1.25, 0.25]},
								"west": {"uv": [30, 3], "uv_size": [-3, -3]},
								"up": {"uv": [72, 5], "uv_size": [1.25, 1]},
								"down": {"uv": [72, 7], "uv_size": [1.25, -1]}
							}
						},
						{
							"origin": [2.05076, 29.6285, -18.96912],
							"size": [0.51882, 2.60827, 2.30529],
							"pivot": [2.61339, 30.62941, -17.32763],
							"rotation": [-90, 45, 0],
							"uv": {
								"north": {"uv": [30, 3], "uv_size": [-3, -3]},
								"east": {"uv": [72, 7], "uv_size": [1, 1.25]},
								"south": {"uv": [35, 87], "uv_size": [0.25, 1.25]},
								"west": {"uv": [72, 12], "uv_size": [1, 1.25]},
								"up": {"uv": [27, 0], "uv_size": [3, 3]},
								"down": {"uv": [27, 0], "uv_size": [3, 3]}
							}
						},
						{
							"origin": [2.18987, 29.72144, -18.96912],
							"size": [0.51882, 2.60827, 2.30529],
							"pivot": [2.61339, 30.62941, -17.32763],
							"rotation": [-90, 22.5, 0],
							"uv": {
								"north": {"uv": [30, 3], "uv_size": [-3, -3]},
								"east": {"uv": [72, 14], "uv_size": [1, 1.25]},
								"south": {"uv": [36, 87], "uv_size": [0.25, 1.25]},
								"west": {"uv": [16, 72], "uv_size": [1, 1.25]},
								"up": {"uv": [27, 0], "uv_size": [3, 3]},
								"down": {"uv": [41, 89], "uv_size": [0.25, -1]}
							}
						},
						{
							"origin": [2.35398, 29.75408, -18.96912],
							"size": [0.51882, 2.60827, 2.30529],
							"pivot": [2.61339, 30.62941, -17.32763],
							"rotation": [-90, 0, 0],
							"uv": {
								"north": {"uv": [30, 3], "uv_size": [-3, -3]},
								"east": {"uv": [17, 72], "uv_size": [1, 1.25]},
								"south": {"uv": [87, 37], "uv_size": [0.25, 1.25]},
								"west": {"uv": [18, 72], "uv_size": [1, 1.25]},
								"up": {"uv": [42, 88], "uv_size": [0.25, 1]},
								"down": {"uv": [43, 89], "uv_size": [0.25, -1]}
							}
						},
						{
							"origin": [2.51808, 29.72144, -18.96912],
							"size": [0.51882, 2.60827, 2.30529],
							"pivot": [2.61339, 30.62941, -17.32763],
							"rotation": [-90, -22.5, 0],
							"uv": {
								"north": {"uv": [30, 3], "uv_size": [-3, -3]},
								"east": {"uv": [72, 18], "uv_size": [1, 1.25]},
								"south": {"uv": [39, 87], "uv_size": [0.25, 1.25]},
								"west": {"uv": [19, 72], "uv_size": [1, 1.25]},
								"up": {"uv": [44, 88], "uv_size": [0.25, 1]},
								"down": {"uv": [27, 0], "uv_size": [3, 3]}
							}
						},
						{
							"origin": [2.65719, 29.6285, -18.96912],
							"size": [0.51882, 2.60827, 2.30529],
							"pivot": [2.61339, 30.62941, -17.32763],
							"rotation": [-90, -45, 0],
							"uv": {
								"north": {"uv": [30, 3], "uv_size": [-3, -3]},
								"east": {"uv": [20, 72], "uv_size": [1, 1.25]},
								"south": {"uv": [40, 87], "uv_size": [0.25, 1.25]},
								"west": {"uv": [21, 72], "uv_size": [1, 1.25]},
								"up": {"uv": [27, 0], "uv_size": [3, 3]},
								"down": {"uv": [27, 0], "uv_size": [3, 3]}
							}
						},
						{
							"origin": [1.50084, 31.05199, -13.34889],
							"size": [1.89693, 0.37731, 2.11318],
							"pivot": [2.61339, 30.84449, -12.15508],
							"rotation": [-90, 22.5, 0],
							"uv": {
								"north": {"uv": [30, 3], "uv_size": [-3, -3]},
								"east": {"uv": [88, 50], "uv_size": [1, 0.25]},
								"south": {"uv": [88, 51], "uv_size": [1, 0.25]},
								"west": {"uv": [52, 88], "uv_size": [1, 0.25]},
								"up": {"uv": [5, 73], "uv_size": [1, 1]},
								"down": {"uv": [73, 8], "uv_size": [1, -1]}
							}
						},
						{
							"origin": [1.66492, 31.08464, -13.34889],
							"size": [1.89693, 0.37731, 2.11318],
							"pivot": [2.61339, 30.84449, -12.15508],
							"rotation": [-90, 0, 0],
							"uv": {
								"north": {"uv": [88, 52], "uv_size": [1, 0.25]},
								"east": {"uv": [53, 88], "uv_size": [1, 0.25]},
								"south": {"uv": [88, 53], "uv_size": [1, 0.25]},
								"west": {"uv": [54, 88], "uv_size": [1, 0.25]},
								"up": {"uv": [73, 8], "uv_size": [1, 1]},
								"down": {"uv": [73, 11], "uv_size": [1, -1]}
							}
						},
						{
							"origin": [1.82903, 31.05199, -13.34889],
							"size": [1.89693, 0.37731, 2.11318],
							"pivot": [2.61339, 30.84449, -12.15508],
							"rotation": [-90, -22.5, 0],
							"uv": {
								"north": {"uv": [88, 54], "uv_size": [1, 0.25]},
								"east": {"uv": [88, 55], "uv_size": [1, 0.25]},
								"south": {"uv": [56, 88], "uv_size": [1, 0.25]},
								"west": {"uv": [88, 56], "uv_size": [1, 0.25]},
								"up": {"uv": [73, 11], "uv_size": [1, 1]},
								"down": {"uv": [73, 13], "uv_size": [1, -1]}
							}
						},
						{
							"origin": [2.12152, 30.19923, -13.34889],
							"size": [0.37731, 1.89693, 2.11318],
							"pivot": [2.61339, 30.84449, -12.15508],
							"rotation": [-90, 45, 0],
							"uv": {
								"north": {"uv": [30, 3], "uv_size": [-3, -3]},
								"east": {"uv": [73, 13], "uv_size": [1, 1]},
								"south": {"uv": [88, 57], "uv_size": [0.25, 1]},
								"west": {"uv": [73, 14], "uv_size": [1, 1]},
								"up": {"uv": [27, 0], "uv_size": [3, 3]},
								"down": {"uv": [60, 89], "uv_size": [0.25, -1]}
							}
						},
						{
							"origin": [2.26062, 30.2922, -13.34889],
							"size": [0.37731, 1.89693, 2.11318],
							"pivot": [2.61339, 30.84449, -12.15508],
							"rotation": [-90, 22.5, 0],
							"uv": {
								"north": {"uv": [88, 60], "uv_size": [0.25, 1]},
								"east": {"uv": [73, 15], "uv_size": [1, 1]},
								"south": {"uv": [88, 61], "uv_size": [0.25, 1]},
								"west": {"uv": [73, 16], "uv_size": [1, 1]},
								"up": {"uv": [27, 0], "uv_size": [3, 3]},
								"down": {"uv": [27, 0], "uv_size": [3, 3]}
							}
						},
						{
							"origin": [2.42473, 30.32483, -13.34889],
							"size": [0.37731, 1.89693, 2.11318],
							"pivot": [2.61339, 30.84449, -12.15508],
							"rotation": [-90, 0, 0],
							"uv": {
								"north": {"uv": [30, 3], "uv_size": [-3, -3]},
								"east": {"uv": [73, 17], "uv_size": [1, 1]},
								"south": {"uv": [88, 63], "uv_size": [0.25, 1]},
								"west": {"uv": [73, 18], "uv_size": [1, 1]},
								"up": {"uv": [27, 0], "uv_size": [3, 3]},
								"down": {"uv": [27, 0], "uv_size": [3, 3]}
							}
						},
						{
							"origin": [2.58882, 30.2922, -13.34889],
							"size": [0.37731, 1.89693, 2.11318],
							"pivot": [2.61339, 30.84449, -12.15508],
							"rotation": [-90, -22.5, 0],
							"uv": {
								"north": {"uv": [30, 3], "uv_size": [-3, -3]},
								"east": {"uv": [73, 19], "uv_size": [1, 1]},
								"south": {"uv": [88, 65], "uv_size": [0.25, 1]},
								"west": {"uv": [73, 20], "uv_size": [1, 1]},
								"up": {"uv": [27, 0], "uv_size": [3, 3]},
								"down": {"uv": [27, 0], "uv_size": [3, 3]}
							}
						},
						{
							"origin": [2.72794, 30.19923, -13.34889],
							"size": [0.37731, 1.89693, 2.11318],
							"pivot": [2.61339, 30.84449, -12.15508],
							"rotation": [-90, -45, 0],
							"uv": {
								"north": {"uv": [30, 3], "uv_size": [-3, -3]},
								"east": {"uv": [73, 21], "uv_size": [1, 1]},
								"south": {"uv": [88, 67], "uv_size": [0.25, 1]},
								"west": {"uv": [22, 73], "uv_size": [1, 1]},
								"up": {"uv": [27, 0], "uv_size": [3, 3]},
								"down": {"uv": [27, 0], "uv_size": [3, 3]}
							}
						}
					]
				},
				{
					"name": "fv",
					"parent": "gun",
					"pivot": [-0.13661, 34.58014, -16.33833],
					"cubes": [
						{
							"origin": [-2.29577, 32.70027, -18.71192],
							"size": [3.83569, 0.76297, 3.39013],
							"pivot": [-0.13661, 32.49914, -16.29797],
							"rotation": [-90, 22.5, 0],
							"uv": {
								"north": {"uv": [30, 3], "uv_size": [-3, -3]},
								"east": {"uv": [30, 3], "uv_size": [-3, -3]},
								"south": {"uv": [87, 30], "uv_size": [1.25, 0.25]},
								"west": {"uv": [30, 3], "uv_size": [-3, -3]},
								"up": {"uv": [72, 0], "uv_size": [1.25, 1]},
								"down": {"uv": [72, 2], "uv_size": [1.25, -1]}
							}
						},
						{
							"origin": [-2.05447, 32.74826, -18.71192],
							"size": [3.83569, 0.76297, 3.39013],
							"pivot": [-0.13661, 32.49914, -16.29797],
							"rotation": [-90, 0, 0],
							"uv": {
								"north": {"uv": [30, 3], "uv_size": [-3, -3]},
								"east": {"uv": [30, 3], "uv_size": [-3, -3]},
								"south": {"uv": [87, 31], "uv_size": [1.25, 0.25]},
								"west": {"uv": [30, 3], "uv_size": [-3, -3]},
								"up": {"uv": [72, 3], "uv_size": [1.25, 1]},
								"down": {"uv": [72, 5], "uv_size": [1.25, -1]}
							}
						},
						{
							"origin": [-1.81314, 32.70027, -18.71192],
							"size": [3.83569, 0.76297, 3.39013],
							"pivot": [-0.13661, 32.49914, -16.29797],
							"rotation": [-90, -22.5, 0],
							"uv": {
								"north": {"uv": [30, 3], "uv_size": [-3, -3]},
								"east": {"uv": [30, 3], "uv_size": [-3, -3]},
								"south": {"uv": [33, 87], "uv_size": [1.25, 0.25]},
								"west": {"uv": [30, 3], "uv_size": [-3, -3]},
								"up": {"uv": [72, 5], "uv_size": [1.25, 1]},
								"down": {"uv": [72, 7], "uv_size": [1.25, -1]}
							}
						},
						{
							"origin": [-0.964, 31.02721, -18.71192],
							"size": [0.76297, 3.83569, 3.39013],
							"pivot": [-0.13661, 32.49914, -16.29797],
							"rotation": [-90, 45, 0],
							"uv": {
								"north": {"uv": [30, 3], "uv_size": [-3, -3]},
								"east": {"uv": [72, 7], "uv_size": [1, 1.25]},
								"south": {"uv": [35, 87], "uv_size": [0.25, 1.25]},
								"west": {"uv": [72, 12], "uv_size": [1, 1.25]},
								"up": {"uv": [27, 0], "uv_size": [3, 3]},
								"down": {"uv": [27, 0], "uv_size": [3, 3]}
							}
						},
						{
							"origin": [-0.75943, 31.1639, -18.71192],
							"size": [0.76297, 3.83569, 3.39013],
							"pivot": [-0.13661, 32.49914, -16.29797],
							"rotation": [-90, 22.5, 0],
							"uv": {
								"north": {"uv": [30, 3], "uv_size": [-3, -3]},
								"east": {"uv": [72, 14], "uv_size": [1, 1.25]},
								"south": {"uv": [36, 87], "uv_size": [0.25, 1.25]},
								"west": {"uv": [16, 72], "uv_size": [1, 1.25]},
								"up": {"uv": [27, 0], "uv_size": [3, 3]},
								"down": {"uv": [41, 89], "uv_size": [0.25, -1]}
							}
						},
						{
							"origin": [-0.5181, 31.21189, -18.71192],
							"size": [0.76297, 3.83569, 3.39013],
							"pivot": [-0.13661, 32.49914, -16.29797],
							"rotation": [-90, 0, 0],
							"uv": {
								"north": {"uv": [30, 3], "uv_size": [-3, -3]},
								"east": {"uv": [17, 72], "uv_size": [1, 1.25]},
								"south": {"uv": [87, 37], "uv_size": [0.25, 1.25]},
								"west": {"uv": [18, 72], "uv_size": [1, 1.25]},
								"up": {"uv": [42, 88], "uv_size": [0.25, 1]},
								"down": {"uv": [43, 89], "uv_size": [0.25, -1]}
							}
						},
						{
							"origin": [-0.27677, 31.1639, -18.71192],
							"size": [0.76297, 3.83569, 3.39013],
							"pivot": [-0.13661, 32.49914, -16.29797],
							"rotation": [-90, -22.5, 0],
							"uv": {
								"north": {"uv": [30, 3], "uv_size": [-3, -3]},
								"east": {"uv": [72, 18], "uv_size": [1, 1.25]},
								"south": {"uv": [39, 87], "uv_size": [0.25, 1.25]},
								"west": {"uv": [19, 72], "uv_size": [1, 1.25]},
								"up": {"uv": [44, 88], "uv_size": [0.25, 1]},
								"down": {"uv": [27, 0], "uv_size": [3, 3]}
							}
						},
						{
							"origin": [-0.0722, 31.02721, -18.71192],
							"size": [0.76297, 3.83569, 3.39013],
							"pivot": [-0.13661, 32.49914, -16.29797],
							"rotation": [-90, -45, 0],
							"uv": {
								"north": {"uv": [30, 3], "uv_size": [-3, -3]},
								"east": {"uv": [20, 72], "uv_size": [1, 1.25]},
								"south": {"uv": [40, 87], "uv_size": [0.25, 1.25]},
								"west": {"uv": [21, 72], "uv_size": [1, 1.25]},
								"up": {"uv": [27, 0], "uv_size": [3, 3]},
								"down": {"uv": [27, 0], "uv_size": [3, 3]}
							}
						},
						{
							"origin": [-1.77272, 34.88529, -18.09393],
							"size": [2.78961, 0.55487, 3.10762],
							"pivot": [-0.13661, 34.58014, -16.33833],
							"rotation": [-90, 22.5, 0],
							"uv": {
								"north": {"uv": [30, 3], "uv_size": [-3, -3]},
								"east": {"uv": [88, 50], "uv_size": [1, 0.25]},
								"south": {"uv": [88, 51], "uv_size": [1, 0.25]},
								"west": {"uv": [52, 88], "uv_size": [1, 0.25]},
								"up": {"uv": [5, 73], "uv_size": [1, 1]},
								"down": {"uv": [73, 8], "uv_size": [1, -1]}
							}
						},
						{
							"origin": [-1.53142, 34.93331, -18.09393],
							"size": [2.78961, 0.55487, 3.10762],
							"pivot": [-0.13661, 34.58014, -16.33833],
							"rotation": [-90, 0, 0],
							"uv": {
								"north": {"uv": [88, 52], "uv_size": [1, 0.25]},
								"east": {"uv": [53, 88], "uv_size": [1, 0.25]},
								"south": {"uv": [88, 53], "uv_size": [1, 0.25]},
								"west": {"uv": [54, 88], "uv_size": [1, 0.25]},
								"up": {"uv": [73, 8], "uv_size": [1, 1]},
								"down": {"uv": [73, 11], "uv_size": [1, -1]}
							}
						},
						{
							"origin": [-1.29008, 34.88529, -18.09393],
							"size": [2.78961, 0.55487, 3.10762],
							"pivot": [-0.13661, 34.58014, -16.33833],
							"rotation": [-90, -22.5, 0],
							"uv": {
								"north": {"uv": [88, 54], "uv_size": [1, 0.25]},
								"east": {"uv": [88, 55], "uv_size": [1, 0.25]},
								"south": {"uv": [56, 88], "uv_size": [1, 0.25]},
								"west": {"uv": [88, 56], "uv_size": [1, 0.25]},
								"up": {"uv": [73, 11], "uv_size": [1, 1]},
								"down": {"uv": [73, 13], "uv_size": [1, -1]}
							}
						},
						{
							"origin": [-0.85995, 33.63123, -18.09393],
							"size": [0.55487, 2.78961, 3.10762],
							"pivot": [-0.13661, 34.58014, -16.33833],
							"rotation": [-90, 45, 0],
							"uv": {
								"north": {"uv": [30, 3], "uv_size": [-3, -3]},
								"east": {"uv": [73, 13], "uv_size": [1, 1]},
								"south": {"uv": [88, 57], "uv_size": [0.25, 1]},
								"west": {"uv": [73, 14], "uv_size": [1, 1]},
								"up": {"uv": [27, 0], "uv_size": [3, 3]},
								"down": {"uv": [60, 89], "uv_size": [0.25, -1]}
							}
						},
						{
							"origin": [-0.65538, 33.76795, -18.09393],
							"size": [0.55487, 2.78961, 3.10762],
							"pivot": [-0.13661, 34.58014, -16.33833],
							"rotation": [-90, 22.5, 0],
							"uv": {
								"north": {"uv": [88, 60], "uv_size": [0.25, 1]},
								"east": {"uv": [73, 15], "uv_size": [1, 1]},
								"south": {"uv": [88, 61], "uv_size": [0.25, 1]},
								"west": {"uv": [73, 16], "uv_size": [1, 1]},
								"up": {"uv": [27, 0], "uv_size": [3, 3]},
								"down": {"uv": [27, 0], "uv_size": [3, 3]}
							}
						},
						{
							"origin": [-0.41405, 33.81594, -18.09393],
							"size": [0.55487, 2.78961, 3.10762],
							"pivot": [-0.13661, 34.58014, -16.33833],
							"rotation": [-90, 0, 0],
							"uv": {
								"north": {"uv": [30, 3], "uv_size": [-3, -3]},
								"east": {"uv": [73, 17], "uv_size": [1, 1]},
								"south": {"uv": [88, 63], "uv_size": [0.25, 1]},
								"west": {"uv": [73, 18], "uv_size": [1, 1]},
								"up": {"uv": [27, 0], "uv_size": [3, 3]},
								"down": {"uv": [27, 0], "uv_size": [3, 3]}
							}
						},
						{
							"origin": [-0.17275, 33.76795, -18.09393],
							"size": [0.55487, 2.78961, 3.10762],
							"pivot": [-0.13661, 34.58014, -16.33833],
							"rotation": [-90, -22.5, 0],
							"uv": {
								"north": {"uv": [30, 3], "uv_size": [-3, -3]},
								"east": {"uv": [73, 19], "uv_size": [1, 1]},
								"south": {"uv": [88, 65], "uv_size": [0.25, 1]},
								"west": {"uv": [73, 20], "uv_size": [1, 1]},
								"up": {"uv": [27, 0], "uv_size": [3, 3]},
								"down": {"uv": [27, 0], "uv_size": [3, 3]}
							}
						},
						{
							"origin": [0.03185, 33.63123, -18.09393],
							"size": [0.55487, 2.78961, 3.10762],
							"pivot": [-0.13661, 34.58014, -16.33833],
							"rotation": [-90, -45, 0],
							"uv": {
								"north": {"uv": [30, 3], "uv_size": [-3, -3]},
								"east": {"uv": [73, 21], "uv_size": [1, 1]},
								"south": {"uv": [88, 67], "uv_size": [0.25, 1]},
								"west": {"uv": [22, 73], "uv_size": [1, 1]},
								"up": {"uv": [27, 0], "uv_size": [3, 3]},
								"down": {"uv": [27, 0], "uv_size": [3, 3]}
							}
						}
					]
				},
				{
					"name": "scopeparts",
					"parent": "gun",
					"pivot": [-0.01691, 31.66805, -4.23088],
					"cubes": [
						{
							"origin": [-1.42937, 31.38753, -22.21295],
							"size": [2.83318, 0.56356, 22.67529],
							"pivot": [-0.01278, 31.6693, -10.97368],
							"rotation": [0, 0, 22.5],
							"uv": {
								"north": {"uv": [125, 43], "uv_size": [-4, -5]},
								"east": {"uv": [125, 43], "uv_size": [-4, -5]},
								"south": {"uv": [111, 116], "uv_size": [2, 0]},
								"west": {"uv": [125, 43], "uv_size": [-4, -5]},
								"up": {"uv": [87, 94], "uv_size": [2, 22]},
								"down": {"uv": [89, 116], "uv_size": [2, -22]}
							}
						},
						{
							"origin": [-1.42937, 31.38753, -22.21295],
							"size": [2.83318, 0.56356, 22.67529],
							"uv": {
								"north": {"uv": [125, 43], "uv_size": [-4, -5]},
								"east": {"uv": [125, 43], "uv_size": [-4, -5]},
								"south": {"uv": [111, 116], "uv_size": [2, 0]},
								"west": {"uv": [121, 38], "uv_size": [4, 5]},
								"up": {"uv": [87, 94], "uv_size": [2, 22]},
								"down": {"uv": [89, 116], "uv_size": [2, -22]}
							}
						},
						{
							"origin": [-1.42937, 31.38753, -22.21295],
							"size": [2.83318, 0.56356, 22.67529],
							"pivot": [-0.01278, 31.6693, -10.97368],
							"rotation": [0, 0, -22.5],
							"uv": {
								"north": {"uv": [125, 43], "uv_size": [-4, -5]},
								"east": {"uv": [125, 43], "uv_size": [-4, -5]},
								"south": {"uv": [111, 116], "uv_size": [2, 0]},
								"west": {"uv": [125, 43], "uv_size": [-4, -5]},
								"up": {"uv": [87, 94], "uv_size": [2, 22]},
								"down": {"uv": [89, 116], "uv_size": [2, -22]}
							}
						},
						{
							"origin": [-0.29455, 30.25271, -22.21295],
							"size": [0.56356, 2.83318, 22.67529],
							"pivot": [-0.01278, 31.6693, -10.97368],
							"rotation": [0, 0, 45],
							"uv": {
								"north": {"uv": [125, 43], "uv_size": [-4, -5]},
								"east": {"uv": [65, 116], "uv_size": [22, 2]},
								"south": {"uv": [109, 116], "uv_size": [0, 2]},
								"west": {"uv": [87, 116], "uv_size": [22, 2]},
								"up": {"uv": [121, 43], "uv_size": [4, -5]},
								"down": {"uv": [121, 38], "uv_size": [4, 5]}
							}
						},
						{
							"origin": [-0.29455, 30.25271, -22.21295],
							"size": [0.56356, 2.83318, 22.67529],
							"pivot": [-0.01278, 31.6693, -10.97368],
							"rotation": [0, 0, 22.5],
							"uv": {
								"north": {"uv": [125, 43], "uv_size": [-4, -5]},
								"east": {"uv": [65, 116], "uv_size": [22, 2]},
								"south": {"uv": [109, 116], "uv_size": [0, 2]},
								"west": {"uv": [87, 116], "uv_size": [22, 2]},
								"up": {"uv": [125, 43], "uv_size": [-4, -5]},
								"down": {"uv": [121, 38], "uv_size": [4, 5]}
							}
						},
						{
							"origin": [-0.29455, 30.25271, -22.21295],
							"size": [0.56356, 2.83318, 22.67529],
							"uv": {
								"north": {"uv": [125, 43], "uv_size": [-4, -5]},
								"east": {"uv": [65, 116], "uv_size": [22, 2]},
								"south": {"uv": [109, 116], "uv_size": [0, 2]},
								"west": {"uv": [87, 116], "uv_size": [22, 2]},
								"up": {"uv": [125, 38], "uv_size": [-4, 5]},
								"down": {"uv": [121, 38], "uv_size": [4, 5]}
							}
						},
						{
							"origin": [-0.29455, 30.25271, -22.21295],
							"size": [0.56356, 2.83318, 22.67529],
							"pivot": [-0.01278, 31.6693, -10.97368],
							"rotation": [0, 0, -22.5],
							"uv": {
								"north": {"uv": [125, 43], "uv_size": [-4, -5]},
								"east": {"uv": [65, 116], "uv_size": [22, 2]},
								"south": {"uv": [109, 116], "uv_size": [0, 2]},
								"west": {"uv": [87, 116], "uv_size": [22, 2]},
								"up": {"uv": [121, 38], "uv_size": [4, 5]},
								"down": {"uv": [121, 38], "uv_size": [4, 5]}
							}
						},
						{
							"origin": [-0.29455, 30.25271, -22.21295],
							"size": [0.56356, 2.83318, 22.67529],
							"pivot": [-0.01278, 31.6693, -10.97368],
							"rotation": [0, 0, -45],
							"uv": {
								"north": {"uv": [125, 43], "uv_size": [-4, -5]},
								"east": {"uv": [65, 116], "uv_size": [22, 2]},
								"south": {"uv": [109, 116], "uv_size": [0, 2]},
								"west": {"uv": [87, 116], "uv_size": [22, 2]},
								"up": {"uv": [121, 38], "uv_size": [4, 5]},
								"down": {"uv": [121, 38], "uv_size": [4, 5]}
							}
						},
						{
							"origin": [-1.78155, 31.30657, -6.96493],
							"size": [3.39982, 0.67627, 7.96832],
							"pivot": [-0.08164, 31.64471, -4.82528],
							"rotation": [0, 0, 22.5],
							"uv": {
								"north": {"uv": [132, 50], "uv_size": [3, 0]},
								"east": {"uv": [125, 50], "uv_size": [7, 0]},
								"south": {"uv": [142, 50], "uv_size": [3, 0]},
								"west": {"uv": [125, 43], "uv_size": [-4, -5]},
								"up": {"uv": [132, 43], "uv_size": [3, 7]},
								"down": {"uv": [135, 50], "uv_size": [3, -7]}
							}
						},
						{
							"origin": [-1.78155, 31.30657, -6.96493],
							"size": [3.39982, 0.67627, 7.96832],
							"uv": {
								"north": {"uv": [132, 50], "uv_size": [3, 0]},
								"east": {"uv": [125, 50], "uv_size": [7, 0]},
								"south": {"uv": [125, 43], "uv_size": [-4, -5]},
								"west": {"uv": [125, 43], "uv_size": [-4, -5]},
								"up": {"uv": [132, 43], "uv_size": [3, 7]},
								"down": {"uv": [135, 50], "uv_size": [3, -7]}
							}
						},
						{
							"origin": [-1.78155, 31.30657, -6.96493],
							"size": [3.39982, 0.67627, 7.96832],
							"pivot": [-0.08164, 31.64471, -4.82528],
							"rotation": [0, 0, -22.5],
							"uv": {
								"north": {"uv": [132, 50], "uv_size": [3, 0]},
								"east": {"uv": [125, 50], "uv_size": [7, 0]},
								"south": {"uv": [125, 43], "uv_size": [-4, -5]},
								"west": {"uv": [125, 43], "uv_size": [-4, -5]},
								"up": {"uv": [132, 43], "uv_size": [3, 7]},
								"down": {"uv": [135, 50], "uv_size": [3, -7]}
							}
						},
						{
							"origin": [-0.41978, 29.9448, -6.96493],
							"size": [0.67627, 3.39982, 7.96832],
							"pivot": [-0.08164, 31.64471, -4.82528],
							"rotation": [0, 0, 45],
							"uv": {
								"north": {"uv": [132, 50], "uv_size": [0, 3]},
								"east": {"uv": [125, 50], "uv_size": [7, 3]},
								"south": {"uv": [139, 50], "uv_size": [0, 3]},
								"west": {"uv": [132, 50], "uv_size": [7, 3]},
								"up": {"uv": [132, 43], "uv_size": [0, 7]},
								"down": {"uv": [132, 50], "uv_size": [0, -7]}
							}
						},
						{
							"origin": [-0.41978, 29.9448, -6.96493],
							"size": [0.67627, 3.39982, 7.96832],
							"pivot": [-0.08164, 31.64471, -4.82528],
							"rotation": [0, 0, 22.5],
							"uv": {
								"north": {"uv": [132, 50], "uv_size": [0, 3]},
								"east": {"uv": [139, 50], "uv_size": [-7, 3]},
								"south": {"uv": [139, 50], "uv_size": [0, 3]},
								"west": {"uv": [132, 50], "uv_size": [-7, 3]},
								"up": {"uv": [132, 43], "uv_size": [0, 7]},
								"down": {"uv": [132, 50], "uv_size": [0, -7]}
							}
						},
						{
							"origin": [-0.41978, 29.9448, -6.96493],
							"size": [0.67627, 3.39982, 7.96832],
							"uv": {
								"north": {"uv": [132, 50], "uv_size": [0, 3]},
								"east": {"uv": [125, 50], "uv_size": [7, 3]},
								"south": {"uv": [139, 50], "uv_size": [0, 3]},
								"west": {"uv": [132, 50], "uv_size": [7, 3]},
								"up": {"uv": [132, 43], "uv_size": [0, 7]},
								"down": {"uv": [132, 50], "uv_size": [0, -7]}
							}
						},
						{
							"origin": [-0.41978, 29.9448, -6.96493],
							"size": [0.67627, 3.39982, 7.96832],
							"pivot": [-0.08164, 31.64471, -4.82528],
							"rotation": [0, 0, -22.5],
							"uv": {
								"north": {"uv": [132, 50], "uv_size": [0, 3]},
								"east": {"uv": [125, 50], "uv_size": [7, 3]},
								"south": {"uv": [139, 50], "uv_size": [0, 3]},
								"west": {"uv": [132, 50], "uv_size": [7, 3]},
								"up": {"uv": [132, 43], "uv_size": [0, 7]},
								"down": {"uv": [132, 50], "uv_size": [0, -7]}
							}
						},
						{
							"origin": [-0.41978, 29.9448, -6.96493],
							"size": [0.67627, 3.39982, 7.96832],
							"pivot": [-0.08164, 31.64471, -4.82528],
							"rotation": [0, 0, -45],
							"uv": {
								"north": {"uv": [59, 82], "uv_size": [0, 3]},
								"east": {"uv": [52, 82], "uv_size": [7, 3]},
								"south": {"uv": [66, 82], "uv_size": [0, 3]},
								"west": {"uv": [59, 82], "uv_size": [7, 3]},
								"up": {"uv": [59, 75], "uv_size": [0, 7]},
								"down": {"uv": [59, 82], "uv_size": [0, -7]}
							}
						},
						{
							"origin": [0.94482, 31.46171, -10.31086],
							"size": [1.12855, 0.81151, 3.49229],
							"pivot": [-1.09713, 28.76138, -4.57908],
							"rotation": [0, 25, 22.5],
							"uv": {
								"north": {"uv": [11.5, 79], "uv_size": [-1, 0]},
								"east": {"uv": [14.5, 79], "uv_size": [-3, 0]},
								"south": {"uv": [15.5, 79], "uv_size": [-1, 0]},
								"west": {"uv": [10.5, 79], "uv_size": [-3, 0]},
								"up": {"uv": [11.5, 76], "uv_size": [-1, 3]},
								"down": {"uv": [12.5, 79], "uv_size": [-1, -3]}
							}
						},
						{
							"origin": [2.16026, 31.26845, -10.22658],
							"size": [1.12855, 0.81151, 3.49229],
							"pivot": [-0.0809, 31.71724, -4.49593],
							"rotation": [0, 25, 0],
							"uv": {
								"north": {"uv": [87, 3], "uv_size": [1, 0]},
								"east": {"uv": [84, 3], "uv_size": [3, 0]},
								"south": {"uv": [91, 3], "uv_size": [1, 0]},
								"west": {"uv": [88, 3], "uv_size": [3, 0]},
								"up": {"uv": [87, 0], "uv_size": [1, 3]},
								"down": {"uv": [88, 3], "uv_size": [1, -3]}
							}
						},
						{
							"origin": [2.13498, 31.31016, -10.30887],
							"size": [1.12855, 0.81151, 3.49229],
							"pivot": [0.08872, 31.7118, -4.57908],
							"rotation": [0, 25, -22.5],
							"uv": {
								"north": {"uv": [83, 55], "uv_size": [1, 0]},
								"east": {"uv": [80, 55], "uv_size": [3, 0]},
								"south": {"uv": [87, 55], "uv_size": [1, 0]},
								"west": {"uv": [84, 55], "uv_size": [3, 0]},
								"up": {"uv": [83, 52], "uv_size": [1, 3]},
								"down": {"uv": [84, 55], "uv_size": [1, -3]}
							}
						},
						{
							"origin": [-0.34327, 33.79613, -10.3084],
							"size": [0.81151, 1.12855, 3.49229],
							"pivot": [0.06393, 31.74889, -4.57908],
							"rotation": [25, 0, 45],
							"uv": {
								"north": {"uv": [83, 55], "uv_size": [0, 1]},
								"east": {"uv": [80, 55], "uv_size": [3, 1]},
								"south": {"uv": [86, 55], "uv_size": [0, 1]},
								"west": {"uv": [83, 55], "uv_size": [3, 1]},
								"up": {"uv": [83, 52], "uv_size": [0, 3]},
								"down": {"uv": [83, 55], "uv_size": [0, -3]}
							}
						},
						{
							"origin": [-0.37748, 33.82092, -10.3084],
							"size": [0.81151, 1.12855, 3.49229],
							"pivot": [0.02684, 31.77368, -4.57908],
							"rotation": [25, 0, 22.5],
							"uv": {
								"north": {"uv": [83, 55], "uv_size": [0, 1]},
								"east": {"uv": [80, 55], "uv_size": [3, 1]},
								"south": {"uv": [86, 55], "uv_size": [0, 1]},
								"west": {"uv": [83, 55], "uv_size": [3, 1]},
								"up": {"uv": [83, 52], "uv_size": [0, 3]},
								"down": {"uv": [83, 55], "uv_size": [0, -3]}
							}
						},
						{
							"origin": [-0.41855, 33.82862, -10.30887],
							"size": [0.81151, 1.12855, 3.49229],
							"pivot": [-0.01691, 31.78236, -4.57908],
							"rotation": [25, 0, 0],
							"uv": {
								"north": {"uv": [83, 55], "uv_size": [0, 1]},
								"east": {"uv": [80, 55], "uv_size": [3, 1]},
								"south": {"uv": [86, 55], "uv_size": [0, 1]},
								"west": {"uv": [83, 55], "uv_size": [3, 1]},
								"up": {"uv": [83, 52], "uv_size": [0, 3]},
								"down": {"uv": [83, 55], "uv_size": [0, -3]}
							}
						},
						{
							"origin": [-0.46023, 33.81807, -10.30973],
							"size": [0.81151, 1.12855, 3.49229],
							"pivot": [-0.06066, 31.77368, -4.57908],
							"rotation": [25, 0, -22.5],
							"uv": {
								"north": {"uv": [80, 87], "uv_size": [0, 1]},
								"east": {"uv": [77, 87], "uv_size": [3, 1]},
								"south": {"uv": [83, 87], "uv_size": [0, 1]},
								"west": {"uv": [80, 87], "uv_size": [3, 1]},
								"up": {"uv": [80, 84], "uv_size": [0, 3]},
								"down": {"uv": [80, 87], "uv_size": [0, -3]}
							}
						},
						{
							"origin": [-0.49622, 33.79084, -10.31086],
							"size": [0.81151, 1.12855, 3.49229],
							"pivot": [-0.09775, 31.74889, -4.57908],
							"rotation": [25, 0, -45],
							"uv": {
								"north": {"uv": [80, 87], "uv_size": [0, 1]},
								"east": {"uv": [77, 87], "uv_size": [3, 1]},
								"south": {"uv": [83, 87], "uv_size": [0, 1]},
								"west": {"uv": [80, 87], "uv_size": [3, 1]},
								"up": {"uv": [80, 84], "uv_size": [0, 3]},
								"down": {"uv": [80, 87], "uv_size": [0, -3]}
							}
						},
						{
							"origin": [-2.46781, 31.20143, -3.66938],
							"size": [4.89575, 0.97383, 1.42643],
							"pivot": [-0.02168, 31.67958, -8.41179],
							"rotation": [0, 0, 22.5],
							"uv": {
								"north": {"uv": [126, 44], "uv_size": [4, 0]},
								"east": {"uv": [125, 44], "uv_size": [1, 0]},
								"south": {"uv": [131, 44], "uv_size": [4, 0]},
								"west": {"uv": [130, 44], "uv_size": [1, 0]},
								"up": {"uv": [126, 43], "uv_size": [4, 1]},
								"down": {"uv": [130, 44], "uv_size": [4, -1]}
							}
						},
						{
							"origin": [-2.46459, 31.20011, -3.66938],
							"size": [4.89575, 0.97383, 1.42643],
							"uv": {
								"north": {"uv": [126, 44], "uv_size": [4, 0]},
								"east": {"uv": [125, 44], "uv_size": [1, 0]},
								"south": {"uv": [131, 44], "uv_size": [4, 0]},
								"west": {"uv": [130, 44], "uv_size": [1, 0]},
								"up": {"uv": [126, 43], "uv_size": [4, 1]},
								"down": {"uv": [130, 44], "uv_size": [4, -1]}
							}
						},
						{
							"origin": [-2.46213, 31.19765, -3.66938],
							"size": [4.89575, 0.97383, 1.42643],
							"pivot": [-0.02168, 31.67958, -8.41179],
							"rotation": [0, 0, -22.5],
							"uv": {
								"north": {"uv": [126, 44], "uv_size": [4, 0]},
								"east": {"uv": [125, 44], "uv_size": [1, 0]},
								"south": {"uv": [131, 44], "uv_size": [4, 0]},
								"west": {"uv": [130, 44], "uv_size": [1, 0]},
								"up": {"uv": [126, 43], "uv_size": [4, 1]},
								"down": {"uv": [130, 44], "uv_size": [4, -1]}
							}
						},
						{
							"origin": [-0.51033, 29.24046, -3.66938],
							"size": [0.97383, 4.89575, 1.42643],
							"pivot": [-0.02168, 31.67958, -8.41179],
							"rotation": [0, 0, 45],
							"uv": {
								"north": {"uv": [42, 89], "uv_size": [0, 4]},
								"east": {"uv": [41, 89], "uv_size": [1, 4]},
								"south": {"uv": [43, 89], "uv_size": [0, 4]},
								"west": {"uv": [42, 89], "uv_size": [1, 4]},
								"up": {"uv": [42, 88], "uv_size": [0, 1]},
								"down": {"uv": [42, 89], "uv_size": [0, -1]}
							}
						},
						{
							"origin": [-0.50684, 29.24046, -3.66938],
							"size": [0.97383, 4.89575, 1.42643],
							"pivot": [-0.02168, 31.67958, -8.41179],
							"rotation": [0, 0, 22.5],
							"uv": {
								"north": {"uv": [126, 44], "uv_size": [0, 4]},
								"east": {"uv": [125, 44], "uv_size": [1, 4]},
								"south": {"uv": [127, 44], "uv_size": [0, 4]},
								"west": {"uv": [126, 44], "uv_size": [1, 4]},
								"up": {"uv": [126, 43], "uv_size": [0, 1]},
								"down": {"uv": [126, 44], "uv_size": [0, -1]}
							}
						},
						{
							"origin": [-0.50362, 29.23914, -3.66938],
							"size": [0.97383, 4.89575, 1.42643],
							"uv": {
								"north": {"uv": [126, 44], "uv_size": [0, 4]},
								"east": {"uv": [127, 44], "uv_size": [-1, 4]},
								"south": {"uv": [127, 44], "uv_size": [0, 4]},
								"west": {"uv": [126, 44], "uv_size": [-1, 4]},
								"up": {"uv": [126, 43], "uv_size": [0, 1]},
								"down": {"uv": [126, 44], "uv_size": [0, -1]}
							}
						},
						{
							"origin": [-0.50116, 29.23668, -3.66938],
							"size": [0.97383, 4.89575, 1.42643],
							"pivot": [-0.02168, 31.67958, -8.41179],
							"rotation": [0, 0, -22.5],
							"uv": {
								"north": {"uv": [126, 44], "uv_size": [0, 4]},
								"east": {"uv": [125, 44], "uv_size": [1, 4]},
								"south": {"uv": [127, 44], "uv_size": [0, 4]},
								"west": {"uv": [126, 44], "uv_size": [1, 4]},
								"up": {"uv": [126, 43], "uv_size": [0, 1]},
								"down": {"uv": [126, 44], "uv_size": [0, -1]}
							}
						},
						{
							"origin": [-0.49983, 29.23346, -3.66938],
							"size": [0.97383, 4.89575, 1.42643],
							"pivot": [-0.02168, 31.67958, -8.41179],
							"rotation": [0, 0, -45],
							"uv": {
								"north": {"uv": [126, 44], "uv_size": [0, 4]},
								"east": {"uv": [125, 44], "uv_size": [1, 4]},
								"south": {"uv": [127, 44], "uv_size": [0, 4]},
								"west": {"uv": [126, 44], "uv_size": [1, 4]},
								"up": {"uv": [126, 43], "uv_size": [0, 1]},
								"down": {"uv": [126, 44], "uv_size": [0, -1]}
							}
						},
						{
							"origin": [18.34707, 34.8405, -6.82577],
							"size": [1.12855, 0.81151, 3.49229],
							"pivot": [9.26749, 31.68494, -6.54656],
							"rotation": [0, 25, -157.5],
							"uv": {
								"north": {"uv": [77, 80], "uv_size": [1, 0]},
								"east": {"uv": [74, 80], "uv_size": [3, 0]},
								"south": {"uv": [81, 80], "uv_size": [1, 0]},
								"west": {"uv": [78, 80], "uv_size": [3, 0]},
								"up": {"uv": [77, 77], "uv_size": [1, 3]},
								"down": {"uv": [78, 80], "uv_size": [1, -3]}
							}
						},
						{
							"origin": [18.98314, 31.2855, -6.52918],
							"size": [1.12855, 0.81643, 3.49229],
							"pivot": [9.26749, 31.68494, -6.54656],
							"rotation": [0, 25, -180],
							"uv": {
								"north": {"uv": [79, 4], "uv_size": [1, 0]},
								"east": {"uv": [76, 4], "uv_size": [3, 0]},
								"south": {"uv": [83, 4], "uv_size": [1, 0]},
								"west": {"uv": [80, 4], "uv_size": [3, 0]},
								"up": {"uv": [79, 1], "uv_size": [1, 3]},
								"down": {"uv": [80, 4], "uv_size": [1, -3]}
							}
						},
						{
							"origin": [18.32417, 27.56933, -6.83645],
							"size": [1.12855, 0.81151, 3.49229],
							"pivot": [9.26749, 31.59744, -6.54656],
							"rotation": [0, 25, 157.5],
							"uv": {
								"north": {"uv": [87, 81], "uv_size": [1, 0]},
								"east": {"uv": [84, 81], "uv_size": [3, 0]},
								"south": {"uv": [91, 81], "uv_size": [1, 0]},
								"west": {"uv": [88, 81], "uv_size": [3, 0]},
								"up": {"uv": [87, 78], "uv_size": [1, 3]},
								"down": {"uv": [88, 81], "uv_size": [1, -3]}
							}
						},
						{
							"origin": [15.5467, 38.76335, -7.70084],
							"size": [0.81151, 1.12855, 3.49229],
							"pivot": [9.29228, 31.56035, -6.54656],
							"rotation": [25, 0, -135],
							"uv": {
								"north": {"uv": [7, 87], "uv_size": [0, 1]},
								"east": {"uv": [4, 87], "uv_size": [3, 1]},
								"south": {"uv": [10, 87], "uv_size": [0, 1]},
								"west": {"uv": [7, 87], "uv_size": [3, 1]},
								"up": {"uv": [7, 84], "uv_size": [0, 3]},
								"down": {"uv": [7, 87], "uv_size": [0, -3]}
							}
						},
						{
							"origin": [17.60767, 35.97234, -8.99075],
							"size": [0.81151, 1.12855, 3.49229],
							"pivot": [9.32937, 31.53556, -6.54656],
							"rotation": [25, 0, -157.5],
							"uv": {
								"north": {"uv": [81, 87], "uv_size": [0, 1]},
								"east": {"uv": [78, 87], "uv_size": [3, 1]},
								"south": {"uv": [84, 87], "uv_size": [0, 1]},
								"west": {"uv": [81, 87], "uv_size": [3, 1]},
								"up": {"uv": [81, 84], "uv_size": [0, 3]},
								"down": {"uv": [81, 87], "uv_size": [0, -3]}
							}
						},
						{
							"origin": [18.35324, 32.70607, -10.50977],
							"size": [0.81151, 1.12855, 3.49229],
							"pivot": [9.37312, 31.52686, -6.54656],
							"rotation": [25, 0, -180],
							"uv": {
								"north": {"uv": [15, 3], "uv_size": [0, 1]},
								"east": {"uv": [12, 3], "uv_size": [3, 1]},
								"south": {"uv": [18, 3], "uv_size": [0, 1]},
								"west": {"uv": [15, 3], "uv_size": [3, 1]},
								"up": {"uv": [15, 0], "uv_size": [0, 3]},
								"down": {"uv": [15, 3], "uv_size": [0, -3]}
							}
						},
						{
							"origin": [17.66989, 29.46176, -12.02668],
							"size": [0.81151, 1.12855, 3.49229],
							"pivot": [9.41687, 31.53556, -6.54656],
							"rotation": [25, 0, 157.5],
							"uv": {
								"north": {"uv": [19, 88], "uv_size": [0, 1]},
								"east": {"uv": [16, 88], "uv_size": [3, 1]},
								"south": {"uv": [22, 88], "uv_size": [0, 1]},
								"west": {"uv": [19, 88], "uv_size": [3, 1]},
								"up": {"uv": [19, 85], "uv_size": [0, 3]},
								"down": {"uv": [19, 88], "uv_size": [0, -3]}
							}
						},
						{
							"origin": [15.66167, 26.73332, -13.31054],
							"size": [0.81151, 1.12855, 3.49229],
							"pivot": [9.45396, 31.56035, -6.54656],
							"rotation": [25, 0, 135],
							"uv": {
								"north": {"uv": [81, 88], "uv_size": [0, 1]},
								"east": {"uv": [78, 88], "uv_size": [3, 1]},
								"south": {"uv": [84, 88], "uv_size": [0, 1]},
								"west": {"uv": [81, 88], "uv_size": [3, 1]},
								"up": {"uv": [81, 85], "uv_size": [0, 3]},
								"down": {"uv": [81, 88], "uv_size": [0, -3]}
							}
						},
						{
							"origin": [-0.38043, 29.84766, -5.83362],
							"size": [0.73036, 3.6718, 3.54148],
							"uv": {
								"north": {"uv": [83, 55], "uv_size": [0, 3]},
								"east": {"uv": [80, 55], "uv_size": [3, 3]},
								"south": {"uv": [86, 55], "uv_size": [0, 3]},
								"west": {"uv": [83, 55], "uv_size": [3, 3]},
								"up": {"uv": [83, 52], "uv_size": [0, 3]},
								"down": {"uv": [83, 55], "uv_size": [0, -3]}
							}
						},
						{
							"origin": [-0.38043, 29.84766, -5.83362],
							"size": [0.73036, 3.6718, 3.54148],
							"pivot": [-0.01524, 31.68357, -4.06288],
							"rotation": [0, 0, 22.5],
							"uv": {
								"north": {"uv": [83, 55], "uv_size": [0, 3]},
								"east": {"uv": [80, 55], "uv_size": [3, 3]},
								"south": {"uv": [86, 55], "uv_size": [0, 3]},
								"west": {"uv": [83, 55], "uv_size": [3, 3]},
								"up": {"uv": [83, 52], "uv_size": [0, 3]},
								"down": {"uv": [83, 55], "uv_size": [0, -3]}
							}
						},
						{
							"origin": [-0.38043, 29.84766, -5.83362],
							"size": [0.73036, 3.6718, 3.54148],
							"pivot": [-0.01524, 31.68357, -4.06288],
							"rotation": [0, 0, 45],
							"uv": {
								"north": {"uv": [83, 55], "uv_size": [0, 3]},
								"east": {"uv": [80, 55], "uv_size": [3, 3]},
								"south": {"uv": [86, 55], "uv_size": [0, 3]},
								"west": {"uv": [83, 55], "uv_size": [3, 3]},
								"up": {"uv": [83, 52], "uv_size": [0, 3]},
								"down": {"uv": [83, 55], "uv_size": [0, -3]}
							}
						},
						{
							"origin": [-1.85115, 31.31838, -5.83362],
							"size": [3.6718, 0.73036, 3.54148],
							"pivot": [-0.01524, 31.68357, -4.06288],
							"rotation": [0, 0, -22.5],
							"uv": {
								"north": {"uv": [83, 55], "uv_size": [3, 0]},
								"east": {"uv": [80, 55], "uv_size": [3, 0]},
								"south": {"uv": [89, 55], "uv_size": [3, 0]},
								"west": {"uv": [86, 55], "uv_size": [3, 0]},
								"up": {"uv": [83, 52], "uv_size": [3, 3]},
								"down": {"uv": [86, 55], "uv_size": [3, -3]}
							}
						},
						{
							"origin": [-0.38043, 29.84766, -5.83362],
							"size": [0.73036, 3.6718, 3.54148],
							"pivot": [-0.01524, 31.68357, -4.06288],
							"rotation": [0, 0, -45],
							"uv": {
								"north": {"uv": [83, 55], "uv_size": [0, 3]},
								"east": {"uv": [80, 55], "uv_size": [3, 3]},
								"south": {"uv": [86, 55], "uv_size": [0, 3]},
								"west": {"uv": [83, 55], "uv_size": [3, 3]},
								"up": {"uv": [83, 52], "uv_size": [0, 3]},
								"down": {"uv": [83, 55], "uv_size": [0, -3]}
							}
						},
						{
							"origin": [-0.38043, 29.84766, -5.83362],
							"size": [0.73036, 3.6718, 3.54148],
							"pivot": [-0.01524, 31.68357, -4.06288],
							"rotation": [0, 0, -22.5],
							"uv": {
								"north": {"uv": [83, 55], "uv_size": [0, 3]},
								"east": {"uv": [80, 55], "uv_size": [3, 3]},
								"south": {"uv": [86, 55], "uv_size": [0, 3]},
								"west": {"uv": [83, 55], "uv_size": [3, 3]},
								"up": {"uv": [83, 52], "uv_size": [0, 3]},
								"down": {"uv": [83, 55], "uv_size": [0, -3]}
							}
						},
						{
							"origin": [-1.85115, 31.31838, -5.83362],
							"size": [3.6718, 0.73036, 3.54148],
							"uv": {
								"north": {"uv": [83, 55], "uv_size": [3, 0]},
								"east": {"uv": [80, 55], "uv_size": [3, 0]},
								"south": {"uv": [89, 55], "uv_size": [3, 0]},
								"west": {"uv": [86, 55], "uv_size": [3, 0]},
								"up": {"uv": [83, 52], "uv_size": [3, 3]},
								"down": {"uv": [86, 55], "uv_size": [3, -3]}
							}
						},
						{
							"origin": [-1.85115, 31.31838, -5.83362],
							"size": [3.6718, 0.73036, 3.54148],
							"pivot": [-0.01524, 31.68357, -4.06288],
							"rotation": [0, 0, 22.5],
							"uv": {
								"north": {"uv": [83, 55], "uv_size": [3, 0]},
								"east": {"uv": [80, 55], "uv_size": [3, 0]},
								"south": {"uv": [89, 55], "uv_size": [3, 0]},
								"west": {"uv": [86, 55], "uv_size": [3, 0]},
								"up": {"uv": [83, 52], "uv_size": [3, 3]},
								"down": {"uv": [86, 55], "uv_size": [3, -3]}
							}
						},
						{
							"origin": [-2.05535, 31.26958, -7.94867],
							"size": [4.07978, 0.81151, 3.54148],
							"pivot": [-0.01691, 31.66805, -4.72275],
							"rotation": [0, 0, 22.5],
							"uv": {
								"north": {"uv": [83, 55], "uv_size": [4, 0]},
								"east": {"uv": [80, 55], "uv_size": [3, 0]},
								"south": {"uv": [90, 55], "uv_size": [4, 0]},
								"west": {"uv": [87, 55], "uv_size": [3, 0]},
								"up": {"uv": [83, 52], "uv_size": [4, 3]},
								"down": {"uv": [87, 55], "uv_size": [4, -3]}
							}
						},
						{
							"origin": [-2.05267, 31.26845, -7.94867],
							"size": [4.07978, 0.81151, 3.54148],
							"uv": {
								"north": {"uv": [83, 55], "uv_size": [4, 0]},
								"east": {"uv": [80, 55], "uv_size": [3, 0]},
								"south": {"uv": [90, 55], "uv_size": [4, 0]},
								"west": {"uv": [87, 55], "uv_size": [3, 0]},
								"up": {"uv": [83, 52], "uv_size": [4, 3]},
								"down": {"uv": [87, 55], "uv_size": [4, -3]}
							}
						},
						{
							"origin": [-2.05063, 31.26641, -7.94867],
							"size": [4.07978, 0.81151, 3.54148],
							"pivot": [-0.01691, 31.66805, -4.72275],
							"rotation": [0, 0, -22.5],
							"uv": {
								"north": {"uv": [128, 46], "uv_size": [4, 0]},
								"east": {"uv": [125, 46], "uv_size": [3, 0]},
								"south": {"uv": [135, 46], "uv_size": [4, 0]},
								"west": {"uv": [132, 46], "uv_size": [3, 0]},
								"up": {"uv": [128, 43], "uv_size": [4, 3]},
								"down": {"uv": [132, 46], "uv_size": [4, -3]}
							}
						},
						{
							"origin": [-0.42413, 29.63544, -7.94867],
							"size": [0.81151, 4.07978, 3.54148],
							"pivot": [-0.01691, 31.66805, -4.72275],
							"rotation": [0, 0, 45],
							"uv": {
								"north": {"uv": [128, 46], "uv_size": [0, 4]},
								"east": {"uv": [125, 46], "uv_size": [3, 4]},
								"south": {"uv": [131, 46], "uv_size": [0, 4]},
								"west": {"uv": [128, 46], "uv_size": [3, 4]},
								"up": {"uv": [128, 43], "uv_size": [0, 3]},
								"down": {"uv": [128, 46], "uv_size": [0, -3]}
							}
						},
						{
							"origin": [-0.42123, 29.63544, -7.94867],
							"size": [0.81151, 4.07978, 3.54148],
							"pivot": [-0.01691, 31.66805, -4.72275],
							"rotation": [0, 0, 22.5],
							"uv": {
								"north": {"uv": [128, 46], "uv_size": [0, 4]},
								"east": {"uv": [125, 46], "uv_size": [3, 4]},
								"south": {"uv": [131, 46], "uv_size": [0, 4]},
								"west": {"uv": [128, 46], "uv_size": [3, 4]},
								"up": {"uv": [128, 43], "uv_size": [0, 3]},
								"down": {"uv": [128, 46], "uv_size": [0, -3]}
							}
						},
						{
							"origin": [-0.41855, 29.63433, -7.94867],
							"size": [0.81151, 4.07978, 3.54148],
							"uv": {
								"north": {"uv": [128, 46], "uv_size": [0, 4]},
								"east": {"uv": [125, 46], "uv_size": [3, 4]},
								"south": {"uv": [131, 46], "uv_size": [0, 4]},
								"west": {"uv": [128, 46], "uv_size": [3, 4]},
								"up": {"uv": [128, 43], "uv_size": [0, 3]},
								"down": {"uv": [128, 46], "uv_size": [0, -3]}
							}
						},
						{
							"origin": [-0.41648, 29.63229, -7.94867],
							"size": [0.81151, 4.07978, 3.54148],
							"pivot": [-0.01691, 31.66805, -4.72275],
							"rotation": [0, 0, -22.5],
							"uv": {
								"north": {"uv": [83, 55], "uv_size": [0, 4]},
								"east": {"uv": [80, 55], "uv_size": [3, 4]},
								"south": {"uv": [86, 55], "uv_size": [0, 4]},
								"west": {"uv": [83, 55], "uv_size": [3, 4]},
								"up": {"uv": [83, 52], "uv_size": [0, 3]},
								"down": {"uv": [83, 55], "uv_size": [0, -3]}
							}
						},
						{
							"origin": [-0.41538, 29.62961, -7.94867],
							"size": [0.81151, 4.07978, 3.54148],
							"pivot": [-0.01691, 31.66805, -4.72275],
							"rotation": [0, 0, -45],
							"uv": {
								"north": {"uv": [128, 46], "uv_size": [0, 4]},
								"east": {"uv": [131, 46], "uv_size": [-3, 4]},
								"south": {"uv": [131, 46], "uv_size": [0, 4]},
								"west": {"uv": [128, 46], "uv_size": [-3, 4]},
								"up": {"uv": [128, 43], "uv_size": [0, 3]},
								"down": {"uv": [128, 46], "uv_size": [0, -3]}
							}
						},
						{
							"origin": [-2.05535, 31.26958, -3.2267],
							"size": [4.07978, 0.81151, 3.29554],
							"pivot": [-0.01691, 31.66805, -5.11625],
							"rotation": [0, 0, 22.5],
							"uv": {
								"north": {"uv": [128, 46], "uv_size": [4, 0]},
								"east": {"uv": [125, 46], "uv_size": [3, 0]},
								"south": {"uv": [135, 46], "uv_size": [4, 0]},
								"west": {"uv": [132, 46], "uv_size": [3, 0]},
								"up": {"uv": [128, 43], "uv_size": [4, 3]},
								"down": {"uv": [132, 46], "uv_size": [4, -3]}
							}
						},
						{
							"origin": [-2.05267, 31.26845, -3.2267],
							"size": [4.07978, 0.81151, 3.29554],
							"uv": {
								"north": {"uv": [132, 46], "uv_size": [-4, 0]},
								"east": {"uv": [135, 46], "uv_size": [-3, 0]},
								"south": {"uv": [139, 46], "uv_size": [-4, 0]},
								"west": {"uv": [128, 46], "uv_size": [-3, 0]},
								"up": {"uv": [132, 43], "uv_size": [-4, 3]},
								"down": {"uv": [136, 46], "uv_size": [-4, -3]}
							}
						},
						{
							"origin": [-2.05063, 31.26641, -3.2267],
							"size": [4.07978, 0.81151, 3.29554],
							"pivot": [-0.01691, 31.66805, -5.11625],
							"rotation": [0, 0, -22.5],
							"uv": {
								"north": {"uv": [128, 46], "uv_size": [4, 0]},
								"east": {"uv": [125, 46], "uv_size": [3, 0]},
								"south": {"uv": [135, 46], "uv_size": [4, 0]},
								"west": {"uv": [132, 46], "uv_size": [3, 0]},
								"up": {"uv": [128, 43], "uv_size": [4, 3]},
								"down": {"uv": [132, 46], "uv_size": [4, -3]}
							}
						},
						{
							"origin": [-0.42413, 29.63544, -3.2267],
							"size": [0.81151, 4.07978, 3.29554],
							"pivot": [-0.01691, 31.66805, -5.11625],
							"rotation": [0, 0, 45],
							"uv": {
								"north": {"uv": [128, 46], "uv_size": [0, 4]},
								"east": {"uv": [125, 46], "uv_size": [3, 4]},
								"south": {"uv": [131, 46], "uv_size": [0, 4]},
								"west": {"uv": [128, 46], "uv_size": [3, 4]},
								"up": {"uv": [128, 43], "uv_size": [0, 3]},
								"down": {"uv": [128, 46], "uv_size": [0, -3]}
							}
						},
						{
							"origin": [-0.42123, 29.63544, -3.2267],
							"size": [0.81151, 4.07978, 3.29554],
							"pivot": [-0.01691, 31.66805, -5.11625],
							"rotation": [0, 0, 22.5],
							"uv": {
								"north": {"uv": [128, 46], "uv_size": [0, 4]},
								"east": {"uv": [131, 46], "uv_size": [-3, 4]},
								"south": {"uv": [131, 46], "uv_size": [0, 4]},
								"west": {"uv": [128, 46], "uv_size": [-3, 4]},
								"up": {"uv": [128, 43], "uv_size": [0, 3]},
								"down": {"uv": [128, 46], "uv_size": [0, -3]}
							}
						},
						{
							"origin": [-0.41855, 29.63433, -3.2267],
							"size": [0.81151, 4.07978, 3.29554],
							"uv": {
								"north": {"uv": [128, 46], "uv_size": [0, 4]},
								"east": {"uv": [125, 46], "uv_size": [3, 4]},
								"south": {"uv": [131, 46], "uv_size": [0, 4]},
								"west": {"uv": [128, 46], "uv_size": [3, 4]},
								"up": {"uv": [128, 43], "uv_size": [0, 3]},
								"down": {"uv": [128, 46], "uv_size": [0, -3]}
							}
						},
						{
							"origin": [-0.41648, 29.63229, -3.2267],
							"size": [0.81151, 4.07978, 3.29554],
							"pivot": [-0.01691, 31.66805, -5.11625],
							"rotation": [0, 0, -22.5],
							"uv": {
								"north": {"uv": [128, 46], "uv_size": [0, 4]},
								"east": {"uv": [131, 46], "uv_size": [-3, 4]},
								"south": {"uv": [131, 46], "uv_size": [0, 4]},
								"west": {"uv": [128, 46], "uv_size": [-3, 4]},
								"up": {"uv": [128, 43], "uv_size": [0, 3]},
								"down": {"uv": [128, 46], "uv_size": [0, -3]}
							}
						},
						{
							"origin": [-0.41538, 29.62961, -3.2267],
							"size": [0.81151, 4.07978, 3.29554],
							"pivot": [-0.01691, 31.66805, -5.11625],
							"rotation": [0, 0, -45],
							"uv": {
								"north": {"uv": [128, 46], "uv_size": [0, 4]},
								"east": {"uv": [125, 46], "uv_size": [3, 4]},
								"south": {"uv": [131, 46], "uv_size": [0, 4]},
								"west": {"uv": [128, 46], "uv_size": [3, 4]},
								"up": {"uv": [128, 43], "uv_size": [0, 3]},
								"down": {"uv": [128, 46], "uv_size": [0, -3]}
							}
						},
						{
							"origin": [-0.41538, 33.31865, 0.80665],
							"size": [0.81151, 0.39074, 1.08212],
							"pivot": [-0.01691, 31.66805, -4.23088],
							"rotation": [0, 0, -45],
							"uv": {
								"north": {"uv": [93.5, 93], "uv_size": [0, 0]},
								"east": {"uv": [94.5, 93], "uv_size": [-1, 0]},
								"south": {"uv": [94.5, 93], "uv_size": [0, 0]},
								"west": {"uv": [93.5, 93], "uv_size": [-1, 0]},
								"up": {"uv": [93.5, 92], "uv_size": [0, 1]},
								"down": {"uv": [93.5, 93], "uv_size": [0, -1]}
							}
						},
						{
							"origin": [-0.41538, 29.62961, 0.80665],
							"size": [0.81151, 0.39074, 1.08212],
							"pivot": [-0.01691, 31.66805, -4.23088],
							"rotation": [0, 0, -45],
							"uv": {
								"north": {"uv": [126, 44], "uv_size": [0, 0]},
								"east": {"uv": [125, 44], "uv_size": [1, 0]},
								"south": {"uv": [127, 44], "uv_size": [0, 0]},
								"west": {"uv": [126, 44], "uv_size": [1, 0]},
								"up": {"uv": [126, 43], "uv_size": [0, 1]},
								"down": {"uv": [126, 44], "uv_size": [0, -1]}
							}
						},
						{
							"origin": [-0.41648, 33.32133, 0.80665],
							"size": [0.81151, 0.39074, 1.08212],
							"pivot": [-0.01691, 31.66805, -4.23088],
							"rotation": [0, 0, -22.5],
							"uv": {
								"north": {"uv": [126, 44], "uv_size": [0, 0]},
								"east": {"uv": [125, 44], "uv_size": [1, 0]},
								"south": {"uv": [127, 44], "uv_size": [0, 0]},
								"west": {"uv": [126, 44], "uv_size": [1, 0]},
								"up": {"uv": [126, 43], "uv_size": [0, 1]},
								"down": {"uv": [126, 44], "uv_size": [0, -1]}
							}
						},
						{
							"origin": [-0.41648, 29.63229, 0.80665],
							"size": [0.81151, 0.39074, 1.08212],
							"pivot": [-0.01691, 31.66805, -4.23088],
							"rotation": [0, 0, -22.5],
							"uv": {
								"north": {"uv": [126, 44], "uv_size": [0, 0]},
								"east": {"uv": [125, 44], "uv_size": [1, 0]},
								"south": {"uv": [127, 44], "uv_size": [0, 0]},
								"west": {"uv": [126, 44], "uv_size": [1, 0]},
								"up": {"uv": [126, 43], "uv_size": [0, 1]},
								"down": {"uv": [126, 44], "uv_size": [0, -1]}
							}
						},
						{
							"origin": [-0.41855, 33.32337, 0.80665],
							"size": [0.81151, 0.39074, 1.08212],
							"uv": {
								"north": {"uv": [126, 44], "uv_size": [0, 0]},
								"east": {"uv": [125, 44], "uv_size": [1, 0]},
								"south": {"uv": [127, 44], "uv_size": [0, 0]},
								"west": {"uv": [126, 44], "uv_size": [1, 0]},
								"up": {"uv": [126, 43], "uv_size": [0, 1]},
								"down": {"uv": [126, 44], "uv_size": [0, -1]}
							}
						},
						{
							"origin": [-0.41855, 29.63433, 0.80665],
							"size": [0.81151, 0.39074, 1.08212],
							"uv": {
								"north": {"uv": [126, 44], "uv_size": [0, 0]},
								"east": {"uv": [125, 44], "uv_size": [1, 0]},
								"south": {"uv": [127, 44], "uv_size": [0, 0]},
								"west": {"uv": [126, 44], "uv_size": [1, 0]},
								"up": {"uv": [126, 43], "uv_size": [0, 1]},
								"down": {"uv": [126, 44], "uv_size": [0, -1]}
							}
						},
						{
							"origin": [-0.42123, 33.32448, 0.80665],
							"size": [0.81151, 0.39074, 1.08212],
							"pivot": [-0.01691, 31.66805, -4.23088],
							"rotation": [0, 0, 22.5],
							"uv": {
								"north": {"uv": [126, 44], "uv_size": [0, 0]},
								"east": {"uv": [125, 44], "uv_size": [1, 0]},
								"south": {"uv": [127, 44], "uv_size": [0, 0]},
								"west": {"uv": [126, 44], "uv_size": [1, 0]},
								"up": {"uv": [126, 43], "uv_size": [0, 1]},
								"down": {"uv": [126, 44], "uv_size": [0, -1]}
							}
						},
						{
							"origin": [-0.42123, 29.63544, 0.80665],
							"size": [0.81151, 0.39074, 1.08212],
							"pivot": [-0.01691, 31.66805, -4.23088],
							"rotation": [0, 0, 22.5],
							"uv": {
								"north": {"uv": [126, 44], "uv_size": [0, 0]},
								"east": {"uv": [125, 44], "uv_size": [1, 0]},
								"south": {"uv": [127, 44], "uv_size": [0, 0]},
								"west": {"uv": [126, 44], "uv_size": [1, 0]},
								"up": {"uv": [126, 43], "uv_size": [0, 1]},
								"down": {"uv": [126, 44], "uv_size": [0, -1]}
							}
						},
						{
							"origin": [-0.42413, 33.32448, 0.80665],
							"size": [0.81151, 0.39074, 1.08212],
							"pivot": [-0.01691, 31.66805, -4.23088],
							"rotation": [0, 0, 45],
							"uv": {
								"north": {"uv": [126, 44], "uv_size": [0, 0]},
								"east": {"uv": [125, 44], "uv_size": [1, 0]},
								"south": {"uv": [127, 44], "uv_size": [0, 0]},
								"west": {"uv": [126, 44], "uv_size": [1, 0]},
								"up": {"uv": [126, 43], "uv_size": [0, 1]},
								"down": {"uv": [126, 44], "uv_size": [0, -1]}
							}
						},
						{
							"origin": [-0.42413, 29.63544, 0.80665],
							"size": [0.81151, 0.39074, 1.08212],
							"pivot": [-0.01691, 31.66805, -4.23088],
							"rotation": [0, 0, 45],
							"uv": {
								"north": {"uv": [126, 44], "uv_size": [0, 0]},
								"east": {"uv": [125, 44], "uv_size": [1, 0]},
								"south": {"uv": [127, 44], "uv_size": [0, 0]},
								"west": {"uv": [126, 44], "uv_size": [1, 0]},
								"up": {"uv": [126, 43], "uv_size": [0, 1]},
								"down": {"uv": [126, 44], "uv_size": [0, -1]}
							}
						},
						{
							"origin": [1.63841, 31.26641, 0.80665],
							"size": [0.39074, 0.81151, 1.08212],
							"pivot": [-0.01691, 31.66805, -4.23088],
							"rotation": [0, 0, -22.5],
							"uv": {
								"north": {"uv": [126, 44], "uv_size": [0, 0]},
								"east": {"uv": [125, 44], "uv_size": [1, 0]},
								"south": {"uv": [127, 44], "uv_size": [0, 0]},
								"west": {"uv": [126, 44], "uv_size": [1, 0]},
								"up": {"uv": [126, 43], "uv_size": [0, 1]},
								"down": {"uv": [126, 44], "uv_size": [0, -1]}
							}
						},
						{
							"origin": [-2.05063, 31.26641, 0.80665],
							"size": [0.39074, 0.81151, 1.08212],
							"pivot": [-0.01691, 31.66805, -4.23088],
							"rotation": [0, 0, -22.5],
							"uv": {
								"north": {"uv": [126, 44], "uv_size": [0, 0]},
								"east": {"uv": [125, 44], "uv_size": [1, 0]},
								"south": {"uv": [127, 44], "uv_size": [0, 0]},
								"west": {"uv": [126, 44], "uv_size": [1, 0]},
								"up": {"uv": [126, 43], "uv_size": [0, 1]},
								"down": {"uv": [126, 44], "uv_size": [0, -1]}
							}
						},
						{
							"origin": [1.63637, 31.26845, 0.80665],
							"size": [0.39074, 0.81151, 1.08212],
							"uv": {
								"north": {"uv": [126, 44], "uv_size": [0, 0]},
								"east": {"uv": [125, 44], "uv_size": [1, 0]},
								"south": {"uv": [127, 44], "uv_size": [0, 0]},
								"west": {"uv": [126, 44], "uv_size": [1, 0]},
								"up": {"uv": [126, 43], "uv_size": [0, 1]},
								"down": {"uv": [126, 44], "uv_size": [0, -1]}
							}
						},
						{
							"origin": [-2.05267, 31.26845, 0.80665],
							"size": [0.39074, 0.81151, 1.08212],
							"uv": {
								"north": {"uv": [126, 44], "uv_size": [0, 0]},
								"east": {"uv": [125, 44], "uv_size": [1, 0]},
								"south": {"uv": [127, 44], "uv_size": [0, 0]},
								"west": {"uv": [126, 44], "uv_size": [1, 0]},
								"up": {"uv": [126, 43], "uv_size": [0, 1]},
								"down": {"uv": [126, 44], "uv_size": [0, -1]}
							}
						},
						{
							"origin": [-2.05535, 31.26958, 0.80665],
							"size": [0.39074, 0.81151, 1.08212],
							"pivot": [-0.01691, 31.66805, -4.23088],
							"rotation": [0, 0, 22.5],
							"uv": {
								"north": {"uv": [126, 44], "uv_size": [0, 0]},
								"east": {"uv": [125, 44], "uv_size": [1, 0]},
								"south": {"uv": [127, 44], "uv_size": [0, 0]},
								"west": {"uv": [126, 44], "uv_size": [1, 0]},
								"up": {"uv": [126, 43], "uv_size": [0, 1]},
								"down": {"uv": [126, 44], "uv_size": [0, -1]}
							}
						},
						{
							"origin": [1.63369, 31.26958, 0.80665],
							"size": [0.39074, 0.81151, 1.08212],
							"pivot": [-0.01691, 31.66805, -4.23088],
							"rotation": [0, 0, 22.5],
							"uv": {
								"north": {"uv": [126, 44], "uv_size": [0, 0]},
								"east": {"uv": [125, 44], "uv_size": [1, 0]},
								"south": {"uv": [127, 44], "uv_size": [0, 0]},
								"west": {"uv": [126, 44], "uv_size": [1, 0]},
								"up": {"uv": [126, 43], "uv_size": [0, 1]},
								"down": {"uv": [126, 44], "uv_size": [0, -1]}
							}
						}
					]
				},
				{
					"name": "rightarm",
					"parent": "main",
					"pivot": [-4.3, 8.8, 21.8],
					"rotation": [-101.81106, -12.40003, -2.46982],
					"cubes": [
						{"origin": [-8.3, -15.2, 17.8], "size": [8, 24, 8], "uv": [0, 37]}
					]
				},
				{
					"name": "leftarm",
					"parent": "main",
					"pivot": [9.6, 7.075, -14.2],
					"rotation": [-119.61483, 1.67666, -38.31282],
					"cubes": [
						{"origin": [5.6, -16.925, -18.2], "size": [8, 24, 8], "uv": [0, 0]}
					]
				},
				{
					"name": "magazine",
					"parent": "main",
					"pivot": [-2, 12.5, -17],
					"cubes": [
						{"origin": [-1.5, 11.75, -23], "size": [3, 9, 12], "uv": [38, 0]},
						{"origin": [-1.5, 11.75, -23], "size": [3, 1, 12], "inflate": -0.001, "pivot": [-0.5, 11.75, -23], "rotation": [-4.5, 0, 0], "uv": [38, 21]}
					]
				},
				{
					"name": "bullet",
					"parent": "magazine",
					"pivot": [-0.7, 20.275, -17.75],
					"rotation": [0, 0, 20],
					"cubes": [
						{"origin": [-0.7, 20.275, -18.75], "size": [1, 1, 6], "uv": [246, 159]},
						{"origin": [-0.7, 20.275, -20.75], "size": [1, 1, 3], "inflate": -0.1, "uv": [220, 136]}
					]
				},
				{
					"name": "muzzleflash",
					"parent": "main",
					"pivot": [0, 25.15, -118.6],
					"cubes": [
						{"origin": [-0.5, 24.65, -118.9], "size": [1, 1, 1], "inflate": -0.4, "uv": [4, 42]}
					]
				},
				{
					"name": "scope",
					"parent": "main",
					"pivot": [0, 31.675, 1.75],
					"cubes": [
						{
							"origin": [-0.5, 31.175, 1.45],
							"size": [1, 1, 1],
							"inflate": -0.4,
							"uv": {
								"north": {"uv": [33, 31], "uv_size": [1, 1]},
								"east": {"uv": [32, 31], "uv_size": [1, 1]},
								"south": {"uv": [35, 31], "uv_size": [1, 1]},
								"west": {"uv": [34, 31], "uv_size": [1, 1]},
								"up": {"uv": [33, 30], "uv_size": [1, 1]},
								"down": {"uv": [34, 31], "uv_size": [1, -1]}
							}
						}
					]
				},
				{
					"name": "scopepip",
					"parent": "main",
					"pivot": [0, 33.7, 1],
					"cubes": [
						{
							"origin": [-1.75, 29.9, 0.75],
							"size": [3.5, 3.5, 1],
							"inflate": -0.3,
							"uv": {
								"north": {"uv": [201, 67], "uv_size": [3, 3]},
								"east": {"uv": [200, 67], "uv_size": [1, 3]},
								"south": {"uv": [205, 67], "uv_size": [3, 3]},
								"west": {"uv": [204, 67], "uv_size": [1, 3]},
								"up": {"uv": [201, 66], "uv_size": [3, 1]},
								"down": {"uv": [204, 67], "uv_size": [3, -1]}
							}
						}
					]
				}
			]
		}
	]
}