{
	"format_version": "1.12.0",
	"minecraft:geometry": [
		{
			"description": {
				"identifier": "geometry.unknown",
				"texture_width": 300,
				"texture_height": 300,
				"visible_bounds_width": 10,
				"visible_bounds_height": 9,
				"visible_bounds_offset": [0, -0.5, 0]
			},
			"bones": [
				{
					"name": "bone3",
					"pivot": [0, 0, 0]
				},
				{
					"name": "bone",
					"parent": "bone3",
					"pivot": [0, 0, 0]
				},
				{
					"name": "main",
					"parent": "bone",
					"pivot": [0, 20, 0]
				},
				{
					"name": "rightarm",
					"parent": "main",
					"pivot": [-7.575, 9.625, 2.55],
					"rotation": [-158.28221, -8.99298, 8.91891],
					"cubes": [
						{"origin": [-11.575, -14.375, -1.45], "size": [8, 24, 8], "uv": [132, 0]}
					]
				},
				{
					"name": "leftarm",
					"parent": "main",
					"pivot": [8.75, 10.85, -13.05],
					"rotation": [-139.97977, -13.90863, -30.09981],
					"cubes": [
						{"origin": [4.75, -13.15, -17.05], "size": [8, 24, 8], "uv": [66, 127]}
					]
				},
				{
					"name": "scope",
					"parent": "main",
					"pivot": [0, 40.025, 9.625],
					"cubes": [
						{"origin": [-0.5, 39.525, 9.325], "size": [1, 1, 1], "inflate": -0.4, "uv": [16, 66]}
					]
				},
				{
					"name": "muzzleflash",
					"parent": "main",
					"pivot": [0, 30.35, -45.25],
					"cubes": [
						{"origin": [-0.5, 29.85, -45.55], "size": [1, 1, 1], "inflate": -0.4, "uv": [66, 14]}
					]
				},
				{
					"name": "m72law",
					"parent": "main",
					"pivot": [0, 25.95, 7.875],
					"rotation": [0, 180, 0]
				},
				{
					"name": "rond5",
					"parent": "m72law",
					"pivot": [-0.00753, 11.01047, 51.50579],
					"rotation": [-0.25, 0, 0],
					"cubes": [
						{
							"origin": [-14.03248, 20.73421, 2.33878],
							"size": [1.42725, 7.17515, 56.84204],
							"pivot": [-0.00753, 11.01047, 51.50579],
							"rotation": [0, 0, 45],
							"uv": {
								"north": {"uv": [187.5, 147.65625], "uv_size": [2.34375, 14.0625]},
								"east": {"uv": [0, 0], "uv_size": [103.125, 14.0625]},
								"south": {"uv": [96.09375, 189.84375], "uv_size": [2.34375, 14.0625]},
								"west": {"uv": [0, 14.0625], "uv_size": [103.125, 14.0625]},
								"up": {"uv": [131.25, 145.3125], "uv_size": [2.34375, 103.125]},
								"down": {"uv": [133.59375, 248.4375], "uv_size": [2.34375, -103.125]}
							}
						},
						{
							"origin": [-7.92521, 24.81491, 2.33878],
							"size": [1.42725, 7.17515, 56.84204],
							"pivot": [-0.00753, 11.01047, 51.50579],
							"rotation": [0, 0, 22.5],
							"uv": {
								"north": {"uv": [117.1875, 189.84375], "uv_size": [2.34375, 14.0625]},
								"east": {"uv": [0, 28.125], "uv_size": [103.125, 14.0625]},
								"south": {"uv": [119.53125, 189.84375], "uv_size": [2.34375, 14.0625]},
								"west": {"uv": [0, 42.1875], "uv_size": [103.125, 14.0625]},
								"up": {"uv": [135.9375, 145.3125], "uv_size": [2.34375, 103.125]},
								"down": {"uv": [138.28125, 248.4375], "uv_size": [2.34375, -103.125]}
							}
						},
						{
							"origin": [6.48289, 24.81491, 2.33878],
							"size": [1.42725, 7.17515, 56.84204],
							"pivot": [-0.00753, 11.01047, 51.50579],
							"rotation": [0, 0, -22.5],
							"uv": {
								"north": {"uv": [121.875, 189.84375], "uv_size": [2.34375, 14.0625]},
								"east": {"uv": [0, 56.25], "uv_size": [103.125, 14.0625]},
								"south": {"uv": [124.21875, 189.84375], "uv_size": [2.34375, 14.0625]},
								"west": {"uv": [0, 70.3125], "uv_size": [103.125, 14.0625]},
								"up": {"uv": [140.625, 145.3125], "uv_size": [2.34375, 103.125]},
								"down": {"uv": [142.96875, 248.4375], "uv_size": [2.34375, -103.125]}
							}
						},
						{
							"origin": [-0.72113, 26.24787, 2.33878],
							"size": [1.42725, 7.17515, 56.84204],
							"uv": {
								"north": {"uv": [126.5625, 189.84375], "uv_size": [2.34375, 14.0625]},
								"east": {"uv": [0, 84.375], "uv_size": [103.125, 14.0625]},
								"south": {"uv": [128.90625, 189.84375], "uv_size": [2.34375, 14.0625]},
								"west": {"uv": [0, 98.4375], "uv_size": [103.125, 14.0625]},
								"up": {"uv": [145.3125, 145.3125], "uv_size": [2.34375, 103.125]},
								"down": {"uv": [147.65625, 248.4375], "uv_size": [2.34375, -103.125]}
							}
						},
						{
							"origin": [-2.08613, 28.62037, 49.23628],
							"size": [0.97225, 7.17515, 8.15704],
							"uv": {
								"north": {"uv": [192.1875, 32.8125], "uv_size": [2.34375, 14.0625]},
								"east": {"uv": [154.6875, 147.65625], "uv_size": [14.0625, 14.0625]},
								"south": {"uv": [192.1875, 65.625], "uv_size": [2.34375, 14.0625]},
								"west": {"uv": [154.6875, 161.71875], "uv_size": [14.0625, 14.0625]},
								"up": {"uv": [192.1875, 86.71875], "uv_size": [2.34375, 14.0625]},
								"down": {"uv": [98.4375, 206.25], "uv_size": [2.34375, -14.0625]}
							}
						},
						{
							"origin": [1.13137, 28.62037, 49.17128],
							"size": [0.97225, 7.17515, 8.22204],
							"uv": {
								"north": {"uv": [192.1875, 185.15625], "uv_size": [2.34375, 14.0625]},
								"east": {"uv": [164.0625, 28.125], "uv_size": [14.0625, 14.0625]},
								"south": {"uv": [194.53125, 32.8125], "uv_size": [2.34375, 14.0625]},
								"west": {"uv": [164.0625, 42.1875], "uv_size": [14.0625, 14.0625]},
								"up": {"uv": [56.25, 194.53125], "uv_size": [2.34375, 14.0625]},
								"down": {"uv": [58.59375, 208.59375], "uv_size": [2.34375, -14.0625]}
							}
						},
						{
							"origin": [-2.08613, 28.62037, 48.26128],
							"size": [4.18975, 7.17515, 0.97454],
							"uv": {
								"north": {"uv": [84.375, 171.09375], "uv_size": [7.03125, 14.0625]},
								"east": {"uv": [100.78125, 192.1875], "uv_size": [2.34375, 14.0625]},
								"south": {"uv": [91.40625, 171.09375], "uv_size": [7.03125, 14.0625]},
								"west": {"uv": [192.1875, 171.09375], "uv_size": [2.34375, 14.0625]},
								"up": {"uv": [215.625, 72.65625], "uv_size": [7.03125, 2.34375]},
								"down": {"uv": [215.625, 77.34375], "uv_size": [7.03125, -2.34375]}
							}
						},
						{
							"origin": [-1.76113, 32.66989, 47.90059],
							"size": [3.50725, 3.14515, 1.46204],
							"pivot": [0.00875, 32.22746, 48.87536],
							"rotation": [17.5, 0, 0],
							"uv": {
								"north": {"uv": [189.84375, 154.6875], "uv_size": [7.03125, 4.6875]},
								"east": {"uv": [96.09375, 217.96875], "uv_size": [2.34375, 4.6875]},
								"south": {"uv": [192.1875, 46.875], "uv_size": [7.03125, 4.6875]},
								"west": {"uv": [217.96875, 110.15625], "uv_size": [2.34375, 4.6875]},
								"up": {"uv": [215.625, 82.03125], "uv_size": [7.03125, 2.34375]},
								"down": {"uv": [215.625, 117.1875], "uv_size": [7.03125, -2.34375]}
							}
						},
						{
							"origin": [-1.76113, 32.21072, 25.09236],
							"size": [3.50725, 3.14515, 22.65204],
							"uv": {
								"north": {"uv": [192.1875, 51.5625], "uv_size": [7.03125, 4.6875]},
								"east": {"uv": [164.0625, 56.25], "uv_size": [39.84375, 4.6875]},
								"south": {"uv": [192.1875, 100.78125], "uv_size": [7.03125, 4.6875]},
								"west": {"uv": [164.0625, 60.9375], "uv_size": [39.84375, 4.6875]},
								"up": {"uv": [117.1875, 145.3125], "uv_size": [7.03125, 39.84375]},
								"down": {"uv": [124.21875, 185.15625], "uv_size": [7.03125, -39.84375]}
							}
						},
						{
							"origin": [-0.94863, 32.21072, 30.94236],
							"size": [1.88225, 3.50265, 2.14454],
							"uv": {
								"north": {"uv": [185.15625, 215.625], "uv_size": [2.34375, 7.03125]},
								"east": {"uv": [194.53125, 192.1875], "uv_size": [4.6875, 7.03125]},
								"south": {"uv": [187.5, 215.625], "uv_size": [2.34375, 7.03125]},
								"west": {"uv": [196.875, 32.8125], "uv_size": [4.6875, 7.03125]},
								"up": {"uv": [126.5625, 217.96875], "uv_size": [2.34375, 4.6875]},
								"down": {"uv": [128.90625, 222.65625], "uv_size": [2.34375, -4.6875]}
							}
						},
						{
							"origin": [-0.75363, 32.21072, 25.38486],
							"size": [1.49225, 4.18515, 1.91704],
							"uv": {
								"north": {"uv": [215.625, 196.875], "uv_size": [2.34375, 7.03125]},
								"east": {"uv": [215.625, 203.90625], "uv_size": [2.34375, 7.03125]},
								"south": {"uv": [215.625, 210.9375], "uv_size": [2.34375, 7.03125]},
								"west": {"uv": [18.75, 217.96875], "uv_size": [2.34375, 7.03125]},
								"up": {"uv": [173.4375, 220.3125], "uv_size": [2.34375, 2.34375]},
								"down": {"uv": [220.3125, 185.15625], "uv_size": [2.34375, -2.34375]}
							}
						},
						{
							"origin": [0.67637, 32.21072, 27.13986],
							"size": [0.54975, 3.79515, 0.12954],
							"pivot": [-0.0075, 34.3033, 26.66838],
							"rotation": [0, -9.5, 0],
							"uv": {
								"north": {"uv": [30.46875, 217.96875], "uv_size": [2.34375, 7.03125]},
								"east": {"uv": [32.8125, 217.96875], "uv_size": [2.34375, 7.03125]},
								"south": {"uv": [35.15625, 217.96875], "uv_size": [2.34375, 7.03125]},
								"west": {"uv": [37.5, 217.96875], "uv_size": [2.34375, 7.03125]},
								"up": {"uv": [220.3125, 196.875], "uv_size": [2.34375, 2.34375]},
								"down": {"uv": [220.3125, 201.5625], "uv_size": [2.34375, -2.34375]}
							}
						},
						{
							"origin": [-0.92269, 37.06923, 27.04017],
							"size": [0.74475, 0.15515, 0.12954],
							"pivot": [-0.64781, 35.32681, 27.10494],
							"rotation": [-9.27877, -2.0472, 77.66615],
							"uv": {
								"north": {"uv": [222.65625, 16.40625], "uv_size": [2.34375, 2.34375]},
								"east": {"uv": [222.65625, 18.75], "uv_size": [2.34375, 2.34375]},
								"south": {"uv": [222.65625, 21.09375], "uv_size": [2.34375, 2.34375]},
								"west": {"uv": [222.65625, 23.4375], "uv_size": [2.34375, 2.34375]},
								"up": {"uv": [222.65625, 25.78125], "uv_size": [2.34375, 2.34375]},
								"down": {"uv": [222.65625, 30.46875], "uv_size": [2.34375, -2.34375]}
							}
						},
						{
							"origin": [0.68112, 35.98672, 27.06867],
							"size": [0.1196, 0.15515, 0.12954],
							"pivot": [-0.43291, 34.43929, 26.59719],
							"rotation": [0, -9.5, 0],
							"uv": {
								"north": {"uv": [220.3125, 217.96875], "uv_size": [2.34375, 2.34375]},
								"east": {"uv": [220.3125, 220.3125], "uv_size": [2.34375, 2.34375]},
								"south": {"uv": [222.65625, 2.34375], "uv_size": [2.34375, 2.34375]},
								"west": {"uv": [222.65625, 4.6875], "uv_size": [2.34375, 2.34375]},
								"up": {"uv": [222.65625, 7.03125], "uv_size": [2.34375, 2.34375]},
								"down": {"uv": [222.65625, 11.71875], "uv_size": [2.34375, -2.34375]}
							}
						},
						{
							"origin": [0.12198, 35.9562, 27.19867],
							"size": [0.45225, 0.22015, 0.12954],
							"pivot": [0.29935, 34.27878, 27.26344],
							"rotation": [-2.88074, -9.05652, 17.7282],
							"uv": {
								"north": {"uv": [220.3125, 201.5625], "uv_size": [2.34375, 2.34375]},
								"east": {"uv": [220.3125, 203.90625], "uv_size": [2.34375, 2.34375]},
								"south": {"uv": [210.9375, 220.3125], "uv_size": [2.34375, 2.34375]},
								"west": {"uv": [213.28125, 220.3125], "uv_size": [2.34375, 2.34375]},
								"up": {"uv": [215.625, 220.3125], "uv_size": [2.34375, 2.34375]},
								"down": {"uv": [217.96875, 222.65625], "uv_size": [2.34375, -2.34375]}
							}
						},
						{
							"origin": [-1.14363, 32.21072, 22.55736],
							"size": [2.27225, 3.95765, 0.58454],
							"uv": {
								"north": {"uv": [196.875, 39.84375], "uv_size": [4.6875, 7.03125]},
								"east": {"uv": [25.78125, 217.96875], "uv_size": [2.34375, 7.03125]},
								"south": {"uv": [196.875, 65.625], "uv_size": [4.6875, 7.03125]},
								"west": {"uv": [28.125, 217.96875], "uv_size": [2.34375, 7.03125]},
								"up": {"uv": [217.96875, 147.65625], "uv_size": [4.6875, 2.34375]},
								"down": {"uv": [217.96875, 152.34375], "uv_size": [4.6875, -2.34375]}
							}
						},
						{
							"origin": [-0.88363, 32.76322, 19.37236],
							"size": [1.78475, 3.95765, 1.07204],
							"pivot": [-0.0075, 34.74205, 19.53463],
							"rotation": [26.25, 0, 0],
							"uv": {
								"north": {"uv": [65.625, 217.96875], "uv_size": [2.34375, 7.03125]},
								"east": {"uv": [67.96875, 217.96875], "uv_size": [2.34375, 7.03125]},
								"south": {"uv": [70.3125, 217.96875], "uv_size": [2.34375, 7.03125]},
								"west": {"uv": [72.65625, 217.96875], "uv_size": [2.34375, 7.03125]},
								"up": {"uv": [112.5, 222.65625], "uv_size": [2.34375, 2.34375]},
								"down": {"uv": [114.84375, 225], "uv_size": [2.34375, -2.34375]}
							}
						},
						{
							"origin": [-0.88363, 36.07755, 18.16563],
							"size": [1.78475, 0.96765, 1.07204],
							"pivot": [-0.0075, 36.78887, 18.3279],
							"rotation": [44.5, 0, 0],
							"uv": {
								"north": {"uv": [222.65625, 114.84375], "uv_size": [2.34375, 2.34375]},
								"east": {"uv": [117.1875, 222.65625], "uv_size": [2.34375, 2.34375]},
								"south": {"uv": [222.65625, 117.1875], "uv_size": [2.34375, 2.34375]},
								"west": {"uv": [119.53125, 222.65625], "uv_size": [2.34375, 2.34375]},
								"up": {"uv": [222.65625, 119.53125], "uv_size": [2.34375, 2.34375]},
								"down": {"uv": [121.875, 225], "uv_size": [2.34375, -2.34375]}
							}
						},
						{
							"origin": [-0.88363, 36.58952, 17.12728],
							"size": [1.78475, 1.61765, 1.72204],
							"pivot": [0.00875, 37.07334, 18.3133],
							"rotation": [90, 0, 0],
							"uv": {
								"north": {"uv": [124.21875, 222.65625], "uv_size": [2.34375, 2.34375]},
								"east": {"uv": [126.5625, 222.65625], "uv_size": [2.34375, 2.34375]},
								"south": {"uv": [128.90625, 222.65625], "uv_size": [2.34375, 2.34375]},
								"west": {"uv": [222.65625, 133.59375], "uv_size": [2.34375, 2.34375]},
								"up": {"uv": [222.65625, 135.9375], "uv_size": [2.34375, 2.34375]},
								"down": {"uv": [222.65625, 140.625], "uv_size": [2.34375, -2.34375]}
							}
						},
						{
							"origin": [-0.88363, 36.45637, 16.24214],
							"size": [1.78475, 3.82765, 1.20204],
							"pivot": [0.00875, 36.94019, 16.90816],
							"rotation": [110, 0, 0],
							"uv": {
								"north": {"uv": [75, 217.96875], "uv_size": [2.34375, 7.03125]},
								"east": {"uv": [77.34375, 217.96875], "uv_size": [2.34375, 7.03125]},
								"south": {"uv": [79.6875, 217.96875], "uv_size": [2.34375, 7.03125]},
								"west": {"uv": [82.03125, 217.96875], "uv_size": [2.34375, 7.03125]},
								"up": {"uv": [222.65625, 140.625], "uv_size": [2.34375, 2.34375]},
								"down": {"uv": [222.65625, 145.3125], "uv_size": [2.34375, -2.34375]}
							}
						},
						{
							"origin": [-0.59113, 35.52572, 22.10236],
							"size": [0.38725, 0.38265, 3.34704],
							"pivot": [-0.0075, 34.3033, 24.36088],
							"rotation": [0, 0, 15.75],
							"uv": {
								"north": {"uv": [220.3125, 185.15625], "uv_size": [2.34375, 2.34375]},
								"east": {"uv": [215.625, 117.1875], "uv_size": [7.03125, 2.34375]},
								"south": {"uv": [220.3125, 187.5], "uv_size": [2.34375, 2.34375]},
								"west": {"uv": [215.625, 119.53125], "uv_size": [7.03125, 2.34375]},
								"up": {"uv": [21.09375, 217.96875], "uv_size": [2.34375, 7.03125]},
								"down": {"uv": [23.4375, 225], "uv_size": [2.34375, -7.03125]}
							}
						},
						{
							"origin": [-1.37113, 32.21072, 10.79236],
							"size": [2.75975, 4.21765, 12.12204],
							"uv": {
								"north": {"uv": [185.15625, 194.53125], "uv_size": [4.6875, 7.03125]},
								"east": {"uv": [164.0625, 65.625], "uv_size": [21.09375, 7.03125]},
								"south": {"uv": [194.53125, 185.15625], "uv_size": [4.6875, 7.03125]},
								"west": {"uv": [164.0625, 72.65625], "uv_size": [21.09375, 7.03125]},
								"up": {"uv": [98.4375, 171.09375], "uv_size": [4.6875, 21.09375]},
								"down": {"uv": [154.6875, 196.875], "uv_size": [4.6875, -21.09375]}
							}
						},
						{
							"origin": [-1.53363, 35.33072, 11.27986],
							"size": [3.05225, 1.22765, 1.78704],
							"uv": {
								"north": {"uv": [217.96875, 152.34375], "uv_size": [4.6875, 2.34375]},
								"east": {"uv": [222.65625, 147.65625], "uv_size": [2.34375, 2.34375]},
								"south": {"uv": [159.375, 217.96875], "uv_size": [4.6875, 2.34375]},
								"west": {"uv": [222.65625, 150], "uv_size": [2.34375, 2.34375]},
								"up": {"uv": [217.96875, 159.375], "uv_size": [4.6875, 2.34375]},
								"down": {"uv": [217.96875, 164.0625], "uv_size": [4.6875, -2.34375]}
							}
						},
						{
							"origin": [-1.50113, 35.72072, 9.58986],
							"size": [0.15975, 0.70765, 2.07954],
							"uv": {
								"north": {"uv": [222.65625, 152.34375], "uv_size": [2.34375, 2.34375]},
								"east": {"uv": [164.0625, 217.96875], "uv_size": [4.6875, 2.34375]},
								"south": {"uv": [154.6875, 222.65625], "uv_size": [2.34375, 2.34375]},
								"west": {"uv": [217.96875, 164.0625], "uv_size": [4.6875, 2.34375]},
								"up": {"uv": [217.96875, 166.40625], "uv_size": [2.34375, 4.6875]},
								"down": {"uv": [217.96875, 175.78125], "uv_size": [2.34375, -4.6875]}
							}
						},
						{
							"origin": [-1.37113, 36.63072, 10.36986],
							"size": [2.75975, 0.48015, 0.61704],
							"pivot": [-0.57625, 36.07455, 10.62963],
							"rotation": [52.5, 0, 0],
							"uv": {
								"north": {"uv": [217.96875, 180.46875], "uv_size": [4.6875, 2.34375]},
								"east": {"uv": [225, 18.75], "uv_size": [2.34375, 2.34375]},
								"south": {"uv": [217.96875, 206.25], "uv_size": [4.6875, 2.34375]},
								"west": {"uv": [21.09375, 225], "uv_size": [2.34375, 2.34375]},
								"up": {"uv": [217.96875, 208.59375], "uv_size": [4.6875, 2.34375]},
								"down": {"uv": [217.96875, 213.28125], "uv_size": [4.6875, -2.34375]}
							}
						},
						{
							"origin": [-1.50113, 36.40322, 9.55736],
							"size": [0.15975, 0.70765, 1.10454],
							"uv": {
								"north": {"uv": [173.4375, 222.65625], "uv_size": [2.34375, 2.34375]},
								"east": {"uv": [222.65625, 175.78125], "uv_size": [2.34375, 2.34375]},
								"south": {"uv": [222.65625, 178.125], "uv_size": [2.34375, 2.34375]},
								"west": {"uv": [222.65625, 180.46875], "uv_size": [2.34375, 2.34375]},
								"up": {"uv": [222.65625, 182.8125], "uv_size": [2.34375, 2.34375]},
								"down": {"uv": [185.15625, 225], "uv_size": [2.34375, -2.34375]}
							}
						},
						{
							"origin": [-1.04613, 36.37072, 9.78486],
							"size": [0.15975, 1.91015, 1.03954],
							"pivot": [-1.25875, 37.21205, 10.10963],
							"rotation": [0, 0, 21.5],
							"uv": {
								"north": {"uv": [225, 21.09375], "uv_size": [2.34375, 2.34375]},
								"east": {"uv": [23.4375, 225], "uv_size": [2.34375, 2.34375]},
								"south": {"uv": [225, 23.4375], "uv_size": [2.34375, 2.34375]},
								"west": {"uv": [25.78125, 225], "uv_size": [2.34375, 2.34375]},
								"up": {"uv": [225, 25.78125], "uv_size": [2.34375, 2.34375]},
								"down": {"uv": [28.125, 227.34375], "uv_size": [2.34375, -2.34375]}
							}
						},
						{
							"origin": [-1.01363, 36.37072, 10.62986],
							"size": [1.16725, 1.91015, 0.16204],
							"pivot": [-1.25875, 37.21205, 10.10963],
							"rotation": [0, 0, 21.5],
							"uv": {
								"north": {"uv": [67.96875, 225], "uv_size": [2.34375, 2.34375]},
								"east": {"uv": [225, 67.96875], "uv_size": [2.34375, 2.34375]},
								"south": {"uv": [70.3125, 225], "uv_size": [2.34375, 2.34375]},
								"west": {"uv": [225, 70.3125], "uv_size": [2.34375, 2.34375]},
								"up": {"uv": [72.65625, 225], "uv_size": [2.34375, 2.34375]},
								"down": {"uv": [225, 75], "uv_size": [2.34375, -2.34375]}
							}
						},
						{
							"origin": [-0.67763, 38.07165, 9.78486],
							"size": [0.15975, 1.68265, 1.03954],
							"pivot": [-0.89026, 38.68547, 10.10963],
							"rotation": [0, 0, 0.25],
							"uv": {
								"north": {"uv": [225, 28.125], "uv_size": [2.34375, 2.34375]},
								"east": {"uv": [30.46875, 225], "uv_size": [2.34375, 2.34375]},
								"south": {"uv": [225, 30.46875], "uv_size": [2.34375, 2.34375]},
								"west": {"uv": [32.8125, 225], "uv_size": [2.34375, 2.34375]},
								"up": {"uv": [35.15625, 225], "uv_size": [2.34375, 2.34375]},
								"down": {"uv": [37.5, 227.34375], "uv_size": [2.34375, -2.34375]}
							}
						},
						{
							"origin": [-0.77513, 41.51665, 9.71986],
							"size": [1.52475, 1.58515, 1.16954],
							"pivot": [-0.89026, 38.68547, 10.10963],
							"rotation": [0, 0, 0.25],
							"uv": {
								"north": {"uv": [82.03125, 225], "uv_size": [2.34375, 2.34375]},
								"east": {"uv": [225, 82.03125], "uv_size": [2.34375, 2.34375]},
								"south": {"uv": [84.375, 225], "uv_size": [2.34375, 2.34375]},
								"west": {"uv": [225, 84.375], "uv_size": [2.34375, 2.34375]},
								"up": {"uv": [86.71875, 225], "uv_size": [2.34375, 2.34375]},
								"down": {"uv": [225, 89.0625], "uv_size": [2.34375, -2.34375]}
							}
						},
						{
							"origin": [-0.77513, 39.59915, 9.71986],
							"size": [1.52475, 0.64265, 1.16954],
							"pivot": [-0.89026, 38.68547, 10.10963],
							"rotation": [0, 0, 0.25],
							"uv": {
								"north": {"uv": [89.0625, 225], "uv_size": [2.34375, 2.34375]},
								"east": {"uv": [225, 89.0625], "uv_size": [2.34375, 2.34375]},
								"south": {"uv": [91.40625, 225], "uv_size": [2.34375, 2.34375]},
								"west": {"uv": [225, 91.40625], "uv_size": [2.34375, 2.34375]},
								"up": {"uv": [93.75, 225], "uv_size": [2.34375, 2.34375]},
								"down": {"uv": [225, 96.09375], "uv_size": [2.34375, -2.34375]}
							}
						},
						{
							"origin": [-0.77513, 40.24915, 9.71986],
							"size": [0.41975, 1.29265, 1.16954],
							"pivot": [-0.89026, 38.68547, 10.10963],
							"rotation": [0, 0, 0.25],
							"uv": {
								"north": {"uv": [96.09375, 225], "uv_size": [2.34375, 2.34375]},
								"east": {"uv": [225, 96.09375], "uv_size": [2.34375, 2.34375]},
								"south": {"uv": [98.4375, 225], "uv_size": [2.34375, 2.34375]},
								"west": {"uv": [225, 98.4375], "uv_size": [2.34375, 2.34375]},
								"up": {"uv": [100.78125, 225], "uv_size": [2.34375, 2.34375]},
								"down": {"uv": [225, 103.125], "uv_size": [2.34375, -2.34375]}
							}
						},
						{
							"origin": [0.32987, 40.24915, 9.71986],
							"size": [0.41975, 1.29265, 1.16954],
							"pivot": [-0.89026, 38.68547, 10.10963],
							"rotation": [0, 0, 0.25],
							"uv": {
								"north": {"uv": [103.125, 225], "uv_size": [2.34375, 2.34375]},
								"east": {"uv": [225, 103.125], "uv_size": [2.34375, 2.34375]},
								"south": {"uv": [105.46875, 225], "uv_size": [2.34375, 2.34375]},
								"west": {"uv": [225, 105.46875], "uv_size": [2.34375, 2.34375]},
								"up": {"uv": [107.8125, 225], "uv_size": [2.34375, 2.34375]},
								"down": {"uv": [225, 110.15625], "uv_size": [2.34375, -2.34375]}
							}
						},
						{
							"origin": [-0.64513, 37.84415, 10.62986],
							"size": [1.16725, 1.91015, 0.16204],
							"pivot": [-0.89026, 38.68547, 10.10963],
							"rotation": [0, 0, 0.25],
							"uv": {
								"north": {"uv": [225, 58.59375], "uv_size": [2.34375, 2.34375]},
								"east": {"uv": [60.9375, 225], "uv_size": [2.34375, 2.34375]},
								"south": {"uv": [225, 60.9375], "uv_size": [2.34375, 2.34375]},
								"west": {"uv": [63.28125, 225], "uv_size": [2.34375, 2.34375]},
								"up": {"uv": [225, 63.28125], "uv_size": [2.34375, 2.34375]},
								"down": {"uv": [65.625, 227.34375], "uv_size": [2.34375, -2.34375]}
							}
						},
						{
							"origin": [-1.50113, 36.11634, 10.24995],
							"size": [0.15975, 0.70765, 1.10454],
							"pivot": [-1.42125, 36.47017, 10.80222],
							"rotation": [-45, 0, 0],
							"uv": {
								"north": {"uv": [222.65625, 185.15625], "uv_size": [2.34375, 2.34375]},
								"east": {"uv": [187.5, 222.65625], "uv_size": [2.34375, 2.34375]},
								"south": {"uv": [222.65625, 187.5], "uv_size": [2.34375, 2.34375]},
								"west": {"uv": [222.65625, 189.84375], "uv_size": [2.34375, 2.34375]},
								"up": {"uv": [222.65625, 192.1875], "uv_size": [2.34375, 2.34375]},
								"down": {"uv": [222.65625, 196.875], "uv_size": [2.34375, -2.34375]}
							}
						},
						{
							"origin": [-1.50113, 36.7774, 9.83589],
							"size": [0.15975, 0.31765, 0.77954],
							"pivot": [-1.42125, 36.38372, 10.06316],
							"rotation": [72.5, 0, 0],
							"uv": {
								"north": {"uv": [222.65625, 154.6875], "uv_size": [2.34375, 2.34375]},
								"east": {"uv": [157.03125, 222.65625], "uv_size": [2.34375, 2.34375]},
								"south": {"uv": [222.65625, 157.03125], "uv_size": [2.34375, 2.34375]},
								"west": {"uv": [222.65625, 159.375], "uv_size": [2.34375, 2.34375]},
								"up": {"uv": [161.71875, 222.65625], "uv_size": [2.34375, 2.34375]},
								"down": {"uv": [222.65625, 164.0625], "uv_size": [2.34375, -2.34375]}
							}
						},
						{
							"origin": [-1.50113, 36.53653, 10.02267],
							"size": [0.15975, 0.31765, 0.71454],
							"pivot": [-1.42125, 36.14285, 10.18494],
							"rotation": [112.5, 0, 0],
							"uv": {
								"north": {"uv": [164.0625, 222.65625], "uv_size": [2.34375, 2.34375]},
								"east": {"uv": [222.65625, 164.0625], "uv_size": [2.34375, 2.34375]},
								"south": {"uv": [166.40625, 222.65625], "uv_size": [2.34375, 2.34375]},
								"west": {"uv": [222.65625, 166.40625], "uv_size": [2.34375, 2.34375]},
								"up": {"uv": [168.75, 222.65625], "uv_size": [2.34375, 2.34375]},
								"down": {"uv": [222.65625, 171.09375], "uv_size": [2.34375, -2.34375]}
							}
						},
						{
							"origin": [-0.15057, 32.21072, 21.87459],
							"size": [1.62225, 3.14515, 3.37954],
							"pivot": [0.66055, 33.7833, 23.56436],
							"rotation": [0, 9.75, 0],
							"uv": {
								"north": {"uv": [117.1875, 217.96875], "uv_size": [2.34375, 4.6875]},
								"east": {"uv": [192.1875, 105.46875], "uv_size": [7.03125, 4.6875]},
								"south": {"uv": [119.53125, 217.96875], "uv_size": [2.34375, 4.6875]},
								"west": {"uv": [194.53125, 171.09375], "uv_size": [7.03125, 4.6875]},
								"up": {"uv": [53.90625, 215.625], "uv_size": [2.34375, 7.03125]},
								"down": {"uv": [215.625, 168.75], "uv_size": [2.34375, -7.03125]}
							}
						},
						{
							"origin": [-2.08613, 28.62037, 57.36128],
							"size": [4.18975, 7.17515, 0.97454],
							"uv": {
								"north": {"uv": [168.75, 171.09375], "uv_size": [7.03125, 14.0625]},
								"east": {"uv": [194.53125, 65.625], "uv_size": [2.34375, 14.0625]},
								"south": {"uv": [173.4375, 147.65625], "uv_size": [7.03125, 14.0625]},
								"west": {"uv": [194.53125, 86.71875], "uv_size": [2.34375, 14.0625]},
								"up": {"uv": [215.625, 77.34375], "uv_size": [7.03125, 2.34375]},
								"down": {"uv": [215.625, 82.03125], "uv_size": [7.03125, -2.34375]}
							}
						},
						{
							"origin": [-0.99363, 41.92037, 56.71128],
							"size": [2.23975, 1.41765, 0.29204],
							"uv": {
								"north": {"uv": [168.75, 147.65625], "uv_size": [4.6875, 23.4375]},
								"east": {"uv": [168.75, 185.15625], "uv_size": [2.34375, 23.4375]},
								"south": {"uv": [56.25, 171.09375], "uv_size": [4.6875, 23.4375]},
								"west": {"uv": [171.09375, 185.15625], "uv_size": [2.34375, 23.4375]},
								"up": {"uv": [217.96875, 213.28125], "uv_size": [4.6875, 2.34375]},
								"down": {"uv": [215.625, 220.3125], "uv_size": [4.6875, -2.34375]}
							}
						},
						{
							"origin": [-0.99363, 32.91302, 56.71128],
							"size": [2.23975, 4.475, 0.29204],
							"uv": {
								"north": {"uv": [168.75, 147.65625], "uv_size": [4.6875, 23.4375]},
								"east": {"uv": [168.75, 185.15625], "uv_size": [2.34375, 23.4375]},
								"south": {"uv": [56.25, 171.09375], "uv_size": [4.6875, 23.4375]},
								"west": {"uv": [171.09375, 185.15625], "uv_size": [2.34375, 23.4375]},
								"up": {"uv": [217.96875, 213.28125], "uv_size": [4.6875, 2.34375]},
								"down": {"uv": [215.625, 220.3125], "uv_size": [4.6875, -2.34375]}
							}
						},
						{
							"origin": [1.08637, 28.62037, 56.45128],
							"size": [0.15975, 14.74265, 0.55204],
							"uv": {
								"north": {"uv": [185.15625, 171.09375], "uv_size": [2.34375, 23.4375]},
								"east": {"uv": [173.4375, 185.15625], "uv_size": [2.34375, 23.4375]},
								"south": {"uv": [187.5, 86.71875], "uv_size": [2.34375, 23.4375]},
								"west": {"uv": [187.5, 171.09375], "uv_size": [2.34375, 23.4375]},
								"up": {"uv": [110.15625, 225], "uv_size": [2.34375, 2.34375]},
								"down": {"uv": [225, 112.5], "uv_size": [2.34375, -2.34375]}
							}
						},
						{
							"origin": [-0.99363, 28.62037, 56.45128],
							"size": [0.15975, 14.74265, 0.55204],
							"uv": {
								"north": {"uv": [84.375, 189.84375], "uv_size": [2.34375, 23.4375]},
								"east": {"uv": [86.71875, 189.84375], "uv_size": [2.34375, 23.4375]},
								"south": {"uv": [189.84375, 86.71875], "uv_size": [2.34375, 23.4375]},
								"west": {"uv": [89.0625, 189.84375], "uv_size": [2.34375, 23.4375]},
								"up": {"uv": [112.5, 225], "uv_size": [2.34375, 2.34375]},
								"down": {"uv": [225, 114.84375], "uv_size": [2.34375, -2.34375]}
							}
						},
						{
							"origin": [3.60888, 27.68893, 2.33878],
							"size": [7.17515, 1.42725, 56.84204],
							"pivot": [-0.00753, 11.01047, 51.50579],
							"rotation": [0, 0, -22.5],
							"uv": {
								"north": {"uv": [187.5, 114.84375], "uv_size": [14.0625, 2.34375]},
								"east": {"uv": [140.625, 121.875], "uv_size": [103.125, 2.34375]},
								"south": {"uv": [187.5, 117.1875], "uv_size": [14.0625, 2.34375]},
								"west": {"uv": [140.625, 124.21875], "uv_size": [103.125, 2.34375]},
								"up": {"uv": [103.125, 0], "uv_size": [14.0625, 103.125]},
								"down": {"uv": [103.125, 206.25], "uv_size": [14.0625, -103.125]}
							}
						},
						{
							"origin": [-3.59514, 29.12189, 2.33878],
							"size": [7.17515, 1.42725, 56.84204],
							"uv": {
								"north": {"uv": [187.5, 119.53125], "uv_size": [14.0625, 2.34375]},
								"east": {"uv": [140.625, 126.5625], "uv_size": [103.125, 2.34375]},
								"south": {"uv": [189.84375, 147.65625], "uv_size": [14.0625, 2.34375]},
								"west": {"uv": [140.625, 128.90625], "uv_size": [103.125, 2.34375]},
								"up": {"uv": [0, 112.5], "uv_size": [14.0625, 103.125]},
								"down": {"uv": [14.0625, 215.625], "uv_size": [14.0625, -103.125]}
							}
						},
						{
							"origin": [-10.79916, 27.68893, 2.33878],
							"size": [7.17515, 1.42725, 56.84204],
							"pivot": [-0.00753, 11.01047, 51.50579],
							"rotation": [0, 0, 22.5],
							"uv": {
								"north": {"uv": [189.84375, 150], "uv_size": [14.0625, 2.34375]},
								"east": {"uv": [140.625, 131.25], "uv_size": [103.125, 2.34375]},
								"south": {"uv": [189.84375, 152.34375], "uv_size": [14.0625, 2.34375]},
								"west": {"uv": [150, 145.3125], "uv_size": [103.125, 2.34375]},
								"up": {"uv": [28.125, 112.5], "uv_size": [14.0625, 103.125]},
								"down": {"uv": [42.1875, 215.625], "uv_size": [14.0625, -103.125]}
							}
						},
						{
							"origin": [12.59016, 20.73421, 2.33878],
							"size": [1.42725, 7.17515, 56.84204],
							"pivot": [-0.00753, 11.01047, 51.50579],
							"rotation": [0, 0, -45],
							"uv": {
								"north": {"uv": [189.84375, 171.09375], "uv_size": [2.34375, 14.0625]},
								"east": {"uv": [117.1875, 0], "uv_size": [103.125, 14.0625]},
								"south": {"uv": [189.84375, 185.15625], "uv_size": [2.34375, 14.0625]},
								"west": {"uv": [117.1875, 14.0625], "uv_size": [103.125, 14.0625]},
								"up": {"uv": [150, 147.65625], "uv_size": [2.34375, 103.125]},
								"down": {"uv": [152.34375, 250.78125], "uv_size": [2.34375, -103.125]}
							}
						}
					]
				},
				{
					"name": "arriere",
					"parent": "m72law",
					"pivot": [31.4279, -55.34665, 29.95241],
					"cubes": [
						{
							"origin": [-0.68863, 33.57572, -11.43014],
							"size": [1.36225, 0.54515, 22.84704],
							"uv": {
								"north": {"uv": [154.6875, 225], "uv_size": [2.34375, 2.34375]},
								"east": {"uv": [164.0625, 140.625], "uv_size": [42.1875, 2.34375]},
								"south": {"uv": [225, 154.6875], "uv_size": [2.34375, 2.34375]},
								"west": {"uv": [164.0625, 142.96875], "uv_size": [42.1875, 2.34375]},
								"up": {"uv": [159.375, 175.78125], "uv_size": [2.34375, 42.1875]},
								"down": {"uv": [161.71875, 217.96875], "uv_size": [2.34375, -42.1875]}
							}
						},
						{
							"origin": [-0.75363, 33.57572, -11.43014],
							"size": [0.28975, 0.70765, 22.84704],
							"uv": {
								"north": {"uv": [159.375, 225], "uv_size": [2.34375, 2.34375]},
								"east": {"uv": [173.4375, 166.40625], "uv_size": [42.1875, 2.34375]},
								"south": {"uv": [225, 159.375], "uv_size": [2.34375, 2.34375]},
								"west": {"uv": [173.4375, 168.75], "uv_size": [42.1875, 2.34375]},
								"up": {"uv": [175.78125, 171.09375], "uv_size": [2.34375, 42.1875]},
								"down": {"uv": [178.125, 213.28125], "uv_size": [2.34375, -42.1875]}
							}
						},
						{
							"origin": [-0.85113, 33.44572, -20.27014],
							"size": [1.71975, 1.61765, 9.39204],
							"uv": {
								"north": {"uv": [164.0625, 225], "uv_size": [2.34375, 2.34375]},
								"east": {"uv": [187.5, 110.15625], "uv_size": [16.40625, 2.34375]},
								"south": {"uv": [225, 164.0625], "uv_size": [2.34375, 2.34375]},
								"west": {"uv": [187.5, 112.5], "uv_size": [16.40625, 2.34375]},
								"up": {"uv": [91.40625, 189.84375], "uv_size": [2.34375, 16.40625]},
								"down": {"uv": [93.75, 206.25], "uv_size": [2.34375, -16.40625]}
							}
						},
						{
							"origin": [-1.66363, 37.11822, -19.80764],
							"size": [3.34475, 0.22015, 6.97454],
							"uv": {
								"north": {"uv": [217.96875, 44.53125], "uv_size": [7.03125, 2.34375]},
								"east": {"uv": [189.84375, 159.375], "uv_size": [14.0625, 2.34375]},
								"south": {"uv": [217.96875, 46.875], "uv_size": [7.03125, 2.34375]},
								"west": {"uv": [196.875, 72.65625], "uv_size": [14.0625, 2.34375]},
								"up": {"uv": [178.125, 32.8125], "uv_size": [7.03125, 14.0625]},
								"down": {"uv": [180.46875, 161.71875], "uv_size": [7.03125, -14.0625]}
							}
						},
						{
							"origin": [1.52137, 34.97322, -19.80764],
							"size": [0.15975, 2.17015, 6.97454],
							"uv": {
								"north": {"uv": [220.3125, 25.78125], "uv_size": [2.34375, 4.6875]},
								"east": {"uv": [178.125, 46.875], "uv_size": [14.0625, 4.6875]},
								"south": {"uv": [220.3125, 37.5], "uv_size": [2.34375, 4.6875]},
								"west": {"uv": [178.125, 51.5625], "uv_size": [14.0625, 4.6875]},
								"up": {"uv": [196.875, 86.71875], "uv_size": [2.34375, 14.0625]},
								"down": {"uv": [154.6875, 210.9375], "uv_size": [2.34375, -14.0625]}
							}
						},
						{
							"origin": [-1.66363, 34.97322, -19.80764],
							"size": [0.15975, 2.17015, 6.97454],
							"uv": {
								"north": {"uv": [49.21875, 220.3125], "uv_size": [2.34375, 4.6875]},
								"east": {"uv": [84.375, 185.15625], "uv_size": [14.0625, 4.6875]},
								"south": {"uv": [51.5625, 220.3125], "uv_size": [2.34375, 4.6875]},
								"west": {"uv": [117.1875, 185.15625], "uv_size": [14.0625, 4.6875]},
								"up": {"uv": [157.03125, 196.875], "uv_size": [2.34375, 14.0625]},
								"down": {"uv": [199.21875, 100.78125], "uv_size": [2.34375, -14.0625]}
							}
						},
						{
							"origin": [-1.66363, 34.97322, -19.80764],
							"size": [3.34475, 0.18765, 6.97454],
							"uv": {
								"north": {"uv": [217.96875, 60.9375], "uv_size": [7.03125, 2.34375]},
								"east": {"uv": [196.875, 75], "uv_size": [14.0625, 2.34375]},
								"south": {"uv": [217.96875, 63.28125], "uv_size": [7.03125, 2.34375]},
								"west": {"uv": [196.875, 77.34375], "uv_size": [14.0625, 2.34375]},
								"up": {"uv": [185.15625, 32.8125], "uv_size": [7.03125, 14.0625]},
								"down": {"uv": [185.15625, 79.6875], "uv_size": [7.03125, -14.0625]}
							}
						},
						{
							"origin": [-1.17613, 32.92572, -20.23764],
							"size": [2.43475, 1.32515, 0.71454],
							"uv": {
								"north": {"uv": [220.3125, 30.46875], "uv_size": [4.6875, 2.34375]},
								"east": {"uv": [178.125, 225], "uv_size": [2.34375, 2.34375]},
								"south": {"uv": [220.3125, 42.1875], "uv_size": [4.6875, 2.34375]},
								"west": {"uv": [225, 178.125], "uv_size": [2.34375, 2.34375]},
								"up": {"uv": [56.25, 220.3125], "uv_size": [4.6875, 2.34375]},
								"down": {"uv": [220.3125, 58.59375], "uv_size": [4.6875, -2.34375]}
							}
						},
						{
							"origin": [-1.07321, 33.44572, -20.05955],
							"size": [0.77725, 1.61765, 2.85954],
							"pivot": [-1.15583, 34.25455, -18.62978],
							"rotation": [0, 20.5, 0],
							"uv": {
								"north": {"uv": [166.40625, 225], "uv_size": [2.34375, 2.34375]},
								"east": {"uv": [217.96875, 215.625], "uv_size": [4.6875, 2.34375]},
								"south": {"uv": [225, 166.40625], "uv_size": [2.34375, 2.34375]},
								"west": {"uv": [220.3125, 0], "uv_size": [4.6875, 2.34375]},
								"up": {"uv": [220.3125, 2.34375], "uv_size": [2.34375, 4.6875]},
								"down": {"uv": [220.3125, 11.71875], "uv_size": [2.34375, -4.6875]}
							}
						},
						{
							"origin": [0.48137, 33.57572, -11.43014],
							"size": [0.25725, 0.70765, 22.84704],
							"uv": {
								"north": {"uv": [157.03125, 225], "uv_size": [2.34375, 2.34375]},
								"east": {"uv": [173.4375, 161.71875], "uv_size": [42.1875, 2.34375]},
								"south": {"uv": [225, 157.03125], "uv_size": [2.34375, 2.34375]},
								"west": {"uv": [173.4375, 164.0625], "uv_size": [42.1875, 2.34375]},
								"up": {"uv": [164.0625, 175.78125], "uv_size": [2.34375, 42.1875]},
								"down": {"uv": [166.40625, 217.96875], "uv_size": [2.34375, -42.1875]}
							}
						},
						{
							"origin": [-0.23363, 33.57572, -11.43014],
							"size": [0.41975, 0.70765, 22.84704],
							"uv": {
								"north": {"uv": [161.71875, 225], "uv_size": [2.34375, 2.34375]},
								"east": {"uv": [178.125, 28.125], "uv_size": [42.1875, 2.34375]},
								"south": {"uv": [225, 161.71875], "uv_size": [2.34375, 2.34375]},
								"west": {"uv": [178.125, 30.46875], "uv_size": [42.1875, 2.34375]},
								"up": {"uv": [180.46875, 171.09375], "uv_size": [2.34375, 42.1875]},
								"down": {"uv": [182.8125, 213.28125], "uv_size": [2.34375, -42.1875]}
							}
						},
						{
							"origin": [0.31345, 33.44572, -20.05955],
							"size": [0.77725, 1.61765, 2.85954],
							"pivot": [1.17333, 34.25455, -18.62978],
							"rotation": [0, -20.5, 0],
							"uv": {
								"north": {"uv": [168.75, 225], "uv_size": [2.34375, 2.34375]},
								"east": {"uv": [220.3125, 11.71875], "uv_size": [4.6875, 2.34375]},
								"south": {"uv": [225, 168.75], "uv_size": [2.34375, 2.34375]},
								"west": {"uv": [220.3125, 14.0625], "uv_size": [4.6875, 2.34375]},
								"up": {"uv": [220.3125, 16.40625], "uv_size": [2.34375, 4.6875]},
								"down": {"uv": [220.3125, 25.78125], "uv_size": [2.34375, -4.6875]}
							}
						},
						{
							"origin": [5.49464, 25.79982, -19.35401],
							"size": [1.20574, 6.06157, 25.4078],
							"pivot": [0.01153, 14.13783, 27.73978],
							"rotation": [0, 0, -22.5],
							"uv": {
								"north": {"uv": [208.59375, 171.09375], "uv_size": [2.34375, 11.71875]},
								"east": {"uv": [140.625, 98.4375], "uv_size": [46.875, 11.71875]},
								"south": {"uv": [173.4375, 208.59375], "uv_size": [2.34375, 11.71875]},
								"west": {"uv": [140.625, 110.15625], "uv_size": [46.875, 11.71875]},
								"up": {"uv": [79.6875, 171.09375], "uv_size": [2.34375, 46.875]},
								"down": {"uv": [82.03125, 217.96875], "uv_size": [2.34375, -46.875]}
							}
						},
						{
							"origin": [10.65407, 22.35245, -19.35401],
							"size": [1.20574, 6.06157, 25.4078],
							"pivot": [0.01153, 14.13783, 27.73978],
							"rotation": [0, 0, -45],
							"uv": {
								"north": {"uv": [168.75, 208.59375], "uv_size": [2.34375, 11.71875]},
								"east": {"uv": [117.1875, 133.59375], "uv_size": [46.875, 11.71875]},
								"south": {"uv": [171.09375, 208.59375], "uv_size": [2.34375, 11.71875]},
								"west": {"uv": [140.625, 86.71875], "uv_size": [46.875, 11.71875]},
								"up": {"uv": [75, 171.09375], "uv_size": [2.34375, 46.875]},
								"down": {"uv": [77.34375, 217.96875], "uv_size": [2.34375, -46.875]}
							}
						},
						{
							"origin": [-9.10523, 28.22779, -19.35401],
							"size": [6.06157, 1.20574, 25.4078],
							"pivot": [0.01153, 14.13783, 27.73978],
							"rotation": [0, 0, 22.5],
							"uv": {
								"north": {"uv": [208.59375, 91.40625], "uv_size": [11.71875, 2.34375]},
								"east": {"uv": [164.0625, 135.9375], "uv_size": [46.875, 2.34375]},
								"south": {"uv": [208.59375, 93.75], "uv_size": [11.71875, 2.34375]},
								"west": {"uv": [164.0625, 138.28125], "uv_size": [46.875, 2.34375]},
								"up": {"uv": [91.40625, 124.21875], "uv_size": [11.71875, 46.875]},
								"down": {"uv": [128.90625, 133.59375], "uv_size": [11.71875, -46.875]}
							}
						},
						{
							"origin": [-3.01928, 29.43835, -19.35401],
							"size": [6.06157, 1.20574, 25.4078],
							"uv": {
								"north": {"uv": [208.59375, 86.71875], "uv_size": [11.71875, 2.34375]},
								"east": {"uv": [164.0625, 84.375], "uv_size": [46.875, 2.34375]},
								"south": {"uv": [208.59375, 89.0625], "uv_size": [11.71875, 2.34375]},
								"west": {"uv": [164.0625, 133.59375], "uv_size": [46.875, 2.34375]},
								"up": {"uv": [67.96875, 124.21875], "uv_size": [11.71875, 46.875]},
								"down": {"uv": [79.6875, 171.09375], "uv_size": [11.71875, -46.875]}
							}
						},
						{
							"origin": [3.06668, 28.22779, -19.35401],
							"size": [6.06157, 1.20574, 25.4078],
							"pivot": [0.01153, 14.13783, 27.73978],
							"rotation": [0, 0, -22.5],
							"uv": {
								"north": {"uv": [208.59375, 56.25], "uv_size": [11.71875, 2.34375]},
								"east": {"uv": [164.0625, 79.6875], "uv_size": [46.875, 2.34375]},
								"south": {"uv": [208.59375, 58.59375], "uv_size": [11.71875, 2.34375]},
								"west": {"uv": [164.0625, 82.03125], "uv_size": [46.875, 2.34375]},
								"up": {"uv": [117.1875, 86.71875], "uv_size": [11.71875, 46.875]},
								"down": {"uv": [56.25, 171.09375], "uv_size": [11.71875, -46.875]}
							}
						},
						{
							"origin": [-11.83674, 22.35245, -19.35401],
							"size": [1.20574, 6.06157, 25.4078],
							"pivot": [0.01153, 14.13783, 27.73978],
							"rotation": [0, 0, 45],
							"uv": {
								"north": {"uv": [56.25, 208.59375], "uv_size": [2.34375, 11.71875]},
								"east": {"uv": [117.1875, 63.28125], "uv_size": [46.875, 11.71875]},
								"south": {"uv": [58.59375, 208.59375], "uv_size": [2.34375, 11.71875]},
								"west": {"uv": [117.1875, 75], "uv_size": [46.875, 11.71875]},
								"up": {"uv": [70.3125, 171.09375], "uv_size": [2.34375, 46.875]},
								"down": {"uv": [72.65625, 217.96875], "uv_size": [2.34375, -46.875]}
							}
						},
						{
							"origin": [-6.67732, 25.79982, -19.35401],
							"size": [1.20574, 6.06157, 25.4078],
							"pivot": [0.01153, 14.13783, 27.73978],
							"rotation": [0, 0, 22.5],
							"uv": {
								"north": {"uv": [208.59375, 32.8125], "uv_size": [2.34375, 11.71875]},
								"east": {"uv": [117.1875, 39.84375], "uv_size": [46.875, 11.71875]},
								"south": {"uv": [208.59375, 44.53125], "uv_size": [2.34375, 11.71875]},
								"west": {"uv": [117.1875, 51.5625], "uv_size": [46.875, 11.71875]},
								"up": {"uv": [65.625, 171.09375], "uv_size": [2.34375, 46.875]},
								"down": {"uv": [67.96875, 217.96875], "uv_size": [2.34375, -46.875]}
							}
						},
						{
							"origin": [-0.59131, 27.01039, -19.35401],
							"size": [1.20574, 6.06157, 25.4078],
							"uv": {
								"north": {"uv": [206.25, 189.84375], "uv_size": [2.34375, 11.71875]},
								"east": {"uv": [56.25, 112.5], "uv_size": [46.875, 11.71875]},
								"south": {"uv": [206.25, 201.5625], "uv_size": [2.34375, 11.71875]},
								"west": {"uv": [117.1875, 28.125], "uv_size": [46.875, 11.71875]},
								"up": {"uv": [60.9375, 171.09375], "uv_size": [2.34375, 46.875]},
								"down": {"uv": [63.28125, 217.96875], "uv_size": [2.34375, -46.875]}
							}
						}
					]
				},
				{
					"name": "bone2",
					"parent": "arriere",
					"pivot": [35.7179, -67.20915, 36.93991],
					"cubes": [
						{
							"origin": [6.12149, 25.29783, -20.31136],
							"size": [1.40704, 7.04019, 1.04739],
							"pivot": [-0.09676, 12.00315, 34.41751],
							"rotation": [0, 0, -22.5],
							"uv": {
								"north": {"uv": [208.59375, 189.84375], "uv_size": [2.34375, 11.71875]},
								"east": {"uv": [208.59375, 201.5625], "uv_size": [2.34375, 11.71875]},
								"south": {"uv": [210.9375, 32.8125], "uv_size": [2.34375, 11.71875]},
								"west": {"uv": [210.9375, 44.53125], "uv_size": [2.34375, 11.71875]},
								"up": {"uv": [114.84375, 225], "uv_size": [2.34375, 2.34375]},
								"down": {"uv": [225, 117.1875], "uv_size": [2.34375, -2.34375]}
							}
						},
						{
							"origin": [12.03573, 21.36782, -20.31136],
							"size": [1.37454, 7.04019, 1.04739],
							"pivot": [-0.09676, 12.00315, 34.41751],
							"rotation": [0, 0, -45],
							"uv": {
								"north": {"uv": [210.9375, 72.65625], "uv_size": [2.34375, 11.71875]},
								"east": {"uv": [154.6875, 210.9375], "uv_size": [2.34375, 11.71875]},
								"south": {"uv": [157.03125, 210.9375], "uv_size": [2.34375, 11.71875]},
								"west": {"uv": [210.9375, 171.09375], "uv_size": [2.34375, 11.71875]},
								"up": {"uv": [117.1875, 225], "uv_size": [2.34375, 2.34375]},
								"down": {"uv": [225, 119.53125], "uv_size": [2.34375, -2.34375]}
							}
						},
						{
							"origin": [12.03573, 21.36782, -20.31136],
							"size": [1.37454, 6.91019, 1.04739],
							"pivot": [-0.09676, 12.00315, 34.41751],
							"rotation": [0, 0, -45],
							"uv": {
								"north": {"uv": [182.8125, 213.28125], "uv_size": [2.34375, 11.71875]},
								"east": {"uv": [189.84375, 213.28125], "uv_size": [2.34375, 11.71875]},
								"south": {"uv": [192.1875, 213.28125], "uv_size": [2.34375, 11.71875]},
								"west": {"uv": [194.53125, 213.28125], "uv_size": [2.34375, 11.71875]},
								"up": {"uv": [225, 150], "uv_size": [2.34375, 2.34375]},
								"down": {"uv": [225, 154.6875], "uv_size": [2.34375, -2.34375]}
							}
						},
						{
							"origin": [-10.48987, 28.06571, -20.31136],
							"size": [6.91019, 1.37454, 1.04739],
							"pivot": [-0.09676, 12.00315, 34.41751],
							"rotation": [0, 0, 22.5],
							"uv": {
								"north": {"uv": [208.59375, 96.09375], "uv_size": [11.71875, 2.34375]},
								"east": {"uv": [119.53125, 225], "uv_size": [2.34375, 2.34375]},
								"south": {"uv": [208.59375, 98.4375], "uv_size": [11.71875, 2.34375]},
								"west": {"uv": [225, 119.53125], "uv_size": [2.34375, 2.34375]},
								"up": {"uv": [208.59375, 182.8125], "uv_size": [11.71875, 2.34375]},
								"down": {"uv": [210.9375, 86.71875], "uv_size": [11.71875, -2.34375]}
							}
						},
						{
							"origin": [-3.55188, 29.44575, -20.31136],
							"size": [6.91019, 1.37454, 1.04739],
							"uv": {
								"north": {"uv": [210.9375, 133.59375], "uv_size": [11.71875, 2.34375]},
								"east": {"uv": [121.875, 225], "uv_size": [2.34375, 2.34375]},
								"south": {"uv": [210.9375, 135.9375], "uv_size": [11.71875, 2.34375]},
								"west": {"uv": [124.21875, 225], "uv_size": [2.34375, 2.34375]},
								"up": {"uv": [210.9375, 138.28125], "uv_size": [11.71875, 2.34375]},
								"down": {"uv": [210.9375, 157.03125], "uv_size": [11.71875, -2.34375]}
							}
						},
						{
							"origin": [3.38611, 28.06571, -20.31136],
							"size": [6.91019, 1.37454, 1.04739],
							"pivot": [-0.09676, 12.00315, 34.41751],
							"rotation": [0, 0, -22.5],
							"uv": {
								"north": {"uv": [210.9375, 157.03125], "uv_size": [11.71875, 2.34375]},
								"east": {"uv": [126.5625, 225], "uv_size": [2.34375, 2.34375]},
								"south": {"uv": [210.9375, 189.84375], "uv_size": [11.71875, 2.34375]},
								"west": {"uv": [128.90625, 225], "uv_size": [2.34375, 2.34375]},
								"up": {"uv": [210.9375, 192.1875], "uv_size": [11.71875, 2.34375]},
								"down": {"uv": [210.9375, 196.875], "uv_size": [11.71875, -2.34375]}
							}
						},
						{
							"origin": [-13.66879, 21.36782, -20.31136],
							"size": [1.43954, 7.10519, 1.04739],
							"pivot": [-0.09676, 12.00315, 34.41751],
							"rotation": [0, 0, 45],
							"uv": {
								"north": {"uv": [210.9375, 196.875], "uv_size": [2.34375, 11.71875]},
								"east": {"uv": [210.9375, 208.59375], "uv_size": [2.34375, 11.71875]},
								"south": {"uv": [213.28125, 32.8125], "uv_size": [2.34375, 11.71875]},
								"west": {"uv": [213.28125, 44.53125], "uv_size": [2.34375, 11.71875]},
								"up": {"uv": [225, 133.59375], "uv_size": [2.34375, 2.34375]},
								"down": {"uv": [225, 138.28125], "uv_size": [2.34375, -2.34375]}
							}
						},
						{
							"origin": [-7.72205, 25.29783, -20.31136],
							"size": [1.37454, 7.10519, 1.04739],
							"pivot": [-0.09676, 12.00315, 34.41751],
							"rotation": [0, 0, 22.5],
							"uv": {
								"north": {"uv": [213.28125, 72.65625], "uv_size": [2.34375, 11.71875]},
								"east": {"uv": [84.375, 213.28125], "uv_size": [2.34375, 11.71875]},
								"south": {"uv": [86.71875, 213.28125], "uv_size": [2.34375, 11.71875]},
								"west": {"uv": [89.0625, 213.28125], "uv_size": [2.34375, 11.71875]},
								"up": {"uv": [225, 138.28125], "uv_size": [2.34375, 2.34375]},
								"down": {"uv": [225, 142.96875], "uv_size": [2.34375, -2.34375]}
							}
						},
						{
							"origin": [-0.784, 26.67787, -20.31136],
							"size": [1.37454, 7.10519, 1.04739],
							"uv": {
								"north": {"uv": [213.28125, 171.09375], "uv_size": [2.34375, 11.71875]},
								"east": {"uv": [175.78125, 213.28125], "uv_size": [2.34375, 11.71875]},
								"south": {"uv": [178.125, 213.28125], "uv_size": [2.34375, 11.71875]},
								"west": {"uv": [180.46875, 213.28125], "uv_size": [2.34375, 11.71875]},
								"up": {"uv": [225, 142.96875], "uv_size": [2.34375, 2.34375]},
								"down": {"uv": [225, 150], "uv_size": [2.34375, -2.34375]}
							}
						}
					]
				},
				{
					"name": "couvercle",
					"parent": "m72law",
					"pivot": [-0.00754, 21.1255, 4.7273],
					"rotation": [-45.75, 0, 0],
					"cubes": [
						{
							"origin": [-1.14363, 25.53602, 1.99204],
							"size": [0.15975, 0.61015, 0.58454],
							"pivot": [-0.1375, 25.04484, 1.82931],
							"rotation": [137, 0, 0],
							"uv": {
								"north": {"uv": [208.59375, 225], "uv_size": [2.34375, 2.34375]},
								"east": {"uv": [225, 208.59375], "uv_size": [2.34375, 2.34375]},
								"south": {"uv": [210.9375, 225], "uv_size": [2.34375, 2.34375]},
								"west": {"uv": [225, 210.9375], "uv_size": [2.34375, 2.34375]},
								"up": {"uv": [213.28125, 225], "uv_size": [2.34375, 2.34375]},
								"down": {"uv": [225, 215.625], "uv_size": [2.34375, -2.34375]}
							}
						},
						{
							"origin": [-1.14363, 24.93246, 1.94589],
							"size": [0.15975, 1.39015, 0.58454],
							"pivot": [-0.1375, 25.51378, 1.78316],
							"rotation": [161.75, 0, 0],
							"uv": {
								"north": {"uv": [215.625, 225], "uv_size": [2.34375, 2.34375]},
								"east": {"uv": [225, 215.625], "uv_size": [2.34375, 2.34375]},
								"south": {"uv": [217.96875, 225], "uv_size": [2.34375, 2.34375]},
								"west": {"uv": [225, 217.96875], "uv_size": [2.34375, 2.34375]},
								"up": {"uv": [220.3125, 225], "uv_size": [2.34375, 2.34375]},
								"down": {"uv": [225, 222.65625], "uv_size": [2.34375, -2.34375]}
							}
						}
					]
				},
				{
					"name": "zube",
					"parent": "couvercle",
					"pivot": [-0.00082, 25.07719, 1.54177],
					"rotation": [-8.5, 0, 0],
					"cubes": [
						{
							"origin": [3.60888, 18.97893, 4.32128],
							"size": [7.17515, 1.42725, 0.35704],
							"pivot": [-0.00753, 2.30047, 53.45579],
							"rotation": [0, 0, -22.5],
							"uv": {
								"north": {"uv": [201.5625, 70.3125], "uv_size": [14.0625, 2.34375]},
								"east": {"uv": [196.875, 225], "uv_size": [2.34375, 2.34375]},
								"south": {"uv": [201.5625, 114.84375], "uv_size": [14.0625, 2.34375]},
								"west": {"uv": [225, 196.875], "uv_size": [2.34375, 2.34375]},
								"up": {"uv": [201.5625, 117.1875], "uv_size": [14.0625, 2.34375]},
								"down": {"uv": [201.5625, 121.875], "uv_size": [14.0625, -2.34375]}
							}
						},
						{
							"origin": [-14.03248, 12.02421, 4.32128],
							"size": [1.42725, 7.17515, 0.35704],
							"pivot": [-0.00753, 2.30047, 53.45579],
							"rotation": [0, 0, 45],
							"uv": {
								"north": {"uv": [96.09375, 203.90625], "uv_size": [2.34375, 14.0625]},
								"east": {"uv": [117.1875, 203.90625], "uv_size": [2.34375, 14.0625]},
								"south": {"uv": [119.53125, 203.90625], "uv_size": [2.34375, 14.0625]},
								"west": {"uv": [121.875, 203.90625], "uv_size": [2.34375, 14.0625]},
								"up": {"uv": [194.53125, 225], "uv_size": [2.34375, 2.34375]},
								"down": {"uv": [225, 196.875], "uv_size": [2.34375, -2.34375]}
							}
						},
						{
							"origin": [-3.59514, 20.41189, 4.32128],
							"size": [7.17515, 1.42725, 0.35704],
							"uv": {
								"north": {"uv": [199.21875, 105.46875], "uv_size": [14.0625, 2.34375]},
								"east": {"uv": [192.1875, 225], "uv_size": [2.34375, 2.34375]},
								"south": {"uv": [199.21875, 107.8125], "uv_size": [14.0625, 2.34375]},
								"west": {"uv": [225, 192.1875], "uv_size": [2.34375, 2.34375]},
								"up": {"uv": [201.5625, 65.625], "uv_size": [14.0625, 2.34375]},
								"down": {"uv": [201.5625, 70.3125], "uv_size": [14.0625, -2.34375]}
							}
						},
						{
							"origin": [-10.79916, 18.97893, 4.32128],
							"size": [7.17515, 1.42725, 0.35704],
							"pivot": [-0.00753, 2.30047, 53.45579],
							"rotation": [0, 0, 22.5],
							"uv": {
								"north": {"uv": [196.875, 154.6875], "uv_size": [14.0625, 2.34375]},
								"east": {"uv": [189.84375, 225], "uv_size": [2.34375, 2.34375]},
								"south": {"uv": [196.875, 157.03125], "uv_size": [14.0625, 2.34375]},
								"west": {"uv": [225, 189.84375], "uv_size": [2.34375, 2.34375]},
								"up": {"uv": [199.21875, 100.78125], "uv_size": [14.0625, 2.34375]},
								"down": {"uv": [199.21875, 105.46875], "uv_size": [14.0625, -2.34375]}
							}
						},
						{
							"origin": [12.59016, 12.02421, 4.32128],
							"size": [1.42725, 7.17515, 0.35704],
							"pivot": [-0.00753, 2.30047, 53.45579],
							"rotation": [0, 0, -45],
							"uv": {
								"north": {"uv": [201.5625, 199.21875], "uv_size": [2.34375, 14.0625]},
								"east": {"uv": [203.90625, 32.8125], "uv_size": [2.34375, 14.0625]},
								"south": {"uv": [203.90625, 46.875], "uv_size": [2.34375, 14.0625]},
								"west": {"uv": [203.90625, 86.71875], "uv_size": [2.34375, 14.0625]},
								"up": {"uv": [187.5, 225], "uv_size": [2.34375, 2.34375]},
								"down": {"uv": [225, 189.84375], "uv_size": [2.34375, -2.34375]}
							}
						},
						{
							"origin": [6.48289, 16.10491, 4.32128],
							"size": [1.42725, 7.17515, 0.35704],
							"pivot": [-0.00753, 2.30047, 53.45579],
							"rotation": [0, 0, -22.5],
							"uv": {
								"north": {"uv": [201.5625, 171.09375], "uv_size": [2.34375, 14.0625]},
								"east": {"uv": [185.15625, 201.5625], "uv_size": [2.34375, 14.0625]},
								"south": {"uv": [201.5625, 185.15625], "uv_size": [2.34375, 14.0625]},
								"west": {"uv": [187.5, 201.5625], "uv_size": [2.34375, 14.0625]},
								"up": {"uv": [185.15625, 225], "uv_size": [2.34375, 2.34375]},
								"down": {"uv": [225, 187.5], "uv_size": [2.34375, -2.34375]}
							}
						},
						{
							"origin": [-7.92521, 16.10491, 4.32128],
							"size": [1.42725, 7.17515, 0.35704],
							"pivot": [-0.00753, 2.30047, 53.45579],
							"rotation": [0, 0, 22.5],
							"uv": {
								"north": {"uv": [196.875, 199.21875], "uv_size": [2.34375, 14.0625]},
								"east": {"uv": [199.21875, 199.21875], "uv_size": [2.34375, 14.0625]},
								"south": {"uv": [201.5625, 32.8125], "uv_size": [2.34375, 14.0625]},
								"west": {"uv": [201.5625, 86.71875], "uv_size": [2.34375, 14.0625]},
								"up": {"uv": [182.8125, 225], "uv_size": [2.34375, 2.34375]},
								"down": {"uv": [225, 185.15625], "uv_size": [2.34375, -2.34375]}
							}
						},
						{
							"origin": [-0.72113, 17.53787, 4.32128],
							"size": [1.42725, 7.17515, 0.35704],
							"uv": {
								"north": {"uv": [199.21875, 185.15625], "uv_size": [2.34375, 14.0625]},
								"east": {"uv": [189.84375, 199.21875], "uv_size": [2.34375, 14.0625]},
								"south": {"uv": [192.1875, 199.21875], "uv_size": [2.34375, 14.0625]},
								"west": {"uv": [194.53125, 199.21875], "uv_size": [2.34375, 14.0625]},
								"up": {"uv": [180.46875, 225], "uv_size": [2.34375, 2.34375]},
								"down": {"uv": [225, 182.8125], "uv_size": [2.34375, -2.34375]}
							}
						},
						{
							"origin": [2.95928, 19.58372, 3.37495],
							"size": [5.88363, 1.17034, 1.26777],
							"pivot": [-0.00618, 5.90738, 43.66525],
							"rotation": [0, 0, -22.5],
							"uv": {
								"north": {"uv": [215.625, 49.21875], "uv_size": [11.71875, 2.34375]},
								"east": {"uv": [227.34375, 25.78125], "uv_size": [2.34375, 2.34375]},
								"south": {"uv": [215.625, 51.5625], "uv_size": [11.71875, 2.34375]},
								"west": {"uv": [28.125, 227.34375], "uv_size": [2.34375, 2.34375]},
								"up": {"uv": [215.625, 53.90625], "uv_size": [11.71875, 2.34375]},
								"down": {"uv": [215.625, 67.96875], "uv_size": [11.71875, -2.34375]}
							}
						},
						{
							"origin": [-11.50663, 13.88086, 3.37495],
							"size": [1.17034, 5.88363, 1.26777],
							"pivot": [-0.00618, 5.90738, 43.66525],
							"rotation": [0, 0, 45],
							"uv": {
								"north": {"uv": [215.625, 37.5], "uv_size": [2.34375, 11.71875]},
								"east": {"uv": [42.1875, 215.625], "uv_size": [2.34375, 11.71875]},
								"south": {"uv": [44.53125, 215.625], "uv_size": [2.34375, 11.71875]},
								"west": {"uv": [46.875, 215.625], "uv_size": [2.34375, 11.71875]},
								"up": {"uv": [227.34375, 23.4375], "uv_size": [2.34375, 2.34375]},
								"down": {"uv": [25.78125, 229.6875], "uv_size": [2.34375, -2.34375]}
							}
						},
						{
							"origin": [-2.94802, 20.75875, 3.37495],
							"size": [5.88363, 1.17034, 1.26777],
							"uv": {
								"north": {"uv": [18.75, 215.625], "uv_size": [11.71875, 2.34375]},
								"east": {"uv": [227.34375, 21.09375], "uv_size": [2.34375, 2.34375]},
								"south": {"uv": [30.46875, 215.625], "uv_size": [11.71875, 2.34375]},
								"west": {"uv": [23.4375, 227.34375], "uv_size": [2.34375, 2.34375]},
								"up": {"uv": [215.625, 32.8125], "uv_size": [11.71875, 2.34375]},
								"down": {"uv": [215.625, 37.5], "uv_size": [11.71875, -2.34375]}
							}
						},
						{
							"origin": [-8.85531, 19.58372, 3.37495],
							"size": [5.88363, 1.17034, 1.26777],
							"pivot": [-0.00618, 5.90738, 43.66525],
							"rotation": [0, 0, 22.5],
							"uv": {
								"north": {"uv": [213.28125, 100.78125], "uv_size": [11.71875, 2.34375]},
								"east": {"uv": [227.34375, 18.75], "uv_size": [2.34375, 2.34375]},
								"south": {"uv": [213.28125, 103.125], "uv_size": [11.71875, 2.34375]},
								"west": {"uv": [21.09375, 227.34375], "uv_size": [2.34375, 2.34375]},
								"up": {"uv": [213.28125, 105.46875], "uv_size": [11.71875, 2.34375]},
								"down": {"uv": [213.28125, 110.15625], "uv_size": [11.71875, -2.34375]}
							}
						},
						{
							"origin": [10.32393, 13.88086, 3.37495],
							"size": [1.17034, 5.88363, 1.26777],
							"pivot": [-0.00618, 5.90738, 43.66525],
							"rotation": [0, 0, -45],
							"uv": {
								"north": {"uv": [9.375, 215.625], "uv_size": [2.34375, 11.71875]},
								"east": {"uv": [11.71875, 215.625], "uv_size": [2.34375, 11.71875]},
								"south": {"uv": [14.0625, 215.625], "uv_size": [2.34375, 11.71875]},
								"west": {"uv": [16.40625, 215.625], "uv_size": [2.34375, 11.71875]},
								"up": {"uv": [227.34375, 16.40625], "uv_size": [2.34375, 2.34375]},
								"down": {"uv": [18.75, 229.6875], "uv_size": [2.34375, -2.34375]}
							}
						},
						{
							"origin": [5.31597, 17.22703, 3.37495],
							"size": [1.17034, 5.88363, 1.26777],
							"pivot": [-0.00618, 5.90738, 43.66525],
							"rotation": [0, 0, -22.5],
							"uv": {
								"north": {"uv": [0, 215.625], "uv_size": [2.34375, 11.71875]},
								"east": {"uv": [2.34375, 215.625], "uv_size": [2.34375, 11.71875]},
								"south": {"uv": [4.6875, 215.625], "uv_size": [2.34375, 11.71875]},
								"west": {"uv": [7.03125, 215.625], "uv_size": [2.34375, 11.71875]},
								"up": {"uv": [227.34375, 14.0625], "uv_size": [2.34375, 2.34375]},
								"down": {"uv": [16.40625, 229.6875], "uv_size": [2.34375, -2.34375]}
							}
						},
						{
							"origin": [-6.49867, 17.22703, 3.37495],
							"size": [1.17034, 5.88363, 1.26777],
							"pivot": [-0.00618, 5.90738, 43.66525],
							"rotation": [0, 0, 22.5],
							"uv": {
								"north": {"uv": [203.90625, 213.28125], "uv_size": [2.34375, 11.71875]},
								"east": {"uv": [206.25, 213.28125], "uv_size": [2.34375, 11.71875]},
								"south": {"uv": [208.59375, 213.28125], "uv_size": [2.34375, 11.71875]},
								"west": {"uv": [213.28125, 208.59375], "uv_size": [2.34375, 11.71875]},
								"up": {"uv": [227.34375, 11.71875], "uv_size": [2.34375, 2.34375]},
								"down": {"uv": [14.0625, 229.6875], "uv_size": [2.34375, -2.34375]}
							}
						},
						{
							"origin": [-0.59132, 18.40205, 3.37495],
							"size": [1.17034, 5.88363, 1.26777],
							"uv": {
								"north": {"uv": [196.875, 213.28125], "uv_size": [2.34375, 11.71875]},
								"east": {"uv": [213.28125, 196.875], "uv_size": [2.34375, 11.71875]},
								"south": {"uv": [199.21875, 213.28125], "uv_size": [2.34375, 11.71875]},
								"west": {"uv": [201.5625, 213.28125], "uv_size": [2.34375, 11.71875]},
								"up": {"uv": [227.34375, 9.375], "uv_size": [2.34375, 2.34375]},
								"down": {"uv": [11.71875, 229.6875], "uv_size": [2.34375, -2.34375]}
							}
						},
						{
							"origin": [-0.94863, 16.36787, 4.58128],
							"size": [2.01225, 1.48765, 0.12954],
							"uv": {
								"north": {"uv": [220.3125, 58.59375], "uv_size": [4.6875, 2.34375]},
								"east": {"uv": [199.21875, 225], "uv_size": [2.34375, 2.34375]},
								"south": {"uv": [220.3125, 67.96875], "uv_size": [4.6875, 2.34375]},
								"west": {"uv": [225, 199.21875], "uv_size": [2.34375, 2.34375]},
								"up": {"uv": [220.3125, 70.3125], "uv_size": [4.6875, 2.34375]},
								"down": {"uv": [220.3125, 89.0625], "uv_size": [4.6875, -2.34375]}
							}
						},
						{
							"origin": [-1.01363, 23.74537, 4.45128],
							"size": [2.01225, 1.48765, 0.12954],
							"uv": {
								"north": {"uv": [220.3125, 96.09375], "uv_size": [4.6875, 2.34375]},
								"east": {"uv": [203.90625, 225], "uv_size": [2.34375, 2.34375]},
								"south": {"uv": [98.4375, 220.3125], "uv_size": [4.6875, 2.34375]},
								"west": {"uv": [225, 203.90625], "uv_size": [2.34375, 2.34375]},
								"up": {"uv": [220.3125, 98.4375], "uv_size": [4.6875, 2.34375]},
								"down": {"uv": [103.125, 222.65625], "uv_size": [4.6875, -2.34375]}
							}
						},
						{
							"origin": [-1.01363, 24.45694, 3.77011],
							"size": [2.01225, 1.71515, 0.12954],
							"pivot": [-0.0075, 25.20076, 3.83488],
							"rotation": [87.5, 0, 0],
							"uv": {
								"north": {"uv": [107.8125, 220.3125], "uv_size": [4.6875, 2.34375]},
								"east": {"uv": [206.25, 225], "uv_size": [2.34375, 2.34375]},
								"south": {"uv": [220.3125, 110.15625], "uv_size": [4.6875, 2.34375]},
								"west": {"uv": [225, 206.25], "uv_size": [2.34375, 2.34375]},
								"up": {"uv": [112.5, 220.3125], "uv_size": [4.6875, 2.34375]},
								"down": {"uv": [220.3125, 114.84375], "uv_size": [4.6875, -2.34375]}
							}
						},
						{
							"origin": [-1.01363, 25.13288, 2.72243],
							"size": [2.01225, 2.52765, 0.12954],
							"pivot": [-0.0075, 25.2267, 2.7872],
							"rotation": [100.75, 0, 0],
							"uv": {
								"north": {"uv": [199.21875, 46.875], "uv_size": [4.6875, 4.6875]},
								"east": {"uv": [220.3125, 140.625], "uv_size": [2.34375, 4.6875]},
								"south": {"uv": [199.21875, 51.5625], "uv_size": [4.6875, 4.6875]},
								"west": {"uv": [159.375, 220.3125], "uv_size": [2.34375, 4.6875]},
								"up": {"uv": [161.71875, 220.3125], "uv_size": [4.6875, 2.34375]},
								"down": {"uv": [166.40625, 222.65625], "uv_size": [4.6875, -2.34375]}
							}
						},
						{
							"origin": [-0.94863, 15.31743, 4.24789],
							"size": [2.01225, 1.16265, 0.12954],
							"pivot": [0.0575, 15.73625, 4.31266],
							"rotation": [-27.25, 0, 0],
							"uv": {
								"north": {"uv": [220.3125, 89.0625], "uv_size": [4.6875, 2.34375]},
								"east": {"uv": [201.5625, 225], "uv_size": [2.34375, 2.34375]},
								"south": {"uv": [91.40625, 220.3125], "uv_size": [4.6875, 2.34375]},
								"west": {"uv": [225, 201.5625], "uv_size": [2.34375, 2.34375]},
								"up": {"uv": [220.3125, 91.40625], "uv_size": [4.6875, 2.34375]},
								"down": {"uv": [220.3125, 96.09375], "uv_size": [4.6875, -2.34375]}
							}
						}
					]
				},
				{
					"name": "rond2",
					"parent": "m72law",
					"pivot": [0.00753, 11.01047, 51.50579],
					"rotation": [-0.25, 0, 0],
					"cubes": [
						{
							"origin": [-1.48668, 32.21072, 21.87459],
							"size": [1.88225, 3.14515, 3.37954],
							"pivot": [-0.67556, 33.7833, 23.56436],
							"rotation": [0, -9.75, 0],
							"uv": {
								"north": {"uv": [121.875, 217.96875], "uv_size": [2.34375, 4.6875]},
								"east": {"uv": [194.53125, 175.78125], "uv_size": [7.03125, 4.6875]},
								"south": {"uv": [124.21875, 217.96875], "uv_size": [2.34375, 4.6875]},
								"west": {"uv": [194.53125, 180.46875], "uv_size": [7.03125, 4.6875]},
								"up": {"uv": [215.625, 168.75], "uv_size": [2.34375, 7.03125]},
								"down": {"uv": [215.625, 182.8125], "uv_size": [2.34375, -7.03125]}
							}
						}
					]
				},
				{
					"name": "rond3",
					"parent": "m72law",
					"pivot": [0.00753, 11.01047, 51.50579],
					"rotation": [-0.25, 0, 0],
					"cubes": [
						{
							"origin": [-1.22612, 32.21072, 27.13986],
							"size": [0.54975, 3.79515, 0.12954],
							"pivot": [0.0075, 34.3033, 26.66838],
							"rotation": [0, 9.5, 0],
							"uv": {
								"north": {"uv": [217.96875, 37.5], "uv_size": [2.34375, 7.03125]},
								"east": {"uv": [39.84375, 217.96875], "uv_size": [2.34375, 7.03125]},
								"south": {"uv": [60.9375, 217.96875], "uv_size": [2.34375, 7.03125]},
								"west": {"uv": [63.28125, 217.96875], "uv_size": [2.34375, 7.03125]},
								"up": {"uv": [222.65625, 37.5], "uv_size": [2.34375, 2.34375]},
								"down": {"uv": [222.65625, 42.1875], "uv_size": [2.34375, -2.34375]}
							}
						}
					]
				},
				{
					"name": "rond4",
					"parent": "m72law",
					"pivot": [0.00753, 11.01047, 51.50579],
					"rotation": [-0.25, 0, 0],
					"cubes": [
						{
							"origin": [-0.80072, 35.98672, 27.06867],
							"size": [0.1196, 0.15515, 0.12954],
							"pivot": [0.43291, 34.43929, 26.59719],
							"rotation": [0, 9.5, 0],
							"uv": {
								"north": {"uv": [53.90625, 222.65625], "uv_size": [2.34375, 2.34375]},
								"east": {"uv": [56.25, 222.65625], "uv_size": [2.34375, 2.34375]},
								"south": {"uv": [58.59375, 222.65625], "uv_size": [2.34375, 2.34375]},
								"west": {"uv": [222.65625, 72.65625], "uv_size": [2.34375, 2.34375]},
								"up": {"uv": [222.65625, 75], "uv_size": [2.34375, 2.34375]},
								"down": {"uv": [222.65625, 79.6875], "uv_size": [2.34375, -2.34375]}
							}
						}
					]
				},
				{
					"name": "rond6",
					"parent": "m72law",
					"pivot": [0.00753, 11.01047, 51.50579],
					"rotation": [-0.25, 0, 0],
					"cubes": [
						{
							"origin": [-0.57423, 35.9562, 27.19867],
							"size": [0.45225, 0.22015, 0.12954],
							"pivot": [-0.29935, 34.27878, 27.26344],
							"rotation": [-2.88074, 9.05652, -17.7282],
							"uv": {
								"north": {"uv": [222.65625, 79.6875], "uv_size": [2.34375, 2.34375]},
								"east": {"uv": [222.65625, 82.03125], "uv_size": [2.34375, 2.34375]},
								"south": {"uv": [222.65625, 84.375], "uv_size": [2.34375, 2.34375]},
								"west": {"uv": [91.40625, 222.65625], "uv_size": [2.34375, 2.34375]},
								"up": {"uv": [93.75, 222.65625], "uv_size": [2.34375, 2.34375]},
								"down": {"uv": [96.09375, 225], "uv_size": [2.34375, -2.34375]}
							}
						}
					]
				},
				{
					"name": "rond7",
					"parent": "m72law",
					"pivot": [0.00753, 11.01047, 51.50579],
					"rotation": [-0.25, 0, 0],
					"cubes": [
						{
							"origin": [0.17794, 37.06923, 27.04017],
							"size": [0.74475, 0.15515, 0.12954],
							"pivot": [0.64781, 35.32681, 27.10494],
							"rotation": [-9.27877, 2.0472, -77.66615],
							"uv": {
								"north": {"uv": [98.4375, 222.65625], "uv_size": [2.34375, 2.34375]},
								"east": {"uv": [100.78125, 222.65625], "uv_size": [2.34375, 2.34375]},
								"south": {"uv": [103.125, 222.65625], "uv_size": [2.34375, 2.34375]},
								"west": {"uv": [105.46875, 222.65625], "uv_size": [2.34375, 2.34375]},
								"up": {"uv": [107.8125, 222.65625], "uv_size": [2.34375, 2.34375]},
								"down": {"uv": [110.15625, 225], "uv_size": [2.34375, -2.34375]}
							}
						}
					]
				},
				{
					"name": "rond8",
					"parent": "m72law",
					"pivot": [0.00753, 11.01047, 51.50579],
					"rotation": [-0.25, 0, 0],
					"cubes": [
						{
							"origin": [1.34138, 36.40322, 9.55736],
							"size": [0.15975, 0.70765, 1.10454],
							"uv": {
								"north": {"uv": [222.65625, 196.875], "uv_size": [2.34375, 2.34375]},
								"east": {"uv": [222.65625, 199.21875], "uv_size": [2.34375, 2.34375]},
								"south": {"uv": [222.65625, 201.5625], "uv_size": [2.34375, 2.34375]},
								"west": {"uv": [222.65625, 203.90625], "uv_size": [2.34375, 2.34375]},
								"up": {"uv": [222.65625, 206.25], "uv_size": [2.34375, 2.34375]},
								"down": {"uv": [222.65625, 210.9375], "uv_size": [2.34375, -2.34375]}
							}
						}
					]
				},
				{
					"name": "rond9",
					"parent": "m72law",
					"pivot": [0.00753, 11.01047, 51.50579],
					"rotation": [-0.25, 0, 0],
					"cubes": [
						{
							"origin": [1.34138, 36.7774, 9.83589],
							"size": [0.15975, 0.31765, 0.77954],
							"pivot": [1.42125, 36.38372, 10.06316],
							"rotation": [72.5, 0, 0],
							"uv": {
								"north": {"uv": [210.9375, 222.65625], "uv_size": [2.34375, 2.34375]},
								"east": {"uv": [222.65625, 210.9375], "uv_size": [2.34375, 2.34375]},
								"south": {"uv": [213.28125, 222.65625], "uv_size": [2.34375, 2.34375]},
								"west": {"uv": [222.65625, 213.28125], "uv_size": [2.34375, 2.34375]},
								"up": {"uv": [215.625, 222.65625], "uv_size": [2.34375, 2.34375]},
								"down": {"uv": [222.65625, 217.96875], "uv_size": [2.34375, -2.34375]}
							}
						}
					]
				},
				{
					"name": "rond10",
					"parent": "m72law",
					"pivot": [0.00753, 11.01047, 51.50579],
					"rotation": [-0.25, 0, 0],
					"cubes": [
						{
							"origin": [1.34138, 36.53653, 10.02267],
							"size": [0.15975, 0.31765, 0.71454],
							"pivot": [1.42125, 36.14285, 10.18494],
							"rotation": [112.5, 0, 0],
							"uv": {
								"north": {"uv": [217.96875, 222.65625], "uv_size": [2.34375, 2.34375]},
								"east": {"uv": [222.65625, 217.96875], "uv_size": [2.34375, 2.34375]},
								"south": {"uv": [220.3125, 222.65625], "uv_size": [2.34375, 2.34375]},
								"west": {"uv": [222.65625, 220.3125], "uv_size": [2.34375, 2.34375]},
								"up": {"uv": [222.65625, 222.65625], "uv_size": [2.34375, 2.34375]},
								"down": {"uv": [225, 2.34375], "uv_size": [2.34375, -2.34375]}
							}
						}
					]
				},
				{
					"name": "rond11",
					"parent": "m72law",
					"pivot": [0.00753, 11.01047, 51.50579],
					"rotation": [-0.25, 0, 0],
					"cubes": [
						{
							"origin": [1.34138, 36.11634, 10.24995],
							"size": [0.15975, 0.70765, 1.10454],
							"pivot": [1.42125, 36.47017, 10.80222],
							"rotation": [-45, 0, 0],
							"uv": {
								"north": {"uv": [225, 2.34375], "uv_size": [2.34375, 2.34375]},
								"east": {"uv": [225, 4.6875], "uv_size": [2.34375, 2.34375]},
								"south": {"uv": [225, 7.03125], "uv_size": [2.34375, 2.34375]},
								"west": {"uv": [225, 9.375], "uv_size": [2.34375, 2.34375]},
								"up": {"uv": [225, 11.71875], "uv_size": [2.34375, 2.34375]},
								"down": {"uv": [225, 16.40625], "uv_size": [2.34375, -2.34375]}
							}
						}
					]
				},
				{
					"name": "rond12",
					"parent": "m72law",
					"pivot": [0.00753, 11.01047, 51.50579],
					"rotation": [-0.25, 0, 0],
					"cubes": [
						{
							"origin": [1.34138, 35.72072, 9.58986],
							"size": [0.15975, 0.70765, 2.07954],
							"uv": {
								"north": {"uv": [225, 16.40625], "uv_size": [2.34375, 2.34375]},
								"east": {"uv": [217.96875, 175.78125], "uv_size": [4.6875, 2.34375]},
								"south": {"uv": [18.75, 225], "uv_size": [2.34375, 2.34375]},
								"west": {"uv": [217.96875, 178.125], "uv_size": [4.6875, 2.34375]},
								"up": {"uv": [217.96875, 196.875], "uv_size": [2.34375, 4.6875]},
								"down": {"uv": [217.96875, 206.25], "uv_size": [2.34375, -4.6875]}
							}
						}
					]
				},
				{
					"name": "rond13",
					"parent": "m72law",
					"pivot": [0.00753, 11.01047, 51.50579],
					"rotation": [-0.25, 0, 0],
					"cubes": [
						{
							"origin": [0.51788, 38.07165, 9.78486],
							"size": [0.15975, 1.68265, 1.03954],
							"pivot": [0.89026, 38.68547, 10.10963],
							"rotation": [0, 0, -0.25],
							"uv": {
								"north": {"uv": [225, 37.5], "uv_size": [2.34375, 2.34375]},
								"east": {"uv": [39.84375, 225], "uv_size": [2.34375, 2.34375]},
								"south": {"uv": [225, 39.84375], "uv_size": [2.34375, 2.34375]},
								"west": {"uv": [225, 42.1875], "uv_size": [2.34375, 2.34375]},
								"up": {"uv": [225, 44.53125], "uv_size": [2.34375, 2.34375]},
								"down": {"uv": [225, 49.21875], "uv_size": [2.34375, -2.34375]}
							}
						}
					]
				},
				{
					"name": "rond14",
					"parent": "m72law",
					"pivot": [0.00753, 11.01047, 51.50579],
					"rotation": [-0.25, 0, 0],
					"cubes": [
						{
							"origin": [0.88638, 36.37072, 9.78486],
							"size": [0.15975, 1.91015, 1.03954],
							"pivot": [1.25875, 37.21205, 10.10963],
							"rotation": [0, 0, -21.5],
							"uv": {
								"north": {"uv": [49.21875, 225], "uv_size": [2.34375, 2.34375]},
								"east": {"uv": [51.5625, 225], "uv_size": [2.34375, 2.34375]},
								"south": {"uv": [53.90625, 225], "uv_size": [2.34375, 2.34375]},
								"west": {"uv": [56.25, 225], "uv_size": [2.34375, 2.34375]},
								"up": {"uv": [225, 56.25], "uv_size": [2.34375, 2.34375]},
								"down": {"uv": [58.59375, 227.34375], "uv_size": [2.34375, -2.34375]}
							}
						},
						{
							"origin": [-0.25112, 36.37072, 10.62986],
							"size": [1.26475, 1.91015, 0.16204],
							"pivot": [1.25875, 37.21205, 10.10963],
							"rotation": [0, 0, -21.5],
							"uv": {
								"north": {"uv": [75, 225], "uv_size": [2.34375, 2.34375]},
								"east": {"uv": [225, 75], "uv_size": [2.34375, 2.34375]},
								"south": {"uv": [77.34375, 225], "uv_size": [2.34375, 2.34375]},
								"west": {"uv": [225, 77.34375], "uv_size": [2.34375, 2.34375]},
								"up": {"uv": [79.6875, 225], "uv_size": [2.34375, 2.34375]},
								"down": {"uv": [225, 82.03125], "uv_size": [2.34375, -2.34375]}
							}
						}
					]
				},
				{
					"name": "rond15",
					"parent": "m72law",
					"pivot": [0.00753, 11.01047, 51.50579],
					"rotation": [-0.25, 0, 0]
				},
				{
					"name": "couvercle2",
					"parent": "m72law",
					"pivot": [0.00754, 21.1255, 4.7273],
					"rotation": [-45.75, 0, 0],
					"cubes": [
						{
							"origin": [0.98388, 24.93246, 1.94589],
							"size": [0.15975, 1.39015, 0.58454],
							"pivot": [0.1375, 25.51378, 1.78316],
							"rotation": [161.75, 0, 0],
							"uv": {
								"north": {"uv": [222.65625, 225], "uv_size": [2.34375, 2.34375]},
								"east": {"uv": [225, 222.65625], "uv_size": [2.34375, 2.34375]},
								"south": {"uv": [225, 225], "uv_size": [2.34375, 2.34375]},
								"west": {"uv": [0, 227.34375], "uv_size": [2.34375, 2.34375]},
								"up": {"uv": [227.34375, 0], "uv_size": [2.34375, 2.34375]},
								"down": {"uv": [2.34375, 229.6875], "uv_size": [2.34375, -2.34375]}
							}
						}
					]
				},
				{
					"name": "couvercle3",
					"parent": "m72law",
					"pivot": [0.00754, 21.1255, 4.7273],
					"rotation": [-45.75, 0, 0],
					"cubes": [
						{
							"origin": [0.98388, 25.53602, 1.99204],
							"size": [0.15975, 0.61015, 0.58454],
							"pivot": [0.1375, 25.04484, 1.82931],
							"rotation": [137, 0, 0],
							"uv": {
								"north": {"uv": [227.34375, 2.34375], "uv_size": [2.34375, 2.34375]},
								"east": {"uv": [4.6875, 227.34375], "uv_size": [2.34375, 2.34375]},
								"south": {"uv": [227.34375, 4.6875], "uv_size": [2.34375, 2.34375]},
								"west": {"uv": [7.03125, 227.34375], "uv_size": [2.34375, 2.34375]},
								"up": {"uv": [227.34375, 7.03125], "uv_size": [2.34375, 2.34375]},
								"down": {"uv": [9.375, 229.6875], "uv_size": [2.34375, -2.34375]}
							}
						}
					]
				},
				{
					"name": "couvercle4",
					"parent": "m72law",
					"pivot": [0.00754, 21.1255, 4.7273],
					"rotation": [-45.75, 0, 0]
				},
				{
					"name": "couvercle5",
					"parent": "m72law",
					"pivot": [0.00754, 21.1255, 4.7273],
					"rotation": [-45.75, 0, 0]
				},
				{
					"name": "couvercle6",
					"parent": "m72law",
					"pivot": [0.00754, 21.1255, 4.7273],
					"rotation": [-45.75, 0, 0]
				},
				{
					"name": "couvercle7",
					"parent": "m72law",
					"pivot": [0.00754, 21.1255, 4.7273],
					"rotation": [-45.75, 0, 0]
				},
				{
					"name": "couvercle8",
					"parent": "m72law",
					"pivot": [0.00754, 21.1255, 4.7273],
					"rotation": [-45.75, 0, 0]
				},
				{
					"name": "couvercle9",
					"parent": "m72law",
					"pivot": [0.00754, 21.1255, 4.7273],
					"rotation": [-45.75, 0, 0]
				},
				{
					"name": "couvercle10",
					"parent": "m72law",
					"pivot": [0.00754, 21.1255, 4.7273],
					"rotation": [-45.75, 0, 0]
				},
				{
					"name": "couvercle11",
					"parent": "m72law",
					"pivot": [0.00754, 21.1255, 4.7273],
					"rotation": [-45.75, 0, 0]
				},
				{
					"name": "couvercle12",
					"parent": "m72law",
					"pivot": [0.00754, 21.1255, 4.7273],
					"rotation": [-45.75, 0, 0]
				}
			]
		}
	]
}