{
	"format_version": "1.12.0",
	"minecraft:geometry": [
		{
			"description": {
				"identifier": "geometry.unknown",
				"texture_width": 128,
				"texture_height": 128,
				"visible_bounds_width": 8,
				"visible_bounds_height": 5,
				"visible_bounds_offset": [0, 1.5, 0]
			},
			"bones": [
				{
					"name": "Capsule",
					"pivot": [-1.5, 0.95, -7],
					"cubes": [
						{
							"origin": [-0.3, 2.822, -1.76],
							"size": [0.576, 0.48, 4.4],
							"uv": {
								"north": {"uv": [46, 68], "uv_size": [1, 1]},
								"east": {"uv": [20, 55], "uv_size": [4, 1]},
								"south": {"uv": [68, 46], "uv_size": [1, 1]},
								"west": {"uv": [30, 55], "uv_size": [4, 1]},
								"up": {"uv": [17, 55], "uv_size": [1, 4]},
								"down": {"uv": [25, 59], "uv_size": [1, -4]}
							}
						},
						{
							"origin": [0.32396, 2.60116, -1.76004],
							"size": [0.96008, 0.96008, 4.40008],
							"inflate": -0.001,
							"pivot": [-0.204, 3.5324, -7],
							"rotation": [0, 0, 29],
							"uv": {
								"north": {"uv": [39, 68], "uv_size": [1, 1]},
								"east": {"uv": [54, 22], "uv_size": [4, 1]},
								"south": {"uv": [68, 39], "uv_size": [1, 1]},
								"west": {"uv": [54, 26], "uv_size": [4, 1]},
								"up": {"uv": [28, 54], "uv_size": [1, 4]},
								"down": {"uv": [29, 58], "uv_size": [1, -4]}
							}
						},
						{
							"origin": [0.516, 1.91, -1.76],
							"size": [0.96, 0.96, 4.4],
							"pivot": [1.476, 0.95, -7],
							"rotation": [0, 0, -11],
							"uv": {
								"north": {"uv": [38, 68], "uv_size": [1, 1]},
								"east": {"uv": [54, 11], "uv_size": [4, 1]},
								"south": {"uv": [68, 38], "uv_size": [1, 1]},
								"west": {"uv": [54, 21], "uv_size": [4, 1]},
								"up": {"uv": [18, 54], "uv_size": [1, 4]},
								"down": {"uv": [19, 58], "uv_size": [1, -4]}
							}
						},
						{
							"origin": [-1.30804, 2.60116, -1.76004],
							"size": [0.96008, 0.96008, 4.40008],
							"inflate": -0.001,
							"pivot": [0.18, 3.5324, -7],
							"rotation": [0, 0, -29],
							"uv": {
								"north": {"uv": [40, 68], "uv_size": [1, 1]},
								"east": {"uv": [54, 27], "uv_size": [4, 1]},
								"south": {"uv": [68, 40], "uv_size": [1, 1]},
								"west": {"uv": [30, 54], "uv_size": [4, 1]},
								"up": {"uv": [54, 32], "uv_size": [1, 4]},
								"down": {"uv": [34, 58], "uv_size": [1, -4]}
							}
						},
						{
							"origin": [-1.5, 1.91, -1.76],
							"size": [0.96, 0.96, 4.4],
							"pivot": [-1.5, 0.95, -7],
							"rotation": [0, 0, 11],
							"uv": {
								"north": {"uv": [41, 68], "uv_size": [1, 1]},
								"east": {"uv": [54, 37], "uv_size": [4, 1]},
								"south": {"uv": [68, 41], "uv_size": [1, 1]},
								"west": {"uv": [54, 40], "uv_size": [4, 1]},
								"up": {"uv": [36, 54], "uv_size": [1, 4]},
								"down": {"uv": [37, 58], "uv_size": [1, -4]}
							}
						},
						{
							"origin": [-1.5, 0.946, -1.77],
							"size": [0.96, 0.96, 4.4],
							"pivot": [-1.5, 2.866, -7],
							"rotation": [0, 0, -11],
							"uv": {
								"north": {"uv": [45, 68], "uv_size": [1, 1]},
								"east": {"uv": [54, 51], "uv_size": [4, 1]},
								"south": {"uv": [68, 45], "uv_size": [1, 1]},
								"west": {"uv": [11, 55], "uv_size": [4, 1]},
								"up": {"uv": [15, 55], "uv_size": [1, 4]},
								"down": {"uv": [16, 59], "uv_size": [1, -4]}
							}
						},
						{
							"origin": [0.516, 0.946, -1.77],
							"size": [0.96, 0.96, 4.4],
							"pivot": [1.476, 2.866, -7],
							"rotation": [0, 0, 11],
							"uv": {
								"north": {"uv": [44, 68], "uv_size": [1, 1]},
								"east": {"uv": [54, 49], "uv_size": [4, 1]},
								"south": {"uv": [68, 44], "uv_size": [1, 1]},
								"west": {"uv": [54, 50], "uv_size": [4, 1]},
								"up": {"uv": [55, 6], "uv_size": [1, 4]},
								"down": {"uv": [10, 59], "uv_size": [1, -4]}
							}
						},
						{
							"origin": [0.32396, 0.25476, -1.76004],
							"size": [0.96008, 0.96008, 4.40008],
							"inflate": -0.001,
							"pivot": [-0.204, 0.2836, -7],
							"rotation": [0, 0, -29],
							"uv": {
								"north": {"uv": [43, 68], "uv_size": [1, 1]},
								"east": {"uv": [54, 47], "uv_size": [4, 1]},
								"south": {"uv": [68, 43], "uv_size": [1, 1]},
								"west": {"uv": [54, 48], "uv_size": [4, 1]},
								"up": {"uv": [53, 54], "uv_size": [1, 4]},
								"down": {"uv": [54, 58], "uv_size": [1, -4]}
							}
						},
						{
							"origin": [-0.3, 0.514, -1.76],
							"size": [0.576, 0.48, 4.4],
							"uv": {
								"north": {"uv": [47, 68], "uv_size": [1, 1]},
								"east": {"uv": [55, 32], "uv_size": [4, 1]},
								"south": {"uv": [68, 47], "uv_size": [1, 1]},
								"west": {"uv": [55, 33], "uv_size": [4, 1]},
								"up": {"uv": [27, 55], "uv_size": [1, 4]},
								"down": {"uv": [41, 59], "uv_size": [1, -4]}
							}
						},
						{
							"origin": [-0.8, 1.014, -1.96],
							"size": [1.576, 1.88, 4.8],
							"uv": {
								"north": {"uv": [55, 34], "uv_size": [2, 2]},
								"east": {"uv": [47, 16], "uv_size": [5, 2]},
								"south": {"uv": [55, 38], "uv_size": [2, 2]},
								"west": {"uv": [47, 18], "uv_size": [5, 2]},
								"up": {"uv": [31, 47], "uv_size": [2, 5]},
								"down": {"uv": [33, 52], "uv_size": [2, -5]}
							}
						},
						{
							"origin": [-1.30804, 0.25476, -1.76004],
							"size": [0.96008, 0.96008, 4.40008],
							"inflate": -0.001,
							"pivot": [0.18, 0.2836, -7],
							"rotation": [0, 0, 29],
							"uv": {
								"north": {"uv": [42, 68], "uv_size": [1, 1]},
								"east": {"uv": [54, 41], "uv_size": [4, 1]},
								"south": {"uv": [68, 42], "uv_size": [1, 1]},
								"west": {"uv": [54, 46], "uv_size": [4, 1]},
								"up": {"uv": [44, 54], "uv_size": [1, 4]},
								"down": {"uv": [45, 58], "uv_size": [1, -4]}
							}
						}
					]
				}
			]
		}
	]
}