				{
  "name" : "chinalake",
  "type": "Gun",
  "maxAmmoCapacity" : 2,
  "compatibleAmmo" : ["ammocreative", "grenade40mm"],
  "damage" : 150,
  "rpm" : 80,
  "reloadCooldownDuration" : 2760,
  "fireModes" : ["SINGLE"],
  "fireSound" : "chinalake_action",
  "reloadSound" : "chinalake_reload",
  "drawCooldownDuration" : 1180,
  "inspectCooldownDuration" : 3880,
  "prepareFireCooldownDuration": 4,
  "CompleteFireCooldownDuration" : 1700,
  "aimingZoom" : 0.2,
  "gunRecoilInitialAmplitude" : 3,
  "shakeRecoilAmplitude" : 2,
  "shakeRecoilSpeed" : 1,
  "viewRecoilAmplitude" : 4,
  "muzzleFlashScale" : 4,
  "phasedReloads": [
    {
      "phase": "RELOADING",
      "condition": "reloadIterationIndex >= 0",
      "duration": 2760,
      "animation": "animation.model.reload",						
      "shakeEffects": [
        {
          "start": 0,
          "duration": 1500,
          "initialAmplitude": 0.2,
          "rateOfAmplitudeDecay": 0.8
        },
        {
          "start": 600,
          "duration": 1000,
          "initialAmplitude": 0.15,
          "rateOfAmplitudeDecay": 0.5
        },
        {
          "start": 900,
          "duration": 800,
          "initialAmplitude": 0.17,
          "rateOfAmplitudeDecay": 0.5
        },
        {
          "start": 1000,
          "duration": 400,
          "initialAmplitude": 0.22,
          "rateOfAmplitudeDecay": 0.6
        }
      ]
    }
  ],
  "effects": [
  	{ 
		"phase": "hit_scan_acquired",
		"name": "tracerminigun"
  	},
        { 
		"phase": "firing",
		"name": "launcher_flash"
  	}
  ]
}