{
  "name" : "crossbow",
  "type": "Gun",
  "maxAmmoCapacity" : 1,
  "maxAmmoPerReloadIteration" : 1,
  "compatibleAmmo" : ["ammocreative", "arrow"],
  "damage" : 8.0,
  "rpm" : 600,
  "fireModes" : ["SINGLE"],
  "fireSound" : "crossbow_action",
  "reloadSound" : "crossbow_reload",
  "drawCooldownDuration" : 600,
  "aimingZoom" : 0.6,
  "pipScopeZoom" : 0.7,
  "bobbingOnAim" : 0.1,
  "reticleOverlay" : "textures/gui/scope_pip.png",
  "gunRecoilInitialAmplitude" : 0.5,
  "shakeRecoilAmplitude" : 0.25,
  "shakeRecoilSpeed" : 1,
  "viewRecoilAmplitude" : 1,
  "inspectCooldownDuration": 4000,
  "phasedReloads": [
    {
      "phase": "RELOADING",
      "condition": "reloadIterationIndex >= 0",
      "duration": 2000,
      "animation": "animation.model.reload",						
      "shakeEffects": [
        {
          "start": 0,
          "duration": 1500,
          "initialAmplitude": 0.2,
          "rateOfAmplitudeDecay": 1.5
        },
        {
          "start": 600,
          "duration": 1000,
          "initialAmplitude": 0.25,
          "rateOfAmplitudeDecay": 0.5
        },
        {
          "start": 900,
          "duration": 800,
          "initialAmplitude": 0.17,
          "rateOfAmplitudeDecay": 0.5
        },
        {
          "start": 1000,
          "duration": 400,
          "initialAmplitude": 0.22,
          "rateOfAmplitudeDecay": 0.6
        }
      ]
    }
  ]
}