{
  "name" : "dragunov",
  "type": "Gun",
  "maxAmmoCapacity" : 12,
  "compatibleAmmo" : ["ammocreative", "ammo338lapua"],
  "damage" : 15.0,
  "rpm" : 158,
  "fireModes" : ["SINGLE"],
  "fireSound" : "dragunov_action",
  "drawCooldownDuration" : 850,
  "aimingZoom" : 0.3,
  "gunRecoilInitialAmplitude" : 1.3,
  "shakeRecoilAmplitude" : 0.35,
  "shakeRecoilSpeed" : 2,
  "viewRecoilAmplitude" : 8,
  "inspectCooldownDuration": 3700,
  "muzzleFlashScale" : 2,
  "pipScopeZoom" : 0.6,
  "bobbingOnAim" : 0.1,
  "reticleOverlay" : "textures/gui/scope_pip.png",
  "phasedReloads": [
    {
      "phase": "RELOADING",
      "condition": "reloadIterationIndex >= 0",
      "duration": 2430,
      "animation": "animation.model.reload",						
      "shakeEffects": [
        {
          "start": 0,
          "duration": 1500,
          "initialAmplitude": 0.2,
          "rateOfAmplitudeDecay": 1.5
        },
        {
          "start": 600,
          "duration": 1000,
          "initialAmplitude": 0.25,
          "rateOfAmplitudeDecay": 0.5
        },
        {
          "start": 900,
          "duration": 800,
          "initialAmplitude": 0.17,
          "rateOfAmplitudeDecay": 0.5
        },
        {
          "start": 1000,
          "duration": 400,
          "initialAmplitude": 0.22,
          "rateOfAmplitudeDecay": 0.6
        }
      ]
    }
  ],
  "effects": [
  	{ 
		"phase": "hit_scan_acquired",
		"name": "tracerminigun"
  	},
        { 
		"phase": "firing",
		"name": "muzzle_flash"
  	}
  ]
}