       {
  "name" : "m1911",
  "type": "Gun",
  "maxAmmoCapacity" : 10,
  "maxAmmoPerReloadIteration" : 10,
  "compatibleAmmo" : ["ammocreative", "ammo45acp"],
  "pelletCount" : 1,
  "pelletSpread" : 0.1,
  "damage" : 7.5,
  "rpm" : 650,
  "reloadCooldownDuration" : 2130,
  "fireModes" : ["SINGLE"],
  "fireSound" : "m1911_action",
  "drawCooldownDuration" : 650,
  "aimingZoom" : 0.25,
  "gunRecoilInitialAmplitude" : 0.5,
  "shakeRecoilAmplitude" : 0.25,
  "shakeRecoilSpeed" : 1,
  "viewRecoilAmplitude" : 2,
  "inspectCooldownDuration" : 3730,
  "muzzleFlashScale" : 1,
  "phasedReloads": [
    {
      "phase": "RELOADING",
      "condition": "reloadIterationIndex == 0",
      "duration": 3070,
      "animation": "animation.model.reloadempty",
      "shakeEffects": [
        {
          "start": 0,
          "duration": 1500,
          "initialAmplitude": 0.2,
          "rateOfAmplitudeDecay": 0.8
        },
        {
          "start": 250,
          "duration": 1000,
          "initialAmplitude": 0.2,
          "rateOfAmplitudeDecay": 0.5
        },
        {
          "start": 800,
          "duration": 1000,
          "initialAmplitude": 0.15,
          "rateOfAmplitudeDecay": 0.5
        },
        {
          "start": 1100,
          "duration": 600,
          "initialAmplitude": 0.2,
          "rateOfAmplitudeDecay": 0.3
        },
        {
          "start": 1600,
          "duration": 400,
          "initialAmplitude": 0.35,
          "rateOfAmplitudeDecay": 0.3
        }
      ]
    },
    {
      "phase": "RELOADING",
      "condition": "reloadIterationIndex > 0",
      "duration": 1770,
      "animation": "animation.model.reload",						
      "shakeEffects": [
        {
          "start": 0,
          "duration": 1500,
          "initialAmplitude": 0.2,
          "rateOfAmplitudeDecay": 0.8
        },
        {
          "start": 600,
          "duration": 1000,
          "initialAmplitude": 0.15,
          "rateOfAmplitudeDecay": 0.5
        },
        {
          "start": 900,
          "duration": 800,
          "initialAmplitude": 0.17,
          "rateOfAmplitudeDecay": 0.5
        },
        {
          "start": 1000,
          "duration": 400,
          "initialAmplitude": 0.22,
          "rateOfAmplitudeDecay": 0.6
        }
      ]
    }
  ],
  "effects": [
  	{ 
		"phase": "hit_scan_acquired",
		"name": "tracerminigun"
  	},
        { 
		"phase": "firing",
		"name": "muzzle_flash"
  	}
  ]
}