{
  "name" : "monkeybomb",
  "type": "Gun",
  "maxAmmoCapacity" : 3,
  "compatibleAmmo" : ["ammocreative", "monkeyammo"],
  "damage" : 10,
  "rpm" : 30,
  "fireModes" : ["single"],
  "fireSound" : "stakeout_action",
  "reloadSound" : "stakeout_reload",
  "prepareFireCooldownDuration": 2210,
  "drawCooldownDuration" : 100,
  "aimingZoom" : 0.25,
  "gunRecoilInitialAmplitude" : 0.5,
  "shakeRecoilAmplitude" : 0.25,
  "shakeRecoilSpeed" : 1,
   "viewRecoilAmplitude" : 1,
  "inspectCooldownDuration": 40,
  "aimingEnabled": false,
  "phasedReloads": [
    {
      "phase": "RELOADING",
      "condition": "reloadIterationIndex > 0",
      "duration": 400,
      "animation": "animation.model.reload",						
      "shakeEffects": [
        {
          "start": 0,
          "duration": 1500,
          "initialAmplitude": 0.2,
          "rateOfAmplitudeDecay": 0.8
        },
        {
          "start": 600,
          "duration": 1000,
          "initialAmplitude": 0.15,
          "rateOfAmplitudeDecay": 0.5
        },
        {
          "start": 900,
          "duration": 800,
          "initialAmplitude": 0.17,
          "rateOfAmplitudeDecay": 0.5
        },
        {
          "start": 1000,
          "duration": 400,
          "initialAmplitude": 0.22,
          "rateOfAmplitudeDecay": 0.6
        }
      ]
    }
  ],
  "effects": [
        { 
		"phase": "firing",
		"name": "launcher_muzzle"
  	}
  ]
}