{
	"pack_name": "{maid_pack.tenshis_maid_collection.name}",
	"author": ["Tenshi Akuma"],
	"description": ["{maid_pack.tenshis_maid_collection.desc}"],
	"date": "2021-10-26",
	"version": "1.0.0",
	"icon": "tenshis_maid_collection:textures/maid_icon.png",
	"model_list": [
		{
			"model_id": "tenshis_maid_collection:alphyna",
			"description": ["{model.tenshis_maid_collection.alphyna.desc}"],
			"animation": ["touhou_little_maid:animation/maid/default/head/default.js", "touhou_little_maid:animation/maid/default/head/beg.js", "touhou_little_maid:animation/maid/default/head/music_shake.js", "touhou_little_maid:animation/maid/default/arm/default.js", "touhou_little_maid:animation/maid/default/arm/swing.js", "touhou_little_maid:animation/maid/default/leg/default.js", "touhou_little_maid:animation/maid/default/sit/default.js", "touhou_little_maid:animation/maid/default/head/blink.js", "touhou_little_maid:animation/maid/default/sit/skirt_rotation.js"]
		},
		{
			"model_id": "tenshis_maid_collection:amaga_eru_0",
			"name": "{model.tenshis_maid_collection.amaga_eru.name}",
			"model": "tenshis_maid_collection:models/entity/amaga_eru.json",
			"description": ["{model.tenshis_maid_collection.amaga_eru.desc}"],
			"render_entity_scale": 0.9,
			"animation": ["touhou_little_maid:animation/maid/default/head/default.js", "touhou_little_maid:animation/maid/default/head/beg.js", "touhou_little_maid:animation/maid/default/head/music_shake.js", "touhou_little_maid:animation/maid/default/arm/default.js", "touhou_little_maid:animation/maid/default/arm/swing.js", "touhou_little_maid:animation/maid/default/leg/default.js", "touhou_little_maid:animation/maid/default/sit/default.js", "touhou_little_maid:animation/maid/default/head/reverse_blink.js"]
		},		
		{
			"model_id": "tenshis_maid_collection:amaga_eru_1",
			"name": "{model.tenshis_maid_collection.amaga_eru.name}",
			"model": "tenshis_maid_collection:models/entity/amaga_eru.json",
			"description": ["{model.tenshis_maid_collection.amaga_eru.desc}"],
			"render_entity_scale": 0.9,
			"animation": ["touhou_little_maid:animation/maid/default/head/default.js", "touhou_little_maid:animation/maid/default/head/beg.js", "touhou_little_maid:animation/maid/default/head/music_shake.js", "touhou_little_maid:animation/maid/default/arm/default.js", "touhou_little_maid:animation/maid/default/arm/swing.js", "touhou_little_maid:animation/maid/default/leg/default.js", "touhou_little_maid:animation/maid/default/sit/default.js", "touhou_little_maid:animation/maid/default/head/reverse_blink.js"]
		},		
		{
			"model_id": "tenshis_maid_collection:amaga_eru_2",
			"name": "{model.tenshis_maid_collection.amaga_eru.name}",
			"model": "tenshis_maid_collection:models/entity/amaga_eru.json",
			"description": ["{model.tenshis_maid_collection.amaga_eru.desc}"],
			"render_entity_scale": 0.9,
			"animation": ["touhou_little_maid:animation/maid/default/head/default.js", "touhou_little_maid:animation/maid/default/head/beg.js", "touhou_little_maid:animation/maid/default/head/music_shake.js", "touhou_little_maid:animation/maid/default/arm/default.js", "touhou_little_maid:animation/maid/default/arm/swing.js", "touhou_little_maid:animation/maid/default/leg/default.js", "touhou_little_maid:animation/maid/default/sit/default.js", "touhou_little_maid:animation/maid/default/head/reverse_blink.js"]
		},
		{
			"model_id": "tenshis_maid_collection:belchan",
			"description": ["{model.tenshis_maid_collection.belchan.desc}"],
			"animation": ["touhou_little_maid:animation/maid/default/head/default.js", "touhou_little_maid:animation/maid/default/head/beg.js", "touhou_little_maid:animation/maid/default/head/music_shake.js", "touhou_little_maid:animation/maid/default/arm/default.js", "touhou_little_maid:animation/maid/default/arm/swing.js", "touhou_little_maid:animation/maid/default/leg/default.js", "touhou_little_maid:animation/maid/default/sit/default.js", "touhou_little_maid:animation/maid/default/head/blink.js", "touhou_little_maid:animation/maid/default/sit/skirt_rotation.js"]
		},
		{
			"model_id": "tenshis_maid_collection:chii",
			"description": ["{model.tenshis_maid_collection.chii.desc}"],
			"render_entity_scale": 0.9,
			"animation": ["touhou_little_maid:animation/maid/default/head/default.js", "touhou_little_maid:animation/maid/default/head/beg.js", "touhou_little_maid:animation/maid/default/head/music_shake.js", "touhou_little_maid:animation/maid/default/arm/default.js", "touhou_little_maid:animation/maid/default/arm/swing.js", "touhou_little_maid:animation/maid/default/leg/default.js", "touhou_little_maid:animation/maid/default/sit/default.js", "touhou_little_maid:animation/maid/default/head/reverse_blink.js"]
		},
		{
			"model_id": "tenshis_maid_collection:chii_1",
			"name": "{model.tenshis_maid_collection.chii.name}",
			"model": "tenshis_maid_collection:models/entity/chii.json",
			"description": ["{model.tenshis_maid_collection.chii.desc}"],
			"render_entity_scale": 0.9,
			"animation": ["touhou_little_maid:animation/maid/default/head/default.js", "touhou_little_maid:animation/maid/default/head/beg.js", "touhou_little_maid:animation/maid/default/head/music_shake.js", "touhou_little_maid:animation/maid/default/arm/default.js", "touhou_little_maid:animation/maid/default/arm/swing.js", "touhou_little_maid:animation/maid/default/leg/default.js", "touhou_little_maid:animation/maid/default/sit/default.js", "touhou_little_maid:animation/maid/default/head/reverse_blink.js"]
		},
		{
			"model_id": "tenshis_maid_collection:eevee",
			"description": ["{model.tenshis_maid_collection.eevee.desc}"],
			"render_entity_scale": 0.9,
			"animation": ["touhou_little_maid:animation/maid/default/head/default.js", "touhou_little_maid:animation/maid/default/head/beg.js", "touhou_little_maid:animation/maid/default/head/music_shake.js", "touhou_little_maid:animation/maid/default/arm/default.js", "touhou_little_maid:animation/maid/default/arm/swing.js", "touhou_little_maid:animation/maid/default/leg/default.js", "touhou_little_maid:animation/maid/default/sit/default.js", "touhou_little_maid:animation/maid/default/head/reverse_blink.js", "touhou_little_maid:animation/maid/default/tail/default.js"]
		},
		{
			"model_id": "tenshis_maid_collection:eevee_low",			
			"name": "{model.tenshis_maid_collection.eevee.name}",
			"model": "tenshis_maid_collection:models/entity/eevee.json",
			"texture": "tenshis_maid_collection:textures/entity/eevee_low.png",
			"description": ["{model.tenshis_maid_collection.eevee.desc}"],
			"render_entity_scale": 0.9,
			"animation": ["touhou_little_maid:animation/maid/default/head/default.js", "touhou_little_maid:animation/maid/default/head/beg.js", "touhou_little_maid:animation/maid/default/head/music_shake.js", "touhou_little_maid:animation/maid/default/arm/default.js", "touhou_little_maid:animation/maid/default/arm/swing.js", "touhou_little_maid:animation/maid/default/leg/default.js", "touhou_little_maid:animation/maid/default/sit/default.js", "touhou_little_maid:animation/maid/default/head/reverse_blink.js", "touhou_little_maid:animation/maid/default/tail/default.js"]
		},
		{
			"model_id": "tenshis_maid_collection:ookami_mio",
			"description": ["{model.tenshis_maid_collection.ookami_mio.desc}"],
			"render_entity_scale": 0.85,
			"animation": ["touhou_little_maid:animation/maid/default/head/default.js", "touhou_little_maid:animation/maid/default/head/beg.js", "touhou_little_maid:animation/maid/default/head/music_shake.js", "touhou_little_maid:animation/maid/default/arm/default.js", "touhou_little_maid:animation/maid/default/arm/swing.js", "touhou_little_maid:animation/maid/default/leg/default.js", "touhou_little_maid:animation/maid/default/sit/default.js", "touhou_little_maid:animation/maid/default/head/reverse_blink.js"]
		},
		{
			"model_id": "tenshis_maid_collection:usada_pekora",
			"description": ["{model.tenshis_maid_collection.usada_pekora.desc}"],
			"render_entity_scale": 0.85,
			"animation": ["touhou_little_maid:animation/maid/default/head/default.js", "touhou_little_maid:animation/maid/default/head/beg.js", "touhou_little_maid:animation/maid/default/head/music_shake.js", "touhou_little_maid:animation/maid/default/arm/default.js", "touhou_little_maid:animation/maid/default/arm/swing.js", "touhou_little_maid:animation/maid/default/leg/default.js", "touhou_little_maid:animation/maid/default/sit/default.js", "touhou_little_maid:animation/maid/default/head/reverse_blink.js"]
		},
		{
			"model_id": "tenshis_maid_collection:iragi",
			"description": ["{model.tenshis_maid_collection.iragi.desc}"],
			"animation": ["touhou_little_maid:animation/maid/default/head/default.js", "touhou_little_maid:animation/maid/default/head/beg.js", "touhou_little_maid:animation/maid/default/head/music_shake.js", "touhou_little_maid:animation/maid/default/arm/default.js", "touhou_little_maid:animation/maid/default/arm/swing.js", "touhou_little_maid:animation/maid/default/leg/default.js", "touhou_little_maid:animation/maid/default/sit/default.js", "touhou_little_maid:animation/maid/default/head/reverse_blink.js"]
		},
		{
			"model_id": "tenshis_maid_collection:maid_droid_0",
			"name": "{model.tenshis_maid_collection.maid_droid.name}",
			"model": "tenshis_maid_collection:models/entity/maid_droid.json",
			"description": ["{model.tenshis_maid_collection.maid_droid.desc}"],
			"render_entity_scale": 0.9,
			"animation": ["touhou_little_maid:animation/maid/default/head/default.js", "touhou_little_maid:animation/maid/default/head/beg.js", "touhou_little_maid:animation/maid/default/head/music_shake.js", "touhou_little_maid:animation/maid/default/arm/default.js", "touhou_little_maid:animation/maid/default/arm/swing.js", "touhou_little_maid:animation/maid/default/leg/default.js", "touhou_little_maid:animation/maid/default/sit/default.js", "touhou_little_maid:animation/maid/default/head/reverse_blink.js", "touhou_little_maid:animation/maid/default/sit/skirt_rotation.js"]
		},
		{
			"model_id": "tenshis_maid_collection:maid_droid_1",
			"name": "{model.tenshis_maid_collection.maid_droid.name}",
			"model": "tenshis_maid_collection:models/entity/maid_droid.json",
			"description": ["{model.tenshis_maid_collection.maid_droid.desc}"],
			"render_entity_scale": 0.9,
			"animation": ["touhou_little_maid:animation/maid/default/head/default.js", "touhou_little_maid:animation/maid/default/head/beg.js", "touhou_little_maid:animation/maid/default/head/music_shake.js", "touhou_little_maid:animation/maid/default/arm/default.js", "touhou_little_maid:animation/maid/default/arm/swing.js", "touhou_little_maid:animation/maid/default/leg/default.js", "touhou_little_maid:animation/maid/default/sit/default.js", "touhou_little_maid:animation/maid/default/head/reverse_blink.js", "touhou_little_maid:animation/maid/default/sit/skirt_rotation.js"]
		},
		{
			"model_id": "tenshis_maid_collection:maid_droid_2",
			"name": "{model.tenshis_maid_collection.maid_droid.name}",
			"model": "tenshis_maid_collection:models/entity/maid_droid.json",
			"description": ["{model.tenshis_maid_collection.maid_droid.desc}"],
			"render_entity_scale": 0.9,
			"animation": ["touhou_little_maid:animation/maid/default/head/default.js", "touhou_little_maid:animation/maid/default/head/beg.js", "touhou_little_maid:animation/maid/default/head/music_shake.js", "touhou_little_maid:animation/maid/default/arm/default.js", "touhou_little_maid:animation/maid/default/arm/swing.js", "touhou_little_maid:animation/maid/default/leg/default.js", "touhou_little_maid:animation/maid/default/sit/default.js", "touhou_little_maid:animation/maid/default/head/reverse_blink.js", "touhou_little_maid:animation/maid/default/sit/skirt_rotation.js"]
		},
		{
			"model_id": "tenshis_maid_collection:maid_droid_3",
			"name": "{model.tenshis_maid_collection.maid_droid.name}",
			"model": "tenshis_maid_collection:models/entity/maid_droid.json",
			"description": ["{model.tenshis_maid_collection.maid_droid.desc}"],
			"render_entity_scale": 0.9,
			"animation": ["touhou_little_maid:animation/maid/default/head/default.js", "touhou_little_maid:animation/maid/default/head/beg.js", "touhou_little_maid:animation/maid/default/head/music_shake.js", "touhou_little_maid:animation/maid/default/arm/default.js", "touhou_little_maid:animation/maid/default/arm/swing.js", "touhou_little_maid:animation/maid/default/leg/default.js", "touhou_little_maid:animation/maid/default/sit/default.js", "touhou_little_maid:animation/maid/default/head/reverse_blink.js", "touhou_little_maid:animation/maid/default/sit/skirt_rotation.js"]
		},
		{
			"model_id": "tenshis_maid_collection:maid_droid_4",
			"name": "{model.tenshis_maid_collection.maid_droid.name}",
			"model": "tenshis_maid_collection:models/entity/maid_droid.json",
			"description": ["{model.tenshis_maid_collection.maid_droid.desc}"],
			"render_entity_scale": 0.9,
			"animation": ["touhou_little_maid:animation/maid/default/head/default.js", "touhou_little_maid:animation/maid/default/head/beg.js", "touhou_little_maid:animation/maid/default/head/music_shake.js", "touhou_little_maid:animation/maid/default/arm/default.js", "touhou_little_maid:animation/maid/default/arm/swing.js", "touhou_little_maid:animation/maid/default/leg/default.js", "touhou_little_maid:animation/maid/default/sit/default.js", "touhou_little_maid:animation/maid/default/head/reverse_blink.js", "touhou_little_maid:animation/maid/default/sit/skirt_rotation.js"]
		},
		{
			"model_id": "tenshis_maid_collection:maid_droid_5",
			"name": "{model.tenshis_maid_collection.maid_droid.name}",
			"model": "tenshis_maid_collection:models/entity/maid_droid.json",
			"description": ["{model.tenshis_maid_collection.maid_droid.desc}"],
			"render_entity_scale": 0.9,
			"animation": ["touhou_little_maid:animation/maid/default/head/default.js", "touhou_little_maid:animation/maid/default/head/beg.js", "touhou_little_maid:animation/maid/default/head/music_shake.js", "touhou_little_maid:animation/maid/default/arm/default.js", "touhou_little_maid:animation/maid/default/arm/swing.js", "touhou_little_maid:animation/maid/default/leg/default.js", "touhou_little_maid:animation/maid/default/sit/default.js", "touhou_little_maid:animation/maid/default/head/reverse_blink.js", "touhou_little_maid:animation/maid/default/sit/skirt_rotation.js"]
		},
		{
			"model_id": "tenshis_maid_collection:mega_ampharos",
			"description": ["{model.tenshis_maid_collection.mega_ampharos.desc}"],
			"animation": ["touhou_little_maid:animation/maid/default/head/default.js", "touhou_little_maid:animation/maid/default/head/beg.js", "touhou_little_maid:animation/maid/default/head/music_shake.js", "touhou_little_maid:animation/maid/default/arm/default.js", "touhou_little_maid:animation/maid/default/arm/swing.js", "touhou_little_maid:animation/maid/default/leg/default.js", "touhou_little_maid:animation/maid/default/sit/default.js", "touhou_little_maid:animation/maid/default/head/reverse_blink.js", "touhou_little_maid:animation/maid/default/armor/default.js"]
		},
		{
			"model_id": "tenshis_maid_collection:mega_ampharos_low",
			"name": "{model.tenshis_maid_collection.mega_ampharos.name}",
			"model": "tenshis_maid_collection:models/entity/mega_ampharos.json",
			"description": ["{model.tenshis_maid_collection.mega_ampharos.desc}"],
			"animation": ["touhou_little_maid:animation/maid/default/head/default.js", "touhou_little_maid:animation/maid/default/head/beg.js", "touhou_little_maid:animation/maid/default/head/music_shake.js", "touhou_little_maid:animation/maid/default/arm/default.js", "touhou_little_maid:animation/maid/default/arm/swing.js", "touhou_little_maid:animation/maid/default/leg/default.js", "touhou_little_maid:animation/maid/default/sit/default.js", "touhou_little_maid:animation/maid/default/head/reverse_blink.js", "touhou_little_maid:animation/maid/default/armor/default.js"]
		},
		{
			"model_id": "tenshis_maid_collection:mega_ampharos_new",
			"name": "{model.tenshis_maid_collection.mega_ampharos.name}",
			"description": ["{model.tenshis_maid_collection.mega_ampharos.desc}"],
			"animation": ["touhou_little_maid:animation/maid/default/head/default.js", "touhou_little_maid:animation/maid/default/head/beg.js", "touhou_little_maid:animation/maid/default/head/music_shake.js", "touhou_little_maid:animation/maid/default/arm/default.js", "touhou_little_maid:animation/maid/default/arm/swing.js", "touhou_little_maid:animation/maid/default/leg/default.js", "touhou_little_maid:animation/maid/default/sit/default.js", "touhou_little_maid:animation/maid/default/head/reverse_blink.js", "touhou_little_maid:animation/maid/default/armor/default.js"]
		},
		{
			"model_id": "tenshis_maid_collection:mismagius",
			"description": ["{model.tenshis_maid_collection.mismagius.desc}"],
			"animation": ["touhou_little_maid:animation/maid/default/head/default.js", "touhou_little_maid:animation/maid/default/head/beg.js", "touhou_little_maid:animation/maid/default/head/music_shake.js", "touhou_little_maid:animation/maid/default/arm/default.js", "touhou_little_maid:animation/maid/default/arm/swing.js", "touhou_little_maid:animation/maid/default/leg/default.js", "touhou_little_maid:animation/maid/default/sit/default.js", "touhou_little_maid:animation/maid/default/head/reverse_blink.js", "touhou_little_maid:animation/maid/default/armor/default.js"]
		},
		{
			"model_id": "tenshis_maid_collection:mismagius_hd",
			"name": "{model.tenshis_maid_collection.mismagius.name}",
			"model": "tenshis_maid_collection:models/entity/mismagius.json",
			"texture": "tenshis_maid_collection:textures/entity/mismagius_hd.png",
			"description": ["{model.tenshis_maid_collection.mismagius.desc}"],
			"animation": ["touhou_little_maid:animation/maid/default/head/default.js", "touhou_little_maid:animation/maid/default/head/beg.js", "touhou_little_maid:animation/maid/default/head/music_shake.js", "touhou_little_maid:animation/maid/default/arm/default.js", "touhou_little_maid:animation/maid/default/arm/swing.js", "touhou_little_maid:animation/maid/default/leg/default.js", "touhou_little_maid:animation/maid/default/sit/default.js", "touhou_little_maid:animation/maid/default/head/reverse_blink.js", "touhou_little_maid:animation/maid/default/armor/default.js"]
		},
		{
			"model_id": "tenshis_maid_collection:mismagius_new",
			"name": "{model.tenshis_maid_collection.mismagius.name}",
			"description": ["{model.tenshis_maid_collection.mismagius_new.desc}"],
			"animation": ["touhou_little_maid:animation/maid/default/head/default.js", "touhou_little_maid:animation/maid/default/head/beg.js", "touhou_little_maid:animation/maid/default/head/music_shake.js", "touhou_little_maid:animation/maid/default/arm/default.js", "touhou_little_maid:animation/maid/default/arm/swing.js", "touhou_little_maid:animation/maid/default/leg/default.js", "touhou_little_maid:animation/maid/default/sit/default.js", "touhou_little_maid:animation/maid/default/head/reverse_blink.js", "touhou_little_maid:animation/maid/default/armor/default.js"]
		},
		{
			"model_id": "tenshis_maid_collection:mismagius_new2",
			"name": "{model.tenshis_maid_collection.mismagius.name}",
			"description": ["{model.tenshis_maid_collection.mismagius_new.desc}"],
			"model": "tenshis_maid_collection:models/entity/mismagius_new.json",
			"texture": "tenshis_maid_collection:textures/entity/mismagius_new2.png",
			"animation": ["touhou_little_maid:animation/maid/default/head/default.js", "touhou_little_maid:animation/maid/default/head/beg.js", "touhou_little_maid:animation/maid/default/head/music_shake.js", "touhou_little_maid:animation/maid/default/arm/default.js", "touhou_little_maid:animation/maid/default/arm/swing.js", "touhou_little_maid:animation/maid/default/leg/default.js", "touhou_little_maid:animation/maid/default/sit/default.js", "touhou_little_maid:animation/maid/default/head/reverse_blink.js", "touhou_little_maid:animation/maid/default/armor/default.js"]
		},
		{
			"model_id": "tenshis_maid_collection:etsuko",
			"model": "tenshis_maid_collection:models/entity/ldy.json",
			"render_entity_scale": 0.85,
			"animation": ["touhou_little_maid:animation/maid/default/head/default.js", "touhou_little_maid:animation/maid/default/head/beg.js", "touhou_little_maid:animation/maid/default/head/music_shake.js", "touhou_little_maid:animation/maid/default/arm/default.js", "touhou_little_maid:animation/maid/default/arm/swing.js", "touhou_little_maid:animation/maid/default/leg/default.js", "touhou_little_maid:animation/maid/default/sit/default.js", "touhou_little_maid:animation/maid/default/head/reverse_blink.js"]
		},
		{
			"model_id": "tenshis_maid_collection:etsuko_hd",
			"name": "{model.tenshis_maid_collection.etsuko.name}",
			"model": "tenshis_maid_collection:models/entity/ldy.json",
			"render_entity_scale": 0.85,
			"animation": ["touhou_little_maid:animation/maid/default/head/default.js", "touhou_little_maid:animation/maid/default/head/beg.js", "touhou_little_maid:animation/maid/default/head/music_shake.js", "touhou_little_maid:animation/maid/default/arm/default.js", "touhou_little_maid:animation/maid/default/arm/swing.js", "touhou_little_maid:animation/maid/default/leg/default.js", "touhou_little_maid:animation/maid/default/sit/default.js", "touhou_little_maid:animation/maid/default/head/reverse_blink.js"]
		},
		{
			"model_id": "tenshis_maid_collection:sumi_hd",
			"model": "tenshis_maid_collection:models/entity/ldy.json",
			"render_entity_scale": 0.85,
			"animation": ["touhou_little_maid:animation/maid/default/head/default.js", "touhou_little_maid:animation/maid/default/head/beg.js", "touhou_little_maid:animation/maid/default/head/music_shake.js", "touhou_little_maid:animation/maid/default/arm/default.js", "touhou_little_maid:animation/maid/default/arm/swing.js", "touhou_little_maid:animation/maid/default/leg/default.js", "touhou_little_maid:animation/maid/default/sit/default.js", "touhou_little_maid:animation/maid/default/head/reverse_blink.js"]
		},
		{
			"model_id": "tenshis_maid_collection:etsuko_perfect_hd",
			"name": "{model.tenshis_maid_collection.etsuko.name}",			
			"render_entity_scale": 0.9,
			"animation": ["touhou_little_maid:animation/maid/default/head/default.js", "touhou_little_maid:animation/maid/default/head/beg.js", "touhou_little_maid:animation/maid/default/head/music_shake.js", "touhou_little_maid:animation/maid/default/arm/default.js", "touhou_little_maid:animation/maid/default/arm/swing.js", "touhou_little_maid:animation/maid/default/leg/default.js", "touhou_little_maid:animation/maid/default/sit/default.js", "touhou_little_maid:animation/maid/default/head/reverse_blink.js"]
		},
		{
			"model_id": "tenshis_maid_collection:etsuko_sa",
			"name": "{model.tenshis_maid_collection.etsuko.name}",
			"animation": ["touhou_little_maid:animation/maid/default/head/default.js", "touhou_little_maid:animation/maid/default/head/beg.js", "touhou_little_maid:animation/maid/default/head/music_shake.js", "touhou_little_maid:animation/maid/default/arm/default.js", "touhou_little_maid:animation/maid/default/arm/swing.js", "touhou_little_maid:animation/maid/default/leg/default.js", "touhou_little_maid:animation/maid/default/sit/default.js", "touhou_little_maid:animation/maid/default/head/blink.js", "touhou_little_maid:animation/maid/default/sit/skirt_rotation.js"]
		},
		{
			"model_id": "tenshis_maid_collection:okami_ama",
			"description": ["{model.tenshis_maid_collection.okami_ama.desc}"],
			"render_item_scale": 0.9,
			"animation": ["touhou_little_maid:animation/maid/default/head/default.js", "touhou_little_maid:animation/maid/default/head/beg.js", "touhou_little_maid:animation/maid/default/head/music_shake.js", "touhou_little_maid:animation/maid/default/arm/default.js", "touhou_little_maid:animation/maid/default/arm/swing.js", "touhou_little_maid:animation/maid/default/leg/default.js", "touhou_little_maid:animation/maid/default/sit/default.js", "touhou_little_maid:animation/maid/default/head/reverse_blink.js"]
		},
		{
			"model_id": "tenshis_maid_collection:okami_ama_low",
			"name": "{model.tenshis_maid_collection.okami_ama.name}",
			"model": "tenshis_maid_collection:models/entity/okami_ama.json",
			"description": ["{model.tenshis_maid_collection.okami_ama.desc}"],
			"render_item_scale": 0.9,
			"animation": ["touhou_little_maid:animation/maid/default/head/default.js", "touhou_little_maid:animation/maid/default/head/beg.js", "touhou_little_maid:animation/maid/default/head/music_shake.js", "touhou_little_maid:animation/maid/default/arm/default.js", "touhou_little_maid:animation/maid/default/arm/swing.js", "touhou_little_maid:animation/maid/default/leg/default.js", "touhou_little_maid:animation/maid/default/sit/default.js", "touhou_little_maid:animation/maid/default/head/reverse_blink.js"]
		},
		{
			"model_id": "tenshis_maid_collection:sakura_yuki",
			"description": ["{model.tenshis_maid_collection.sakura_yuki.desc}"],
			"render_entity_scale": 0.9,
			"animation": ["touhou_little_maid:animation/maid/default/head/default.js", "touhou_little_maid:animation/maid/default/head/beg.js", "touhou_little_maid:animation/maid/default/head/music_shake.js", "touhou_little_maid:animation/maid/default/arm/default.js", "touhou_little_maid:animation/maid/default/arm/swing.js", "touhou_little_maid:animation/maid/default/leg/default.js", "touhou_little_maid:animation/maid/default/sit/default.js", "touhou_little_maid:animation/maid/default/head/reverse_blink.js"]
		},
		{
			"model_id": "tenshis_maid_collection:shiratsuyu",
			"model": "tenshis_maid_collection:models/entity/aug.json",
			"description": ["{model.tenshis_maid_collection.shiratsuyu.desc}"],
			"animation": ["touhou_little_maid:animation/maid/default/head/default.js", "touhou_little_maid:animation/maid/default/head/beg.js", "touhou_little_maid:animation/maid/default/head/music_shake.js", "touhou_little_maid:animation/maid/default/arm/default.js", "touhou_little_maid:animation/maid/default/arm/swing.js", "touhou_little_maid:animation/maid/default/leg/default.js", "touhou_little_maid:animation/maid/default/sit/default.js", "touhou_little_maid:animation/maid/default/head/blink.js", "touhou_little_maid:animation/maid/default/sit/skirt_rotation.js"]
		},
		{
			"model_id": "tenshis_maid_collection:shigure",
			"model": "tenshis_maid_collection:models/entity/aug.json",
			"description": ["{model.tenshis_maid_collection.shigure.desc}"],
			"animation": ["touhou_little_maid:animation/maid/default/head/default.js", "touhou_little_maid:animation/maid/default/head/beg.js", "touhou_little_maid:animation/maid/default/head/music_shake.js", "touhou_little_maid:animation/maid/default/arm/default.js", "touhou_little_maid:animation/maid/default/arm/swing.js", "touhou_little_maid:animation/maid/default/leg/default.js", "touhou_little_maid:animation/maid/default/sit/default.js", "touhou_little_maid:animation/maid/default/head/blink.js", "touhou_little_maid:animation/maid/default/sit/skirt_rotation.js"]
		},
		{
			"model_id": "tenshis_maid_collection:yuudachi",
			"model": "tenshis_maid_collection:models/entity/aug.json",
			"description": ["{model.tenshis_maid_collection.yuudachi.desc}"],
			"animation": ["touhou_little_maid:animation/maid/default/head/default.js", "touhou_little_maid:animation/maid/default/head/beg.js", "touhou_little_maid:animation/maid/default/head/music_shake.js", "touhou_little_maid:animation/maid/default/arm/default.js", "touhou_little_maid:animation/maid/default/arm/swing.js", "touhou_little_maid:animation/maid/default/leg/default.js", "touhou_little_maid:animation/maid/default/sit/default.js", "touhou_little_maid:animation/maid/default/head/blink.js", "touhou_little_maid:animation/maid/default/sit/skirt_rotation.js"]
		},
		{
			"model_id": "tenshis_maid_collection:harusame",
			"model": "tenshis_maid_collection:models/entity/aug.json",
			"description": ["{model.tenshis_maid_collection.harusame.desc}"],
			"animation": ["touhou_little_maid:animation/maid/default/head/default.js", "touhou_little_maid:animation/maid/default/head/beg.js", "touhou_little_maid:animation/maid/default/head/music_shake.js", "touhou_little_maid:animation/maid/default/arm/default.js", "touhou_little_maid:animation/maid/default/arm/swing.js", "touhou_little_maid:animation/maid/default/leg/default.js", "touhou_little_maid:animation/maid/default/sit/default.js", "touhou_little_maid:animation/maid/default/head/blink.js", "touhou_little_maid:animation/maid/default/sit/skirt_rotation.js"]
		},
		{
			"model_id": "tenshis_maid_collection:murasame",
			"model": "tenshis_maid_collection:models/entity/aug.json",
			"description": ["{model.tenshis_maid_collection.murasame.desc}"],
			"animation": ["touhou_little_maid:animation/maid/default/head/default.js", "touhou_little_maid:animation/maid/default/head/beg.js", "touhou_little_maid:animation/maid/default/head/music_shake.js", "touhou_little_maid:animation/maid/default/arm/default.js", "touhou_little_maid:animation/maid/default/arm/swing.js", "touhou_little_maid:animation/maid/default/leg/default.js", "touhou_little_maid:animation/maid/default/sit/default.js", "touhou_little_maid:animation/maid/default/head/blink.js", "touhou_little_maid:animation/maid/default/sit/skirt_rotation.js"]
		},
		{
			"model_id": "tenshis_maid_collection:princess_mystia_lorelei",
			"description": ["{model.tenshis_maid_collection.princess_mystia_lorelei.desc}"],
			"animation": ["touhou_little_maid:animation/maid/default/head/default.js", "touhou_little_maid:animation/maid/default/head/beg.js", "touhou_little_maid:animation/maid/default/head/music_shake.js", "touhou_little_maid:animation/maid/default/arm/default.js", "touhou_little_maid:animation/maid/default/arm/swing.js", "touhou_little_maid:animation/maid/default/leg/default.js", "touhou_little_maid:animation/maid/default/sit/default.js", "touhou_little_maid:animation/maid/default/wing/default.js", "touhou_little_maid:animation/maid/default/head/reverse_blink.js", "touhou_little_maid:animation/maid/default/armor/default.js"]
		},
		{
			"model_id": "tenshis_maid_collection:letty_whiterock",
			"description": ["{model.tenshis_maid_collection.letty_whiterock.desc}"],
			"animation": ["touhou_little_maid:animation/maid/default/head/default.js", "touhou_little_maid:animation/maid/default/head/beg.js", "touhou_little_maid:animation/maid/default/head/music_shake.js", "touhou_little_maid:animation/maid/default/arm/default.js", "touhou_little_maid:animation/maid/default/arm/swing.js", "touhou_little_maid:animation/maid/default/leg/default.js", "touhou_little_maid:animation/maid/default/sit/default.js", "touhou_little_maid:animation/maid/default/head/reverse_blink.js"]
		},
		{
			"model_id": "tenshis_maid_collection:letty_whiterock_1",
			"name": "{model.tenshis_maid_collection.letty_whiterock.name}",
			"model": "tenshis_maid_collection:models/entity/letty_whiterock.json",
			"description": ["{model.tenshis_maid_collection.letty_whiterock.desc}"],
			"animation": ["touhou_little_maid:animation/maid/default/head/default.js", "touhou_little_maid:animation/maid/default/head/beg.js", "touhou_little_maid:animation/maid/default/head/music_shake.js", "touhou_little_maid:animation/maid/default/arm/default.js", "touhou_little_maid:animation/maid/default/arm/swing.js", "touhou_little_maid:animation/maid/default/leg/default.js", "touhou_little_maid:animation/maid/default/sit/default.js", "touhou_little_maid:animation/maid/default/head/reverse_blink.js"]
		},
		{
			"model_id": "tenshis_maid_collection:banshee_nun",
			"description": ["{model.tenshis_maid_collection.banshee.desc}"],
			"render_entity_scale": 0.85,
			"animation": ["touhou_little_maid:animation/maid/default/head/default.js", "touhou_little_maid:animation/maid/default/head/beg.js", "touhou_little_maid:animation/maid/default/head/music_shake.js", "touhou_little_maid:animation/maid/default/arm/default.js", "touhou_little_maid:animation/maid/default/arm/swing.js", "touhou_little_maid:animation/maid/default/sit/default.js", "touhou_little_maid:animation/maid/default/head/reverse_blink.js"]
		},
		{
			"model_id": "tenshis_maid_collection:banshee_swordman",
			"description": ["{model.tenshis_maid_collection.banshee.desc}"],
			"render_entity_scale": 0.85,
			"animation": ["touhou_little_maid:animation/maid/default/head/default.js", "touhou_little_maid:animation/maid/default/head/beg.js", "touhou_little_maid:animation/maid/default/head/music_shake.js", "touhou_little_maid:animation/maid/default/arm/default.js", "touhou_little_maid:animation/maid/default/arm/swing.js", "touhou_little_maid:animation/maid/default/sit/default.js", "touhou_little_maid:animation/maid/default/head/reverse_blink.js"]
		},
		{
			"model_id": "tenshis_maid_collection:banshee_witch",
			"description": ["{model.tenshis_maid_collection.banshee.desc}"],
			"render_entity_scale": 0.85,
			"animation": ["touhou_little_maid:animation/maid/default/head/default.js", "touhou_little_maid:animation/maid/default/head/beg.js", "touhou_little_maid:animation/maid/default/head/music_shake.js", "touhou_little_maid:animation/maid/default/arm/default.js", "touhou_little_maid:animation/maid/default/arm/swing.js", "touhou_little_maid:animation/maid/default/sit/default.js", "touhou_little_maid:animation/maid/default/head/reverse_blink.js", "touhou_little_maid:animation/base/float/default.js"]
		},
		{
			"model_id": "tenshis_maid_collection:uneko",
			"description": ["{model.tenshis_maid_collection.uneko.desc}"],
			"animation": ["touhou_little_maid:animation/maid/default/head/default.js", "touhou_little_maid:animation/maid/default/head/beg.js", "touhou_little_maid:animation/maid/default/head/music_shake.js", "touhou_little_maid:animation/maid/default/arm/default.js", "touhou_little_maid:animation/maid/default/arm/swing.js", "touhou_little_maid:animation/maid/default/leg/default.js", "touhou_little_maid:animation/maid/default/sit/default.js", "touhou_little_maid:animation/maid/default/head/reverse_blink.js", "touhou_little_maid:animation/maid/default/tail/default.js"]
		},
		{
			"model_id": "tenshis_maid_collection:weavile_chan",
			"description": ["{model.tenshis_maid_collection.weavile_chan.desc}"],
			"animation": ["touhou_little_maid:animation/maid/default/head/default.js", "touhou_little_maid:animation/maid/default/head/beg.js", "touhou_little_maid:animation/maid/default/head/music_shake.js", "touhou_little_maid:animation/maid/default/arm/default.js", "touhou_little_maid:animation/maid/default/arm/swing.js", "touhou_little_maid:animation/maid/default/leg/default.js", "touhou_little_maid:animation/maid/default/sit/default.js", "touhou_little_maid:animation/maid/default/head/reverse_blink.js"]
		},
		{
			"model_id": "tenshis_maid_collection:whimsicott",
			"description": ["{model.tenshis_maid_collection.whimsicott.desc}"],
			"animation": ["touhou_little_maid:animation/maid/default/head/default.js", "touhou_little_maid:animation/maid/default/head/beg.js", "touhou_little_maid:animation/maid/default/head/music_shake.js", "touhou_little_maid:animation/maid/default/arm/default.js", "touhou_little_maid:animation/maid/default/arm/swing.js", "touhou_little_maid:animation/maid/default/leg/default.js", "touhou_little_maid:animation/maid/default/sit/default.js", "touhou_little_maid:animation/maid/default/head/reverse_blink.js"]
		},
		{
			"model_id": "tenshis_maid_collection:yukihime",
			"description": ["{model.tenshis_maid_collection.yukihime.desc}"],
			"animation": ["touhou_little_maid:animation/maid/default/head/default.js", "touhou_little_maid:animation/maid/default/head/beg.js", "touhou_little_maid:animation/maid/default/head/music_shake.js", "touhou_little_maid:animation/maid/default/arm/default.js", "touhou_little_maid:animation/maid/default/arm/swing.js", "touhou_little_maid:animation/maid/default/leg/default.js", "touhou_little_maid:animation/maid/default/sit/default.js", "touhou_little_maid:animation/maid/default/head/blink.js"]
		},
		{
			"model_id": "tenshis_maid_collection:yukihime_low",
			"name": "{model.tenshis_maid_collection.yukihime.name}",
			"model": "tenshis_maid_collection:models/entity/yukihime.json",
			"texture": "tenshis_maid_collection:textures/entity/yukihime_low.png",
			"description": ["{model.tenshis_maid_collection.yukihime.desc}"],
			"animation": ["touhou_little_maid:animation/maid/default/head/default.js", "touhou_little_maid:animation/maid/default/head/beg.js", "touhou_little_maid:animation/maid/default/head/music_shake.js", "touhou_little_maid:animation/maid/default/arm/default.js", "touhou_little_maid:animation/maid/default/arm/swing.js", "touhou_little_maid:animation/maid/default/leg/default.js", "touhou_little_maid:animation/maid/default/sit/default.js", "touhou_little_maid:animation/maid/default/head/blink.js"]
		}
	]
}