{
  "name" : "binocular",
  "type": "Gun",
  "maxAmmoCapacity" : 0,
  "compatibleAmmo" : [],
  "damage" : 1,
  "rpm" : 60,
  "fireModes" : ["AUTOMATIC"],
  "fireSound" : "m249",
  "drawCooldownDuration" : 600,
  "aimingZoom" : 0.95,
  "gunRecoilInitialAmplitude" : 0,
  "shakeRecoilAmplitude" : 0,
  "shakeRecoilSpeed" : 0,
  "viewRecoilAmplitude" : 0,
  "inspectCooldownDuration": 3700,
  "scopeOverlay" : "textures/gui/binocular_reticle.png",
  "phasedReloads": [
    {
      "phase": "RELOADING",
      "duration": 3,
      "animation": "animation.model.reload"
    }
  ]
}