{
	"pack_name": "{maid_pack.huangushi.name}",
	"model_list": [
		{
			"model_id": "huangushi:klee",
			"is_gecko": true,
			"render_entity_scale": 0.7,
			"animation": ["huangushi:animation/huangushi.klee.main.animation.json", "huangushi:animation/huangushi.klee.arm.animation.json"]
		},
		{
			"model_id": "huangushi:seele",
			"is_gecko": true,
			"render_entity_scale": 0.7,
			"animation": ["huangushi:animation/huangushi.seele.main.animation.json", "huangushi:animation/huangushi.seele.arm.animation.json"]
		},
		{
			"model_id": "huangushi:yinlang",
			"is_gecko": true,
			"render_entity_scale": 0.7,
			"animation": ["huangushi:animation/huangushi.yinlang.main.animation.json", "huangushi:animation/huangushi.yinlang.arm.animation.json"]
		},
		{
			"model_id": "huangushi:xing",
			"is_gecko": true,
			"render_entity_scale": 0.7,
			"animation": ["huangushi:animation/huangushi.xing.main.animation.json", "huangushi:animation/huangushi.xing.arm.animation.json"]
		},
		{
			"model_id": "huangushi:kafka",
			"is_gecko": true,
			"render_entity_scale": 0.7,
			"animation": ["huangushi:animation/huangushi.kafka.main.animation.json", "huangushi:animation/huangushi.kafka.arm.animation.json"]
		},
		{
			"model_id": "huangushi:kelala",
			"is_gecko": true,
			"render_entity_scale": 0.7,
			"animation": ["huangushi:animation/huangushi.kelala.main.animation.json", "huangushi:animation/huangushi.kelala.arm.animation.json"]
		},
		{
			"model_id": "huangushi:naxida",
			"is_gecko": true,
			"render_entity_scale": 0.7,
			"animation": ["huangushi:animation/huangushi.naxida.main.animation.json", "huangushi:animation/huangushi.naxida.arm.animation.json"]
		}
	],
	"version": "1.0.0",
	"author": ["幻古诗"],
	"description": ["{maid_pack.huangushi.desc}"],
	"date": "2023-12-03",
	"icon": "huangushi:textures/maid_icon.png"
}