{
	"format_version": "1.12.0",
	"minecraft:geometry": [
		{
			"description": {
				"identifier": "geometry.model",
				"texture_width": 64,
				"texture_height": 64,
				"visible_bounds_width": 3,
				"visible_bounds_height": 4,
				"visible_bounds_offset": [0, 1, 0]
			},
			"bones": [
				{
					"name": "bone",
					"pivot": [0, -1, 0],
					"cubes": [
						{"origin": [-4.25, -1, -4], "size": [8.5, 14, 8], "inflate": -1, "uv": [0, 0]},
						{"origin": [-4.5, 8, -4], "size": [9, 5, 8], "inflate": -1, "uv": [0, 22]},
						{"origin": [0, 6, -0.25], "size": [1, 11, 1], "pivot": [-0.5, -3, -0.25], "rotation": [0, 0, 7.5], "uv": [32, 0]}
					]
				}
			]
		}
	]
}