{
	"format_version": "1.10.0",
	"geometry.model": {
		"texturewidth": 64,
		"textureheight": 64,
		"visible_bounds_width": 3,
		"visible_bounds_height": 4,
		"visible_bounds_offset": [0, 1, 0],
		"bones": [
			{
				"name": "head",
				"pivot": [0, 16, 0],
				"cubes": [
					{"origin": [4.5, 14.8, 0.9], "size": [1, 8, 2], "uv": [26, 40], "mirror": true},
					{"origin": [-5.5, 14.8, 0.9], "size": [1, 8, 2], "uv": [26, 40], "mirror": true},
					{"origin": [-2, 19.2, 4], "size": [4, 4, 2], "uv": [52, 10], "mirror": true},
					{"origin": [-4, 16, -4], "size": [8, 8, 8], "uv": [0, 0], "mirror": true}
				]
			},
			{
				"name": "bone21",
				"parent": "head",
				"pivot": [3.5, 25.5, 1.9],
				"cubes": [
					{"origin": [3.5, 22.5, 0.9], "size": [4, 3, 2], "uv": [0, 37], "inflate": 0.1}
				]
			},
			{
				"name": "bone22",
				"parent": "head",
				"pivot": [-3.5, 25.5, 1.9],
				"cubes": [
					{"origin": [-7.5, 22.5, 0.9], "size": [4, 3, 2], "uv": [0, 32], "inflate": 0.1}
				]
			},
			{
				"name": "bone23",
				"parent": "head",
				"pivot": [0, 22.8, 4],
				"cubes": [
					{"origin": [-1.5, 13.8, 4], "size": [3, 9, 3], "uv": [8, 52]}
				]
			},
			{
				"name": "41eca7d9_6d95_4881_9ada_4ea77f2f92f8",
				"parent": "bone23",
				"pivot": [0, 13.8, 7],
				"cubes": [
					{"origin": [-1.5, 4.8, 4], "size": [3, 9, 3], "uv": [20, 52]}
				]
			},
			{
				"name": "bone24",
				"parent": "head",
				"pivot": [0, 24.3, 4],
				"cubes": [
					{"origin": [-1.5, 22.8, 4], "size": [3, 3, 3], "uv": [12, 42]}
				]
			},
			{
				"name": "bone25",
				"parent": "head",
				"pivot": [-3, 25.5, 3.5],
				"rotation": [0, 89.99809, 0],
				"cubes": [
					{"origin": [-7, 22.5, 2.5], "size": [4, 3, 2], "uv": [12, 32], "inflate": 0.1}
				]
			},
			{
				"name": "bone26",
				"parent": "head",
				"pivot": [3, 25.5, 3.5],
				"rotation": [0, -89.99809, 0],
				"cubes": [
					{"origin": [3, 22.5, 2.5], "size": [4, 3, 2], "uv": [12, 37], "inflate": 0.1}
				]
			},
			{
				"name": "bone27",
				"parent": "head",
				"pivot": [3.5, 25.5, 1.9],
				"cubes": [
					{"origin": [3.5, 22.5, 0.9], "size": [4, 3, 2], "uv": [0, 37], "inflate": 0.1}
				]
			},
			{
				"name": "bone28",
				"parent": "head",
				"pivot": [-3.5, 25.5, 1.9],
				"cubes": [
					{"origin": [-7.5, 22.5, 0.9], "size": [4, 3, 2], "uv": [0, 32], "inflate": 0.1}
				]
			},
			{
				"name": "bone29",
				"parent": "head",
				"pivot": [3, 23.8, 5],
				"cubes": [
					{"origin": [2, 14.3, 4.5], "size": [2, 10, 2], "uv": [56, 40]}
				]
			},
			{
				"name": "104a5441_9c44_4812_b432_36a3ab526b6d",
				"parent": "bone29",
				"pivot": [3, 14.3, 6.5],
				"cubes": [
					{"origin": [2, 4.3, 4.5], "size": [2, 10, 2], "uv": [56, 52]}
				]
			},
			{
				"name": "bone30",
				"parent": "head",
				"pivot": [-3, 23.8, 5],
				"cubes": [
					{"origin": [-4, 14.3, 4.5], "size": [2, 10, 2], "uv": [48, 40]}
				]
			},
			{
				"name": "94982a08_196b_47c2_a458_74257c28b7eb",
				"parent": "bone30",
				"pivot": [-3, 14.3, 6.5],
				"cubes": [
					{"origin": [-4, 4.3, 4.5], "size": [2, 10, 2], "uv": [48, 52]}
				]
			},
			{
				"name": "bone31",
				"parent": "head",
				"pivot": [4.5, 23.8, 1.9],
				"cubes": [
					{"origin": [4.5, 14.3, 0.9], "size": [2, 10, 2], "uv": [40, 40]}
				]
			},
			{
				"name": "3fd9bff8_735b_42dc_854e_34ab241b2de2",
				"parent": "bone31",
				"pivot": [5.5, 14.3, 2.9],
				"cubes": [
					{"origin": [4.5, 4.3, 0.9], "size": [2, 10, 2], "uv": [40, 52]}
				]
			},
			{
				"name": "bone32",
				"parent": "head",
				"pivot": [-4.5, 23.8, 1.9],
				"cubes": [
					{"origin": [-6.5, 14.3, 0.9], "size": [2, 10, 2], "uv": [32, 40]}
				]
			},
			{
				"name": "47c530ad_d055_4a94_a19c_9e075c6a32ab",
				"parent": "bone32",
				"pivot": [-5.5, 14.3, 2.9],
				"cubes": [
					{"origin": [-6.5, 4.3, 0.9], "size": [2, 10, 2], "uv": [32, 52]}
				]
			},
			{
				"name": "bone33",
				"parent": "head",
				"pivot": [0, 8, 0],
				"cubes": [
					{"origin": [-2, 21.2, 3], "size": [4, 4, 2], "uv": [0, 42]}
				]
			},
			{
				"name": "bone34",
				"parent": "head",
				"pivot": [0, 17.5, 0],
				"cubes": [
					{"origin": [1.5, 21.5, 4], "size": [3, 3, 1], "uv": [0, 60]}
				]
			},
			{
				"name": "bone35",
				"parent": "head",
				"pivot": [0, 17.5, 0],
				"cubes": [
					{"origin": [-4.5, 21.5, 4], "size": [3, 3, 1], "uv": [0, 56]}
				]
			},
			{
				"name": "bone36",
				"parent": "head",
				"pivot": [4, 23, 1.7],
				"rotation": [0, 89.99809, 0],
				"cubes": [
					{"origin": [2.5, 21.5, 1.7], "size": [3, 3, 1], "uv": [0, 52]}
				]
			},
			{
				"name": "bone37",
				"parent": "head",
				"pivot": [-4, 23, 1.7],
				"rotation": [0, -89.99809, 0],
				"cubes": [
					{"origin": [-5.5, 21.5, 1.7], "size": [3, 3, 1], "uv": [0, 48]}
				]
			},
			{
				"name": "bone38",
				"parent": "head",
				"pivot": [4, 21.5, 1.7],
				"rotation": [0, 89.99809, 0],
				"cubes": [
					{"origin": [2.5, 20, 1.7], "size": [3, 3, 1], "uv": [8, 48]}
				]
			},
			{
				"name": "bone39",
				"parent": "head",
				"pivot": [-4, 21.5, 1.7],
				"rotation": [0, -89.99809, 0],
				"cubes": [
					{"origin": [-5.5, 20, 1.7], "size": [3, 3, 1], "uv": [8, 48]}
				]
			},
			{
				"name": "blink",
				"parent": "head",
				"pivot": [0, 16, 0],
				"mirror": true,
				"cubes": [
					{"origin": [-4, 17, -4], "size": [8, 4, 0], "uv": [42, 19], "inflate": 0.001, "mirror": true}
				]
			},
			{
				"name": "armLeft",
				"pivot": [3, 15.15, 0],
				"rotation": [-0.19157, 0, -34.36589],
				"cubes": [
					{"origin": [2.57664, 7.53092, -0.99793], "size": [2, 8, 2], "uv": [56, 0]}
				]
			},
			{
				"name": "armRight",
				"pivot": [-3, 15.15, 0],
				"rotation": [0.19157, 0, 34.36589],
				"cubes": [
					{"origin": [-4.57664, 7.53092, -1.00207], "size": [2, 8, 2], "uv": [48, 0]}
				]
			},
			{
				"name": "body",
				"pivot": [0, 16, 0],
				"cubes": [
					{"origin": [-3, 9, -2], "size": [6, 7, 4], "uv": [32, 8]}
				]
			},
			{
				"name": "bone42",
				"parent": "body",
				"pivot": [0, 15, -2],
				"rotation": [0, 24.99947, 89.99809],
				"cubes": [
					{"origin": [0, 12.5, -2], "size": [2, 5, 1], "uv": [17, 49]}
				]
			},
			{
				"name": "bone43",
				"parent": "body",
				"pivot": [0, 15, -2],
				"rotation": [0, 39.99915, 89.99809],
				"cubes": [
					{"origin": [0, 12.5, -2], "size": [2, 5, 2], "uv": [56, 16]}
				]
			},
			{
				"name": "sittingRotationSkirt",
				"parent": "body",
				"pivot": [0, 11, 0],
				"cubes": [
					{"origin": [-4, 3, -4], "size": [8, 8, 8], "uv": [0, 16]}
				]
			},
			{
				"name": "legLeft",
				"pivot": [1.5, 9, 0],
				"cubes": [
					{"origin": [0, 0, -2], "size": [3, 9, 4], "uv": [46, 19]}
				]
			},
			{
				"name": "legRight",
				"pivot": [-1.5, 9, 0],
				"cubes": [
					{"origin": [-3, 0, -2], "size": [3, 9, 4], "uv": [32, 19]}
				]
			},
			{
				"name": "backpackPositioningBone",
				"pivot": [0, 15.25, 0]
			}
		]
	}
}