{
	"format_version": "1.10.0",
	"geometry.model": {
		"texturewidth": 128,
		"textureheight": 128,
		"visible_bounds_width": 4,
		"visible_bounds_height": 4,
		"visible_bounds_offset": [0, 1, 0],
		"bones": [
			{
				"name": "head",
				"pivot": [0, 22.08452, 0],
				"mirror": true,
				"cubes": [
					{"origin": [-4, 22.08452, -4], "size": [8, 8, 8], "uv": [0, 0]},
					{"origin": [-4, 18.08452, -4], "size": [8, 12, 8], "uv": [32, 0], "inflate": 0.3},
					{"origin": [-2, 25.28452, 4], "size": [4, 4, 2], "uv": [72, 0]},
					{"origin": [-5, 26.08452, 0.2], "size": [1, 3, 3], "uv": [56, 0]},
					{"origin": [4, 26.08452, 0.2], "size": [1, 3, 3], "uv": [64, 0]}
				]
			},
			{
				"name": "71f7ffb5_317c_4e7b_9e79_3fcc7123ffe3",
				"parent": "head",
				"pivot": [0, 27.28452, 5],
				"rotation": [-2.86479, 0, 0],
				"cubes": [
					{"origin": [-1.5, 19.78452, 4], "size": [3, 9, 3], "uv": [76, 6]}
				]
			},
			{
				"name": "fd960041_00d7_4aec_8b92_4a383431f5da",
				"parent": "head",
				"pivot": [-4.5, 27.58452, 1.7],
				"rotation": [0, 0, -2.86479],
				"cubes": [
					{"origin": [-5.5, 19.88452, 0.9], "size": [1, 9, 2], "uv": [64, 6]}
				]
			},
			{
				"name": "a1288103_58fb_401c_b4cd_72a47557f899",
				"parent": "head",
				"pivot": [4.5, 27.58452, 1.7],
				"rotation": [0, 0, 2.86479],
				"mirror": true,
				"cubes": [
					{"origin": [4.5, 19.88452, 0.9], "size": [1, 9, 2], "uv": [70, 6]}
				]
			},
			{
				"name": "b3af629c_43ff_4790_bd57_338a5e71c555",
				"parent": "head",
				"pivot": [-3, 30.08452, -4],
				"rotation": [-3.31981, 0.52029, 0],
				"cubes": [
					{"origin": [-5, 12.58452, -4.1], "size": [4, 18, 0], "uv": [109, 80]}
				]
			},
			{
				"name": "13d2b436_b67b_46d0_9c8a_eb610232ac5b",
				"parent": "head",
				"pivot": [3, 30.08452, -4],
				"rotation": [-2.65751, -0.48627, 0],
				"cubes": [
					{"origin": [1, 12.58452, -4.1], "size": [4, 18, 0], "uv": [118, 80]}
				]
			},
			{
				"name": "7850152e_161d_4f23_9f07_a03b4666821e",
				"parent": "head",
				"pivot": [0, 23.08452, 0],
				"rotation": [2.91416, 0, 0],
				"cubes": [
					{"origin": [-5, 21.08452, -4.5], "size": [10, 10, 9], "uv": [45, 79]}
				]
			},
			{
				"name": "59f24e2e_7031_4b16_a36b_392b775b5029",
				"parent": "7850152e_161d_4f23_9f07_a03b4666821e",
				"pivot": [0, 24.83452, 2],
				"rotation": [-11.74311, 0, 0],
				"cubes": [
					{"origin": [-4, 22.83452, 1.5], "size": [8, 8, 4], "uv": [84, 86]}
				]
			},
			{
				"name": "e8021f2b_3a07_4c05_b8d2_9cfe1cad9fa3",
				"parent": "59f24e2e_7031_4b16_a36b_392b775b5029",
				"pivot": [0, 24.58452, 4],
				"rotation": [-11.8117, 0, 0],
				"cubes": [
					{"origin": [-3, 24.58452, 3.5], "size": [6, 6, 3], "uv": [35, 78]}
				]
			},
			{
				"name": "1163307d_730f_4bfd_906e_758a920a6879",
				"parent": "e8021f2b_3a07_4c05_b8d2_9cfe1cad9fa3",
				"pivot": [0, 26.53452, 6],
				"rotation": [-11.88029, 0, 0],
				"cubes": [
					{"origin": [-2, 27.03452, 5], "size": [4, 3, 3], "uv": [75, 79]}
				]
			},
			{
				"name": "f4b8cfe1_c767_40b3_83cc_99c097081306",
				"parent": "1163307d_730f_4bfd_906e_758a920a6879",
				"pivot": [0, 27.48452, 8],
				"rotation": [-26.94888, 0, 0],
				"cubes": [
					{"origin": [-1, 27.48452, 7], "size": [2, 2, 3], "uv": [90, 80]}
				]
			},
			{
				"name": "_bink",
				"parent": "head",
				"pivot": [0, 22.08452, 0],
				"cubes": [
					{"origin": [-4, 22.08452, -4], "size": [8, 8, 0], "uv": [40, 0], "inflate": 0.001}
				]
			},
			{
				"name": "armLeft",
				"pivot": [2.5, 20.08452, 0],
				"rotation": [0.05245, 0, -36.03732],
				"mirror": true,
				"cubes": [
					{"origin": [2.5, 15.08452, -1], "size": [2, 6, 3], "uv": [10, 16]}
				]
			},
			{
				"name": "fda32dd0_acfb_4f44_a804_baee100ac70d",
				"parent": "armLeft",
				"pivot": [3, 16.08452, 0],
				"rotation": [-45.48955, -12.60507, 13.17803],
				"mirror": true,
				"cubes": [
					{"origin": [2, 10.08452, -1], "size": [2, 6, 3], "uv": [10, 25]}
				]
			},
			{
				"name": "480e38fa_c80e_4d80_ab64_977340e156f9",
				"parent": "fda32dd0_acfb_4f44_a804_baee100ac70d",
				"pivot": [3, 9.08452, 0]
			},
			{
				"name": "be54d65f_795a_4fbb_906d_21ecb5b686df",
				"parent": "fda32dd0_acfb_4f44_a804_baee100ac70d",
				"pivot": [6.5, 9.08452, 6],
				"rotation": [-45.05245, 0, 0]
			},
			{
				"name": "82dcb160_b3e1_4442_977d_8870db9d6b30",
				"parent": "fda32dd0_acfb_4f44_a804_baee100ac70d",
				"pivot": [3, 16.08452, 0],
				"rotation": [0, -0.57677, 0],
				"mirror": true,
				"cubes": [
					{"origin": [1.5, 10.08452, -1.1], "size": [3, 7, 15], "uv": [48, 46]}
				]
			},
			{
				"name": "688d41f4_7304_4827_a629_e0ea0fd447d7",
				"parent": "82dcb160_b3e1_4442_977d_8870db9d6b30",
				"pivot": [3, 16.08452, 0],
				"rotation": [36.52, 0, 0],
				"mirror": true,
				"cubes": [
					{"origin": [1.5, 8.08452, -2.5], "size": [3, 8, 4], "uv": [48, 48]}
				]
			},
			{
				"name": "8faef4d6_80c7_45ec_89a5_589c8caad50f",
				"parent": "fda32dd0_acfb_4f44_a804_baee100ac70d",
				"pivot": [3, 10.08452, 0],
				"rotation": [0, -90, 180.00001],
				"cubes": [
					{"origin": [2.5, 9.58452, -0.5], "size": [1, 1, 1], "uv": [21, 16]}
				]
			},
			{
				"name": "000586a2_b0b2_48be_bba5_cee43efcfba3",
				"parent": "8faef4d6_80c7_45ec_89a5_589c8caad50f",
				"pivot": [3, 10.08452, 0],
				"rotation": [-32.81127, 0, 0],
				"mirror": true,
				"cubes": [
					{"origin": [1.5, 10.08452, -0.5], "size": [3, 2, 1], "uv": [19, 25]}
				]
			},
			{
				"name": "464b3781_1714_42ed_afe2_e8168788f37d",
				"parent": "000586a2_b0b2_48be_bba5_cee43efcfba3",
				"pivot": [2.6, 12.08452, 0],
				"rotation": [30.72958, 0, -1],
				"cubes": [
					{"origin": [2.1, 12.08452, -0.5], "size": [1, 1, 1], "uv": [8, 16]}
				]
			},
			{
				"name": "bcea1077_a1d9_49f1_a369_03b78b1cbdbd",
				"parent": "464b3781_1714_42ed_afe2_e8168788f37d",
				"pivot": [2.6, 13.08452, 0],
				"rotation": [25.72958, 0, 0],
				"cubes": [
					{"origin": [2.1, 13.08452, -0.5], "size": [1, 1, 1], "uv": [8, 16]}
				]
			},
			{
				"name": "13fc19e3_15d1_47f0_b85f_ad4730bd3133",
				"parent": "bcea1077_a1d9_49f1_a369_03b78b1cbdbd",
				"pivot": [2.6, 13.58452, 0],
				"rotation": [19.45916, 0, 0],
				"cubes": [
					{"origin": [2.6, 13.58452, -0.5], "size": [0, 4, 1], "uv": [11, 35]}
				]
			},
			{
				"name": "66f44258_9499_4cad_b930_9ded60f3ab55",
				"parent": "000586a2_b0b2_48be_bba5_cee43efcfba3",
				"pivot": [4.25, 11.58452, 0],
				"rotation": [42.86479, 0, 2.5],
				"cubes": [
					{"origin": [3.75, 11.58452, -0.5], "size": [1, 1, 1], "uv": [8, 16]}
				]
			},
			{
				"name": "0624819e_9e9a_41c0_b95a_61be9072be61",
				"parent": "66f44258_9499_4cad_b930_9ded60f3ab55",
				"pivot": [4.25, 12.58452, 0],
				"rotation": [15.72958, 0, 0],
				"cubes": [
					{"origin": [3.75, 12.58452, -0.5], "size": [1, 1, 1], "uv": [17, 16]}
				]
			},
			{
				"name": "660650ac_96c9_4cfb_938d_5b861f5d83f6",
				"parent": "0624819e_9e9a_41c0_b95a_61be9072be61",
				"pivot": [4.25, 13.08452, 0],
				"rotation": [26.45916, 0, 0],
				"cubes": [
					{"origin": [4.25, 13.08452, -0.5], "size": [0, 4, 1], "uv": [11, 35]}
				]
			},
			{
				"name": "861fb8e6_fd80_4532_a847_51315bfd3778",
				"parent": "000586a2_b0b2_48be_bba5_cee43efcfba3",
				"pivot": [1.75, 11.78452, 0],
				"rotation": [25.72958, 0, -5],
				"cubes": [
					{"origin": [1.25, 11.78452, -0.5], "size": [1, 1, 1], "uv": [8, 16]}
				]
			},
			{
				"name": "842af846_8414_4595_bcc8_f9489c9104c5",
				"parent": "861fb8e6_fd80_4532_a847_51315bfd3778",
				"pivot": [1.75, 12.78452, 0],
				"rotation": [25.72958, 0, 0],
				"cubes": [
					{"origin": [1.25, 12.78452, -0.5], "size": [1, 1, 1], "uv": [17, 16]}
				]
			},
			{
				"name": "a67326c7_8818_48a2_b65b_6b6831b361fe",
				"parent": "842af846_8414_4595_bcc8_f9489c9104c5",
				"pivot": [1.75, 13.28452, 0],
				"rotation": [16.45916, 0, 0],
				"cubes": [
					{"origin": [1.75, 13.28452, -0.5], "size": [0, 4, 1], "uv": [11, 35]}
				]
			},
			{
				"name": "c563f4ad_5d19_4bbf_b773_d5492e023cd7",
				"parent": "000586a2_b0b2_48be_bba5_cee43efcfba3",
				"pivot": [3.4, 11.88452, 0],
				"rotation": [32.86479, 0, 0],
				"cubes": [
					{"origin": [2.9, 11.88452, -0.5], "size": [1, 1, 1], "uv": [8, 16]}
				]
			},
			{
				"name": "43126633_6938_4bee_bd99_2e3efb9ac914",
				"parent": "c563f4ad_5d19_4bbf_b773_d5492e023cd7",
				"pivot": [3.4, 12.88452, 0],
				"rotation": [25.72958, 0, 0],
				"cubes": [
					{"origin": [2.9, 12.88452, -0.5], "size": [1, 1, 1], "uv": [17, 16]}
				]
			},
			{
				"name": "aa217864_e92f_48a7_ad0a_dfb076b1ff14",
				"parent": "43126633_6938_4bee_bd99_2e3efb9ac914",
				"pivot": [3.4, 13.38452, 0],
				"rotation": [21.45916, 0, 0],
				"cubes": [
					{"origin": [3.4, 13.38452, -0.5], "size": [0, 4, 1], "uv": [11, 35]}
				]
			},
			{
				"name": "1245497e_d9b2_4013_9300_2922c6a41bb6",
				"parent": "8faef4d6_80c7_45ec_89a5_589c8caad50f",
				"pivot": [1.75, 10.58452, 0],
				"rotation": [-80.21409, -175.94368, 16.67325],
				"cubes": [
					{"origin": [1.25, 10.08452, -0.5], "size": [1, 1, 1], "uv": [8, 16]}
				]
			},
			{
				"name": "db1beba7_387a_4047_b8c6_38f2246feb99",
				"parent": "1245497e_d9b2_4013_9300_2922c6a41bb6",
				"pivot": [1.75, 11.08452, 0],
				"rotation": [27.18873, 0, 0],
				"cubes": [
					{"origin": [1.25, 11.08452, -0.5], "size": [1, 1, 1], "uv": [17, 16]}
				]
			},
			{
				"name": "7471f956_699f_4e22_845b_f3de83d80615",
				"parent": "db1beba7_387a_4047_b8c6_38f2246feb99",
				"pivot": [1.75, 12.08452, 0],
				"rotation": [35.72958, 0, 0],
				"mirror": true,
				"cubes": [
					{"origin": [1.75, 12.08452, -0.5], "size": [0, 3, 1], "uv": [25, 15]}
				]
			},
			{
				"name": "559fd94f_e24f_4d76_9cd3_5b9d09c59cd5",
				"parent": "armLeft",
				"pivot": [0.6, 18.58452, 0],
				"rotation": [0, -2.8686, 0],
				"cubes": [
					{"origin": [1.7, 15.58452, -1.5], "size": [3, 3, 7], "uv": [40, 27]}
				]
			},
			{
				"name": "armLeftPositioningBone",
				"parent": "armLeft",
				"pivot": [2.5, 10.08452, -6]
			},
			{
				"name": "armRight",
				"pivot": [-2.5, 20.08452, 0],
				"rotation": [0.39602, 0, 36.03732],
				"cubes": [
					{"origin": [-4.5, 15.08452, -1], "size": [2, 6, 3], "uv": [0, 16]}
				]
			},
			{
				"name": "0cbc635f_f1e1_43f2_b1d4_288d54bb49eb",
				"parent": "armRight",
				"pivot": [-3, 16.08452, 0],
				"rotation": [-45.48955, 12.60507, -13.17803],
				"cubes": [
					{"origin": [-4, 10.08452, -1], "size": [2, 6, 3], "uv": [0, 25]}
				]
			},
			{
				"name": "ad99a0e6_7a8a_4dbe_8a3d_1a3bd77934cf",
				"parent": "0cbc635f_f1e1_43f2_b1d4_288d54bb49eb",
				"pivot": [-3, 9.08452, 0]
			},
			{
				"name": "5cc4979b_9eba_41c2_a3c6_ad0f8f62a289",
				"parent": "0cbc635f_f1e1_43f2_b1d4_288d54bb49eb",
				"pivot": [-6.5, 9.08452, 6],
				"rotation": [-45.39602, 0, 0]
			},
			{
				"name": "71ab5ebf_09bf_4a2a_98c9_9d2661b96147",
				"parent": "0cbc635f_f1e1_43f2_b1d4_288d54bb49eb",
				"pivot": [-3, 16.08452, 0],
				"rotation": [0, 0.57677, 0],
				"cubes": [
					{"origin": [-4.5, 10.08452, -1.1], "size": [3, 7, 15], "uv": [12, 46]}
				]
			},
			{
				"name": "698466d5_4a05_4152_be02_96e913880815",
				"parent": "71ab5ebf_09bf_4a2a_98c9_9d2661b96147",
				"pivot": [-3, 16.08452, 0],
				"rotation": [36.52, 0, 0],
				"cubes": [
					{"origin": [-4.5, 8.08452, -2.5], "size": [3, 8, 4], "uv": [34, 48]}
				]
			},
			{
				"name": "60ca4d08_9e8d_4b0f_8120_cc926a5af703",
				"parent": "0cbc635f_f1e1_43f2_b1d4_288d54bb49eb",
				"pivot": [-3, 10.08452, 0],
				"rotation": [0, 90, 180.00001],
				"cubes": [
					{"origin": [-3.5, 9.58452, -0.5], "size": [1, 1, 1], "uv": [21, 16]}
				]
			},
			{
				"name": "d806f6c8_0f1f_4802_9bac_40170e9ec067",
				"parent": "60ca4d08_9e8d_4b0f_8120_cc926a5af703",
				"pivot": [-1.75, 10.58452, 0],
				"rotation": [-80.21409, 175.94368, -16.67325],
				"cubes": [
					{"origin": [-2.25, 10.08452, -0.5], "size": [1, 1, 1], "uv": [8, 16]}
				]
			},
			{
				"name": "9f2bde77_b4bd_4174_b19b_88bdaedc6283",
				"parent": "d806f6c8_0f1f_4802_9bac_40170e9ec067",
				"pivot": [-1.75, 11.08452, 0],
				"rotation": [27.18873, 0, 0],
				"cubes": [
					{"origin": [-2.25, 11.08452, -0.5], "size": [1, 1, 1], "uv": [17, 16]}
				]
			},
			{
				"name": "5714bce7_12f0_487b_b7ca_f024b3e96d54",
				"parent": "9f2bde77_b4bd_4174_b19b_88bdaedc6283",
				"pivot": [-1.75, 12.08452, 0],
				"rotation": [35.72958, 0, 0],
				"cubes": [
					{"origin": [-1.75, 12.08452, -0.5], "size": [0, 3, 1], "uv": [25, 15]}
				]
			},
			{
				"name": "b72d0bec_67c6_47f3_bd02_5f3ad2f65bc8",
				"parent": "60ca4d08_9e8d_4b0f_8120_cc926a5af703",
				"pivot": [-3, 10.08452, 0],
				"rotation": [-32.81127, 0, 0],
				"cubes": [
					{"origin": [-4.5, 10.08452, -0.5], "size": [3, 2, 1], "uv": [19, 25]}
				]
			},
			{
				"name": "6fcbf3e7_2135_429e_915b_80a92aa33499",
				"parent": "b72d0bec_67c6_47f3_bd02_5f3ad2f65bc8",
				"pivot": [-3.4, 11.88452, 0],
				"rotation": [32.86479, 0, 0],
				"cubes": [
					{"origin": [-3.9, 11.88452, -0.5], "size": [1, 1, 1], "uv": [8, 16]}
				]
			},
			{
				"name": "2f0956ec_06ec_44b7_8017_f1809d6816eb",
				"parent": "6fcbf3e7_2135_429e_915b_80a92aa33499",
				"pivot": [-3.4, 12.88452, 0],
				"rotation": [25.72958, 0, 0],
				"cubes": [
					{"origin": [-3.9, 12.88452, -0.5], "size": [1, 1, 1], "uv": [17, 16]}
				]
			},
			{
				"name": "73b042ad_3458_40a4_ac03_fbd21c82780c",
				"parent": "2f0956ec_06ec_44b7_8017_f1809d6816eb",
				"pivot": [-3.4, 13.38452, 0],
				"rotation": [21.45916, 0, 0],
				"mirror": true,
				"cubes": [
					{"origin": [-3.4, 13.38452, -0.5], "size": [0, 4, 1], "uv": [11, 35]}
				]
			},
			{
				"name": "d70582d1_d13f_406d_916e_c4a11e0542ac",
				"parent": "b72d0bec_67c6_47f3_bd02_5f3ad2f65bc8",
				"pivot": [-2.6, 12.08452, 0],
				"rotation": [30.72958, 0, 1],
				"cubes": [
					{"origin": [-3.1, 12.08452, -0.5], "size": [1, 1, 1], "uv": [8, 16]}
				]
			},
			{
				"name": "40433499_fd7d_4978_9d12_d59d2a053133",
				"parent": "d70582d1_d13f_406d_916e_c4a11e0542ac",
				"pivot": [-2.6, 13.08452, 0],
				"rotation": [25.72958, 0, 0],
				"cubes": [
					{"origin": [-3.1, 13.08452, -0.5], "size": [1, 1, 1], "uv": [17, 16]}
				]
			},
			{
				"name": "072aeb75_8182_4d74_96f8_45a473c64310",
				"parent": "40433499_fd7d_4978_9d12_d59d2a053133",
				"pivot": [-2.6, 13.58452, 0],
				"rotation": [19.45916, 0, 0],
				"mirror": true,
				"cubes": [
					{"origin": [-2.6, 13.58452, -0.5], "size": [0, 4, 1], "uv": [11, 35]}
				]
			},
			{
				"name": "9253c3d0_d99f_4670_88a4_94c9ceea1914",
				"parent": "b72d0bec_67c6_47f3_bd02_5f3ad2f65bc8",
				"pivot": [-4.25, 11.58452, 0],
				"rotation": [42.86479, 0, -2.5],
				"cubes": [
					{"origin": [-4.75, 11.58452, -0.5], "size": [1, 1, 1], "uv": [8, 16]}
				]
			},
			{
				"name": "3e0f50f9_a5ec_4cfd_95ce_9818f23d04c8",
				"parent": "9253c3d0_d99f_4670_88a4_94c9ceea1914",
				"pivot": [-4.25, 12.58452, 0],
				"rotation": [15.72958, 0, 0],
				"cubes": [
					{"origin": [-4.75, 12.58452, -0.5], "size": [1, 1, 1], "uv": [17, 16]}
				]
			},
			{
				"name": "8ff12be4_9315_4891_b134_69c16118b1c4",
				"parent": "3e0f50f9_a5ec_4cfd_95ce_9818f23d04c8",
				"pivot": [-4.25, 13.08452, 0],
				"rotation": [26.45916, 0, 0],
				"mirror": true,
				"cubes": [
					{"origin": [-4.25, 13.08452, -0.5], "size": [0, 4, 1], "uv": [11, 35]}
				]
			},
			{
				"name": "a7f4eaf1_5693_4878_ac2b_961955b57ac9",
				"parent": "b72d0bec_67c6_47f3_bd02_5f3ad2f65bc8",
				"pivot": [-1.75, 11.78452, 0],
				"rotation": [25.72958, 0, 5],
				"cubes": [
					{"origin": [-2.25, 11.78452, -0.5], "size": [1, 1, 1], "uv": [8, 16]}
				]
			},
			{
				"name": "be0b42d8_ed95_4646_9473_5e1ce4a4ec18",
				"parent": "a7f4eaf1_5693_4878_ac2b_961955b57ac9",
				"pivot": [-1.75, 12.78452, 0],
				"rotation": [25.72958, 0, 0],
				"cubes": [
					{"origin": [-2.25, 12.78452, -0.5], "size": [1, 1, 1], "uv": [17, 16]}
				]
			},
			{
				"name": "b30feb3d_ee82_45ee_ac67_35b062b3dbeb",
				"parent": "be0b42d8_ed95_4646_9473_5e1ce4a4ec18",
				"pivot": [-1.75, 13.28452, 0],
				"rotation": [16.45916, 0, 0],
				"mirror": true,
				"cubes": [
					{"origin": [-1.75, 13.28452, -0.5], "size": [0, 4, 1], "uv": [11, 35]}
				]
			},
			{
				"name": "3dc541cc_b74b_4bdd_83bb_b4c95644f862",
				"parent": "armRight",
				"pivot": [-0.6, 18.58452, 0],
				"rotation": [0, 2.8686, 0],
				"cubes": [
					{"origin": [-4.8, 15.58452, -1.5], "size": [3, 3, 7], "uv": [20, 27]}
				]
			},
			{
				"name": "armRightPositioningBone",
				"parent": "armRight",
				"pivot": [-2.5, 10, -6]
			},
			{
				"name": "body",
				"pivot": [0, 14.08452, 0],
				"cubes": [
					{"origin": [-3, 21.58452, -2.1], "size": [0, 0, 0], "uv": [20, 26]},
					{"origin": [-1, 22.88452, -1], "size": [0, 0, 0], "uv": [24, 16]}
				]
			},
			{
				"name": "6400f7dd_009c_4582_b67a_8483adba16c8",
				"parent": "body",
				"pivot": [1.42, 20.08452, -0.5],
				"rotation": [-39.61337, -5, 0],
				"cubes": [
					{"origin": [-0.08, 16.08452, -1.75], "size": [3, 4, 3], "uv": [15, 46], "inflate": 0.1}
				]
			},
			{
				"name": "a79e6cb5_96a4_4fad_91db_7f8f322979f4",
				"parent": "body",
				"pivot": [-1.42, 20.08452, -0.5],
				"rotation": [-39.61337, 5, 0],
				"mirror": true,
				"cubes": [
					{"origin": [-2.92, 16.08452, -1.75], "size": [3, 4, 3], "uv": [15, 53], "inflate": 0.1}
				]
			},
			{
				"name": "4f99c873_f43c_43ef_9217_d5a92758ed40",
				"parent": "body",
				"pivot": [0, 14.08452, 0],
				"cubes": [
					{"origin": [-4, 14.08452, -2.4], "size": [0, 0, 0], "uv": [0, 0]}
				]
			},
			{
				"name": "5fdd0ec1_ba42_4187_8d55_faf692ed4fe1",
				"parent": "4f99c873_f43c_43ef_9217_d5a92758ed40",
				"pivot": [0, 16.08452, 0.5],
				"rotation": [10, 10, -45],
				"cubes": [
					{"origin": [-4, 12.08452, -1.5], "size": [5, 5, 3], "uv": [24, 0]}
				]
			},
			{
				"name": "f85b9a3a_0b7a_4cd9_9111_18a548e3158a",
				"parent": "5fdd0ec1_ba42_4187_8d55_faf692ed4fe1",
				"pivot": [-3.3, 13.58452, 0],
				"rotation": [-10, 0, 45],
				"cubes": [
					{"origin": [-6.3, 12.58452, 0], "size": [7, 3, 2], "uv": [69, 46]}
				]
			},
			{
				"name": "0baa813a_8850_4d4a_912e_35425fe51f9f",
				"parent": "5fdd0ec1_ba42_4187_8d55_faf692ed4fe1",
				"pivot": [1.5, 17.58452, 0.5],
				"rotation": [-15, 0, 45],
				"cubes": [
					{"origin": [-2, 15.33452, 0.35], "size": [7, 3, 2], "uv": [20, 20]}
				]
			},
			{
				"name": "f04bf673_5231_47ac_a91a_2abe98251900",
				"parent": "body",
				"pivot": [0, 17.58452, -1.9],
				"rotation": [-6.54084, 6.54084, 45],
				"cubes": [
					{"origin": [-4.5, 18.08452, -1.9], "size": [4, 4, 3], "uv": [43, 20]}
				]
			},
			{
				"name": "54e8e169_79e2_4eff_808f_d7adc9a5fd34",
				"parent": "f04bf673_5231_47ac_a91a_2abe98251900",
				"pivot": [-2.7, 20.28452, -0.4],
				"rotation": [7.5, 0, -40],
				"cubes": [
					{"origin": [-2.7, 14.28452, -1.9], "size": [3, 6, 3], "uv": [26, 37]}
				]
			},
			{
				"name": "90d13e82_8543_48fb_b361_85faf484bb8c",
				"parent": "f04bf673_5231_47ac_a91a_2abe98251900",
				"pivot": [-2.7, 20.28452, -0.4],
				"rotation": [7.5, 0, -50],
				"cubes": [
					{"origin": [-5.7, 14.28452, -1.9], "size": [3, 6, 3], "uv": [14, 37]}
				]
			},
			{
				"name": "f299b7f3_18f9_439c_bf46_9d07f9342de8",
				"parent": "f04bf673_5231_47ac_a91a_2abe98251900",
				"pivot": [0, 17.58452, -1.9],
				"rotation": [0, -9, 45],
				"cubes": [
					{"origin": [-2.9, 15.08452, -1.79], "size": [5, 5, 2], "uv": [70, 52]}
				]
			},
			{
				"name": "e7353936_3be9_49fc_a1ad_7f71e25c761b",
				"parent": "f04bf673_5231_47ac_a91a_2abe98251900",
				"pivot": [0, 17.58452, -4.35599],
				"rotation": [0, 0, -45],
				"cubes": [
					{"origin": [-2.5, 16.08452, -4.35599], "size": [5, 3, 0], "uv": [55, 20]}
				]
			},
			{
				"name": "eed326de_f6cb_4331_90af_cace0cebab3c",
				"parent": "body",
				"pivot": [2.25, 11.08452, 2],
				"rotation": [-57.29578, 0, 0],
				"cubes": [
					{"origin": [2.25, 11.08452, 2], "size": [0, 0, 0], "uv": [0, 0]}
				]
			},
			{
				"name": "477f2653_bb69_4b0d_88a1_218777087fd9",
				"parent": "eed326de_f6cb_4331_90af_cace0cebab3c",
				"pivot": [0, 8.83452, -1.25],
				"rotation": [0, 0, 44.38269],
				"cubes": [
					{"origin": [-4, 4.83452, -1.25], "size": [8, 8, 1], "uv": [39, 38]}
				]
			},
			{
				"name": "e859aec8_64ed_4fea_97f7_aa80e2aa006b",
				"parent": "body",
				"pivot": [-0.25, 12.08452, 0],
				"rotation": [19.91985, 2.86479, -2.86479],
				"cubes": [
					{"origin": [-3.25, 7.08452, -1], "size": [3, 6, 4], "uv": [0, 36]}
				]
			},
			{
				"name": "ec2b18d9_0d86_40f2_ae18_182bab589b6b",
				"parent": "e859aec8_64ed_4fea_97f7_aa80e2aa006b",
				"pivot": [-1.75, 7.08452, 0.5],
				"rotation": [65.02861, -5.72958, 1.14592],
				"cubes": [
					{"origin": [-3.25, 0.08452, -1], "size": [3, 8, 4], "uv": [0, 47]}
				]
			},
			{
				"name": "bb91429b_9054_4a47_a94c_5bc2a21118ea",
				"parent": "ec2b18d9_0d86_40f2_ae18_182bab589b6b",
				"pivot": [-1.75, 6.58452, 1.25],
				"rotation": [32, -1.04575, 0],
				"cubes": [
					{"origin": [-5, -2.41548, -1.25], "size": [5, 9, 5], "uv": [108, 14]}
				]
			},
			{
				"name": "1b361cca_d24f_4592_ae3f_14b264ef5e7b",
				"parent": "ec2b18d9_0d86_40f2_ae18_182bab589b6b",
				"pivot": [-1.75, 7.58452, 1.25],
				"rotation": [0, -1.17623, 0],
				"cubes": [
					{"origin": [-5, -1.41548, -1.25], "size": [5, 9, 5], "uv": [108, 28]}
				]
			},
			{
				"name": "3f14a9cb_f99b_42d0_b6c5_35a681938a40",
				"parent": "e859aec8_64ed_4fea_97f7_aa80e2aa006b",
				"pivot": [-1.95, 13.08452, 0.5],
				"rotation": [0, 0, -6.7],
				"cubes": [
					{"origin": [-3.95, 7.08452, -1], "size": [2, 6, 3], "uv": [56, 23]}
				]
			},
			{
				"name": "51ed4af6_3fa6_4e75_bf85_aa8fb29c1e3b",
				"parent": "e859aec8_64ed_4fea_97f7_aa80e2aa006b",
				"pivot": [-0.25, 13.58452, 0.75],
				"mirror": true,
				"cubes": [
					{"origin": [-3.5, 4.58452, -1.75], "size": [5, 9, 5], "uv": [108, 0]}
				]
			},
			{
				"name": "c13598f0_627e_4845_8d64_f84c7da8233d",
				"parent": "e859aec8_64ed_4fea_97f7_aa80e2aa006b",
				"pivot": [-0.25, 13.08452, 0.75],
				"rotation": [0, 0, 32],
				"cubes": [
					{"origin": [-3.5, 4.08452, -1.75], "size": [5, 9, 5], "uv": [66, 18]}
				]
			},
			{
				"name": "7b5f7788_6e8e_4c00_9c40_c60e6cba0b5b",
				"parent": "body",
				"pivot": [0.25, 12.08452, 0],
				"rotation": [-18.02691, -2.86479, 2.86479],
				"mirror": true,
				"cubes": [
					{"origin": [0.25, 7.08452, -1], "size": [3, 6, 4], "uv": [0, 36]}
				]
			},
			{
				"name": "98ac1f27_b25c_417f_942d_f0d7dfa46db8",
				"parent": "7b5f7788_6e8e_4c00_9c40_c60e6cba0b5b",
				"pivot": [1.75, 7.08452, 0.5],
				"rotation": [98.31212, 5.72958, -1.14592],
				"mirror": true,
				"cubes": [
					{"origin": [0.25, 0.08452, -1], "size": [3, 8, 4], "uv": [0, 47]}
				]
			},
			{
				"name": "cd8180b8_01c7_43d0_b7bf_3762f58d839c",
				"parent": "98ac1f27_b25c_417f_942d_f0d7dfa46db8",
				"pivot": [1.75, 6.58452, 1.25],
				"rotation": [32, -1.04575, 0],
				"cubes": [
					{"origin": [0, -2.41548, -1.25], "size": [5, 9, 5], "uv": [88, 14]}
				]
			},
			{
				"name": "736cc0a4_e2fb_4b45_b818_5d6cf581329e",
				"parent": "98ac1f27_b25c_417f_942d_f0d7dfa46db8",
				"pivot": [1.75, 7.58452, 1.25],
				"rotation": [0, -1.17623, 0],
				"cubes": [
					{"origin": [0, -1.41548, -1.25], "size": [5, 9, 5], "uv": [88, 28]}
				]
			},
			{
				"name": "08583951_9d58_4ab5_a40d_3b801611cfd0",
				"parent": "7b5f7788_6e8e_4c00_9c40_c60e6cba0b5b",
				"pivot": [1.95, 13.08452, 0.5],
				"rotation": [0, 0, 6.7],
				"cubes": [
					{"origin": [1.95, 7.08452, -1], "size": [2, 6, 3], "uv": [56, 23]}
				]
			},
			{
				"name": "900a23e0_e2a3_465a_8741_55b33b0c2dec",
				"parent": "7b5f7788_6e8e_4c00_9c40_c60e6cba0b5b",
				"pivot": [0.25, 13.58452, 0.75],
				"cubes": [
					{"origin": [-1.5, 4.58452, -1.75], "size": [5, 9, 5], "uv": [88, 0]}
				]
			},
			{
				"name": "ba969bc4_da54_4b1f_998c_bc061ed7865c",
				"parent": "7b5f7788_6e8e_4c00_9c40_c60e6cba0b5b",
				"pivot": [0.25, 13.08452, 0.75],
				"rotation": [0, 0, -32],
				"cubes": [
					{"origin": [-1.5, 4.08452, -1.75], "size": [5, 9, 5], "uv": [66, 32]}
				]
			},
			{
				"name": "f51ec39a_a7d3_48d9_91d9_198e7061e9e1",
				"parent": "body",
				"pivot": [0, 15.08452, 0],
				"rotation": [-27.62379, 0, 0],
				"cubes": [
					{"origin": [-4, 15.08452, -2], "size": [0, 0, 0], "uv": [0, 0]}
				]
			},
			{
				"name": "sinFloat",
				"parent": "body",
				"pivot": [-17, 20, 0]
			},
			{
				"name": "6680828c_46f2_45a5_bc37_ab25f1bee011",
				"parent": "sinFloat",
				"pivot": [-17, 15.9794, 0],
				"rotation": [0, -5.72958, 0],
				"cubes": [
					{"origin": [-19.5, 15.9794, 0.5], "size": [5, 10, 0], "uv": [34, 88]}
				]
			},
			{
				"name": "2f2cb7b1_7ea8_4cf6_857d_89d31bc6c970",
				"parent": "6680828c_46f2_45a5_bc37_ab25f1bee011",
				"pivot": [-17, 15.9794, 0],
				"cubes": [
					{"origin": [-17, 15.9794, -2.5], "size": [0, 10, 5], "uv": [34, 83]}
				]
			},
			{
				"name": "backpackPositioningBone",
				"pivot": [0, 20, 0]
			}
		]
	}
}