{
	"format_version": "1.10.0",
	"geometry.model": {
		"texturewidth": 128,
		"textureheight": 128,
		"visible_bounds_width": 3,
		"visible_bounds_height": 4,
		"visible_bounds_offset": [0, 1, 0],
		"bones": [
			{
				"name": "head",
				"pivot": [0, 22.08452, 0],
				"mirror": true,
				"cubes": [
					{"origin": [-4, 22.08452, -4], "size": [8, 8, 8], "uv": [0, 0]},
					{"origin": [-4, 18.08452, -4], "size": [8, 12, 8], "uv": [32, 0], "inflate": 0.3},
					{"origin": [-2, 25.28452, 4], "size": [4, 4, 2], "uv": [72, 0]},
					{"origin": [-5, 26.08452, 0.2], "size": [1, 3, 3], "uv": [56, 0]},
					{"origin": [4, 26.08452, 0.2], "size": [1, 3, 3], "uv": [64, 0]}
				]
			},
			{
				"name": "95e5489d_101a_4443_9105_bf2d43b5b255",
				"parent": "head",
				"pivot": [0, 27.28452, 5],
				"rotation": [-2.86479, 0, 0],
				"cubes": [
					{"origin": [-1.5, 19.78452, 4], "size": [3, 9, 3], "uv": [76, 6]}
				]
			},
			{
				"name": "57354cd7_0aa8_409e_b334_1b61ff901b94",
				"parent": "head",
				"pivot": [-4.5, 27.58452, 1.7],
				"rotation": [0, 0, -2.86479],
				"cubes": [
					{"origin": [-5.5, 19.88452, 0.9], "size": [1, 9, 2], "uv": [64, 6]}
				]
			},
			{
				"name": "24516d94_76cc_4a7c_8259_e2980ce8d1e7",
				"parent": "head",
				"pivot": [4.5, 27.58452, 1.7],
				"rotation": [0, 0, 2.86479],
				"mirror": true,
				"cubes": [
					{"origin": [4.5, 19.88452, 0.9], "size": [1, 9, 2], "uv": [70, 6]}
				]
			},
			{
				"name": "7d846444_9dda_4848_9116_3ba45f96d97e",
				"parent": "head",
				"pivot": [0, 28.08452, 0],
				"rotation": [-7.5, 0, 0],
				"cubes": [
					{"origin": [-5, 25.83452, -4.35], "size": [10, 5, 9], "uv": [47, 114]}
				]
			},
			{
				"name": "4ee55ca8_2c3c_40a0_b851_9610dba467c8",
				"parent": "7d846444_9dda_4848_9116_3ba45f96d97e",
				"pivot": [0, 30.83452, 2.25],
				"rotation": [-2.5, 0, 0],
				"cubes": [
					{"origin": [-1.5, 30.83452, 0.75], "size": [3, 3, 3], "uv": [35, 122]}
				]
			},
			{
				"name": "2b6957b7_b805_491b_a705_b0d16a46ed2b",
				"parent": "4ee55ca8_2c3c_40a0_b851_9610dba467c8",
				"pivot": [0, 33.83452, 2.25],
				"rotation": [4.95898, 4.39608, 0],
				"cubes": [
					{"origin": [-3.5, 33.58452, -0.25], "size": [7, 5, 7], "uv": [27, 107]}
				]
			},
			{
				"name": "515b5559_995a_48a2_baf4_92833bcc329e",
				"parent": "2b6957b7_b805_491b_a705_b0d16a46ed2b",
				"pivot": [0, 36.08452, 5.75],
				"rotation": [-2, 4.70381, 0],
				"cubes": [
					{"origin": [-2, 34.08452, 5.75], "size": [4, 3, 3], "uv": [109, 122]}
				]
			},
			{
				"name": "196dbac9_ca8b_42cd_8244_088d18338a81",
				"parent": "7d846444_9dda_4848_9116_3ba45f96d97e",
				"pivot": [0, 28.08452, 0],
				"cubes": [
					{"origin": [-1, 24.33452, -4.75], "size": [2, 7, 10], "uv": [85, 111]}
				]
			},
			{
				"name": "f4969b8d_4c98_461c_aeb5_fb77154e91ca",
				"parent": "head",
				"pivot": [0, 21.83452, 0.75],
				"rotation": [2.5, 0, 0],
				"cubes": [
					{"origin": [-4.5, 20.83452, -3.75], "size": [9, 9, 8], "uv": [0, 111]}
				]
			},
			{
				"name": "_bink",
				"parent": "head",
				"pivot": [0, 22.08452, 0],
				"cubes": [
					{"origin": [-4, 22.08452, -4], "size": [8, 8, 0], "uv": [40, 0], "inflate": 0.001}
				]
			},
			{
				"name": "armLeft",
				"pivot": [2.5, 20.08452, 0],
				"rotation": [0.05245, 0, -36.03732],
				"mirror": true,
				"cubes": [
					{"origin": [2.5, 15.08452, -1], "size": [2, 6, 3], "uv": [10, 16]}
				]
			},
			{
				"name": "869e48cc_4241_4a9b_b558_8923aa7b033f",
				"parent": "armLeft",
				"pivot": [3, 16.08452, 0],
				"rotation": [-45.48955, -12.60507, 13.17803],
				"mirror": true,
				"cubes": [
					{"origin": [2, 10.08452, -1], "size": [2, 6, 3], "uv": [10, 25]}
				]
			},
			{
				"name": "4c9fab76_6fb6_4ed4_87ac_916a8bc867cf",
				"parent": "869e48cc_4241_4a9b_b558_8923aa7b033f",
				"pivot": [3, 16.08452, 0],
				"rotation": [0, -0.57677, 0],
				"mirror": true,
				"cubes": [
					{"origin": [1.5, 10.08452, -1.1], "size": [3, 7, 15], "uv": [48, 46]}
				]
			},
			{
				"name": "1532199c_a56b_4a47_8a0a_28ebfdfe1e5f",
				"parent": "4c9fab76_6fb6_4ed4_87ac_916a8bc867cf",
				"pivot": [3, 16.08452, 0],
				"rotation": [36.52, 0, 0],
				"mirror": true,
				"cubes": [
					{"origin": [1.5, 8.08452, -2.5], "size": [3, 8, 4], "uv": [48, 48]}
				]
			},
			{
				"name": "5a7ac96d_e012_43ad_b9dd_23bae7eaaa41",
				"parent": "869e48cc_4241_4a9b_b558_8923aa7b033f",
				"pivot": [3, 10.08452, 0],
				"rotation": [0, -90, 180.00001],
				"cubes": [
					{"origin": [2.5, 9.58452, -0.5], "size": [1, 1, 1], "uv": [21, 16]}
				]
			},
			{
				"name": "564e64ae_623a_40bb_818b_062c14057694",
				"parent": "5a7ac96d_e012_43ad_b9dd_23bae7eaaa41",
				"pivot": [3, 10.08452, 0],
				"rotation": [-32.81127, 0, 0],
				"mirror": true,
				"cubes": [
					{"origin": [1.5, 10.08452, -0.5], "size": [3, 2, 1], "uv": [19, 25]}
				]
			},
			{
				"name": "f6720689_25a7_40df_b53a_1d4878520330",
				"parent": "564e64ae_623a_40bb_818b_062c14057694",
				"pivot": [2.6, 12.08452, 0],
				"rotation": [30.72958, 0, -1],
				"cubes": [
					{"origin": [2.1, 12.08452, -0.5], "size": [1, 1, 1], "uv": [8, 16]}
				]
			},
			{
				"name": "cae83845_7398_4166_9247_9aa5dc2661f4",
				"parent": "f6720689_25a7_40df_b53a_1d4878520330",
				"pivot": [2.6, 13.08452, 0],
				"rotation": [25.72958, 0, 0],
				"cubes": [
					{"origin": [2.1, 13.08452, -0.5], "size": [1, 1, 1], "uv": [8, 16]}
				]
			},
			{
				"name": "d9512d52_c79d_480c_b2e7_b8e725443666",
				"parent": "cae83845_7398_4166_9247_9aa5dc2661f4",
				"pivot": [2.6, 13.58452, 0],
				"rotation": [19.45916, 0, 0],
				"cubes": [
					{"origin": [2.6, 13.58452, -0.5], "size": [0, 4, 1], "uv": [11, 35]}
				]
			},
			{
				"name": "3113d410_c093_4a10_afc7_12239dc81f43",
				"parent": "564e64ae_623a_40bb_818b_062c14057694",
				"pivot": [4.25, 11.58452, 0],
				"rotation": [42.86479, 0, 2.5],
				"cubes": [
					{"origin": [3.75, 11.58452, -0.5], "size": [1, 1, 1], "uv": [8, 16]}
				]
			},
			{
				"name": "150bc9fd_8bf7_477d_a7a2_dbae0e3db991",
				"parent": "3113d410_c093_4a10_afc7_12239dc81f43",
				"pivot": [4.25, 12.58452, 0],
				"rotation": [15.72958, 0, 0],
				"cubes": [
					{"origin": [3.75, 12.58452, -0.5], "size": [1, 1, 1], "uv": [17, 16]}
				]
			},
			{
				"name": "44c45a23_9a47_4165_abcf_5b54457a9ff7",
				"parent": "150bc9fd_8bf7_477d_a7a2_dbae0e3db991",
				"pivot": [4.25, 13.08452, 0],
				"rotation": [26.45916, 0, 0],
				"cubes": [
					{"origin": [4.25, 13.08452, -0.5], "size": [0, 4, 1], "uv": [11, 35]}
				]
			},
			{
				"name": "63ba678f_a978_4227_8d78_95b531e02e1f",
				"parent": "564e64ae_623a_40bb_818b_062c14057694",
				"pivot": [1.75, 11.78452, 0],
				"rotation": [25.72958, 0, -5],
				"cubes": [
					{"origin": [1.25, 11.78452, -0.5], "size": [1, 1, 1], "uv": [8, 16]}
				]
			},
			{
				"name": "dfedc5d1_5a76_4611_a89b_e3c82dd50a19",
				"parent": "63ba678f_a978_4227_8d78_95b531e02e1f",
				"pivot": [1.75, 12.78452, 0],
				"rotation": [25.72958, 0, 0],
				"cubes": [
					{"origin": [1.25, 12.78452, -0.5], "size": [1, 1, 1], "uv": [17, 16]}
				]
			},
			{
				"name": "bd111982_68e7_4030_9432_45ff73910d9d",
				"parent": "dfedc5d1_5a76_4611_a89b_e3c82dd50a19",
				"pivot": [1.75, 13.28452, 0],
				"rotation": [16.45916, 0, 0],
				"cubes": [
					{"origin": [1.75, 13.28452, -0.5], "size": [0, 4, 1], "uv": [11, 35]}
				]
			},
			{
				"name": "dd907794_8143_42e5_9806_b0b06934574f",
				"parent": "564e64ae_623a_40bb_818b_062c14057694",
				"pivot": [3.4, 11.88452, 0],
				"rotation": [32.86479, 0, 0],
				"cubes": [
					{"origin": [2.9, 11.88452, -0.5], "size": [1, 1, 1], "uv": [8, 16]}
				]
			},
			{
				"name": "14a41c6e_6cd1_48b0_9c69_a7fd9e0bc55a",
				"parent": "dd907794_8143_42e5_9806_b0b06934574f",
				"pivot": [3.4, 12.88452, 0],
				"rotation": [25.72958, 0, 0],
				"cubes": [
					{"origin": [2.9, 12.88452, -0.5], "size": [1, 1, 1], "uv": [17, 16]}
				]
			},
			{
				"name": "ac2bb927_ad8b_4f55_9102_278c10064b11",
				"parent": "14a41c6e_6cd1_48b0_9c69_a7fd9e0bc55a",
				"pivot": [3.4, 13.38452, 0],
				"rotation": [21.45916, 0, 0],
				"cubes": [
					{"origin": [3.4, 13.38452, -0.5], "size": [0, 4, 1], "uv": [11, 35]}
				]
			},
			{
				"name": "11120296_62b6_4892_b7a3_21a0441cab0b",
				"parent": "5a7ac96d_e012_43ad_b9dd_23bae7eaaa41",
				"pivot": [1.75, 10.58452, 0],
				"rotation": [-80.21409, -175.94368, 16.67325],
				"cubes": [
					{"origin": [1.25, 10.08452, -0.5], "size": [1, 1, 1], "uv": [8, 16]}
				]
			},
			{
				"name": "b9cb0def_ad4e_4563_800b_fa75dc21387b",
				"parent": "11120296_62b6_4892_b7a3_21a0441cab0b",
				"pivot": [1.75, 11.08452, 0],
				"rotation": [27.18873, 0, 0],
				"cubes": [
					{"origin": [1.25, 11.08452, -0.5], "size": [1, 1, 1], "uv": [17, 16]}
				]
			},
			{
				"name": "9cd91dea_c96f_4cdb_b77b_7cfa101a787f",
				"parent": "b9cb0def_ad4e_4563_800b_fa75dc21387b",
				"pivot": [1.75, 12.08452, 0],
				"rotation": [35.72958, 0, 0],
				"mirror": true,
				"cubes": [
					{"origin": [1.75, 12.08452, -0.5], "size": [0, 3, 1], "uv": [25, 15]}
				]
			},
			{
				"name": "89a75e7b_9d2a_4e2c_a6ae_335243b5adbb",
				"parent": "armLeft",
				"pivot": [0.6, 18.58452, 0],
				"rotation": [0, -2.8686, 0],
				"cubes": [
					{"origin": [1.7, 15.58452, -1.5], "size": [3, 3, 7], "uv": [40, 27]}
				]
			},
			{
				"name": "armLeftPositioningBone",
				"parent": "armLeft",
				"pivot": [3, 9.58452, -5.5]
			},
			{
				"name": "armRight",
				"pivot": [-2.5, 20.08452, 0],
				"rotation": [0.39602, 0, 36.03732],
				"cubes": [
					{"origin": [-4.5, 15.08452, -1], "size": [2, 6, 3], "uv": [0, 16]}
				]
			},
			{
				"name": "8d8867cf_17a4_48a2_be6c_b24d5def66f0",
				"parent": "armRight",
				"pivot": [-3, 16.08452, 0],
				"rotation": [-45.48955, 12.60507, -13.17803],
				"cubes": [
					{"origin": [-4, 10.08452, -1], "size": [2, 6, 3], "uv": [0, 25]}
				]
			},
			{
				"name": "0322a358_f98c_4274_8734_5e0ad42e79bc",
				"parent": "8d8867cf_17a4_48a2_be6c_b24d5def66f0",
				"pivot": [-3, 16.08452, 0],
				"rotation": [0, 0.57677, 0],
				"cubes": [
					{"origin": [-4.5, 10.08452, -1.1], "size": [3, 7, 15], "uv": [12, 46]}
				]
			},
			{
				"name": "011e96b8_c35f_44a4_b153_0a86374489f8",
				"parent": "0322a358_f98c_4274_8734_5e0ad42e79bc",
				"pivot": [-3, 16.08452, 0],
				"rotation": [36.52, 0, 0],
				"cubes": [
					{"origin": [-4.5, 8.08452, -2.5], "size": [3, 8, 4], "uv": [34, 48]}
				]
			},
			{
				"name": "881a03ab_2b7a_4844_960f_8fef882a1996",
				"parent": "8d8867cf_17a4_48a2_be6c_b24d5def66f0",
				"pivot": [-3, 10.08452, 0],
				"rotation": [0, 90, 180.00001],
				"cubes": [
					{"origin": [-3.5, 9.58452, -0.5], "size": [1, 1, 1], "uv": [21, 16]}
				]
			},
			{
				"name": "4bf4cddb_9ad8_438a_9094_bf19ae271c6e",
				"parent": "881a03ab_2b7a_4844_960f_8fef882a1996",
				"pivot": [-1.75, 10.58452, 0],
				"rotation": [-80.21409, 175.94368, -16.67325],
				"cubes": [
					{"origin": [-2.25, 10.08452, -0.5], "size": [1, 1, 1], "uv": [8, 16]}
				]
			},
			{
				"name": "d6d5e962_4d9c_4d11_8b7c_a92a90a606b0",
				"parent": "4bf4cddb_9ad8_438a_9094_bf19ae271c6e",
				"pivot": [-1.75, 11.08452, 0],
				"rotation": [27.18873, 0, 0],
				"cubes": [
					{"origin": [-2.25, 11.08452, -0.5], "size": [1, 1, 1], "uv": [17, 16]}
				]
			},
			{
				"name": "0bcd886a_a0f3_4724_919e_edcfa4d74dec",
				"parent": "d6d5e962_4d9c_4d11_8b7c_a92a90a606b0",
				"pivot": [-1.75, 12.08452, 0],
				"rotation": [35.72958, 0, 0],
				"cubes": [
					{"origin": [-1.75, 12.08452, -0.5], "size": [0, 3, 1], "uv": [25, 15]}
				]
			},
			{
				"name": "e0b05117_4524_4cc8_bc74_93c25f7f2529",
				"parent": "881a03ab_2b7a_4844_960f_8fef882a1996",
				"pivot": [-3, 10.08452, 0],
				"rotation": [-32.81127, 0, 0],
				"cubes": [
					{"origin": [-4.5, 10.08452, -0.5], "size": [3, 2, 1], "uv": [19, 25]}
				]
			},
			{
				"name": "a85dce8e_e1e0_4c48_9dec_8848695277c8",
				"parent": "e0b05117_4524_4cc8_bc74_93c25f7f2529",
				"pivot": [-3.4, 11.88452, 0],
				"rotation": [32.86479, 0, 0],
				"cubes": [
					{"origin": [-3.9, 11.88452, -0.5], "size": [1, 1, 1], "uv": [8, 16]}
				]
			},
			{
				"name": "2787338f_a2f3_490d_a83e_25e30a3026bc",
				"parent": "a85dce8e_e1e0_4c48_9dec_8848695277c8",
				"pivot": [-3.4, 12.88452, 0],
				"rotation": [25.72958, 0, 0],
				"cubes": [
					{"origin": [-3.9, 12.88452, -0.5], "size": [1, 1, 1], "uv": [17, 16]}
				]
			},
			{
				"name": "86351d0d_83cd_4c5d_a494_3b03404c8ee6",
				"parent": "2787338f_a2f3_490d_a83e_25e30a3026bc",
				"pivot": [-3.4, 13.38452, 0],
				"rotation": [21.45916, 0, 0],
				"mirror": true,
				"cubes": [
					{"origin": [-3.4, 13.38452, -0.5], "size": [0, 4, 1], "uv": [11, 35]}
				]
			},
			{
				"name": "0b2b0a38_5b3d_4c7d_85c1_ae5c50f71f54",
				"parent": "e0b05117_4524_4cc8_bc74_93c25f7f2529",
				"pivot": [-2.6, 12.08452, 0],
				"rotation": [30.72958, 0, 1],
				"cubes": [
					{"origin": [-3.1, 12.08452, -0.5], "size": [1, 1, 1], "uv": [8, 16]}
				]
			},
			{
				"name": "26ddda73_1fb1_48d6_a482_b7961f47478b",
				"parent": "0b2b0a38_5b3d_4c7d_85c1_ae5c50f71f54",
				"pivot": [-2.6, 13.08452, 0],
				"rotation": [25.72958, 0, 0],
				"cubes": [
					{"origin": [-3.1, 13.08452, -0.5], "size": [1, 1, 1], "uv": [17, 16]}
				]
			},
			{
				"name": "43861157_fba8_4901_a93f_831902cefb63",
				"parent": "26ddda73_1fb1_48d6_a482_b7961f47478b",
				"pivot": [-2.6, 13.58452, 0],
				"rotation": [19.45916, 0, 0],
				"mirror": true,
				"cubes": [
					{"origin": [-2.6, 13.58452, -0.5], "size": [0, 4, 1], "uv": [11, 35]}
				]
			},
			{
				"name": "41b51ef3_b8f8_40bf_9fdd_2bea3520484d",
				"parent": "e0b05117_4524_4cc8_bc74_93c25f7f2529",
				"pivot": [-4.25, 11.58452, 0],
				"rotation": [42.86479, 0, -2.5],
				"cubes": [
					{"origin": [-4.75, 11.58452, -0.5], "size": [1, 1, 1], "uv": [8, 16]}
				]
			},
			{
				"name": "4ccd54ef_6b22_4609_a9df_0a838ac8b9a5",
				"parent": "41b51ef3_b8f8_40bf_9fdd_2bea3520484d",
				"pivot": [-4.25, 12.58452, 0],
				"rotation": [15.72958, 0, 0],
				"cubes": [
					{"origin": [-4.75, 12.58452, -0.5], "size": [1, 1, 1], "uv": [17, 16]}
				]
			},
			{
				"name": "98e55164_5f26_434e_b362_5e08023a7dad",
				"parent": "4ccd54ef_6b22_4609_a9df_0a838ac8b9a5",
				"pivot": [-4.25, 13.08452, 0],
				"rotation": [26.45916, 0, 0],
				"mirror": true,
				"cubes": [
					{"origin": [-4.25, 13.08452, -0.5], "size": [0, 4, 1], "uv": [11, 35]}
				]
			},
			{
				"name": "e1024977_5792_4297_b86d_7138537964ac",
				"parent": "e0b05117_4524_4cc8_bc74_93c25f7f2529",
				"pivot": [-1.75, 11.78452, 0],
				"rotation": [25.72958, 0, 5],
				"cubes": [
					{"origin": [-2.25, 11.78452, -0.5], "size": [1, 1, 1], "uv": [8, 16]}
				]
			},
			{
				"name": "a0621a40_3084_445e_8e9e_6e8ee36aa88a",
				"parent": "e1024977_5792_4297_b86d_7138537964ac",
				"pivot": [-1.75, 12.78452, 0],
				"rotation": [25.72958, 0, 0],
				"cubes": [
					{"origin": [-2.25, 12.78452, -0.5], "size": [1, 1, 1], "uv": [17, 16]}
				]
			},
			{
				"name": "50535592_ef77_4816_aa11_af63b1570e50",
				"parent": "a0621a40_3084_445e_8e9e_6e8ee36aa88a",
				"pivot": [-1.75, 13.28452, 0],
				"rotation": [16.45916, 0, 0],
				"mirror": true,
				"cubes": [
					{"origin": [-1.75, 13.28452, -0.5], "size": [0, 4, 1], "uv": [11, 35]}
				]
			},
			{
				"name": "608e444e_2c04_4cb7_beb5_3fee25a2b34a",
				"parent": "armRight",
				"pivot": [-0.6, 18.58452, 0],
				"rotation": [0, 2.8686, 0],
				"cubes": [
					{"origin": [-4.8, 15.58452, -1.5], "size": [3, 3, 7], "uv": [20, 27]}
				]
			},
			{
				"name": "armRightPositioningBone",
				"parent": "armRight",
				"pivot": [-3, 9.58452, -5.25]
			},
			{
				"name": "body",
				"pivot": [0, 14.08452, 0],
				"cubes": [
					{"origin": [-3, 21.58452, -2.1], "size": [0, 0, 0], "uv": [20, 26]},
					{"origin": [-1, 22.88452, -1], "size": [0, 0, 0], "uv": [24, 16]}
				]
			},
			{
				"name": "8297c803_77b9_4e3c_b366_28987f6fcd0d",
				"parent": "body",
				"pivot": [1.42, 20.08452, -0.5],
				"rotation": [-39.61337, -5, 0],
				"cubes": [
					{"origin": [-0.08, 16.08452, -1.75], "size": [3, 4, 3], "uv": [15, 46], "inflate": 0.1}
				]
			},
			{
				"name": "552907a0_691c_49da_baaf_1cccac79837f",
				"parent": "body",
				"pivot": [-1.42, 20.08452, -0.5],
				"rotation": [-39.61337, 5, 0],
				"mirror": true,
				"cubes": [
					{"origin": [-2.92, 16.08452, -1.75], "size": [3, 4, 3], "uv": [15, 53], "inflate": 0.1}
				]
			},
			{
				"name": "d961fc5b_ac6c_40f1_a433_eae2c2f5dfc7",
				"parent": "body",
				"pivot": [0, 14.08452, 0],
				"cubes": [
					{"origin": [-4, 14.08452, -2.4], "size": [0, 0, 0], "uv": [0, 0]}
				]
			},
			{
				"name": "c2cca3ca_1a0c_4028_bb7f_9f0a068fd4fc",
				"parent": "d961fc5b_ac6c_40f1_a433_eae2c2f5dfc7",
				"pivot": [0, 16.08452, 0.5],
				"rotation": [10, 10, -45],
				"cubes": [
					{"origin": [-4, 12.08452, -1.5], "size": [5, 5, 3], "uv": [24, 0]}
				]
			},
			{
				"name": "5372d129_ad81_4409_8075_2c1ef25b1455",
				"parent": "c2cca3ca_1a0c_4028_bb7f_9f0a068fd4fc",
				"pivot": [-3.3, 13.58452, 0],
				"rotation": [-10, 0, 45],
				"cubes": [
					{"origin": [-6.3, 12.58452, 0], "size": [7, 3, 2], "uv": [69, 46]}
				]
			},
			{
				"name": "d36af321_e92d_4f80_965c_ea3f9318f116",
				"parent": "c2cca3ca_1a0c_4028_bb7f_9f0a068fd4fc",
				"pivot": [1.5, 17.58452, 0.5],
				"rotation": [-15, 0, 45],
				"cubes": [
					{"origin": [-2, 15.33452, 0.35], "size": [7, 3, 2], "uv": [20, 20]}
				]
			},
			{
				"name": "527c75b4_0d4f_4bc4_9b30_f66a873f3587",
				"parent": "body",
				"pivot": [0, 17.58452, -1.9],
				"rotation": [-6.54084, 6.54084, 45],
				"cubes": [
					{"origin": [-4.5, 18.08452, -1.9], "size": [4, 4, 3], "uv": [43, 20]}
				]
			},
			{
				"name": "65b673f3_f408_4c1b_bbe7_d48b13c02503",
				"parent": "527c75b4_0d4f_4bc4_9b30_f66a873f3587",
				"pivot": [-2.7, 20.28452, -0.4],
				"rotation": [7.5, 0, -40],
				"cubes": [
					{"origin": [-2.7, 14.28452, -1.9], "size": [3, 6, 3], "uv": [26, 37]}
				]
			},
			{
				"name": "bd998a84_fc46_4a84_af30_4897ebae5272",
				"parent": "527c75b4_0d4f_4bc4_9b30_f66a873f3587",
				"pivot": [-2.7, 20.28452, -0.4],
				"rotation": [7.5, 0, -50],
				"cubes": [
					{"origin": [-5.7, 14.28452, -1.9], "size": [3, 6, 3], "uv": [14, 37]}
				]
			},
			{
				"name": "0f40dcf2_6358_4b2d_b7d2_edf669c62a42",
				"parent": "527c75b4_0d4f_4bc4_9b30_f66a873f3587",
				"pivot": [0, 17.58452, -1.9],
				"rotation": [0, -9, 45],
				"cubes": [
					{"origin": [-2.9, 15.08452, -1.79], "size": [5, 5, 2], "uv": [70, 52]}
				]
			},
			{
				"name": "bc37dcfa_9425_412f_8248_88f74ca43bd7",
				"parent": "527c75b4_0d4f_4bc4_9b30_f66a873f3587",
				"pivot": [0, 17.58452, -4.35599],
				"rotation": [0, 0, -45],
				"cubes": [
					{"origin": [-2.5, 16.08452, -4.35599], "size": [5, 3, 0], "uv": [55, 20]}
				]
			},
			{
				"name": "1992cbd4_45ee_455b_a7a4_25dbc34b793a",
				"parent": "body",
				"pivot": [2.25, 11.08452, 2],
				"rotation": [-57.29578, 0, 0],
				"cubes": [
					{"origin": [2.25, 11.08452, 2], "size": [0, 0, 0], "uv": [0, 0]}
				]
			},
			{
				"name": "86396d1a_eee1_46ac_88b8_57885a4183f5",
				"parent": "1992cbd4_45ee_455b_a7a4_25dbc34b793a",
				"pivot": [0, 8.83452, -1.25],
				"rotation": [0, 0, 44.38269],
				"cubes": [
					{"origin": [-4, 4.83452, -1.25], "size": [8, 8, 1], "uv": [39, 38]}
				]
			},
			{
				"name": "f7cac123_a68b_4a55_b653_9b284ab3b367",
				"parent": "body",
				"pivot": [-0.25, 12.08452, 0],
				"rotation": [19.91985, 2.86479, -2.86479],
				"cubes": [
					{"origin": [-3.25, 7.08452, -1], "size": [3, 6, 4], "uv": [0, 36]}
				]
			},
			{
				"name": "87f4fe29_6af9_4818_b6b3_2e110dbce7f8",
				"parent": "f7cac123_a68b_4a55_b653_9b284ab3b367",
				"pivot": [-1.75, 7.08452, 0.5],
				"rotation": [65.02861, -5.72958, 1.14592],
				"cubes": [
					{"origin": [-3.25, 0.08452, -1], "size": [3, 8, 4], "uv": [0, 47]}
				]
			},
			{
				"name": "771d5ef0_666d_444f_bdb1_8ed1173c3c22",
				"parent": "87f4fe29_6af9_4818_b6b3_2e110dbce7f8",
				"pivot": [-1.75, 6.58452, 1.25],
				"rotation": [32, -1.04575, 0],
				"cubes": [
					{"origin": [-5, -2.41548, -1.25], "size": [5, 9, 5], "uv": [108, 14]}
				]
			},
			{
				"name": "853a6c6d_cdca_405d_8491_a33d0aa48081",
				"parent": "87f4fe29_6af9_4818_b6b3_2e110dbce7f8",
				"pivot": [-1.75, 7.58452, 1.25],
				"rotation": [0, -1.17623, 0],
				"cubes": [
					{"origin": [-5, -1.41548, -1.25], "size": [5, 9, 5], "uv": [108, 28]}
				]
			},
			{
				"name": "2a60f8a1_6f30_4922_a1f8_35cac18e4b85",
				"parent": "f7cac123_a68b_4a55_b653_9b284ab3b367",
				"pivot": [-1.95, 13.08452, 0.5],
				"rotation": [0, 0, -6.7],
				"cubes": [
					{"origin": [-3.95, 7.08452, -1], "size": [2, 6, 3], "uv": [56, 23]}
				]
			},
			{
				"name": "287aa6a9_1b6a_44c6_953e_0275bb475370",
				"parent": "f7cac123_a68b_4a55_b653_9b284ab3b367",
				"pivot": [-0.25, 13.58452, 0.75],
				"mirror": true,
				"cubes": [
					{"origin": [-3.5, 4.58452, -1.75], "size": [5, 9, 5], "uv": [108, 0]}
				]
			},
			{
				"name": "408f7bbd_cf47_4b36_b885_e3f5e2672751",
				"parent": "f7cac123_a68b_4a55_b653_9b284ab3b367",
				"pivot": [-0.25, 13.08452, 0.75],
				"rotation": [0, 0, 32],
				"cubes": [
					{"origin": [-3.5, 4.08452, -1.75], "size": [5, 9, 5], "uv": [66, 18]}
				]
			},
			{
				"name": "7c505838_ddc6_4a34_84d7_4050f685031c",
				"parent": "body",
				"pivot": [0.25, 12.08452, 0],
				"rotation": [-18.02691, -2.86479, 2.86479],
				"mirror": true,
				"cubes": [
					{"origin": [0.25, 7.08452, -1], "size": [3, 6, 4], "uv": [0, 36]}
				]
			},
			{
				"name": "b1513c2b_7039_49da_964a_e23184e1063c",
				"parent": "7c505838_ddc6_4a34_84d7_4050f685031c",
				"pivot": [1.75, 7.08452, 0.5],
				"rotation": [98.31212, 5.72958, -1.14592],
				"mirror": true,
				"cubes": [
					{"origin": [0.25, 0.08452, -1], "size": [3, 8, 4], "uv": [0, 47]}
				]
			},
			{
				"name": "56b79bbe_e2ca_45a6_a76c_4737baac6f8f",
				"parent": "b1513c2b_7039_49da_964a_e23184e1063c",
				"pivot": [1.75, 6.58452, 1.25],
				"rotation": [32, -1.04575, 0],
				"cubes": [
					{"origin": [0, -2.41548, -1.25], "size": [5, 9, 5], "uv": [88, 14]}
				]
			},
			{
				"name": "4ddf4d74_7e42_417c_8901_e56ab6b4e0fd",
				"parent": "b1513c2b_7039_49da_964a_e23184e1063c",
				"pivot": [1.75, 7.58452, 1.25],
				"rotation": [0, -1.17623, 0],
				"cubes": [
					{"origin": [0, -1.41548, -1.25], "size": [5, 9, 5], "uv": [88, 28]}
				]
			},
			{
				"name": "6cc9b3ca_35c5_42cf_bc6f_277f6060d3d8",
				"parent": "7c505838_ddc6_4a34_84d7_4050f685031c",
				"pivot": [1.95, 13.08452, 0.5],
				"rotation": [0, 0, 6.7],
				"cubes": [
					{"origin": [1.95, 7.08452, -1], "size": [2, 6, 3], "uv": [56, 23]}
				]
			},
			{
				"name": "1df3a298_d215_4e31_9815_732415e1f7cf",
				"parent": "7c505838_ddc6_4a34_84d7_4050f685031c",
				"pivot": [0.25, 13.58452, 0.75],
				"cubes": [
					{"origin": [-1.5, 4.58452, -1.75], "size": [5, 9, 5], "uv": [88, 0]}
				]
			},
			{
				"name": "0b2751c4_a213_4185_9e00_531ef9761488",
				"parent": "7c505838_ddc6_4a34_84d7_4050f685031c",
				"pivot": [0.25, 13.08452, 0.75],
				"rotation": [0, 0, -32],
				"cubes": [
					{"origin": [-1.5, 4.08452, -1.75], "size": [5, 9, 5], "uv": [66, 32]}
				]
			},
			{
				"name": "96326a69_f83a_434d_a3be_1ec6fbe3a7c3",
				"parent": "0b2751c4_a213_4185_9e00_531ef9761488",
				"pivot": [3.75, 11.58452, 0.75],
				"rotation": [-1.36194, 0, 0],
				"cubes": [
					{"origin": [3.75, 9.08452, -6.25], "size": [0, 5, 20], "uv": [49, 88]}
				]
			},
			{
				"name": "151759ac_00af_46af_802d_9a7856702aee",
				"parent": "body",
				"pivot": [0, 15.08452, 0],
				"rotation": [-24.17082, 0, 0],
				"cubes": [
					{"origin": [-4, 15.08452, -2], "size": [0, 0, 0], "uv": [0, 0]}
				]
			},
			{
				"name": "backpackPositioningBone",
				"pivot": [0, 20, 0]
			}
		]
	}
}