{
	"format_version": "1.10.0",
	"geometry.model": {
		"texturewidth": 128,
		"textureheight": 128,
		"visible_bounds_width": 3,
		"visible_bounds_height": 4,
		"visible_bounds_offset": [0, 1, 0],
		"bones": [
			{
				"name": "head",
				"pivot": [0, 22.08452, 0],
				"mirror": true,
				"cubes": [
					{"origin": [-4, 22.08452, -4], "size": [8, 8, 8], "uv": [0, 0]},
					{"origin": [-4, 18.08452, -4], "size": [8, 12, 8], "uv": [32, 0], "inflate": 0.3},
					{"origin": [-2, 25.28452, 4], "size": [4, 4, 2], "uv": [72, 0]},
					{"origin": [-5, 26.08452, 0.2], "size": [1, 3, 3], "uv": [56, 0]},
					{"origin": [4, 26.08452, 0.2], "size": [1, 3, 3], "uv": [64, 0]}
				]
			},
			{
				"name": "c455a6af_ce22_43ea_a05c_28548100a191",
				"parent": "head",
				"pivot": [0, 27.28452, 5],
				"rotation": [-2.86479, 0, 0],
				"cubes": [
					{"origin": [-1.5, 19.78452, 4], "size": [3, 9, 3], "uv": [76, 6]}
				]
			},
			{
				"name": "15597b42_c9eb_4bab_982b_412ae4b18400",
				"parent": "head",
				"pivot": [-4.5, 27.58452, 1.7],
				"rotation": [0, 0, -2.86479],
				"cubes": [
					{"origin": [-5.5, 19.88452, 0.9], "size": [1, 9, 2], "uv": [64, 6]}
				]
			},
			{
				"name": "b34ceab2_69d2_42d4_b6a6_8808f16c295a",
				"parent": "head",
				"pivot": [4.5, 27.58452, 1.7],
				"rotation": [0, 0, 2.86479],
				"mirror": true,
				"cubes": [
					{"origin": [4.5, 19.88452, 0.9], "size": [1, 9, 2], "uv": [70, 6]}
				]
			},
			{
				"name": "f897273d_7f1d_4fe2_9d07_946616861aff",
				"parent": "head",
				"pivot": [-2.5, 27.58452, 3.5],
				"rotation": [0, 1.13829, 20],
				"cubes": [
					{"origin": [-2.5, 24.58452, 3.5], "size": [0, 6, 6], "uv": [39, 63]}
				]
			},
			{
				"name": "36c7f145_a771_46d0_9732_dd76d081fc99",
				"parent": "head",
				"pivot": [2.5, 27.58452, 3.5],
				"rotation": [0, 1.08208, -20],
				"cubes": [
					{"origin": [2.5, 24.58452, 3.5], "size": [0, 6, 6], "uv": [52, 63]}
				]
			},
			{
				"name": "8858c928_7de5_46af_9884_95d16e01a938",
				"parent": "head",
				"pivot": [4, 26.08452, -4],
				"rotation": [-0.75746, 0, -9.74409],
				"cubes": [
					{"origin": [4, 20.08452, -4], "size": [0, 6, 10], "uv": [107, 51]}
				]
			},
			{
				"name": "8bdc317e_dcae_4e76_afed_9b79daac882d",
				"parent": "head",
				"pivot": [-4, 30.08452, -4],
				"rotation": [-0.51373, 0, 17.64875],
				"cubes": [
					{"origin": [-4, 24.08452, -4], "size": [0, 6, 10], "uv": [85, 58]}
				]
			},
			{
				"name": "a5c95a05_653a_4e98_8e42_590d739ae03d",
				"parent": "head",
				"pivot": [0, 30.08452, 0],
				"rotation": [12.17647, 0, 0],
				"cubes": [
					{"origin": [-4.5, 30.08452, 0], "size": [9, 0, 8], "uv": [100, 43]}
				]
			},
			{
				"name": "8d3fcef7_d5b3_48f6_a63c_6d8f6cf75909",
				"parent": "head",
				"pivot": [0, 30.08452, -4],
				"rotation": [-5, -1, 8.11424],
				"cubes": [
					{"origin": [-2.5, 23.58452, -4.1], "size": [12, 8, 0], "uv": [84, 52]}
				]
			},
			{
				"name": "05ecfb0f_4df8_4385_afd0_d170431465e8",
				"parent": "head",
				"pivot": [0, 26.08452, 3.5],
				"rotation": [0, -2.07876, 0],
				"cubes": [
					{"origin": [0, 22.58452, 3.5], "size": [0, 7, 6], "uv": [0, 55]}
				]
			},
			{
				"name": "17a8839b_47d2_45d4_8b2a_e59d29001075",
				"parent": "head",
				"pivot": [0, 29.48452, 3.5],
				"rotation": [-8.11731, 0, 0],
				"cubes": [
					{"origin": [-3, 29.48452, 3.5], "size": [6, 0, 7], "uv": [19, 69]}
				]
			},
			{
				"name": "7c1e79b1_6262_46c4_91f7_74f83f223e60",
				"parent": "head",
				"pivot": [-2, 25.08452, 3.5],
				"rotation": [0, 1.02576, 10],
				"cubes": [
					{"origin": [-2, 21.08452, 3.5], "size": [0, 7, 6], "uv": [0, 63]}
				]
			},
			{
				"name": "5c745617_a895_4493_9e0f_846ba797f10a",
				"parent": "head",
				"pivot": [2, 25.08452, 3.5],
				"rotation": [0, 1.19439, -10],
				"cubes": [
					{"origin": [2, 21.08452, 3.5], "size": [0, 7, 6], "uv": [13, 63]}
				]
			},
			{
				"name": "48d24b5e_e02e_45f1_8bc8_1edd8feb4ccb",
				"parent": "head",
				"pivot": [-4, 26.08452, -4],
				"rotation": [-0.75746, 0, 9.74409],
				"cubes": [
					{"origin": [-4, 20.08452, -4], "size": [0, 6, 10], "uv": [107, 58]}
				]
			},
			{
				"name": "e4954777_7c2c_4acf_bef7_f9b903210067",
				"parent": "head",
				"pivot": [0, 30.08452, -4],
				"rotation": [-5, 1, 7.07106],
				"cubes": [
					{"origin": [-5.5, 23.58452, -4.1], "size": [8, 8, 0], "uv": [109, 52]}
				]
			},
			{
				"name": "36ee2f9f_1442_4dd2_94c6_cc86887bb5b5",
				"parent": "head",
				"pivot": [0, 30.08452, -4],
				"rotation": [26.2289, 0, 0],
				"cubes": [
					{"origin": [-4.5, 30.08452, -4], "size": [9, 0, 8], "uv": [82, 43]}
				]
			},
			{
				"name": "e71d3c12_abca_409f_8992_1e48d3db3568",
				"parent": "head",
				"pivot": [4, 30.08452, -4],
				"rotation": [-0.51373, 0, -17.64875],
				"cubes": [
					{"origin": [4, 24.08452, -4], "size": [0, 6, 10], "uv": [85, 51]}
				]
			},
			{
				"name": "_bink",
				"parent": "head",
				"pivot": [4, 22.08452, -4],
				"cubes": [
					{"origin": [-4, 22.08452, -4], "size": [8, 8, 0], "uv": [40, 0], "inflate": 0.001}
				]
			},
			{
				"name": "armLeft",
				"pivot": [2.5, 20.83452, 0],
				"rotation": [0.05245, 0, -36.03732],
				"mirror": true,
				"cubes": [
					{"origin": [2.05877, 15.22804, -1.00056], "size": [2, 6, 3], "uv": [10, 16]}
				]
			},
			{
				"name": "440e717e_8be1_459c_9664_999447d4f071",
				"parent": "armLeft",
				"pivot": [2.55877, 16.22804, -0.00056],
				"rotation": [-45.48955, -12.60507, 13.17803],
				"mirror": true,
				"cubes": [
					{"origin": [1.55877, 10.22804, -1.00056], "size": [2, 6, 3], "uv": [10, 25]}
				]
			},
			{
				"name": "5ef2a889_6c80_407c_a599_7ed8c9c99c68",
				"parent": "440e717e_8be1_459c_9664_999447d4f071",
				"pivot": [2.55877, 9.22804, -0.00056]
			},
			{
				"name": "814221a3_948a_4ac1_8de6_a22b4c2737f7",
				"parent": "440e717e_8be1_459c_9664_999447d4f071",
				"pivot": [6.05877, 9.22804, 5.99944],
				"rotation": [-45.05245, 0, 0]
			},
			{
				"name": "be6116cb_da8c_4164_aa63_3d7b9c63f4ab",
				"parent": "440e717e_8be1_459c_9664_999447d4f071",
				"pivot": [2.55877, 16.22804, -0.00056],
				"rotation": [0, -0.57677, 0],
				"mirror": true,
				"cubes": [
					{"origin": [1.05877, 10.22804, -1.10056], "size": [3, 7, 15], "uv": [48, 46]}
				]
			},
			{
				"name": "0a28778e_2ca2_43ba_9f9a_579cb132ab6a",
				"parent": "be6116cb_da8c_4164_aa63_3d7b9c63f4ab",
				"pivot": [2.55877, 16.22804, -0.00056],
				"rotation": [36.52, 0, 0],
				"mirror": true,
				"cubes": [
					{"origin": [1.05877, 8.22804, -2.50056], "size": [3, 8, 4], "uv": [48, 48]}
				]
			},
			{
				"name": "a3e6e9a7_f263_4e35_b0f6_8e1f735c916b",
				"parent": "440e717e_8be1_459c_9664_999447d4f071",
				"pivot": [2.55877, 10.22804, -0.00056],
				"rotation": [0, -90, 180.00001],
				"cubes": [
					{"origin": [2.05877, 9.72804, -0.50056], "size": [1, 1, 1], "uv": [21, 16]}
				]
			},
			{
				"name": "a5d66a53_0637_4c4e_a591_898a0dc97261",
				"parent": "a3e6e9a7_f263_4e35_b0f6_8e1f735c916b",
				"pivot": [2.55877, 10.22804, -0.00056],
				"rotation": [-32.81127, 0, 0],
				"mirror": true,
				"cubes": [
					{"origin": [1.05877, 10.22804, -0.50056], "size": [3, 2, 1], "uv": [19, 25]}
				]
			},
			{
				"name": "f1b8108e_e11d_42be_8a12_11f1c312966b",
				"parent": "a5d66a53_0637_4c4e_a591_898a0dc97261",
				"pivot": [2.15877, 12.22804, -0.00056],
				"rotation": [30.72958, 0, -1],
				"cubes": [
					{"origin": [1.65877, 12.22804, -0.50056], "size": [1, 1, 1], "uv": [8, 16]}
				]
			},
			{
				"name": "0ffb4b22_67bb_4081_b90a_a816874ec269",
				"parent": "f1b8108e_e11d_42be_8a12_11f1c312966b",
				"pivot": [2.15877, 13.22804, -0.00056],
				"rotation": [25.72958, 0, 0],
				"cubes": [
					{"origin": [1.65877, 13.22804, -0.50056], "size": [1, 1, 1], "uv": [8, 16]}
				]
			},
			{
				"name": "4301c067_ce00_4a93_b2c9_41453452d15b",
				"parent": "0ffb4b22_67bb_4081_b90a_a816874ec269",
				"pivot": [2.15877, 13.72804, -0.00056],
				"rotation": [19.45916, 0, 0],
				"cubes": [
					{"origin": [2.15877, 13.72804, -0.50056], "size": [0, 4, 1], "uv": [11, 35]}
				]
			},
			{
				"name": "72e52a30_10cd_4af7_8a13_8006249ef19f",
				"parent": "a5d66a53_0637_4c4e_a591_898a0dc97261",
				"pivot": [3.80877, 11.72804, -0.00056],
				"rotation": [42.86479, 0, 2.5],
				"cubes": [
					{"origin": [3.30877, 11.72804, -0.50056], "size": [1, 1, 1], "uv": [8, 16]}
				]
			},
			{
				"name": "e97bc039_801e_4c22_a7e8_91ee10060d9b",
				"parent": "72e52a30_10cd_4af7_8a13_8006249ef19f",
				"pivot": [3.80877, 12.72804, -0.00056],
				"rotation": [15.72958, 0, 0],
				"cubes": [
					{"origin": [3.30877, 12.72804, -0.50056], "size": [1, 1, 1], "uv": [17, 16]}
				]
			},
			{
				"name": "c8a3a10f_ab31_4c38_bda5_9d381415c4dd",
				"parent": "e97bc039_801e_4c22_a7e8_91ee10060d9b",
				"pivot": [3.80877, 13.22804, -0.00056],
				"rotation": [26.45916, 0, 0],
				"cubes": [
					{"origin": [3.80877, 13.22804, -0.50056], "size": [0, 4, 1], "uv": [11, 35]}
				]
			},
			{
				"name": "9f13a2d4_b6ac_466e_ad24_a861e6a60fda",
				"parent": "a5d66a53_0637_4c4e_a591_898a0dc97261",
				"pivot": [1.30877, 11.92804, -0.00056],
				"rotation": [25.72958, 0, -5],
				"cubes": [
					{"origin": [0.80877, 11.92804, -0.50056], "size": [1, 1, 1], "uv": [8, 16]}
				]
			},
			{
				"name": "b9d5085e_1701_4976_bf95_9e35efd46b6a",
				"parent": "9f13a2d4_b6ac_466e_ad24_a861e6a60fda",
				"pivot": [1.30877, 12.92804, -0.00056],
				"rotation": [25.72958, 0, 0],
				"cubes": [
					{"origin": [0.80877, 12.92804, -0.50056], "size": [1, 1, 1], "uv": [17, 16]}
				]
			},
			{
				"name": "7217e72f_4afd_41f1_8ba0_11fbd4e90c44",
				"parent": "b9d5085e_1701_4976_bf95_9e35efd46b6a",
				"pivot": [1.30877, 13.42804, -0.00056],
				"rotation": [16.45916, 0, 0],
				"cubes": [
					{"origin": [1.30877, 13.42804, -0.50056], "size": [0, 4, 1], "uv": [11, 35]}
				]
			},
			{
				"name": "1b03bbb6_085c_43cb_a884_0995f546c12f",
				"parent": "a5d66a53_0637_4c4e_a591_898a0dc97261",
				"pivot": [2.95877, 12.02804, -0.00056],
				"rotation": [32.86479, 0, 0],
				"cubes": [
					{"origin": [2.45877, 12.02804, -0.50056], "size": [1, 1, 1], "uv": [8, 16]}
				]
			},
			{
				"name": "e27fe19c_162b_4fd3_8fd4_458cc88558f8",
				"parent": "1b03bbb6_085c_43cb_a884_0995f546c12f",
				"pivot": [2.95877, 13.02804, -0.00056],
				"rotation": [25.72958, 0, 0],
				"cubes": [
					{"origin": [2.45877, 13.02804, -0.50056], "size": [1, 1, 1], "uv": [17, 16]}
				]
			},
			{
				"name": "28244225_493c_47d8_94f8_cfb1973c70cd",
				"parent": "e27fe19c_162b_4fd3_8fd4_458cc88558f8",
				"pivot": [2.95877, 13.52804, -0.00056],
				"rotation": [21.45916, 0, 0],
				"cubes": [
					{"origin": [2.95877, 13.52804, -0.50056], "size": [0, 4, 1], "uv": [11, 35]}
				]
			},
			{
				"name": "3b5b79bb_02be_4a45_96ce_0bf6264fe995",
				"parent": "a3e6e9a7_f263_4e35_b0f6_8e1f735c916b",
				"pivot": [1.30877, 10.72804, -0.00056],
				"rotation": [-80.21409, -175.94368, 16.67325],
				"cubes": [
					{"origin": [0.80877, 10.22804, -0.50056], "size": [1, 1, 1], "uv": [8, 16]}
				]
			},
			{
				"name": "8da985f9_5d48_4a45_8988_a56a6f2d2e9f",
				"parent": "3b5b79bb_02be_4a45_96ce_0bf6264fe995",
				"pivot": [1.30877, 11.22804, -0.00056],
				"rotation": [27.18873, 0, 0],
				"cubes": [
					{"origin": [0.80877, 11.22804, -0.50056], "size": [1, 1, 1], "uv": [17, 16]}
				]
			},
			{
				"name": "c11ff25e_1ee8_4b06_a619_2672f13195ff",
				"parent": "8da985f9_5d48_4a45_8988_a56a6f2d2e9f",
				"pivot": [1.30877, 12.22804, -0.00056],
				"rotation": [35.72958, 0, 0],
				"mirror": true,
				"cubes": [
					{"origin": [1.30877, 12.22804, -0.50056], "size": [0, 3, 1], "uv": [25, 15]}
				]
			},
			{
				"name": "dc67154f_07ec_4c00_ac84_e3145792e3b5",
				"parent": "armLeft",
				"pivot": [0.15877, 18.72804, -0.00056],
				"rotation": [0, -2.8686, 0],
				"cubes": [
					{"origin": [1.25877, 15.72804, -1.50056], "size": [3, 3, 7], "uv": [40, 27]}
				]
			},
			{
				"name": "armLeftPositioningBone",
				"parent": "armLeft",
				"pivot": [2.5, 9.83452, -5]
			},
			{
				"name": "armRight",
				"pivot": [-2.5, 20.83452, 0],
				"rotation": [0.39602, 0, 36.03732],
				"cubes": [
					{"origin": [-4.05877, 15.22806, -1.00419], "size": [2, 6, 3], "uv": [0, 16]}
				]
			},
			{
				"name": "f257d467_ba4e_4aeb_b054_c9dd82ff762b",
				"parent": "armRight",
				"pivot": [-2.55877, 16.22806, -0.00419],
				"rotation": [-45.48955, 12.60507, -13.17803],
				"cubes": [
					{"origin": [-3.55877, 10.22806, -1.00419], "size": [2, 6, 3], "uv": [0, 25]}
				]
			},
			{
				"name": "8b17e86d_ecdd_470c_9567_231ca18977c0",
				"parent": "f257d467_ba4e_4aeb_b054_c9dd82ff762b",
				"pivot": [-2.55877, 9.22806, -0.00419]
			},
			{
				"name": "ce1f3219_df30_4e1f_84ae_e63db6953df7",
				"parent": "f257d467_ba4e_4aeb_b054_c9dd82ff762b",
				"pivot": [-6.05877, 9.22806, 5.99581],
				"rotation": [-45.39602, 0, 0]
			},
			{
				"name": "9d54df1c_214a_48fd_b352_2674917f91a8",
				"parent": "f257d467_ba4e_4aeb_b054_c9dd82ff762b",
				"pivot": [-2.55877, 16.22806, -0.00419],
				"rotation": [0, 0.57677, 0],
				"cubes": [
					{"origin": [-4.05877, 10.22806, -1.10419], "size": [3, 7, 15], "uv": [12, 46]}
				]
			},
			{
				"name": "2387e214_8180_45cd_b323_2bff98a0b46e",
				"parent": "9d54df1c_214a_48fd_b352_2674917f91a8",
				"pivot": [-2.55877, 16.22806, -0.00419],
				"rotation": [36.52, 0, 0],
				"cubes": [
					{"origin": [-4.05877, 8.22806, -2.50419], "size": [3, 8, 4], "uv": [34, 48]}
				]
			},
			{
				"name": "47b6c957_f662_40b3_a284_42fd94c2e12e",
				"parent": "f257d467_ba4e_4aeb_b054_c9dd82ff762b",
				"pivot": [-2.55877, 10.22806, -0.00419],
				"rotation": [0, 90, 180.00001],
				"cubes": [
					{"origin": [-3.05877, 9.72806, -0.50419], "size": [1, 1, 1], "uv": [21, 16]}
				]
			},
			{
				"name": "d0e4058c_2dc0_4add_a56f_2eab9fba8d85",
				"parent": "47b6c957_f662_40b3_a284_42fd94c2e12e",
				"pivot": [-1.30877, 10.72806, -0.00419],
				"rotation": [-80.21409, 175.94368, -16.67325],
				"cubes": [
					{"origin": [-1.80877, 10.22806, -0.50419], "size": [1, 1, 1], "uv": [8, 16]}
				]
			},
			{
				"name": "55c78a33_1476_4b75_9420_b9bdde74b719",
				"parent": "d0e4058c_2dc0_4add_a56f_2eab9fba8d85",
				"pivot": [-1.30877, 11.22806, -0.00419],
				"rotation": [27.18873, 0, 0],
				"cubes": [
					{"origin": [-1.80877, 11.22806, -0.50419], "size": [1, 1, 1], "uv": [17, 16]}
				]
			},
			{
				"name": "60757083_e97e_4e71_9a2c_8751a7ff00cd",
				"parent": "55c78a33_1476_4b75_9420_b9bdde74b719",
				"pivot": [-1.30877, 12.22806, -0.00419],
				"rotation": [35.72958, 0, 0],
				"cubes": [
					{"origin": [-1.30877, 12.22806, -0.50419], "size": [0, 3, 1], "uv": [25, 15]}
				]
			},
			{
				"name": "682671f5_f2b8_4d91_9126_76085ecc3f21",
				"parent": "47b6c957_f662_40b3_a284_42fd94c2e12e",
				"pivot": [-2.55877, 10.22806, -0.00419],
				"rotation": [-32.81127, 0, 0],
				"cubes": [
					{"origin": [-4.05877, 10.22806, -0.50419], "size": [3, 2, 1], "uv": [19, 25]}
				]
			},
			{
				"name": "a4d048d8_78da_4702_9414_99d642eced9c",
				"parent": "682671f5_f2b8_4d91_9126_76085ecc3f21",
				"pivot": [-2.95877, 12.02806, -0.00419],
				"rotation": [32.86479, 0, 0],
				"cubes": [
					{"origin": [-3.45877, 12.02806, -0.50419], "size": [1, 1, 1], "uv": [8, 16]}
				]
			},
			{
				"name": "73e4581c_770a_4483_ad76_93f4747647b6",
				"parent": "a4d048d8_78da_4702_9414_99d642eced9c",
				"pivot": [-2.95877, 13.02806, -0.00419],
				"rotation": [25.72958, 0, 0],
				"cubes": [
					{"origin": [-3.45877, 13.02806, -0.50419], "size": [1, 1, 1], "uv": [17, 16]}
				]
			},
			{
				"name": "f7ae78ec_a466_4d1f_8d29_0c8044a63c4e",
				"parent": "73e4581c_770a_4483_ad76_93f4747647b6",
				"pivot": [-2.95877, 13.52806, -0.00419],
				"rotation": [21.45916, 0, 0],
				"mirror": true,
				"cubes": [
					{"origin": [-2.95877, 13.52806, -0.50419], "size": [0, 4, 1], "uv": [11, 35]}
				]
			},
			{
				"name": "b1d3920d_b1b4_458c_beb1_b486ce84a8e3",
				"parent": "682671f5_f2b8_4d91_9126_76085ecc3f21",
				"pivot": [-2.15877, 12.22806, -0.00419],
				"rotation": [30.72958, 0, 1],
				"cubes": [
					{"origin": [-2.65877, 12.22806, -0.50419], "size": [1, 1, 1], "uv": [8, 16]}
				]
			},
			{
				"name": "cf912303_f8a5_4876_b690_358510d4199d",
				"parent": "b1d3920d_b1b4_458c_beb1_b486ce84a8e3",
				"pivot": [-2.15877, 13.22806, -0.00419],
				"rotation": [25.72958, 0, 0],
				"cubes": [
					{"origin": [-2.65877, 13.22806, -0.50419], "size": [1, 1, 1], "uv": [17, 16]}
				]
			},
			{
				"name": "ea0a0cf4_7699_44c2_9704_7c57025d34c5",
				"parent": "cf912303_f8a5_4876_b690_358510d4199d",
				"pivot": [-2.15877, 13.72806, -0.00419],
				"rotation": [19.45916, 0, 0],
				"mirror": true,
				"cubes": [
					{"origin": [-2.15877, 13.72806, -0.50419], "size": [0, 4, 1], "uv": [11, 35]}
				]
			},
			{
				"name": "013c32fa_e55d_4bb3_bae3_2ba5581da238",
				"parent": "682671f5_f2b8_4d91_9126_76085ecc3f21",
				"pivot": [-3.80877, 11.72806, -0.00419],
				"rotation": [42.86479, 0, -2.5],
				"cubes": [
					{"origin": [-4.30877, 11.72806, -0.50419], "size": [1, 1, 1], "uv": [8, 16]}
				]
			},
			{
				"name": "b45c09da_a26f_4cab_bae1_3e57f038ce80",
				"parent": "013c32fa_e55d_4bb3_bae3_2ba5581da238",
				"pivot": [-3.80877, 12.72806, -0.00419],
				"rotation": [15.72958, 0, 0],
				"cubes": [
					{"origin": [-4.30877, 12.72806, -0.50419], "size": [1, 1, 1], "uv": [17, 16]}
				]
			},
			{
				"name": "8c5fcd6f_cb97_4fee_988c_8227116a378e",
				"parent": "b45c09da_a26f_4cab_bae1_3e57f038ce80",
				"pivot": [-3.80877, 13.22806, -0.00419],
				"rotation": [26.45916, 0, 0],
				"mirror": true,
				"cubes": [
					{"origin": [-3.80877, 13.22806, -0.50419], "size": [0, 4, 1], "uv": [11, 35]}
				]
			},
			{
				"name": "25c9ac21_bed8_4ea0_8e17_c09370612ec7",
				"parent": "682671f5_f2b8_4d91_9126_76085ecc3f21",
				"pivot": [-1.30877, 11.92806, -0.00419],
				"rotation": [25.72958, 0, 5],
				"cubes": [
					{"origin": [-1.80877, 11.92806, -0.50419], "size": [1, 1, 1], "uv": [8, 16]}
				]
			},
			{
				"name": "838a087b_75ad_4575_a55b_2276ada5f35c",
				"parent": "25c9ac21_bed8_4ea0_8e17_c09370612ec7",
				"pivot": [-1.30877, 12.92806, -0.00419],
				"rotation": [25.72958, 0, 0],
				"cubes": [
					{"origin": [-1.80877, 12.92806, -0.50419], "size": [1, 1, 1], "uv": [17, 16]}
				]
			},
			{
				"name": "7752ca78_9ac7_4746_a7b0_ed33f8e119a4",
				"parent": "838a087b_75ad_4575_a55b_2276ada5f35c",
				"pivot": [-1.30877, 13.42806, -0.00419],
				"rotation": [16.45916, 0, 0],
				"mirror": true,
				"cubes": [
					{"origin": [-1.30877, 13.42806, -0.50419], "size": [0, 4, 1], "uv": [11, 35]}
				]
			},
			{
				"name": "539c9566_518d_4441_8f84_1e0d36255058",
				"parent": "armRight",
				"pivot": [-0.15877, 18.72806, -0.00419],
				"rotation": [0, 2.8686, 0],
				"cubes": [
					{"origin": [-4.35877, 15.72806, -1.50419], "size": [3, 3, 7], "uv": [20, 27]}
				]
			},
			{
				"name": "armRightPositioningBone",
				"parent": "armRight",
				"pivot": [-2.5, 9.83452, -5]
			},
			{
				"name": "body",
				"pivot": [0, 14.08452, 0],
				"cubes": [
					{"origin": [-3, 21.58452, -2.1], "size": [0, 0, 0], "uv": [20, 26]},
					{"origin": [-1, 22.88452, -1], "size": [0, 0, 0], "uv": [24, 16]}
				]
			},
			{
				"name": "27598cbe_a132_4a11_bf91_3ed32f648f55",
				"parent": "body",
				"pivot": [1.42, 20.08452, -0.5],
				"rotation": [-39.61337, -5, 0],
				"cubes": [
					{"origin": [-0.08, 16.08452, -1.75], "size": [3, 4, 3], "uv": [15, 46], "inflate": 0.1}
				]
			},
			{
				"name": "53ee1403_c9a9_4e7c_8e39_05fca791084e",
				"parent": "body",
				"pivot": [-1.42, 20.08452, -0.5],
				"rotation": [-39.61337, 5, 0],
				"mirror": true,
				"cubes": [
					{"origin": [-2.92, 16.08452, -1.75], "size": [3, 4, 3], "uv": [15, 53], "inflate": 0.1}
				]
			},
			{
				"name": "82da07e3_168f_4e48_ad6c_0f02510c496a",
				"parent": "body",
				"pivot": [0, 14.08452, 0],
				"cubes": [
					{"origin": [-4, 14.08452, -2.4], "size": [0, 0, 0], "uv": [0, 0]}
				]
			},
			{
				"name": "b9fafa8b_125e_464f_baf9_dbd232d3fe1f",
				"parent": "82da07e3_168f_4e48_ad6c_0f02510c496a",
				"pivot": [0, 16.08452, 0.5],
				"rotation": [10, 10, -45],
				"cubes": [
					{"origin": [-4, 12.08452, -1.5], "size": [5, 5, 3], "uv": [24, 0]}
				]
			},
			{
				"name": "837090db_42ac_406f_8d70_4f43dcd58c03",
				"parent": "b9fafa8b_125e_464f_baf9_dbd232d3fe1f",
				"pivot": [-3.3, 13.58452, 0],
				"rotation": [-10, 0, 45],
				"cubes": [
					{"origin": [-6.3, 12.58452, 0], "size": [7, 3, 2], "uv": [69, 46]}
				]
			},
			{
				"name": "ecb3239d_1403_4502_bc28_7c97ba946ebe",
				"parent": "b9fafa8b_125e_464f_baf9_dbd232d3fe1f",
				"pivot": [1.5, 17.58452, 0.5],
				"rotation": [-15, 0, 45],
				"cubes": [
					{"origin": [-2, 15.33452, 0.35], "size": [7, 3, 2], "uv": [20, 20]}
				]
			},
			{
				"name": "152bb88c_d375_4a7f_9987_6a6634ad5423",
				"parent": "body",
				"pivot": [0, 17.58452, -1.9],
				"rotation": [-6.54084, 6.54084, 45],
				"cubes": [
					{"origin": [-4.5, 18.08452, -1.9], "size": [4, 4, 3], "uv": [43, 20]}
				]
			},
			{
				"name": "ec373cfb_c687_4531_9da7_083c3abb6799",
				"parent": "152bb88c_d375_4a7f_9987_6a6634ad5423",
				"pivot": [-2.7, 20.28452, -0.4],
				"rotation": [7.5, 0, -40],
				"cubes": [
					{"origin": [-2.7, 14.28452, -1.9], "size": [3, 6, 3], "uv": [26, 37]}
				]
			},
			{
				"name": "26466fb0_4df9_4f4c_bb4c_747d77fec777",
				"parent": "152bb88c_d375_4a7f_9987_6a6634ad5423",
				"pivot": [-2.7, 20.28452, -0.4],
				"rotation": [7.5, 0, -50],
				"cubes": [
					{"origin": [-5.7, 14.28452, -1.9], "size": [3, 6, 3], "uv": [14, 37]}
				]
			},
			{
				"name": "1441bd44_e07e_4332_a1e4_734ff9899c62",
				"parent": "152bb88c_d375_4a7f_9987_6a6634ad5423",
				"pivot": [0, 17.58452, -1.9],
				"rotation": [0, -9, 45],
				"cubes": [
					{"origin": [-2.9, 15.08452, -1.79], "size": [5, 5, 2], "uv": [70, 52]}
				]
			},
			{
				"name": "1fe88a35_3280_4811_8113_81911c6800a4",
				"parent": "152bb88c_d375_4a7f_9987_6a6634ad5423",
				"pivot": [0, 17.58452, -4.35599],
				"rotation": [0, 0, -45],
				"cubes": [
					{"origin": [-2.5, 16.08452, -4.35599], "size": [5, 3, 0], "uv": [55, 20]}
				]
			},
			{
				"name": "84e71c5e_9c51_4140_bcf6_2d4c6b3b696f",
				"parent": "body",
				"pivot": [2.25, 11.08452, 2],
				"rotation": [-57.29578, 0, 0],
				"cubes": [
					{"origin": [2.25, 11.08452, 2], "size": [0, 0, 0], "uv": [0, 0]}
				]
			},
			{
				"name": "90c02c05_dad3_4da7_9eef_bc34e65500b5",
				"parent": "84e71c5e_9c51_4140_bcf6_2d4c6b3b696f",
				"pivot": [0, 8.83452, -1.25],
				"rotation": [0, 0, 44.38269],
				"cubes": [
					{"origin": [-4, 4.83452, -1.25], "size": [8, 8, 1], "uv": [39, 38]}
				]
			},
			{
				"name": "57e82a2a_2d19_447a_88d5_0c0b4e8175cd",
				"parent": "body",
				"pivot": [-0.25, 12.08452, 0],
				"rotation": [19.91985, 2.86479, -2.86479],
				"cubes": [
					{"origin": [-3.25, 7.08452, -1], "size": [3, 6, 4], "uv": [0, 36]}
				]
			},
			{
				"name": "d4108bdc_9197_4afe_8556_ce2c08b35919",
				"parent": "57e82a2a_2d19_447a_88d5_0c0b4e8175cd",
				"pivot": [-1.75, 7.08452, 0.5],
				"rotation": [65.02861, -5.72958, 1.14592],
				"cubes": [
					{"origin": [-3.25, 0.08452, -1], "size": [3, 8, 4], "uv": [0, 47]}
				]
			},
			{
				"name": "5858a373_5ea2_4252_9835_94144f951a63",
				"parent": "d4108bdc_9197_4afe_8556_ce2c08b35919",
				"pivot": [-1.75, 6.58452, 1.25],
				"rotation": [32, -1.04575, 0],
				"cubes": [
					{"origin": [-5, -2.41548, -1.25], "size": [5, 9, 5], "uv": [108, 14]}
				]
			},
			{
				"name": "6399dc12_afb9_414b_8471_b40844d2c73f",
				"parent": "d4108bdc_9197_4afe_8556_ce2c08b35919",
				"pivot": [-1.75, 7.58452, 1.25],
				"rotation": [0, -1.17623, 0],
				"cubes": [
					{"origin": [-5, -1.41548, -1.25], "size": [5, 9, 5], "uv": [108, 28]}
				]
			},
			{
				"name": "3de701b2_88f1_444d_8d34_de4034360d9b",
				"parent": "57e82a2a_2d19_447a_88d5_0c0b4e8175cd",
				"pivot": [-1.95, 13.08452, 0.5],
				"rotation": [0, 0, -6.7],
				"cubes": [
					{"origin": [-3.95, 7.08452, -1], "size": [2, 6, 3], "uv": [56, 23]}
				]
			},
			{
				"name": "f9c0d021_e3f3_4988_883e_c2644bc34994",
				"parent": "57e82a2a_2d19_447a_88d5_0c0b4e8175cd",
				"pivot": [-0.25, 13.58452, 0.75],
				"mirror": true,
				"cubes": [
					{"origin": [-3.5, 4.58452, -1.75], "size": [5, 9, 5], "uv": [108, 0]}
				]
			},
			{
				"name": "36e8b418_b014_4958_a584_cd5de064a2ab",
				"parent": "57e82a2a_2d19_447a_88d5_0c0b4e8175cd",
				"pivot": [-0.25, 13.08452, 0.75],
				"rotation": [0, 0, 32],
				"cubes": [
					{"origin": [-3.5, 4.08452, -1.75], "size": [5, 9, 5], "uv": [66, 18]}
				]
			},
			{
				"name": "8a328e10_98c9_4164_850b_956031dc330d",
				"parent": "body",
				"pivot": [0.25, 12.08452, 0],
				"rotation": [-18.02691, -2.86479, 2.86479],
				"mirror": true,
				"cubes": [
					{"origin": [0.25, 7.08452, -1], "size": [3, 6, 4], "uv": [0, 36]}
				]
			},
			{
				"name": "7bbe7507_6b03_498f_962d_d948e68132b3",
				"parent": "8a328e10_98c9_4164_850b_956031dc330d",
				"pivot": [1.75, 7.08452, 0.5],
				"rotation": [98.31212, 5.72958, -1.14592],
				"mirror": true,
				"cubes": [
					{"origin": [0.25, 0.08452, -1], "size": [3, 8, 4], "uv": [0, 47]}
				]
			},
			{
				"name": "a4ac2232_c36d_4725_b9fb_3f9cfe4cd49b",
				"parent": "7bbe7507_6b03_498f_962d_d948e68132b3",
				"pivot": [1.75, 6.58452, 1.25],
				"rotation": [32, -1.04575, 0],
				"cubes": [
					{"origin": [0, -2.41548, -1.25], "size": [5, 9, 5], "uv": [88, 14]}
				]
			},
			{
				"name": "24ea3fbf_4457_46fe_b58f_5299aa4cb99d",
				"parent": "7bbe7507_6b03_498f_962d_d948e68132b3",
				"pivot": [1.75, 7.58452, 1.25],
				"rotation": [0, -1.17623, 0],
				"cubes": [
					{"origin": [0, -1.41548, -1.25], "size": [5, 9, 5], "uv": [88, 28]}
				]
			},
			{
				"name": "34caa958_59aa_4650_9d83_cd904610ec2d",
				"parent": "8a328e10_98c9_4164_850b_956031dc330d",
				"pivot": [1.95, 13.08452, 0.5],
				"rotation": [0, 0, 6.7],
				"cubes": [
					{"origin": [1.95, 7.08452, -1], "size": [2, 6, 3], "uv": [56, 23]}
				]
			},
			{
				"name": "1dd6a049_5118_4996_8dc9_5ca2c79f0d68",
				"parent": "8a328e10_98c9_4164_850b_956031dc330d",
				"pivot": [0.25, 13.58452, 0.75],
				"cubes": [
					{"origin": [-1.5, 4.58452, -1.75], "size": [5, 9, 5], "uv": [88, 0]}
				]
			},
			{
				"name": "5c34915c_013b_44ad_a022_25bc067ab70e",
				"parent": "8a328e10_98c9_4164_850b_956031dc330d",
				"pivot": [0.25, 13.08452, 0.75],
				"rotation": [0, 0, -32],
				"cubes": [
					{"origin": [-1.5, 4.08452, -1.75], "size": [5, 9, 5], "uv": [66, 32]}
				]
			},
			{
				"name": "6e8a58ce_a9bf_4d2d_841f_860c0a773640",
				"parent": "body",
				"pivot": [0, 15.08452, 0],
				"rotation": [-19.56686, 0, 0],
				"cubes": [
					{"origin": [-4, 15.08452, -2], "size": [0, 0, 0], "uv": [0, 0]}
				]
			},
			{
				"name": "backpackPositioningBone",
				"pivot": [0, 21, 0]
			}
		]
	}
}