{
	"format_version": "1.10.0",
	"geometry.model": {
		"texturewidth": 128,
		"textureheight": 128,
		"visible_bounds_width": 4,
		"visible_bounds_height": 4,
		"visible_bounds_offset": [0, 1, 0],
		"bones": [
			{
				"name": "head",
				"pivot": [0, 23.84505, 0.79867],
				"cubes": [
					{"origin": [-4, 23.84505, -3.20133], "size": [8, 8, 8], "uv": [66, 0]},
					{"origin": [-4, 19.84505, -3.20133], "size": [8, 12, 8], "uv": [0, 65], "inflate": 0.3}
				]
			},
			{
				"name": "b6f20dc8_9fa8_498b_9e45_2b2ea72f8f34",
				"parent": "head",
				"pivot": [-3.6, 30.34505, 0.79867],
				"rotation": [0, 0, -49],
				"cubes": [
					{"origin": [-7.4, 27.84505, -0.70133], "size": [4, 3, 3], "uv": [106, 23]}
				]
			},
			{
				"name": "a4529a75_d5a1_44c6_8ca7_8eb9895892d3",
				"parent": "head",
				"pivot": [3.6, 30.34505, 0.79867],
				"rotation": [0, 0, 49],
				"cubes": [
					{"origin": [3.4, 27.84505, -0.70133], "size": [4, 3, 3], "uv": [78, 24]}
				]
			},
			{
				"name": "3244169f_f449_4fa9_84b7_27cd87aa38f2",
				"parent": "head",
				"pivot": [0, 30.84505, 4.29867],
				"rotation": [6, 5, -12],
				"cubes": [
					{"origin": [-2, 14.84505, 2.79867], "size": [6, 16, 2], "uv": [106, 29]}
				]
			},
			{
				"name": "9c550bc4_ab6e_4944_af2c_1689e468f498",
				"parent": "3244169f_f449_4fa9_84b7_27cd87aa38f2",
				"pivot": [1.5, 18.34505, 4.29867],
				"rotation": [20, 0, -15],
				"cubes": [
					{"origin": [-2.5, 10.34505, 2.79867], "size": [6, 8, 2], "uv": [106, 47]}
				]
			},
			{
				"name": "3522ec01_d7dc_4c63_860d_27a4cfcaf83d",
				"parent": "9c550bc4_ab6e_4944_af2c_1689e468f498",
				"pivot": [1.5, 10.84505, 4.29867],
				"rotation": [-10, 0, 15],
				"cubes": [
					{"origin": [-3.5, 3.84505, 2.79867], "size": [7, 7, 2], "uv": [0, 49]}
				]
			},
			{
				"name": "5a32e06c_631f_4b07_94ae_96b484029e0b",
				"parent": "3522ec01_d7dc_4c63_860d_27a4cfcaf83d",
				"pivot": [1.5, 4.34505, 4.29867],
				"rotation": [24, 0, 20],
				"cubes": [
					{"origin": [-3.5, -1.65495, 2.79867], "size": [7, 6, 2], "uv": [18, 49]}
				]
			},
			{
				"name": "98efe5bb_74a0_4e23_b626_4af960332f13",
				"parent": "5a32e06c_631f_4b07_94ae_96b484029e0b",
				"pivot": [1.5, -1.15495, 4.29867],
				"rotation": [30, -2, -5],
				"cubes": [
					{"origin": [-3.5, -7.15495, 2.79867], "size": [7, 6, 2], "uv": [16, 57]}
				]
			},
			{
				"name": "4de02d0f_1d86_4e9d_bf42_f3e4025ef1c1",
				"parent": "head",
				"pivot": [0, 30.84505, 4.29867],
				"rotation": [6, -5, 12],
				"cubes": [
					{"origin": [-4, 14.84505, 2.79867], "size": [6, 16, 2], "uv": [90, 33]}
				]
			},
			{
				"name": "629dc3ae_39f5_4e89_8885_904cc38cf069",
				"parent": "4de02d0f_1d86_4e9d_bf42_f3e4025ef1c1",
				"pivot": [-1.5, 18.34505, 4.29867],
				"rotation": [20, 0, 15],
				"cubes": [
					{"origin": [-3.5, 10.34505, 2.79867], "size": [6, 8, 2], "uv": [89, 56]}
				]
			},
			{
				"name": "92bbe9bf_dbc0_4e32_bfe0_208faea4748c",
				"parent": "629dc3ae_39f5_4e89_8885_904cc38cf069",
				"pivot": [-1.5, 10.84505, 4.29867],
				"rotation": [-10, 0, -15],
				"cubes": [
					{"origin": [-3.5, 3.84505, 2.79867], "size": [7, 7, 2], "uv": [105, 57]}
				]
			},
			{
				"name": "578d4eab_a405_4186_ad52_07f10f9d8052",
				"parent": "92bbe9bf_dbc0_4e32_bfe0_208faea4748c",
				"pivot": [-1.5, 4.34505, 4.29867],
				"rotation": [24, 0, -20],
				"cubes": [
					{"origin": [-3.5, -1.65495, 2.79867], "size": [7, 6, 2], "uv": [34, 58]}
				]
			},
			{
				"name": "16e69512_ce9e_4007_8b50_515cb96b51fe",
				"parent": "578d4eab_a405_4186_ad52_07f10f9d8052",
				"pivot": [-1.5, -1.15495, 4.29867],
				"rotation": [30, 2, 5],
				"cubes": [
					{"origin": [-3.5, -7.15495, 2.79867], "size": [7, 6, 2], "uv": [52, 58]}
				]
			},
			{
				"name": "0e0d31f2_dce6_4906_96cb_301400c160fc",
				"parent": "head",
				"pivot": [3, 31.34505, -1.65133],
				"rotation": [-2, 0, -12],
				"cubes": [
					{"origin": [2, 24.34505, -2.65133], "size": [2, 7, 3], "uv": [0, 37]}
				]
			},
			{
				"name": "df084741_4ecc_4c78_a2cb_ece537a3b057",
				"parent": "0e0d31f2_dce6_4906_96cb_301400c160fc",
				"pivot": [2.5, 24.34505, -1.65133],
				"rotation": [0, 0, 6],
				"cubes": [
					{"origin": [2, 22.84505, -1.65133], "size": [1, 2, 1], "uv": [30, 0], "inflate": -0.1}
				]
			},
			{
				"name": "de5e8e2e_355e_4f3d_a296_55d1662008a3",
				"parent": "df084741_4ecc_4c78_a2cb_ece537a3b057",
				"pivot": [2.5, 23.14504, -1.65133],
				"rotation": [-5, 0, 0],
				"cubes": [
					{"origin": [2, 17.14504, -1.65133], "size": [1, 6, 1], "uv": [0, 12]}
				]
			},
			{
				"name": "0ef436a6_054f_4b01_b022_f51e35952581",
				"parent": "de5e8e2e_355e_4f3d_a296_55d1662008a3",
				"pivot": [2.5, 17.64504, -1.65133],
				"rotation": [-15, 0, 0],
				"cubes": [
					{"origin": [2, 13.64504, -1.65133], "size": [1, 4, 1], "uv": [69, 0]}
				]
			},
			{
				"name": "610e758d_8c58_48a8_8830_921c549fa758",
				"parent": "head",
				"pivot": [-3, 31.34505, -1.65133],
				"rotation": [-2, 0, 12],
				"cubes": [
					{"origin": [-4, 24.34505, -2.65133], "size": [2, 7, 3], "uv": [0, 27]}
				]
			},
			{
				"name": "3520ae2a_2b5c_4db2_a000_8d0e02f89cc6",
				"parent": "610e758d_8c58_48a8_8830_921c549fa758",
				"pivot": [-2.5, 24.34505, -1.65133],
				"rotation": [0, 0, -6],
				"cubes": [
					{"origin": [-3, 22.84505, -1.65133], "size": [1, 2, 1], "uv": [0, 0], "inflate": -0.1}
				]
			},
			{
				"name": "28e25bcb_6df7_4883_8ac7_21408674deb2",
				"parent": "3520ae2a_2b5c_4db2_a000_8d0e02f89cc6",
				"pivot": [-2.5, 23.14504, -1.65133],
				"rotation": [-5, 0, 0],
				"cubes": [
					{"origin": [-3, 17.14504, -1.65133], "size": [1, 6, 1], "uv": [39, 10]}
				]
			},
			{
				"name": "0e75fed0_879b_4295_ad50_a83af5152005",
				"parent": "28e25bcb_6df7_4883_8ac7_21408674deb2",
				"pivot": [-2.5, 17.64504, -1.65133],
				"rotation": [-15, 0, 0],
				"cubes": [
					{"origin": [-3, 13.64504, -1.65133], "size": [1, 4, 1], "uv": [48, 0]}
				]
			},
			{
				"name": "_bink",
				"parent": "head",
				"pivot": [0, 23.84505, 0.79867],
				"cubes": [
					{"origin": [-4, 23.84505, -3.20133], "size": [8, 8, 0], "uv": [0, 65], "inflate": 0.001}
				]
			},
			{
				"name": "armLeft",
				"pivot": [4, 22.38501, 0],
				"rotation": [-0.17178, 0, -16.03732],
				"mirror": true,
				"cubes": [
					{"origin": [3, 18.38501, -1], "size": [2, 5, 3], "uv": [45, 8]},
					{"origin": [3, 18.38501, -1], "size": [2, 5, 3], "uv": [52, 66], "inflate": 0.03}
				]
			},
			{
				"name": "73d7bc70_3862_41db_8d0a_3fe9064d4aff",
				"parent": "armLeft",
				"pivot": [4, 18.38501, 0.5],
				"rotation": [0, 0, -2.86479],
				"mirror": true,
				"cubes": [
					{"origin": [3, 11.38501, -1], "size": [2, 7, 3], "uv": [17, 10]},
					{"origin": [3, 11.38501, -1], "size": [2, 7, 3], "uv": [32, 66], "inflate": 0.03}
				]
			},
			{
				"name": "3512b35e_7f63_4fbf_b1ff_d7ad1ae263e3",
				"parent": "73d7bc70_3862_41db_8d0a_3fe9064d4aff",
				"pivot": [4, 18.38501, 0.5],
				"cubes": [
					{"origin": [3, 11.38501, -1], "size": [2, 7, 3], "uv": [26, 118], "inflate": 0.23}
				]
			},
			{
				"name": "d10ef24a_08f3_41db_bff1_9c5425e218f1",
				"parent": "armLeft",
				"pivot": [4, 22.38501, 0],
				"cubes": [
					{"origin": [3, 18.38501, -1], "size": [2, 5, 3], "uv": [46, 120], "inflate": 0.08}
				]
			},
			{
				"name": "armLeftPositioningBone",
				"parent": "armLeft",
				"pivot": [4, 12.38501, 0]
			},
			{
				"name": "armRight",
				"pivot": [-4, 22.38501, 0],
				"rotation": [0.17178, 0, 16.03732],
				"cubes": [
					{"origin": [-5, 18.38501, -1], "size": [2, 5, 3], "uv": [55, 8]},
					{"origin": [-5, 18.38501, -1], "size": [2, 5, 3], "uv": [62, 66], "inflate": 0.03}
				]
			},
			{
				"name": "2be36398_0b3d_4d4f_bb72_60d7ee85d468",
				"parent": "armRight",
				"pivot": [-4, 18.38501, 0.5],
				"rotation": [0, 0, 2.86479],
				"cubes": [
					{"origin": [-5, 11.38501, -1], "size": [2, 7, 3], "uv": [27, 10]},
					{"origin": [-5, 11.38501, -1], "size": [2, 7, 3], "uv": [42, 66], "inflate": 0.03}
				]
			},
			{
				"name": "6db70662_0f89_408e_81e4_3b8a65c0f810",
				"parent": "2be36398_0b3d_4d4f_bb72_60d7ee85d468",
				"pivot": [-4, 18.38501, 0.5],
				"cubes": [
					{"origin": [-5, 11.38501, -1], "size": [2, 7, 3], "uv": [36, 118], "inflate": 0.23}
				]
			},
			{
				"name": "33d7bbc1_a35e_47c2_a537_1ada7437c3a1",
				"parent": "armRight",
				"pivot": [-4, 22.38501, 0],
				"cubes": [
					{"origin": [-5, 18.38501, -1], "size": [2, 5, 3], "uv": [56, 120], "inflate": 0.08}
				]
			},
			{
				"name": "armRightPositioningBone",
				"parent": "armRight",
				"pivot": [-4, 12.38501, 0]
			},
			{
				"name": "body",
				"pivot": [0, 15.88501, 0],
				"rotation": [-5.72958, 0, 0],
				"cubes": [
					{"origin": [-3, 15.38501, -2.1], "size": [6, 8, 4], "uv": [0, 0]},
					{"origin": [-1, 22.68501, -1], "size": [2, 2, 2], "uv": [16, 0], "inflate": 0.5},
					{"origin": [-3.5, 15.38501, -2.7], "size": [7, 3, 6], "uv": [70, 119]},
					{"origin": [-4.5, 11.38501, -3.2], "size": [9, 5, 7], "uv": [96, 104]}
				]
			},
			{
				"name": "64210fd2_eec0_4fe2_b319_fdf58f0a3973",
				"parent": "body",
				"pivot": [0, 15.88501, 0],
				"cubes": [
					{"origin": [-3, 15.38501, -2.1], "size": [6, 8, 4], "uv": [0, 107], "inflate": 0.01}
				]
			},
			{
				"name": "87ab46e2_36db_4c63_a353_c6601e4485f7",
				"parent": "body",
				"pivot": [0, 15.88501, 0],
				"cubes": [
					{"origin": [-3.5, 15.38501, -2.7], "size": [7, 3, 6], "uv": [0, 119]}
				]
			},
			{
				"name": "dccb2cad_0d4b_444d_b4d9_cd5c4d9b7a4d",
				"parent": "87ab46e2_36db_4c63_a353_c6601e4485f7",
				"pivot": [0, 15.88501, 0],
				"cubes": [
					{"origin": [-4.5, 11.38501, -3.2], "size": [9, 5, 7], "uv": [96, 116]}
				]
			},
			{
				"name": "546d6943_2f45_4004_b370_08644b05f5ec",
				"parent": "body",
				"pivot": [-0.5, 22.08501, -2.1],
				"rotation": [45.14897, 0, -8.59437],
				"cubes": [
					{"origin": [-3.5, 20.08501, -4.1], "size": [3, 2, 3], "uv": [102, 0], "inflate": 0.1}
				]
			},
			{
				"name": "7eb782bf_15d3_41b4_840b_b36959fcfc67",
				"parent": "546d6943_2f45_4004_b370_08644b05f5ec",
				"pivot": [-0.5, 22.08501, -2.1],
				"cubes": [
					{"origin": [-3.5, 20.08501, -4.1], "size": [3, 2, 3], "uv": [32, 113], "inflate": 0.2}
				]
			},
			{
				"name": "21ef45f6_35b4_4563_a50b_a1e515207413",
				"parent": "body",
				"pivot": [0.5, 22.08501, -2.1],
				"rotation": [45.14897, 0, 8.59437],
				"mirror": true,
				"cubes": [
					{"origin": [0.5, 20.08501, -4.1], "size": [3, 2, 3], "uv": [90, 0], "inflate": 0.1}
				]
			},
			{
				"name": "1c0deb3d_0825_423a_b43b_c3f8ca8988d7",
				"parent": "21ef45f6_35b4_4563_a50b_a1e515207413",
				"pivot": [0.5, 22.08501, -2.1],
				"mirror": true,
				"cubes": [
					{"origin": [0.5, 20.08501, -4.1], "size": [3, 2, 3], "uv": [20, 113], "inflate": 0.2}
				]
			},
			{
				"name": "363fa831_3951_4812_824a_5ffa4d94b534",
				"parent": "body",
				"pivot": [0, 15.88501, 0],
				"rotation": [11.45916, 0, 0],
				"cubes": [
					{"origin": [-4, 12.88501, -2.4], "size": [8, 3, 5], "uv": [98, 5], "inflate": -0.2}
				]
			},
			{
				"name": "8d0d279c_745d_4f5c_b091_645b1c2908a8",
				"parent": "363fa831_3951_4812_824a_5ffa4d94b534",
				"pivot": [0, 14.88501, 2.8],
				"rotation": [8.48, 0, 0],
				"cubes": [
					{"origin": [-1, 14.38501, 3.3], "size": [2, 2, 3], "uv": [114, 0]}
				]
			},
			{
				"name": "d9688c5c_bdce_4a40_8f40_af4f31f3e022",
				"parent": "8d0d279c_745d_4f5c_b091_645b1c2908a8",
				"pivot": [0.5, 15.38501, 4.8],
				"rotation": [7.5, 70, 0],
				"cubes": [
					{"origin": [-0.5, 11.88501, 4.8], "size": [1, 8, 7], "uv": [0, 12]}
				]
			},
			{
				"name": "72f93e57_b36c_4c0a_9a6c_7014847e0020",
				"parent": "8d0d279c_745d_4f5c_b091_645b1c2908a8",
				"pivot": [0.2, 15.38501, 4.3],
				"rotation": [20, 0, -40],
				"cubes": [
					{"origin": [-0.8, 9.38501, 4.3], "size": [4, 6, 1], "uv": [108, 13]}
				]
			},
			{
				"name": "cf8b445c_d4cf_42e8_bbdc_47cd8dfacb6e",
				"parent": "72f93e57_b36c_4c0a_9a6c_7014847e0020",
				"pivot": [1.2, 9.88501, 4.3],
				"rotation": [-24, 6, 15],
				"cubes": [
					{"origin": [-0.8, 2.88501, 4.3], "size": [4, 7, 1], "uv": [76, 16]}
				]
			},
			{
				"name": "b56ae6cb_3db8_41cb_ba69_5b3171b361ff",
				"parent": "cf8b445c_d4cf_42e8_bbdc_47cd8dfacb6e",
				"pivot": [1.2, 3.38501, 4.3],
				"rotation": [10, 0, 16],
				"cubes": [
					{"origin": [-0.8, -2.61499, 4.3], "size": [4, 6, 1], "uv": [86, 16]}
				]
			},
			{
				"name": "365cceb5_3b4d_447a_a0f0_3aacb8ea4b17",
				"parent": "b56ae6cb_3db8_41cb_ba69_5b3171b361ff",
				"pivot": [1.2, -2.11499, 4.3],
				"rotation": [60, 2.5, 7.5],
				"cubes": [
					{"origin": [-0.8, -8.11499, 4.3], "size": [4, 6, 1], "uv": [117, 19]}
				]
			},
			{
				"name": "0fe240a1_7c51_48e3_adea_71c54a95c387",
				"parent": "8d0d279c_745d_4f5c_b091_645b1c2908a8",
				"pivot": [-0.5, 15.38501, 4.8],
				"rotation": [7.5, -70, 0],
				"cubes": [
					{"origin": [-0.5, 11.88501, 4.8], "size": [1, 8, 7], "uv": [30, 13]}
				]
			},
			{
				"name": "4473bf0e_773a_4b8a_89b8_f50ce0fbc761",
				"parent": "8d0d279c_745d_4f5c_b091_645b1c2908a8",
				"pivot": [-0.2, 15.38501, 4.3],
				"rotation": [20, 0, 40],
				"cubes": [
					{"origin": [-3.2, 9.38501, 4.3], "size": [4, 6, 1], "uv": [98, 13]}
				]
			},
			{
				"name": "78f015c9_c52d_425c_a3cb_2ded5ff41127",
				"parent": "4473bf0e_773a_4b8a_89b8_f50ce0fbc761",
				"pivot": [-1.2, 9.88501, 4.3],
				"rotation": [-24, -6, -15],
				"cubes": [
					{"origin": [-3.2, 2.88501, 4.3], "size": [4, 7, 1], "uv": [46, 16]}
				]
			},
			{
				"name": "217d9cb5_27da_4656_b7c1_62dcafc91654",
				"parent": "78f015c9_c52d_425c_a3cb_2ded5ff41127",
				"pivot": [-1.2, 3.38501, 4.3],
				"rotation": [10, 0, -16],
				"cubes": [
					{"origin": [-3.2, -2.61499, 4.3], "size": [4, 6, 1], "uv": [56, 16]}
				]
			},
			{
				"name": "78a52aa1_89ec_48c9_9411_6355a81904b1",
				"parent": "217d9cb5_27da_4656_b7c1_62dcafc91654",
				"pivot": [-1.2, -2.11499, 4.3],
				"rotation": [60, 2.5, -7.5],
				"cubes": [
					{"origin": [-3.2, -8.11499, 4.3], "size": [4, 6, 1], "uv": [66, 16]}
				]
			},
			{
				"name": "skirt",
				"parent": "body",
				"pivot": [0, 14.79, 0.2995],
				"rotation": [-1.03132, 0, 0],
				"cubes": [
					{"origin": [-4, 11.79, -1.7005], "size": [8, 3, 5], "uv": [48, 0], "inflate": 0.3}
				]
			},
			{
				"name": "d863e9ab_4164_4134_99d5_088d61c14488",
				"parent": "skirt",
				"pivot": [0, 16.29, 0.0995],
				"rotation": [10, 0, 0],
				"cubes": [
					{"origin": [-4, 14.29, -2.3505], "size": [8, 2, 6], "uv": [50, 23]},
					{"origin": [-4, 14.29, -2.3505], "size": [8, 2, 6], "uv": [32, 76], "inflate": -0.02}
				]
			},
			{
				"name": "7dcecd94_6a00_4be3_b431_abd06edbac93",
				"parent": "d863e9ab_4164_4134_99d5_088d61c14488",
				"pivot": [0, 15.54, 0.0995],
				"rotation": [-5, 0, 0],
				"cubes": [
					{"origin": [-5, 13.54, -2.7005], "size": [10, 2, 7], "uv": [23, 28]},
					{"origin": [-5, 13.54, -2.7005], "size": [10, 2, 7], "uv": [43, 84], "inflate": -0.02}
				]
			},
			{
				"name": "3818c47e_5c0d_4510_ab32_cc51ee6eaf92",
				"parent": "7dcecd94_6a00_4be3_b431_abd06edbac93",
				"pivot": [0, 14.74, 0.5995],
				"rotation": [-1.5, 0, 0],
				"cubes": [
					{"origin": [-6, 12.74, -3.4505], "size": [12, 2, 9], "uv": [48, 31]},
					{"origin": [-6, 12.74, -3.4505], "size": [12, 2, 9], "uv": [70, 80], "inflate": -0.02}
				]
			},
			{
				"name": "279ff42e_da2e_4305_a62f_300e0e1618df",
				"parent": "3818c47e_5c0d_4510_ab32_cc51ee6eaf92",
				"pivot": [0, 13.54, 0.5995],
				"rotation": [-2.5, 0, 0],
				"cubes": [
					{"origin": [-7, 11.54, -3.9505], "size": [14, 2, 10], "uv": [0, 37]},
					{"origin": [-7, 11.54, -3.9505], "size": [14, 2, 10], "uv": [63, 68], "inflate": -0.02}
				]
			},
			{
				"name": "4edd4e3b_0ba2_479a_9988_0cbb54ef8845",
				"parent": "279ff42e_da2e_4305_a62f_300e0e1618df",
				"pivot": [0, 12.34, 0.5995],
				"rotation": [-1.5, 0, 0],
				"cubes": [
					{"origin": [-8, 7.34, -4.3505], "size": [16, 5, 11], "uv": [37, 42]},
					{"origin": [-8, 7.34, -4.3505], "size": [16, 5, 11], "uv": [0, 85], "inflate": -0.02}
				]
			},
			{
				"name": "1508ca6d_80ea_4a89_9928_40ee2ea848c3",
				"parent": "d863e9ab_4164_4134_99d5_088d61c14488",
				"pivot": [3, 16.29, 0.0995],
				"rotation": [0, 7.5, 28.75],
				"cubes": [
					{"origin": [3, 15.09, -2.1005], "size": [5, 2, 5], "uv": [108, 76]}
				]
			},
			{
				"name": "066ee0f6_bdf2_4e59_a1cf_08e16fa8d130",
				"parent": "1508ca6d_80ea_4a89_9928_40ee2ea848c3",
				"pivot": [3, 16.29, 1.5995],
				"rotation": [-23.48, -31.3, 10.43],
				"cubes": [
					{"origin": [4, 15.49, 0.7995], "size": [4, 2, 3], "uv": [114, 83]}
				]
			},
			{
				"name": "7773d4bb_5bc6_4bf0_a2ef_96b7a542243d",
				"parent": "d863e9ab_4164_4134_99d5_088d61c14488",
				"pivot": [-3, 16.29, 0.0995],
				"rotation": [0, -7.5, -28.75],
				"cubes": [
					{"origin": [-8, 15.09, -2.1005], "size": [5, 2, 5], "uv": [108, 76]}
				]
			},
			{
				"name": "9a105603_b270_4337_82a5_e998e505f657",
				"parent": "7773d4bb_5bc6_4bf0_a2ef_96b7a542243d",
				"pivot": [-3, 16.29, 1.5995],
				"rotation": [-23.48, 31.3, -10.43],
				"cubes": [
					{"origin": [-8, 15.49, 0.7995], "size": [4, 2, 3], "uv": [114, 83]}
				]
			},
			{
				"name": "90f6ee40_464c_4e86_ab57_f3ec1fde0f1a",
				"parent": "d863e9ab_4164_4134_99d5_088d61c14488",
				"pivot": [0, 16.79, 3.0995],
				"rotation": [-35.2, 0, 0],
				"cubes": [
					{"origin": [-4.5, 14.79, 3.0995], "size": [9, 2, 4], "uv": [102, 70]}
				]
			},
			{
				"name": "legLeft",
				"pivot": [2, 12.9, 0.2995],
				"mirror": true,
				"cubes": [
					{"origin": [0.5, 7.9, -1.7005], "size": [3, 6, 4], "uv": [20, 0], "inflate": 0.2}
				]
			},
			{
				"name": "d63e1d8c_c6aa_443d_a13d_a128f2419850",
				"parent": "legLeft",
				"pivot": [2, 7.9, 0.2995],
				"mirror": true,
				"cubes": [
					{"origin": [0.6, -0.1, -1.7005], "size": [3, 9, 4], "uv": [16, 20]}
				]
			},
			{
				"name": "legRight",
				"pivot": [-2, 12.9, 0.2995],
				"cubes": [
					{"origin": [-3.5, 7.9, -1.7005], "size": [3, 6, 4], "uv": [34, 0], "inflate": 0.2}
				]
			},
			{
				"name": "8bca5140_b4de_4305_b6fb_92bd36016b72",
				"parent": "legRight",
				"pivot": [-2, 7.9, 0.2995],
				"cubes": [
					{"origin": [-3.6, -0.1, -1.7005], "size": [3, 9, 4], "uv": [92, 20]}
				]
			},
			{
				"name": "backpackPositioningBone",
				"pivot": [0, 22, 0]
			}
		]
	}
}