{
	"format_version": "1.10.0",
	"geometry.model": {
		"texturewidth": 128,
		"textureheight": 128,
		"visible_bounds_width": 3,
		"visible_bounds_height": 4,
		"visible_bounds_offset": [0, 1, 0],
		"bones": [
			{
				"name": "head",
				"pivot": [0, 20.35504, 0.49917],
				"mirror": true,
				"cubes": [
					{"origin": [-4, 20.35504, -3.50083], "size": [8, 8, 8], "uv": [0, 0]},
					{"origin": [-4, 16.35504, -3.50083], "size": [8, 12, 8], "uv": [32, 0], "inflate": 0.3},
					{"origin": [-2, 23.55504, 4.49917], "size": [4, 4, 2], "uv": [72, 0]},
					{"origin": [-5, 24.35504, 0.69917], "size": [1, 3, 3], "uv": [56, 0]},
					{"origin": [4, 24.35504, 0.69917], "size": [1, 3, 3], "uv": [64, 0]}
				]
			},
			{
				"name": "ac72f0c1_a87d_476d_8b93_2f69cd12b2a3",
				"parent": "head",
				"pivot": [0, 25.55504, 5.49917],
				"rotation": [-2.86479, 0, 0],
				"cubes": [
					{"origin": [-1.5, 18.05504, 4.49917], "size": [3, 9, 3], "uv": [76, 6]}
				]
			},
			{
				"name": "bb28a3da_0b19_46d4_a81a_5f716b2f8629",
				"parent": "head",
				"pivot": [-4.5, 25.85504, 2.19917],
				"rotation": [0, 0, -2.86479],
				"cubes": [
					{"origin": [-5.5, 18.15504, 1.39917], "size": [1, 9, 2], "uv": [64, 6]}
				]
			},
			{
				"name": "0a2f9725_b34d_475e_9cf4_b3b41b041dd0",
				"parent": "head",
				"pivot": [4.5, 25.85504, 2.19917],
				"rotation": [0, 0, 2.86479],
				"mirror": true,
				"cubes": [
					{"origin": [4.5, 18.15504, 1.39917], "size": [1, 9, 2], "uv": [70, 6]}
				]
			},
			{
				"name": "b0bfa40a_4543_4b25_bc36_32f0e89b3e57",
				"parent": "head",
				"pivot": [-3.5, 26.85504, 0.49917],
				"rotation": [0, 0, -60.27473],
				"cubes": [
					{"origin": [-4, 25.35504, 0.49917], "size": [1, 10, 1], "uv": [41, 21]}
				]
			},
			{
				"name": "c241c8c2_3631_4f1c_84c5_c2a6fde10ad4",
				"parent": "b0bfa40a_4543_4b25_bc36_32f0e89b3e57",
				"pivot": [-3.5, 26.85504, 0.49917],
				"cubes": [
					{"origin": [-4.5, 26.10504, 0.49917], "size": [2, 8, 1], "uv": [45, 21]}
				]
			},
			{
				"name": "ade03663_f851_4ff9_b73b_7cd6e9fcd5b3",
				"parent": "c241c8c2_3631_4f1c_84c5_c2a6fde10ad4",
				"pivot": [-3.5, 26.85504, 0.49917],
				"cubes": [
					{"origin": [-5, 27.85504, 0.49917], "size": [3, 5, 1], "uv": [51, 21]}
				]
			},
			{
				"name": "0bf396f8_4f8e_452a_9a58_9caa316a31f7",
				"parent": "head",
				"pivot": [3.5, 26.85504, 0.49917],
				"rotation": [0, 0, 60.27473],
				"mirror": true,
				"cubes": [
					{"origin": [3, 25.35504, 0.49917], "size": [1, 10, 1], "uv": [41, 21]}
				]
			},
			{
				"name": "d945b351_ab52_4fde_a7ed_aebfa364eb73",
				"parent": "0bf396f8_4f8e_452a_9a58_9caa316a31f7",
				"pivot": [3.5, 26.85504, 0.49917],
				"mirror": true,
				"cubes": [
					{"origin": [2.5, 26.10504, 0.49917], "size": [2, 8, 1], "uv": [45, 21]}
				]
			},
			{
				"name": "6ce5a1c0_2537_4228_98a5_4d1b26aa8a85",
				"parent": "d945b351_ab52_4fde_a7ed_aebfa364eb73",
				"pivot": [3.5, 26.85504, 0.49917],
				"mirror": true,
				"cubes": [
					{"origin": [2, 27.85504, 0.49917], "size": [3, 5, 1], "uv": [51, 21]}
				]
			},
			{
				"name": "_bink",
				"parent": "head",
				"pivot": [0, 20.35504, 0.49917],
				"cubes": [
					{"origin": [-4, 20.35504, -3.50083], "size": [8, 8, 0], "uv": [24, 0], "inflate": 0.01}
				]
			},
			{
				"name": "armRight",
				"pivot": [-3.5, 18.38002, 0],
				"rotation": [0.17178, 0, 18.90211],
				"cubes": [
					{"origin": [-4.5, 14.38002, -1], "size": [2, 5, 3], "uv": [0, 16]}
				]
			},
			{
				"name": "c633b5a3_fd4d_4773_ab7c_b5e9258c9e0f",
				"parent": "armRight",
				"pivot": [-3.5, 15.38002, 0.5],
				"rotation": [0, 0, 2.86479],
				"cubes": [
					{"origin": [-4.5, 9.38002, -1], "size": [2, 6, 3], "uv": [0, 25]}
				]
			},
			{
				"name": "armRightPositioningBone",
				"parent": "armRight",
				"pivot": [-3.8521, 10.27215, -0.00567]
			},
			{
				"name": "armLeft",
				"pivot": [3.5, 18.38002, 0],
				"rotation": [-0.17178, 0, -18.90211],
				"mirror": true,
				"cubes": [
					{"origin": [2.5, 14.38002, -1], "size": [2, 5, 3], "uv": [10, 16]}
				]
			},
			{
				"name": "80b78bf0_f78e_4ea1_a908_ca3cd4c0fe1f",
				"parent": "armLeft",
				"pivot": [4.1479, 15.27215, 0.49433],
				"rotation": [0, 0, -2.86479],
				"mirror": true,
				"cubes": [
					{"origin": [2.5, 9.38002, -1], "size": [2, 6, 3], "uv": [10, 25]}
				]
			},
			{
				"name": "armLeftPositioningBone",
				"parent": "armLeft",
				"pivot": [3.5, 10.38002, 0]
			},
			{
				"name": "body",
				"pivot": [0, 12.38002, 0],
				"rotation": [-5.72958, 0, 0],
				"cubes": [
					{"origin": [-3, 19.88002, -2.1], "size": [0, 0, 0], "uv": [-20, -26]},
					{"origin": [-1, 21.18002, -1], "size": [0, 0, 0], "uv": [-24, -16]}
				]
			},
			{
				"name": "fa4d4796_1dd4_43e4_9be7_b379274f2647",
				"parent": "body",
				"pivot": [-1.2, 18.38002, -0.5],
				"rotation": [-44.82822, 5, 0],
				"mirror": true,
				"cubes": [
					{"origin": [-2.7, 15.38002, -1.75], "size": [3, 3, 3], "uv": [0, 73], "inflate": -0.2}
				]
			},
			{
				"name": "c3a866d7_4068_4a20_a4b2_b6e8199022aa",
				"parent": "body",
				"pivot": [1.2, 18.38002, -0.5],
				"rotation": [-44.82822, -5, 0],
				"cubes": [
					{"origin": [-0.3, 15.38002, -1.75], "size": [3, 3, 3], "uv": [0, 73], "inflate": -0.2}
				]
			},
			{
				"name": "f090eebf_6040_433d_893b_d46ae3993240",
				"parent": "body",
				"pivot": [0, 12.38002, 0],
				"cubes": [
					{"origin": [-4, 12.38002, -2.4], "size": [0, 0, 0], "uv": [0, 0]}
				]
			},
			{
				"name": "af9b54fb_5c02_4b93_bdc2_b057fb6bc059",
				"parent": "f090eebf_6040_433d_893b_d46ae3993240",
				"pivot": [0, 15.13002, 0.5],
				"rotation": [10, 10, -45],
				"cubes": [
					{"origin": [-4, 11.13002, -1.5], "size": [5, 5, 3], "uv": [4, 64]}
				]
			},
			{
				"name": "c150757c_12fe_4680_902e_75b26017e87b",
				"parent": "af9b54fb_5c02_4b93_bdc2_b057fb6bc059",
				"pivot": [-1.35, 13.78002, 0.5],
				"rotation": [-1.5, 0, 45],
				"cubes": [
					{"origin": [-5.35, 11.78002, -1.95], "size": [8, 2, 5], "uv": [100, 23], "inflate": 0.25}
				]
			},
			{
				"name": "29a8fa2a_e053_4e95_a449_ed91130435d4",
				"parent": "af9b54fb_5c02_4b93_bdc2_b057fb6bc059",
				"pivot": [-0.55, 14.58002, 0.5],
				"rotation": [-1.5, 0, 45],
				"cubes": [
					{"origin": [-4.05, 12.58002, -1.95], "size": [7, 2, 5], "uv": [100, 15], "inflate": 0.075}
				]
			},
			{
				"name": "8b364d69_493e_4b15_ae85_09d24bd02f46",
				"parent": "af9b54fb_5c02_4b93_bdc2_b057fb6bc059",
				"pivot": [-1.25, 13.88002, 1],
				"rotation": [-1.5, 0, 45],
				"cubes": [
					{"origin": [-2.75, 12.88002, -1.45], "size": [3, 1, 5], "uv": [100, 31], "inflate": 0.25}
				]
			},
			{
				"name": "94ce934a_9ecc_4a9b_a4c1_974c41bccb47",
				"parent": "af9b54fb_5c02_4b93_bdc2_b057fb6bc059",
				"pivot": [-3.1, 12.73002, -0.25],
				"rotation": [-17.49916, -0.11184, 45.02134],
				"cubes": [
					{"origin": [-6.1, 11.63002, 0.5], "size": [7, 3, 2], "uv": [54, 68]}
				]
			},
			{
				"name": "tail",
				"parent": "94ce934a_9ecc_4a9b_a4c1_974c41bccb47",
				"pivot": [-2.6, 12.73002, 1.55]
			},
			{
				"name": "bone2",
				"parent": "tail",
				"pivot": [-2.6, 12.73002, 1.55],
				"cubes": [
					{"origin": [-2.6, 12.73002, 1.55], "size": [0, 0, 0], "uv": [0, 0]}
				]
			},
			{
				"name": "06aacdbf_0f4a_45a7_a7e1_a6e1b22e5bc9",
				"parent": "bone2",
				"pivot": [-2.6, 12.73002, 1.55],
				"rotation": [18, -1.3718, 0],
				"cubes": [
					{"origin": [-3.6, 11.98002, 1.55], "size": [2, 2, 3], "uv": [21, 71]}
				]
			},
			{
				"name": "6193c43e_9a3c_4dfe_9a9e_55849eeff97e",
				"parent": "06aacdbf_0f4a_45a7_a7e1_a6e1b22e5bc9",
				"pivot": [-2.6, 12.73002, 3.3],
				"rotation": [15.65, -1.3718, 0],
				"cubes": [
					{"origin": [-4.1, 11.48002, 3.3], "size": [3, 3, 3], "uv": [21, 62]}
				]
			},
			{
				"name": "4f543d3c_e348_4828_a38a_8b1001492458",
				"parent": "6193c43e_9a3c_4dfe_9a9e_55849eeff97e",
				"pivot": [-2.6, 12.73002, 5.05],
				"rotation": [18, -1.3718, 0],
				"cubes": [
					{"origin": [-5.6, 10.73002, 5.05], "size": [6, 5, 5], "uv": [36, 70]}
				]
			},
			{
				"name": "a0aaad8b_e78a_45fd_8f39_9d534b0e582f",
				"parent": "4f543d3c_e348_4828_a38a_8b1001492458",
				"pivot": [-2.6, 12.73002, 9.05],
				"rotation": [15, 10.31439, 0],
				"cubes": [
					{"origin": [-4.6, 11.23002, 8.55], "size": [4, 4, 4], "uv": [36, 61]}
				]
			},
			{
				"name": "824756b0_2905_4913_999c_1fb07aea11d2",
				"parent": "a0aaad8b_e78a_45fd_8f39_9d534b0e582f",
				"pivot": [-2.6, 13.23002, 11.55],
				"rotation": [10, 10.31439, 0],
				"cubes": [
					{"origin": [-3.6, 12.23002, 10.05], "size": [2, 2, 4], "uv": [21, 55]}
				]
			},
			{
				"name": "5478a1fb_d793_44c9_9050_0fd76b20e8e5",
				"parent": "824756b0_2905_4913_999c_1fb07aea11d2",
				"pivot": [-2.6, 13.23002, 13.05],
				"rotation": [0, 10.31439, 0],
				"cubes": [
					{"origin": [-3.1, 12.73002, 13.05], "size": [1, 1, 2], "uv": [30, 62]}
				]
			},
			{
				"name": "56adca3a_6641_4538_bdc1_294fcf035c7c",
				"parent": "body",
				"pivot": [0, 16.13002, -1.9],
				"rotation": [-6.54084, 6.54084, 45],
				"cubes": [
					{"origin": [-4.5, 16.63002, -1.9], "size": [4, 4, 3], "uv": [76, 64]}
				]
			},
			{
				"name": "96708683_0880_41e6_970e_c2a3a3bd2b19",
				"parent": "56adca3a_6641_4538_bdc1_294fcf035c7c",
				"pivot": [-2.7, 18.83002, -0.4],
				"rotation": [7.5, 0, -40],
				"mirror": true,
				"cubes": [
					{"origin": [-2.7, 12.83002, -1.9], "size": [3, 6, 3], "uv": [116, 62]}
				]
			},
			{
				"name": "f834fbf2_dc2f_40fc_b809_6a8830f29753",
				"parent": "56adca3a_6641_4538_bdc1_294fcf035c7c",
				"pivot": [-2.7, 18.83002, -0.4],
				"rotation": [7.5, 0, -50],
				"cubes": [
					{"origin": [-5.7, 12.83002, -1.9], "size": [3, 6, 3], "uv": [103, 62]}
				]
			},
			{
				"name": "8723d061_6d5c_4b24_b5c1_187ed8de6548",
				"parent": "56adca3a_6641_4538_bdc1_294fcf035c7c",
				"pivot": [0, 16.13002, -1.9],
				"rotation": [0, -9, 45],
				"cubes": [
					{"origin": [-2.9, 13.63002, -1.79], "size": [5, 5, 2], "uv": [58, 73]}
				]
			},
			{
				"name": "edfb623a_1fb0_47a6_902a_274b4f5d25bf",
				"parent": "body",
				"pivot": [0, 20.13002, 0],
				"rotation": [8, 0, 0],
				"cubes": [
					{"origin": [-4.5, 18.13002, -2], "size": [9, 2, 4], "uv": [33, 55]}
				]
			},
			{
				"name": "e88ca45f_f6ef_4e00_916c_4e70bf89e6aa",
				"parent": "edfb623a_1fb0_47a6_902a_274b4f5d25bf",
				"pivot": [0, 19.63002, -1],
				"rotation": [20, 45, 14.5],
				"cubes": [
					{"origin": [-1.25, 18.08002, -2.75], "size": [3, 2, 3], "uv": [53, 62]}
				]
			},
			{
				"name": "418a3bb7_9e76_4707_8193_5e950da196a2",
				"parent": "body",
				"pivot": [0, 13.29, 0.10067],
				"rotation": [-1.03132, 0, 0],
				"cubes": [
					{"origin": [-4, 13.29, -1.89933], "size": [0, 0, 0], "uv": [0, 0]}
				]
			},
			{
				"name": "1022d055_3778_4dfe_9ed2_4970685e2ef6",
				"parent": "418a3bb7_9e76_4707_8193_5e950da196a2",
				"pivot": [1.5, 12.79, 1.10067],
				"rotation": [-5.22, -5.22, -38.99257],
				"cubes": [
					{"origin": [1, 7.29, -0.79933], "size": [1, 5, 5], "uv": [9, 54], "inflate": 0.1}
				]
			},
			{
				"name": "legLeft",
				"pivot": [2, 11.15, 0.85067],
				"mirror": true,
				"cubes": [
					{"origin": [0.5, 6.4, -0.89933], "size": [3, 6, 4], "uv": [62, 38], "inflate": 0.1}
				]
			},
			{
				"name": "f9ce3239_ad52_4b67_951c_5a672898807c",
				"parent": "legLeft",
				"pivot": [2, 6.4, -0.04933],
				"mirror": true,
				"cubes": [
					{"origin": [0.5, -0.1, -0.79933], "size": [3, 7, 4], "uv": [0, 47]}
				]
			},
			{
				"name": "6c6c73c0_62c4_4a8e_80e2_ed020f2a298f",
				"parent": "legLeft",
				"pivot": [1.95, 12.4, 1.85067],
				"rotation": [0, 0, 6.7],
				"cubes": [
					{"origin": [1.95, 8.4, -0.64933], "size": [2, 4, 4], "uv": [55, 51], "inflate": 0.09}
				]
			},
			{
				"name": "legRight",
				"pivot": [-2, 11.15, 0.85067],
				"cubes": [
					{"origin": [-3.5, 6.4, -0.89933], "size": [3, 6, 4], "uv": [0, 36], "inflate": 0.1}
				]
			},
			{
				"name": "119e7a0d_e565_4e7c_9b9f_b3c3a83906e8",
				"parent": "legRight",
				"pivot": [-2, 6.4, -0.04933],
				"cubes": [
					{"origin": [-3.5, -0.1, -0.79933], "size": [3, 7, 4], "uv": [0, 47]}
				]
			},
			{
				"name": "8c01b2e5_0463_4dab_83ac_0ee7a407541b",
				"parent": "legRight",
				"pivot": [-1.95, 12.4, 1.85067],
				"rotation": [0, 0, -6.7],
				"cubes": [
					{"origin": [-3.95, 8.4, -0.64933], "size": [2, 4, 4], "uv": [64, 56], "inflate": 0.09}
				]
			},
			{
				"name": "backpackPositioningBone",
				"pivot": [0, 19, 0]
			}
		]
	}
}