{
	"format_version": "1.10.0",
	"geometry.model": {
		"texturewidth": 128,
		"textureheight": 128,
		"visible_bounds_width": 3,
		"visible_bounds_height": 4,
		"visible_bounds_offset": [0, 1, 0],
		"bones": [
			{
				"name": "head",
				"pivot": [0, 23.07665, 0.01157],
				"cubes": [
					{"origin": [0, 23.07665, 0.01157], "size": [0, 0, 0], "uv": [0, 0]}
				]
			},
			{
				"name": "62a65344_06ad_4463_8fac_204d6a437941",
				"parent": "head",
				"pivot": [0, 23.07665, 0.01157],
				"mirror": true,
				"cubes": [
					{"origin": [-4, 23.07665, -3.98843], "size": [8, 8, 8], "uv": [0, 0]},
					{"origin": [-4, 19.07665, -3.98843], "size": [8, 12, 8], "uv": [32, 0], "inflate": 0.3},
					{"origin": [-2, 26.27665, 4.01157], "size": [4, 4, 2], "uv": [72, 0]},
					{"origin": [-5, 27.07665, 0.21157], "size": [1, 3, 3], "uv": [56, 0]},
					{"origin": [4, 27.07665, 0.21157], "size": [1, 3, 3], "uv": [64, 0]}
				]
			},
			{
				"name": "5e13a01d_e68c_4c8b_b9c7_655e0c6352d2",
				"parent": "62a65344_06ad_4463_8fac_204d6a437941",
				"pivot": [0, 27.12664, 1.81157],
				"rotation": [12, 0, 0],
				"cubes": [
					{"origin": [-4, 21.12664, -0.08843], "size": [8, 6, 2], "uv": [80, 70]}
				]
			},
			{
				"name": "e7ea6e7c_b787_4dde_882a_7ef4bbf52886",
				"parent": "5e13a01d_e68c_4c8b_b9c7_655e0c6352d2",
				"pivot": [0, 24.65164, 1.36157],
				"rotation": [12, 0, 0],
				"cubes": [
					{"origin": [-4.5, 20.65164, 0.36157], "size": [9, 4, 2], "uv": [78, 64]}
				]
			},
			{
				"name": "21a5aba6_5dc5_40a0_aa1f_09b2c4606506",
				"parent": "e7ea6e7c_b787_4dde_882a_7ef4bbf52886",
				"pivot": [0, 23.07664, 1.36157],
				"rotation": [6, 0, 0],
				"cubes": [
					{"origin": [-5.5, 20.07664, 0.36157], "size": [11, 3, 2], "uv": [51, 95]}
				]
			},
			{
				"name": "4c3fdcfd_9389_4a6c_8627_84b13acea263",
				"parent": "21a5aba6_5dc5_40a0_aa1f_09b2c4606506",
				"pivot": [0, 21.95164, 1.36157],
				"rotation": [-5, 0, 0],
				"cubes": [
					{"origin": [-6.5, 16.95164, 0.36157], "size": [13, 5, 2], "uv": [98, 91]}
				]
			},
			{
				"name": "172adb57_6b29_42d8_9ef0_e258c4b2efa6",
				"parent": "4c3fdcfd_9389_4a6c_8627_84b13acea263",
				"pivot": [0, 19.92664, 1.36157],
				"rotation": [-8, 0, 0],
				"cubes": [
					{"origin": [-7, 9.92664, 0.36157], "size": [14, 10, 2], "uv": [51, 83]}
				]
			},
			{
				"name": "2d0075f6_4b96_46e2_a947_ada6bdf85084",
				"parent": "172adb57_6b29_42d8_9ef0_e258c4b2efa6",
				"pivot": [0, 15.65164, 1.36157],
				"rotation": [-10, 0, 0],
				"cubes": [
					{"origin": [-6, 8.65164, 0.36157], "size": [12, 7, 2], "uv": [51, 74]}
				]
			},
			{
				"name": "68b45b30_a012_40ce_a064_5219803ebd5a",
				"parent": "2d0075f6_4b96_46e2_a947_ada6bdf85084",
				"pivot": [0, 12.72664, 1.36157],
				"rotation": [-8, 0, 0],
				"cubes": [
					{"origin": [-5, 5.72664, 0.36157], "size": [10, 7, 2], "uv": [33, 101]}
				]
			},
			{
				"name": "9d8cb838_8d5e_404a_ad94_1883315fbfcd",
				"parent": "68b45b30_a012_40ce_a064_5219803ebd5a",
				"pivot": [0, 9.80164, 1.36157],
				"rotation": [-8, 0, 0],
				"cubes": [
					{"origin": [-3.5, 2.80164, 0.36157], "size": [7, 7, 2], "uv": [57, 100]}
				]
			},
			{
				"name": "d231e203_ff39_42cc_91e8_d1aff6d94a57",
				"parent": "62a65344_06ad_4463_8fac_204d6a437941",
				"pivot": [1.8, 26.90165, 0.01157],
				"rotation": [0, 0, -17.18873],
				"cubes": [
					{"origin": [1.8, 16.90165, -4.98843], "size": [0, 10, 10], "uv": [80, 44]}
				]
			},
			{
				"name": "71031376_dfaa_456d_a3c6_87da7fba05a1",
				"parent": "62a65344_06ad_4463_8fac_204d6a437941",
				"pivot": [-1.8, 26.90165, 0.01157],
				"rotation": [0, 0, 17.18873],
				"cubes": [
					{"origin": [-1.8, 16.90165, -4.98843], "size": [0, 10, 10], "uv": [80, 34]}
				]
			},
			{
				"name": "f628a154_9f60_4ad2_b1d7_75418d119121",
				"parent": "62a65344_06ad_4463_8fac_204d6a437941",
				"pivot": [0, 24.42665, 1.81157],
				"rotation": [8.62301, 0, 0.05729]
			},
			{
				"name": "3d7b7d06_a38e_4ff9_929e_af995416d369",
				"parent": "f628a154_9f60_4ad2_b1d7_75418d119121",
				"pivot": [0, 21.72665, 1.81157],
				"rotation": [-1.17178, 0, 0.17178]
			},
			{
				"name": "2ab33b4e_0979_44fa_90e4_652b8fc5a14a",
				"parent": "3d7b7d06_a38e_4ff9_929e_af995416d369",
				"pivot": [0, 19.02665, 1.81157],
				"rotation": [15.81388, 0, 0.22894]
			},
			{
				"name": "2d423dc8_558d_4e38_81df_c3b6590ac8e8",
				"parent": "2ab33b4e_0979_44fa_90e4_652b8fc5a14a",
				"pivot": [0, 16.77665, 1.76657],
				"rotation": [2.63585, 0, 0.22894]
			},
			{
				"name": "0e3764c2_f995_4737_950b_27ed53ac646f",
				"parent": "62a65344_06ad_4463_8fac_204d6a437941",
				"pivot": [-1.8, 25.55165, 0.77657],
				"rotation": [0, -89.99809, 0],
				"cubes": [
					{"origin": [-3.3, 24.05165, 0.77657], "size": [3, 3, 1], "uv": [100, 63]}
				]
			},
			{
				"name": "b854b4cb_db17_4a26_9796_6d450c7db7ce",
				"parent": "62a65344_06ad_4463_8fac_204d6a437941",
				"pivot": [1.8, 25.55165, 0.77657],
				"rotation": [0, 89.99809, 0],
				"mirror": true,
				"cubes": [
					{"origin": [0.3, 24.05165, 0.77657], "size": [3, 3, 1], "uv": [100, 72]}
				]
			},
			{
				"name": "d1f30839_d458_4628_be13_ff4d63407c97",
				"parent": "62a65344_06ad_4463_8fac_204d6a437941",
				"pivot": [-1.8, 26.22665, 0.77657],
				"rotation": [0, -89.99809, 0],
				"cubes": [
					{"origin": [-3.3, 24.72665, 0.77657], "size": [3, 3, 1], "uv": [64, 18]}
				]
			},
			{
				"name": "6583bd52_0fc7_40bf_9f22_d39be13c7f17",
				"parent": "d1f30839_d458_4628_be13_ff4d63407c97",
				"pivot": [-1.8, 26.22665, 0.77657],
				"rotation": [13.50835, -7.75772, 25]
			},
			{
				"name": "70347acb_e58c_41a3_8024_e674f8aaaee2",
				"parent": "6583bd52_0fc7_40bf_9f22_d39be13c7f17",
				"pivot": [-1.8, 24.42665, 0.77657],
				"rotation": [19.90835, -7.75772, 7.83]
			},
			{
				"name": "308a303f_2cb2_4d5c_a30d_696c4b1c2511",
				"parent": "d1f30839_d458_4628_be13_ff4d63407c97",
				"pivot": [-1.8, 26.22665, 0.77657],
				"rotation": [13.50835, 7.24228, -13.04]
			},
			{
				"name": "5436272d_1f4c_4e21_b7b1_900f2a00daf7",
				"parent": "308a303f_2cb2_4d5c_a30d_696c4b1c2511",
				"pivot": [-1.8, 24.42665, 0.77657],
				"rotation": [19.90835, 7.24228, -7.83]
			},
			{
				"name": "ce4abb0b_c4e2_4b93_b625_ea8cb144c93f",
				"parent": "62a65344_06ad_4463_8fac_204d6a437941",
				"pivot": [1.8, 26.22665, 0.77657],
				"rotation": [0, 89.99809, 0],
				"mirror": true,
				"cubes": [
					{"origin": [0.3, 24.72665, 0.77657], "size": [3, 3, 1], "uv": [72, 18]}
				]
			},
			{
				"name": "e678d4d4_c454_478e_89c2_4a9716236f21",
				"parent": "ce4abb0b_c4e2_4b93_b625_ea8cb144c93f",
				"pivot": [1.8, 26.22665, 0.77657],
				"rotation": [13.50835, 8.0148, -25]
			},
			{
				"name": "bfec7481_f7a9_4772_a8c5_60b6011313db",
				"parent": "e678d4d4_c454_478e_89c2_4a9716236f21",
				"pivot": [1.8, 24.42665, 0.77657],
				"rotation": [19.90835, 8.0148, -7.83]
			},
			{
				"name": "216f8d47_e4e0_4f0d_8817_704ec27b415d",
				"parent": "ce4abb0b_c4e2_4b93_b625_ea8cb144c93f",
				"pivot": [1.8, 26.22665, 0.77657],
				"rotation": [13.50835, -6.9852, 13.04]
			},
			{
				"name": "f9ac771e_cbf5_497b_a672_33782598981c",
				"parent": "216f8d47_e4e0_4f0d_8817_704ec27b415d",
				"pivot": [1.8, 24.42665, 0.77657],
				"rotation": [19.90835, -6.9852, 7.83]
			},
			{
				"name": "3d4855a5_eff0_4843_8c7c_feca16c12abe",
				"parent": "62a65344_06ad_4463_8fac_204d6a437941",
				"pivot": [0, 23.75164, 0.01157],
				"cubes": [
					{"origin": [-4.5, 27.75164, 4.01157], "size": [3, 3, 1], "uv": [64, 30]}
				]
			},
			{
				"name": "a4e49d1f_d7e5_43dd_b64e_1bf16aefbdea",
				"parent": "62a65344_06ad_4463_8fac_204d6a437941",
				"pivot": [0, 23.75164, 0.01157],
				"mirror": true,
				"cubes": [
					{"origin": [1.5, 27.75164, 4.01157], "size": [3, 3, 1], "uv": [72, 30]}
				]
			},
			{
				"name": "62253883_0223_46d7_8caa_e061aca6f8b0",
				"parent": "62a65344_06ad_4463_8fac_204d6a437941",
				"pivot": [0, 19.47665, 0.01157],
				"cubes": [
					{"origin": [-2, 32.67664, 3.01157], "size": [4, 4, 2], "uv": [68, 24]}
				]
			},
			{
				"name": "ddba9027_806f_477e_bdfe_95609b1edb57",
				"parent": "62a65344_06ad_4463_8fac_204d6a437941",
				"pivot": [-2.025, 26.58665, 0.86657],
				"cubes": [
					{"origin": [-4.025, 17.08665, -0.13343], "size": [2, 10, 2], "uv": [96, 20]}
				]
			},
			{
				"name": "ecca2a02_2123_47f8_80b5_961c52f8e1f3",
				"parent": "ddba9027_806f_477e_bdfe_95609b1edb57",
				"pivot": [-2.475, 22.31165, 1.31657],
				"rotation": [-2.5871, 0, 0],
				"cubes": [
					{"origin": [-3.475, 12.31165, -0.68343], "size": [2, 10, 2], "uv": [104, 20]}
				]
			},
			{
				"name": "ad1824ae_8a68_4dc4_81fe_56886c5ee0fb",
				"parent": "62a65344_06ad_4463_8fac_204d6a437941",
				"pivot": [2.025, 26.58665, 0.86657],
				"mirror": true,
				"cubes": [
					{"origin": [2.025, 17.08665, -0.13343], "size": [2, 10, 2], "uv": [112, 20]}
				]
			},
			{
				"name": "e8bf58fe_78af_4bd7_8341_cd723b5b92d6",
				"parent": "ad1824ae_8a68_4dc4_81fe_56886c5ee0fb",
				"pivot": [2.475, 22.31165, 1.31657],
				"rotation": [-2.5871, 0, 0],
				"mirror": true,
				"cubes": [
					{"origin": [1.475, 12.31165, -0.68343], "size": [2, 10, 2], "uv": [120, 20]}
				]
			},
			{
				"name": "f15db705_dc9f_4422_b1e0_f01c4e96fdeb",
				"parent": "62a65344_06ad_4463_8fac_204d6a437941",
				"pivot": [-1.35, 26.58665, 2.26157],
				"cubes": [
					{"origin": [-2.35, 17.08665, 1.76157], "size": [2, 10, 2], "uv": [96, 32]}
				]
			},
			{
				"name": "29e89d87_da31_425c_a9ca_122827427fb6",
				"parent": "f15db705_dc9f_4422_b1e0_f01c4e96fdeb",
				"pivot": [-1.35, 22.31165, 2.93657],
				"rotation": [-2.5871, 0, 0],
				"cubes": [
					{"origin": [-2.35, 12.31165, 0.93657], "size": [2, 10, 2], "uv": [104, 32]}
				]
			},
			{
				"name": "a2ded11b_e56d_4cdc_b698_6fa21055c9d2",
				"parent": "62a65344_06ad_4463_8fac_204d6a437941",
				"pivot": [1.35, 26.58665, 2.26157],
				"mirror": true,
				"cubes": [
					{"origin": [0.35, 17.08665, 1.76157], "size": [2, 10, 2], "uv": [112, 32]}
				]
			},
			{
				"name": "634b6015_ba49_40e0_a5bf_ac2ba24ffe44",
				"parent": "a2ded11b_e56d_4cdc_b698_6fa21055c9d2",
				"pivot": [1.35, 22.31165, 2.93657],
				"rotation": [-2.5871, 0, 0],
				"mirror": true,
				"cubes": [
					{"origin": [0.35, 12.31165, 0.93657], "size": [2, 10, 2], "uv": [120, 32]}
				]
			},
			{
				"name": "8b2427df_1acc_4380_a1e9_fec3c5e589a5",
				"parent": "62a65344_06ad_4463_8fac_204d6a437941",
				"pivot": [-1.575, 27.35165, 0.86657],
				"cubes": [
					{"origin": [-5.575, 24.35165, -0.13343], "size": [4, 3, 2], "uv": [104, 44], "inflate": 0.1}
				]
			},
			{
				"name": "3c6ea3ca_f1c4_4e3e_994a_494ff6ec583c",
				"parent": "62a65344_06ad_4463_8fac_204d6a437941",
				"pivot": [1.575, 27.35165, 0.86657],
				"mirror": true,
				"cubes": [
					{"origin": [1.575, 24.35165, -0.13343], "size": [4, 3, 2], "uv": [116, 44], "inflate": 0.1}
				]
			},
			{
				"name": "9b9e7bbe_52ef_40db_bf71_731a51fbacaa",
				"parent": "62a65344_06ad_4463_8fac_204d6a437941",
				"pivot": [1.35, 27.35165, 1.58657],
				"rotation": [0, -89.99809, 0],
				"mirror": true,
				"cubes": [
					{"origin": [1.35, 24.35165, 0.58657], "size": [4, 3, 2], "uv": [116, 49], "inflate": 0.1}
				]
			},
			{
				"name": "8792eaa4_3653_4b73_8cc7_854740eb02d5",
				"parent": "62a65344_06ad_4463_8fac_204d6a437941",
				"pivot": [-1.35, 27.35165, 1.58657],
				"rotation": [0, 89.99809, 0],
				"cubes": [
					{"origin": [-5.35, 24.35165, 0.58657], "size": [4, 3, 2], "uv": [104, 49], "inflate": 0.1}
				]
			},
			{
				"name": "fcdd0212_eb69_4a23_8ede_33148dc9fc7d",
				"parent": "62a65344_06ad_4463_8fac_204d6a437941",
				"pivot": [0, 26.81165, 1.81157],
				"cubes": [
					{"origin": [-1.5, 25.31165, 1.81157], "size": [3, 3, 3], "uv": [78, 19]}
				]
			},
			{
				"name": "52e62454_5dfa_43a2_a3aa_69df4a9be382",
				"parent": "62a65344_06ad_4463_8fac_204d6a437941",
				"pivot": [0, 26.13664, 1.81157],
				"cubes": [
					{"origin": [-1.5, 17.13664, 1.81157], "size": [3, 9, 3], "uv": [68, 34]}
				]
			},
			{
				"name": "edfcc147_0aed_4d6f_bf61_bbb69643ca49",
				"parent": "52e62454_5dfa_43a2_a3aa_69df4a9be382",
				"pivot": [0, 22.08665, 3.16157],
				"rotation": [-2.5871, 0, 0],
				"cubes": [
					{"origin": [-1.5, 13.08665, 0.16157], "size": [3, 9, 3], "uv": [68, 46]}
				]
			},
			{
				"name": "213c6039_36e0_42ec_9aad_d9e14cee0fa4",
				"parent": "62a65344_06ad_4463_8fac_204d6a437941",
				"pivot": [1.3275, 26.11415, -1.11343],
				"rotation": [10.43, 13.04, -12.76527],
				"mirror": true,
				"cubes": [
					{"origin": [-0.1725, 25.11415, -1.11343], "size": [5, 3, 2], "uv": [14, 61], "inflate": -0.01}
				]
			},
			{
				"name": "d7997f5e_cc71_426e_81c7_03c53015e020",
				"parent": "213c6039_36e0_42ec_9aad_d9e14cee0fa4",
				"pivot": [1.6875, 26.47415, -1.11343],
				"rotation": [-2.5, 7.5, -13.04],
				"mirror": true,
				"cubes": [
					{"origin": [0.4875, 25.27415, -1.71343], "size": [2, 2, 2], "uv": [26, 64]}
				]
			},
			{
				"name": "857ed994_a0b8_4268_be7b_0d14efc04a6a",
				"parent": "213c6039_36e0_42ec_9aad_d9e14cee0fa4",
				"pivot": [2.9025, 27.01415, -1.11343],
				"rotation": [0, 0, -57.5],
				"mirror": true,
				"cubes": [
					{"origin": [-2.0975, 27.01415, -1.11343], "size": [5, 3, 2], "uv": [14, 66]}
				]
			},
			{
				"name": "4978798b_303a_4a3e_a83f_cb378a4a67c3",
				"parent": "62a65344_06ad_4463_8fac_204d6a437941",
				"pivot": [-1.3275, 26.11415, -1.11343],
				"rotation": [10.43, -13.04, 12.76527],
				"cubes": [
					{"origin": [-4.8275, 25.11415, -1.11343], "size": [5, 3, 2], "uv": [0, 61], "inflate": -0.01}
				]
			},
			{
				"name": "dac35106_6f8f_421e_bf9a_09ba90192a0c",
				"parent": "4978798b_303a_4a3e_a83f_cb378a4a67c3",
				"pivot": [-1.6875, 26.47415, -1.11343],
				"rotation": [-2.5, 7.5, 13.04],
				"cubes": [
					{"origin": [-2.4875, 25.27415, -1.71343], "size": [2, 2, 2], "uv": [20, 56]}
				]
			},
			{
				"name": "6079f810_e6b1_49ff_a04b_6b1a708aa91f",
				"parent": "4978798b_303a_4a3e_a83f_cb378a4a67c3",
				"pivot": [-2.9025, 27.01415, -1.11343],
				"rotation": [0, 0, 57.5],
				"cubes": [
					{"origin": [-2.9025, 27.01415, -1.11343], "size": [5, 3, 2], "uv": [0, 66]}
				]
			},
			{
				"name": "2f83e048_d8b7_4413_b7d7_5706a90046c0",
				"parent": "62a65344_06ad_4463_8fac_204d6a437941",
				"pivot": [-1.125, 26.49665, -0.88843],
				"rotation": [7.72894, 0, -14],
				"cubes": [
					{"origin": [-2.625, 26.29665, -1.38843], "size": [3, 5, 2], "uv": [31, 81]}
				]
			},
			{
				"name": "aa231a5f_e4cf_4a41_a868_794af81b0d00",
				"parent": "2f83e048_d8b7_4413_b7d7_5706a90046c0",
				"pivot": [-1.125, 28.74665, -0.88843],
				"rotation": [13.04, 0, 0],
				"cubes": [
					{"origin": [-2.625, 28.24665, -1.38843], "size": [3, 5, 2], "uv": [31, 74]}
				]
			},
			{
				"name": "bc0971cd_7c1b_4970_a627_5379170448b3",
				"parent": "62a65344_06ad_4463_8fac_204d6a437941",
				"pivot": [1.125, 26.49665, -0.88843],
				"rotation": [7.72894, 0, 14],
				"cubes": [
					{"origin": [-0.375, 26.29665, -1.38843], "size": [3, 5, 2], "uv": [41, 81]}
				]
			},
			{
				"name": "04f785e6_8fa7_4e87_a9cd_6b8a863fac3c",
				"parent": "bc0971cd_7c1b_4970_a627_5379170448b3",
				"pivot": [1.125, 28.74665, -0.88843],
				"rotation": [13.04, 0, 0],
				"cubes": [
					{"origin": [-0.375, 28.24665, -1.38843], "size": [3, 5, 2], "uv": [41, 74]}
				]
			},
			{
				"name": "_bink",
				"parent": "head",
				"pivot": [0, 23.07665, 0.01157],
				"cubes": [
					{"origin": [-4, 23.07665, -3.98843], "size": [8, 8, 0], "uv": [0, 0], "inflate": 0.001}
				]
			},
			{
				"name": "armLeft",
				"pivot": [1.76198, 21.74576, 0.48221],
				"rotation": [2.693, 0, -10.57816],
				"mirror": true,
				"cubes": [
					{"origin": [1.26198, 16.34576, -0.51779], "size": [2, 6, 2], "uv": [8, 16], "inflate": -0.2}
				]
			},
			{
				"name": "ee5c4570_c69c_41f6_a613_ac1cfbab6eef",
				"parent": "armLeft",
				"pivot": [2.04166, 17.88811, 0.86797],
				"rotation": [-5.72958, 0, -18],
				"mirror": true,
				"cubes": [
					{"origin": [1.04166, 10.88811, -0.63203], "size": [2, 7, 2], "uv": [8, 24], "inflate": -0.25}
				]
			},
			{
				"name": "4356c078_cdff_45ef_aeea_79891abbc64b",
				"parent": "ee5c4570_c69c_41f6_a613_ac1cfbab6eef",
				"pivot": [1.76198, 14.14619, 0.09644]
			},
			{
				"name": "40c9273c_da9c_415c_aedb_a3ed41c6a594",
				"parent": "ee5c4570_c69c_41f6_a613_ac1cfbab6eef",
				"pivot": [3.99942, 9.40128, 5.49715],
				"rotation": [-44.82822, 0, 0]
			},
			{
				"name": "858c283c_e1a2_4174_89df_16a22fc86a48",
				"parent": "armLeft",
				"pivot": [1.76198, 21.74576, 0.48221],
				"rotation": [0, 0, -20],
				"cubes": [
					{"origin": [-0.53802, 17.99576, -1.01779], "size": [4, 5, 4], "uv": [112, 81]}
				]
			},
			{
				"name": "armLeftPositioningBone",
				"parent": "armLeft",
				"pivot": [3.51198, 12.49576, -0.26779]
			},
			{
				"name": "armRight",
				"pivot": [-1.76198, 21.74576, 0.48221],
				"rotation": [3.03657, 0, 10.57816],
				"cubes": [
					{"origin": [-3.26198, 16.34576, -0.51779], "size": [2, 6, 2], "uv": [0, 16], "inflate": -0.2}
				]
			},
			{
				"name": "c8d9966f_a59e_4ecf_b65f_6c49833119db",
				"parent": "armRight",
				"pivot": [-2.04166, 17.88811, 0.86797],
				"rotation": [-5.72958, 0, 18],
				"cubes": [
					{"origin": [-3.04166, 10.88811, -0.63203], "size": [2, 7, 2], "uv": [0, 24], "inflate": -0.25}
				]
			},
			{
				"name": "533fa13d_9b32_4df3_bec2_182fe86a3806",
				"parent": "c8d9966f_a59e_4ecf_b65f_6c49833119db",
				"pivot": [-1.76198, 14.14619, 0.09644]
			},
			{
				"name": "be350cc6_e9e3_428c_b109_577b74e656fb",
				"parent": "c8d9966f_a59e_4ecf_b65f_6c49833119db",
				"pivot": [-3.99942, 9.40128, 5.49715],
				"rotation": [-45.17178, 0, 0]
			},
			{
				"name": "4d3d8375_7a47_4e2e_a63e_696d025109dd",
				"parent": "armRight",
				"pivot": [-1.76198, 21.74576, 0.48221],
				"rotation": [0, 0, 20],
				"cubes": [
					{"origin": [-3.46198, 17.99576, -1.01779], "size": [4, 5, 4], "uv": [96, 81]}
				]
			},
			{
				"name": "armRightPositioningBone",
				"parent": "armRight",
				"pivot": [-3.51198, 12.49576, -0.26779]
			},
			{
				"name": "body",
				"pivot": [0, 13.91473, 0],
				"rotation": [-0.08591, 0, 0],
				"cubes": [
					{"origin": [0, 13.91473, 0], "size": [0, 0, 0], "uv": [0, 0]}
				]
			},
			{
				"name": "97af2662_4f39_4813_8aed_31acd5ddaef5",
				"parent": "body",
				"pivot": [0, 14.87914, 0],
				"cubes": [
					{"origin": [0, 14.87914, 0], "size": [0, 0, 0], "uv": [0, 0]}
				]
			},
			{
				"name": "ff42c24a_a76a_4c50_85dc_1a5283a53b98",
				"parent": "97af2662_4f39_4813_8aed_31acd5ddaef5",
				"pivot": [0, 13.43253, -0.77153],
				"rotation": [4.53, -5, 25],
				"cubes": [
					{"origin": [-3, 13.43253, -1.27153], "size": [3, 3, 2], "uv": [6, 50]}
				]
			},
			{
				"name": "568cac70_bfc3_4642_ba1d_e84ae6eef689",
				"parent": "97af2662_4f39_4813_8aed_31acd5ddaef5",
				"pivot": [0, 13.43253, -0.77153],
				"rotation": [4.53, 5, -25],
				"mirror": true,
				"cubes": [
					{"origin": [0, 13.43253, -1.27153], "size": [3, 3, 2], "uv": [20, 50]}
				]
			},
			{
				"name": "323d7aa8_3ba3_44ba_8a93_a156ebb8e81a",
				"parent": "97af2662_4f39_4813_8aed_31acd5ddaef5",
				"pivot": [-1.44662, 14.87914, 1.30196],
				"rotation": [13, -7.55, 16],
				"cubes": [
					{"origin": [-2.84662, 13.87914, -0.09804], "size": [3, 2, 2], "uv": [44, 24]}
				]
			},
			{
				"name": "1e5f5b75_a07f_4c3d_a006_3401d62ad598",
				"parent": "97af2662_4f39_4813_8aed_31acd5ddaef5",
				"pivot": [1.44662, 14.87914, 1.30196],
				"rotation": [13, 7.55, -16],
				"mirror": true,
				"cubes": [
					{"origin": [-0.15338, 13.87914, -0.09804], "size": [3, 2, 2], "uv": [54, 24]}
				]
			},
			{
				"name": "5572bcb8_9118_46fd_a7ef_734d704a931d",
				"parent": "97af2662_4f39_4813_8aed_31acd5ddaef5",
				"pivot": [0, 13.80473, 0.47787],
				"rotation": [-1.5871, 0, 0],
				"cubes": [
					{"origin": [0, 13.80473, 0.47787], "size": [0, 0, 0], "uv": [0, 0]}
				]
			},
			{
				"name": "40b5bff8_edbd_4a78_9a4a_4f38c9525a4b",
				"parent": "97af2662_4f39_4813_8aed_31acd5ddaef5",
				"pivot": [-2.89324, 14.68626, -0.28932],
				"rotation": [-7.8, -13.1182, 120],
				"cubes": [
					{"origin": [-6.89324, 14.58626, -0.98932], "size": [4, 2, 2], "uv": [32, 20]}
				]
			},
			{
				"name": "c927c221_331c_4602_9976_fa6906d16350",
				"parent": "97af2662_4f39_4813_8aed_31acd5ddaef5",
				"pivot": [2.89324, 14.68626, -0.28932],
				"rotation": [-7.8, 13.12, -120],
				"mirror": true,
				"cubes": [
					{"origin": [2.89324, 14.58626, -0.98932], "size": [4, 2, 2], "uv": [44, 20]}
				]
			},
			{
				"name": "c75e383e_dd6d_4eea_939c_33b1906bf470",
				"parent": "97af2662_4f39_4813_8aed_31acd5ddaef5",
				"pivot": [0, 17.48306, -1.78416],
				"rotation": [7.48929, 0, 0],
				"cubes": [
					{"origin": [-1.5, 14.58306, -1.78416], "size": [3, 3, 2], "uv": [16, 26]}
				]
			},
			{
				"name": "3ed2f13a_8763_4d0b_9748_0cd72e2203d0",
				"parent": "97af2662_4f39_4813_8aed_31acd5ddaef5",
				"pivot": [0, 15.84356, 1.25374],
				"rotation": [30.3, 0, 0],
				"cubes": [
					{"origin": [-1.5, 15.04356, 0.35374], "size": [3, 4, 1], "uv": [8, 33]}
				]
			},
			{
				"name": "8f0fa38d_a173_4600_baf6_223533bdd1da",
				"parent": "97af2662_4f39_4813_8aed_31acd5ddaef5",
				"pivot": [0, 16.08466, 0.91619],
				"rotation": [-5, 0, 0],
				"cubes": [
					{"origin": [0, 16.08466, 0.91619], "size": [0, 0, 0], "uv": [0, 0]}
				]
			},
			{
				"name": "035527ee_5db1_4db8_ae87_da97e95b247b",
				"parent": "8f0fa38d_a173_4600_baf6_223533bdd1da",
				"pivot": [0, 16.08466, 0.91619],
				"rotation": [-1.4318, -0.1144, 0],
				"cubes": [
					{"origin": [-0.5, 15.58466, 0.86619], "size": [1, 1, 3], "uv": [0, 107]}
				]
			},
			{
				"name": "a98ed11d_7889_4ea5_9038_46507a62796a",
				"parent": "035527ee_5db1_4db8_ae87_da97e95b247b",
				"pivot": [0, 16.08466, 3.32722],
				"rotation": [-1.4318, -0.1144, 0],
				"cubes": [
					{"origin": [-0.5, 15.58466, 3.17722], "size": [1, 1, 3], "uv": [0, 111]}
				]
			},
			{
				"name": "b60814aa_6eb3_4498_ae2f_57fe764a3935",
				"parent": "a98ed11d_7889_4ea5_9038_46507a62796a",
				"pivot": [0, 16.08466, 5.73826],
				"rotation": [24.84984, 1.02125, 0],
				"cubes": [
					{"origin": [-0.5, 15.58466, 5.68826], "size": [1, 1, 3], "uv": [28, 107]}
				]
			},
			{
				"name": "0c6da0ae_6f9c_418b_a4ba_f46f1551f3ca",
				"parent": "b60814aa_6eb3_4498_ae2f_57fe764a3935",
				"pivot": [0, 16.08466, 8.14929],
				"rotation": [24.84984, 1.02125, 0],
				"cubes": [
					{"origin": [-0.5, 15.58466, 8.09929], "size": [1, 1, 3], "uv": [28, 111]}
				]
			},
			{
				"name": "fd4caa4b_0088_49be_8d28_9b32aa9fe186",
				"parent": "0c6da0ae_6f9c_418b_a4ba_f46f1551f3ca",
				"pivot": [0, 16.08466, 10.56032],
				"rotation": [24.84984, 1.02125, 0],
				"cubes": [
					{"origin": [-0.5, 15.58466, 10.51032], "size": [1, 1, 3], "uv": [33, 114]}
				]
			},
			{
				"name": "d0e3a82e_0420_4a1a_97fe_ad9f272ebfa2",
				"parent": "8f0fa38d_a173_4600_baf6_223533bdd1da",
				"pivot": [0, 16.08466, 0.91619],
				"rotation": [5.75, 0, 0],
				"cubes": [
					{"origin": [-1.5, 14.58466, 1.41619], "size": [3, 3, 3], "uv": [19, 74]}
				]
			},
			{
				"name": "07b8c8cb_dccf_4510_adaa_e1efad639870",
				"parent": "8f0fa38d_a173_4600_baf6_223533bdd1da",
				"pivot": [0, 16.08466, 0.91619],
				"rotation": [18, -1.3718, 0],
				"cubes": [
					{"origin": [-1, 15.33466, 0.91619], "size": [2, 2, 3], "uv": [41, 117]}
				]
			},
			{
				"name": "53eb945f_c42a_4a71_bda0_b1c5b0667369",
				"parent": "07b8c8cb_dccf_4510_adaa_e1efad639870",
				"pivot": [0, 16.08466, 2.60391],
				"rotation": [15.65, -1.3718, 0],
				"cubes": [
					{"origin": [-1.5, 14.83466, 2.60391], "size": [3, 3, 3], "uv": [38, 111]}
				]
			},
			{
				"name": "a08ec5b1_72ca_4a2e_a0c2_b88de99bf9a5",
				"parent": "53eb945f_c42a_4a71_bda0_b1c5b0667369",
				"pivot": [0, 16.08466, 4.29164],
				"rotation": [18, -1.3718, 0],
				"cubes": [
					{"origin": [-3, 14.08466, 4.29164], "size": [6, 5, 5], "uv": [46, 118]}
				]
			},
			{
				"name": "6285f385_61c9_489c_914f_c191fe7f0283",
				"parent": "a08ec5b1_72ca_4a2e_a0c2_b88de99bf9a5",
				"pivot": [0, 16.08466, 8.14929],
				"rotation": [15, 10.31439, 0],
				"cubes": [
					{"origin": [-2, 14.58466, 7.64929], "size": [4, 4, 4], "uv": [29, 118]}
				]
			},
			{
				"name": "066b0b08_c8b3_462a_9d1f_551c7c9cb61d",
				"parent": "6285f385_61c9_489c_914f_c191fe7f0283",
				"pivot": [0, 16.56687, 10.56032],
				"rotation": [10, 10.31439, 0],
				"cubes": [
					{"origin": [-1, 15.56687, 9.06032], "size": [2, 2, 4], "uv": [52, 111]}
				]
			},
			{
				"name": "5d5f3755_ac9b_4bc1_b019_69883be6eb97",
				"parent": "066b0b08_c8b3_462a_9d1f_551c7c9cb61d",
				"pivot": [0, 16.56687, 12.00694],
				"rotation": [0, 10.31439, 0],
				"cubes": [
					{"origin": [-0.5, 16.06687, 12.00694], "size": [1, 1, 2], "uv": [48, 115]}
				]
			},
			{
				"name": "224a095d_d979_4d16_b9d1_affefb9d381e",
				"parent": "97af2662_4f39_4813_8aed_31acd5ddaef5",
				"pivot": [0, 17.82542, 0.23628],
				"rotation": [14.32394, 14.32394, -45],
				"cubes": [
					{"origin": [-0.5, 17.32542, -0.68372], "size": [1, 1, 2], "uv": [26, 86]}
				]
			},
			{
				"name": "3a6759e0_baad_4cd9_8e52_eddc623ee339",
				"parent": "224a095d_d979_4d16_b9d1_affefb9d381e",
				"pivot": [0, 17.82542, 0.64133],
				"rotation": [-2, 10, 45],
				"cubes": [
					{"origin": [-4, 15.82542, 0.64133], "size": [4, 4, 1], "uv": [0, 56]}
				]
			},
			{
				"name": "39dd1ea0_988b_4a85_8b4c_b02d7c550730",
				"parent": "224a095d_d979_4d16_b9d1_affefb9d381e",
				"pivot": [0, 17.82542, 0.64133],
				"rotation": [10, -2, -45],
				"mirror": true,
				"cubes": [
					{"origin": [-2, 13.82542, 0.64133], "size": [4, 4, 1], "uv": [10, 56]}
				]
			},
			{
				"name": "72e1b5d1_2d0e_4ef3_9e6f_53597daa6cdc",
				"parent": "224a095d_d979_4d16_b9d1_affefb9d381e",
				"pivot": [-0.17118, 17.82542, 0.87762],
				"rotation": [25, -7.83, 60]
			},
			{
				"name": "187db198_4663_4e8d_9c69_3e6ec0ba93e6",
				"parent": "72e1b5d1_2d0e_4ef3_9e6f_53597daa6cdc",
				"pivot": [-0.85592, 15.33242, 0.87762],
				"rotation": [-16, 0, -10]
			},
			{
				"name": "fb6bc708_32f0_4bf8_86ff_affa6d85b7fc",
				"parent": "187db198_4663_4e8d_9c69_3e6ec0ba93e6",
				"pivot": [-0.85592, 12.83941, 0.87762],
				"rotation": [-18, 0, -4]
			},
			{
				"name": "38b3d7a7_6af8_484d_b9d0_0861585689cc",
				"parent": "224a095d_d979_4d16_b9d1_affefb9d381e",
				"pivot": [0, 17.59879, 0.87762],
				"rotation": [25, 7.83, 30]
			},
			{
				"name": "7526dcdf_8c25_4483_968b_c3b716506f69",
				"parent": "38b3d7a7_6af8_484d_b9d0_0861585689cc",
				"pivot": [0.68473, 15.10578, 0.87762],
				"rotation": [-16, 0, 10],
				"mirror": true
			},
			{
				"name": "770f219e_bace_492a_ad62_5cf95d026067",
				"parent": "7526dcdf_8c25_4483_968b_c3b716506f69",
				"pivot": [0.68473, 12.61277, 0.87762],
				"rotation": [-18, 0, 4],
				"mirror": true
			},
			{
				"name": "8d83b3bb_22d5_477a_a0c3_10375096855b",
				"parent": "97af2662_4f39_4813_8aed_31acd5ddaef5",
				"pivot": [0, 17.10019, -0.45906],
				"rotation": [13, 0, 0],
				"cubes": [
					{"origin": [-4, 15.10019, -2.70906], "size": [8, 2, 5], "uv": [0, 83], "inflate": -0.1}
				]
			},
			{
				"name": "a71be495_3d24_4435_a505_a6d1272d190d",
				"parent": "8d83b3bb_22d5_477a_a0c3_10375096855b",
				"pivot": [0, 16.42028, -0.45906],
				"rotation": [-5, 0, 0],
				"cubes": [
					{"origin": [-4.5, 14.42028, -3.15906], "size": [9, 2, 6], "uv": [0, 90], "inflate": 0.1}
				]
			},
			{
				"name": "23d8b389_f11f_4e6a_95a1_11f470e67020",
				"parent": "a71be495_3d24_4435_a505_a6d1272d190d",
				"pivot": [0, 15.51373, -0.45906],
				"rotation": [-2.214, 0, 0],
				"cubes": [
					{"origin": [-4.5, 13.51373, -3.80906], "size": [9, 2, 7], "uv": [0, 98], "inflate": 0.3}
				]
			},
			{
				"name": "ccdea594_873f_43b3_93a2_873e127adf57",
				"parent": "23d8b389_f11f_4e6a_95a1_11f470e67020",
				"pivot": [0, 14.78849, -0.45906],
				"rotation": [-2.32822, 0, 0],
				"cubes": [
					{"origin": [-5, 12.78849, -4.20906], "size": [10, 2, 8], "uv": [0, 107], "inflate": 0.1}
				]
			},
			{
				"name": "56795cde_9f79_4c9d_9d14_69a2875ddec3",
				"parent": "ccdea594_873f_43b3_93a2_873e127adf57",
				"pivot": [0, 13.70063, -0.45906],
				"rotation": [-2.41407, 0, 0],
				"cubes": [
					{"origin": [-5, 11.70063, -4.55906], "size": [10, 2, 9], "uv": [0, 117], "inflate": 0.3}
				]
			},
			{
				"name": "1cddf702_5428_4f22_bb2b_31522f51ea0e",
				"parent": "97af2662_4f39_4813_8aed_31acd5ddaef5",
				"pivot": [0, 11.98591, 0],
				"rotation": [4.52, 0, 0],
				"cubes": [
					{"origin": [-4, 11.28591, -1], "size": [8, 1, 4], "uv": [30, 64]}
				]
			},
			{
				"name": "49b092f1_012d_4645_848b_b986d3896a6c",
				"parent": "97af2662_4f39_4813_8aed_31acd5ddaef5",
				"pivot": [0, 14.39694, -0.28932],
				"rotation": [-16.68, 0, 0],
				"cubes": [
					{"origin": [-4, 11.89694, -1.28932], "size": [8, 3, 3], "uv": [0, 71]}
				]
			},
			{
				"name": "40063b92_302d_4bcd_8491_a4f9b64547d1",
				"parent": "97af2662_4f39_4813_8aed_31acd5ddaef5",
				"pivot": [1.35018, 14.39694, 0],
				"rotation": [18.26, 2.61, 52.17],
				"cubes": [
					{"origin": [1.65018, 14.39694, -1], "size": [3, 2, 3], "uv": [49, 69]}
				]
			},
			{
				"name": "aaf0b2c1_bbea_46d4_98b1_174b8b9f7d5b",
				"parent": "97af2662_4f39_4813_8aed_31acd5ddaef5",
				"pivot": [1.44662, 14.68626, 0.77153],
				"rotation": [-20.87, -18.26, 54.78],
				"cubes": [
					{"origin": [1.74662, 14.68626, -0.72847], "size": [3, 2, 3], "uv": [61, 69]}
				]
			},
			{
				"name": "c8d4bedc_a70f_4326_ba9f_d335bfc7b631",
				"parent": "97af2662_4f39_4813_8aed_31acd5ddaef5",
				"pivot": [-1.35018, 14.39694, 0],
				"rotation": [18.26, -2.61, -52.17],
				"cubes": [
					{"origin": [-4.65018, 14.39694, -1], "size": [3, 2, 3], "uv": [25, 69]}
				]
			},
			{
				"name": "ffcfe9c8_faaa_4531_bf5c_773ebb327c2f",
				"parent": "97af2662_4f39_4813_8aed_31acd5ddaef5",
				"pivot": [-1.44662, 14.68626, 0.77153],
				"rotation": [-20.87, 18.26, -54.78],
				"cubes": [
					{"origin": [-4.74662, 14.68626, -0.72847], "size": [3, 2, 3], "uv": [37, 69]}
				]
			},
			{
				"name": "a667eaa0_c9b6_4038_b017_2a4ab5a74c40",
				"parent": "97af2662_4f39_4813_8aed_31acd5ddaef5",
				"pivot": [0, 13.43253, 0.28932],
				"rotation": [-28.7, 0, 0],
				"cubes": [
					{"origin": [-4, 13.43253, 0.28932], "size": [8, 2, 3], "uv": [0, 77]}
				]
			},
			{
				"name": "8994c5f7_b60e_482e_bf1e_86d852da8f23",
				"parent": "97af2662_4f39_4813_8aed_31acd5ddaef5",
				"pivot": [0, 14.39694, 0.48221],
				"rotation": [-44.7, 0, 0],
				"cubes": [
					{"origin": [-3.5, 15.39694, 0.48221], "size": [7, 1, 3], "uv": [50, 64]}
				]
			},
			{
				"name": "4c9effea_d710_4a66_8f2a_d4fbe89e9f8f",
				"parent": "body",
				"pivot": [0, 17.19374, -0.19288],
				"cubes": [
					{"origin": [0, 17.19374, -0.19288], "size": [0, 0, 0], "uv": [0, 0]}
				]
			},
			{
				"name": "03d621cb_aa08_4af6_8471_c5489dd5e2bb",
				"parent": "4c9effea_d710_4a66_8f2a_d4fbe89e9f8f",
				"pivot": [0, 14.87915, 0.28932],
				"cubes": [
					{"origin": [0, 14.87915, 0.28932], "size": [0, 0, 0], "uv": [0, 0]}
				]
			},
			{
				"name": "e239847b_1794_481a_87e5_cad3f156e594",
				"parent": "03d621cb_aa08_4af6_8471_c5489dd5e2bb",
				"pivot": [0, 17.29018, -0.09644],
				"rotation": [-0.69, 0, 0],
				"cubes": [
					{"origin": [-1.5, 17.49018, -1.89644], "size": [3, 2, 2], "uv": [30, 27], "inflate": 0.01}
				]
			},
			{
				"name": "30ff2313_196b_44d7_8dbc_c670a6e2691d",
				"parent": "03d621cb_aa08_4af6_8471_c5489dd5e2bb",
				"pivot": [0.57865, 20.95495, 0.38577],
				"rotation": [-11.94, 0.83, -9.01],
				"cubes": [
					{"origin": [-1.92135, 17.95495, -1.11423], "size": [2, 3, 2], "uv": [16, 21]}
				]
			},
			{
				"name": "c66d20b9_0d7f_4984_aaab_f9ac57114b61",
				"parent": "03d621cb_aa08_4af6_8471_c5489dd5e2bb",
				"pivot": [-0.57865, 20.95495, 0.38577],
				"rotation": [-11.94078, -0.83, 9.01],
				"mirror": true,
				"cubes": [
					{"origin": [-0.07865, 17.95495, -1.11423], "size": [2, 3, 2], "uv": [24, 21]}
				]
			},
			{
				"name": "20ab4fc5_938d_42a8_b30f_b5de41c0ddb1",
				"parent": "03d621cb_aa08_4af6_8471_c5489dd5e2bb",
				"pivot": [-1.1573, 21.14783, -0.91619],
				"rotation": [-55.17178, 6, 0],
				"mirror": true,
				"cubes": [
					{"origin": [-1.8573, 18.64783, -1.46619], "size": [2, 3, 2], "uv": [16, 16]}
				]
			},
			{
				"name": "161f7245_dece_415c_91dc_4914078e67c2",
				"parent": "03d621cb_aa08_4af6_8471_c5489dd5e2bb",
				"pivot": [1.1573, 21.14783, -0.91619],
				"rotation": [-55.17178, -6, 0],
				"cubes": [
					{"origin": [-0.1427, 18.64783, -1.46619], "size": [2, 3, 2], "uv": [24, 16]}
				]
			},
			{
				"name": "d31830ea_88e8_4cff_b7cf_196c431de51d",
				"parent": "03d621cb_aa08_4af6_8471_c5489dd5e2bb",
				"pivot": [0.74935, 21.50196, -0.41007],
				"rotation": [-55.40513, -5, 0],
				"cubes": [
					{"origin": [-0.75065, 18.50196, -1.66007], "size": [3, 3, 3], "uv": [27, 89], "inflate": -0.2},
					{"origin": [-0.75065, 18.50196, -1.66007], "size": [3, 3, 3], "uv": [39, 89], "inflate": -0.4}
				]
			},
			{
				"name": "ad9eb4bd_ae28_4011_a733_de5332290a67",
				"parent": "03d621cb_aa08_4af6_8471_c5489dd5e2bb",
				"pivot": [-0.74935, 21.50196, -0.41007],
				"rotation": [-55.40513, 5, 0],
				"mirror": true,
				"cubes": [
					{"origin": [-2.24935, 18.50196, -1.66007], "size": [3, 3, 3], "uv": [27, 95], "inflate": -0.2},
					{"origin": [-2.24935, 18.50196, -1.66007], "size": [3, 3, 3], "uv": [39, 95], "inflate": -0.4}
				]
			},
			{
				"name": "640927b9_c051_46b1_a331_edb7e0b5fd87",
				"parent": "03d621cb_aa08_4af6_8471_c5489dd5e2bb",
				"pivot": [0, 22.44979, 0.23883],
				"rotation": [0.18282, 0, 0],
				"cubes": [
					{"origin": [-1, 20.94978, -0.76117], "size": [2, 4, 2], "uv": [28, 41], "inflate": -0.2}
				]
			},
			{
				"name": "3e69c565_0b1b_44f4_9a2d_7e5de203544f",
				"parent": "03d621cb_aa08_4af6_8471_c5489dd5e2bb",
				"pivot": [0, 19.99053, -0.09644],
				"rotation": [-2.04, 0, 0],
				"cubes": [
					{"origin": [-2, 20.29053, -0.99644], "size": [4, 2, 2], "uv": [48, 28]}
				]
			},
			{
				"name": "c13f6151_b813_4182_b8bf_366fd87947c1",
				"parent": "03d621cb_aa08_4af6_8471_c5489dd5e2bb",
				"pivot": [0, 19.70121, -1.73594],
				"rotation": [-17, 0, 0],
				"cubes": [
					{"origin": [-1.5, 19.40121, -1.74594], "size": [3, 3, 1], "uv": [56, 20], "inflate": 0.02}
				]
			},
			{
				"name": "e57491b8_c5c2_48b2_9571_3ce4ff9ecea0",
				"parent": "03d621cb_aa08_4af6_8471_c5489dd5e2bb",
				"pivot": [0, 22.11224, 0.28932],
				"cubes": [
					{"origin": [-4.5, 17.11224, -1.71068], "size": [9, 5, 4], "uv": [102, 54]}
				]
			},
			{
				"name": "fbb385d0_3588_40f6_be25_932a297b480c",
				"parent": "e57491b8_c5c2_48b2_9571_3ce4ff9ecea0",
				"pivot": [0, 21.63004, 0.28932],
				"rotation": [-17.35, 0, 0],
				"cubes": [
					{"origin": [-4, 16.38004, -1.71068], "size": [8, 5, 4], "uv": [104, 63]}
				]
			},
			{
				"name": "342ea15d_881e_48ba_bcb4_f814336e728f",
				"parent": "e57491b8_c5c2_48b2_9571_3ce4ff9ecea0",
				"pivot": [0, 21.82292, 0.57865],
				"rotation": [11.14, 0, 0],
				"cubes": [
					{"origin": [-4, 16.82292, -1.22135], "size": [8, 5, 4], "uv": [104, 72]}
				]
			},
			{
				"name": "legLeft",
				"pivot": [1.68772, 14.87915, -0.00305],
				"mirror": true,
				"cubes": [
					{"origin": [0.98772, 7.67915, -1.30305], "size": [1, 7, 1], "uv": [4, 33]}
				]
			},
			{
				"name": "4b6cef34_be2f_49eb_b019_a42cfca8acf3",
				"parent": "legLeft",
				"pivot": [1.78416, 8.17648, 0.08953],
				"mirror": true,
				"cubes": [
					{"origin": [0.78416, 8.87648, -0.96047], "size": [0, 0, 0], "uv": [0, 0]}
				]
			},
			{
				"name": "0c05e9f5_60ee_44b6_83ea_7897e45e2c81",
				"parent": "4b6cef34_be2f_49eb_b019_a42cfca8acf3",
				"pivot": [2.16993, 0.84694, 0.70676],
				"mirror": true,
				"cubes": [
					{"origin": [1.06993, -0.15306, -2.29324], "size": [2, 1, 4], "uv": [36, 27]}
				]
			},
			{
				"name": "5ed6b85c_f119_4601_bead_809ae5380ddd",
				"parent": "4b6cef34_be2f_49eb_b019_a42cfca8acf3",
				"pivot": [1.78416, 8.17648, 0.08953],
				"rotation": [5, 9, -1.72],
				"mirror": true,
				"cubes": [
					{"origin": [0.78416, -0.02352, -0.96047], "size": [2, 9, 2], "uv": [14, 41], "inflate": -0.08}
				]
			},
			{
				"name": "be33c299_7f29_4ed4_a573_8059ca5a8c1d",
				"parent": "5ed6b85c_f119_4601_bead_809ae5380ddd",
				"pivot": [1.78416, 6.53698, 0.6296],
				"rotation": [26.74617, 0, 0],
				"mirror": true,
				"cubes": [
					{"origin": [0.78416, 6.13698, 0.5296], "size": [2, 2, 1], "uv": [22, 41], "inflate": -0.08}
				]
			},
			{
				"name": "3dea4c0e_27b1_449a_b1cb_0fd5e1e076f1",
				"parent": "5ed6b85c_f119_4601_bead_809ae5380ddd",
				"pivot": [1.78416, 6.77808, 0.6296],
				"rotation": [-11.18146, 0, 0],
				"mirror": true,
				"cubes": [
					{"origin": [0.78416, 1.77808, 0.6296], "size": [2, 5, 1], "uv": [22, 44], "inflate": -0.08}
				]
			},
			{
				"name": "8b498d0c_24a5_4cc0_9573_3d9ba660dc6e",
				"parent": "legLeft",
				"pivot": [0.77153, 13.57719, 0.92278],
				"rotation": [-1.1, -1.29, 5],
				"mirror": true,
				"cubes": [
					{"origin": [1.77153, 7.92719, -1.47722], "size": [1, 7, 2], "uv": [46, 32]}
				]
			},
			{
				"name": "267c074f_1b8a_4178_91df_8f513b203768",
				"parent": "legLeft",
				"pivot": [0.77153, 13.57719, 0.92278],
				"rotation": [-1.1, -1.29, 5],
				"mirror": true,
				"cubes": [
					{"origin": [1.77153, 7.92719, -1.47722], "size": [1, 7, 2], "uv": [46, 32]}
				]
			},
			{
				"name": "2324c378_d342_4c3b_ae34_1b823856ca2d",
				"parent": "legLeft",
				"pivot": [1.68772, 14.87915, -0.00305],
				"rotation": [0, 5.25, -4.83],
				"cubes": [
					{"origin": [0.38772, 7.67915, -1.30305], "size": [1, 7, 2], "uv": [40, 32]}
				]
			},
			{
				"name": "fd3da982_422a_45ae_a642_3720c7ca8953",
				"parent": "legLeft",
				"pivot": [1.3984, 9.28555, -0.69743],
				"rotation": [-10.09, -4.41, 4],
				"mirror": true,
				"cubes": [
					{"origin": [1.4984, 8.28555, -0.84743], "size": [1, 7, 2], "uv": [52, 32]}
				]
			},
			{
				"name": "6b4bbe86_48b8_478c_a1c1_757821954434",
				"parent": "legLeft",
				"pivot": [1.3984, 9.28555, -0.69743],
				"rotation": [-9.45, -2.52, -2.61],
				"mirror": true,
				"cubes": [
					{"origin": [0.9984, 8.28555, -0.84743], "size": [1, 7, 2], "uv": [58, 32]}
				]
			},
			{
				"name": "legRight",
				"pivot": [-1.68772, 14.87915, -0.00305],
				"cubes": [
					{"origin": [-2.08772, 7.67915, -1.30305], "size": [1, 7, 1], "uv": [0, 33]}
				]
			},
			{
				"name": "01fe35b9_d1cc_48fd_b807_b78f48158d1f",
				"parent": "legRight",
				"pivot": [-1.78416, 8.17648, 0.08953],
				"cubes": [
					{"origin": [-2.78416, 8.87648, -0.96047], "size": [0, 0, 0], "uv": [0, 0]}
				]
			},
			{
				"name": "e7a7fcd3_44a6_48a6_92ff_de601853cb76",
				"parent": "01fe35b9_d1cc_48fd_b807_b78f48158d1f",
				"pivot": [-2.16993, 0.84694, 0.70676],
				"cubes": [
					{"origin": [-3.06993, -0.15306, -2.29324], "size": [2, 1, 4], "uv": [22, 27]}
				]
			},
			{
				"name": "ff1f4845_41bb_43da_90fe_41c99491deb0",
				"parent": "01fe35b9_d1cc_48fd_b807_b78f48158d1f",
				"pivot": [-1.78416, 8.17648, 0.08953],
				"rotation": [5, -9, 1.72],
				"cubes": [
					{"origin": [-2.78416, -0.02352, -0.96047], "size": [2, 9, 2], "uv": [0, 41], "inflate": -0.08}
				]
			},
			{
				"name": "a8e5f9a2_a89f_4589_aaf9_b02a225678c2",
				"parent": "ff1f4845_41bb_43da_90fe_41c99491deb0",
				"pivot": [-1.78416, 6.53698, 0.6296],
				"rotation": [26.74617, 0, 0],
				"cubes": [
					{"origin": [-2.78416, 6.13698, 0.5296], "size": [2, 2, 1], "uv": [8, 41], "inflate": -0.08}
				]
			},
			{
				"name": "ad1d4c43_e4d1_4814_a485_1a386e1cca68",
				"parent": "ff1f4845_41bb_43da_90fe_41c99491deb0",
				"pivot": [-1.78416, 6.77808, 0.6296],
				"rotation": [-11.18146, 0, 0],
				"cubes": [
					{"origin": [-2.78416, 1.77808, 0.6296], "size": [2, 5, 1], "uv": [8, 44], "inflate": -0.08}
				]
			},
			{
				"name": "51e428df_72c6_4945_9ebb_23ded38b5afa",
				"parent": "legRight",
				"pivot": [-0.77153, 13.57719, 0.92278],
				"rotation": [-1.1, 1.29, -5],
				"cubes": [
					{"origin": [-2.77153, 7.92719, -1.47722], "size": [1, 7, 2], "uv": [22, 32]}
				]
			},
			{
				"name": "be095e06_c53a_4b74_b87a_86c5e09b9ff6",
				"parent": "legRight",
				"pivot": [-0.77153, 13.57719, 0.92278],
				"rotation": [-1.1, 1.29, -5],
				"cubes": [
					{"origin": [-2.77153, 7.92719, -1.47722], "size": [1, 7, 2], "uv": [22, 32]}
				]
			},
			{
				"name": "61cd273b_bd3e_4fe1_b496_b4199b5bb514",
				"parent": "legRight",
				"pivot": [-1.68772, 14.87915, -0.00305],
				"rotation": [0, -5.25, 4.83],
				"cubes": [
					{"origin": [-1.38772, 7.67915, -1.30305], "size": [1, 7, 2], "uv": [16, 32]}
				]
			},
			{
				"name": "83bbf3d3_d23e_47ae_9816_617979b972a9",
				"parent": "legRight",
				"pivot": [-1.3984, 9.28555, -0.69743],
				"rotation": [-10.09, 4.41, -4],
				"cubes": [
					{"origin": [-2.4984, 8.28555, -0.84743], "size": [1, 7, 2], "uv": [28, 32]}
				]
			},
			{
				"name": "b034527f_9139_4b7c_bb61_a95b4721b267",
				"parent": "legRight",
				"pivot": [-1.3984, 9.28555, -0.69743],
				"rotation": [-9.44966, 2.52, 2.61],
				"cubes": [
					{"origin": [-1.9984, 8.28555, -0.84743], "size": [1, 7, 2], "uv": [34, 32]}
				]
			},
			{
				"name": "backpackPositioningBone",
				"pivot": [0, 21, 0]
			}
		]
	}
}