{
	"format_version": "1.10.0",
	"geometry.model": {
		"texturewidth": 128,
		"textureheight": 64,
		"visible_bounds_width": 3,
		"visible_bounds_height": 4,
		"visible_bounds_offset": [0, 1, 0],
		"bones": [
			{
				"name": "head",
				"pivot": [0, 24.46, 0.006],
				"cubes": [
					{"origin": [0, 24.46, 0.006], "size": [0, 0, 0], "uv": [0, 0]}
				]
			},
			{
				"name": "1b2217cd_c92f_49fd_8690_e8f24ab82407",
				"parent": "head",
				"pivot": [0, 24.46, 0.006],
				"cubes": [
					{"origin": [0, 27.46, 0.006], "size": [1, 1, 1], "uv": [77, 8], "inflate": -0.9},
					{"origin": [-4, 24.46, -3.994], "size": [8, 8, 8], "uv": [0, 0]},
					{"origin": [-4, 20.46, -3.994], "size": [8, 12, 8], "uv": [32, 0], "inflate": 0.3}
				]
			},
			{
				"name": "046544d9_b5d9_4140_9dac_ee9a497985f0",
				"parent": "1b2217cd_c92f_49fd_8690_e8f24ab82407",
				"pivot": [0, 26.26, 0.006]
			},
			{
				"name": "3eb357fa_b744_4368_a531_14241a40ab70",
				"parent": "1b2217cd_c92f_49fd_8690_e8f24ab82407",
				"pivot": [0, 24.46, 0.006]
			},
			{
				"name": "5dfe4cda_0ff1_4981_87ac_b0d5d0c95c9c",
				"parent": "1b2217cd_c92f_49fd_8690_e8f24ab82407",
				"pivot": [0, 24.46, 0.006]
			},
			{
				"name": "97cb17a0_e1e9_4e35_9c9e_893e4306b90f",
				"parent": "1b2217cd_c92f_49fd_8690_e8f24ab82407",
				"pivot": [0, 28.285, 1.806],
				"rotation": [5.15662, 0, 0]
			},
			{
				"name": "eb0188af_3264_43c3_a657_9c7be237a7db",
				"parent": "1b2217cd_c92f_49fd_8690_e8f24ab82407",
				"pivot": [-1.6875, 28.06, -1.821],
				"rotation": [-1.5, 7.5, 0]
			},
			{
				"name": "bdeee688_57fe_4293_8312_0491797c69de",
				"parent": "1b2217cd_c92f_49fd_8690_e8f24ab82407",
				"pivot": [1.6875, 28.06, -1.821],
				"rotation": [-1.5, -7.5, 0]
			},
			{
				"name": "e2d64044_2802_408a_b239_05258173c912",
				"parent": "1b2217cd_c92f_49fd_8690_e8f24ab82407",
				"pivot": [1.8, 28.285, 0.006],
				"rotation": [0, 0, -10.02676],
				"cubes": [
					{"origin": [1.8, 18.285, -4.994], "size": [0, 10, 10], "uv": [88, 10]}
				]
			},
			{
				"name": "ec7ee6c3_6923_4d51_9019_7e47e8a53e71",
				"parent": "1b2217cd_c92f_49fd_8690_e8f24ab82407",
				"pivot": [0, 28.285, -1.93463],
				"rotation": [-2.5, 0, 0]
			},
			{
				"name": "d792a1f5_f152_44f7_b73c_9e0e1475ac9e",
				"parent": "1b2217cd_c92f_49fd_8690_e8f24ab82407",
				"pivot": [1.575, 28.285, -1.812],
				"rotation": [-2.00535, 0, -0.09165]
			},
			{
				"name": "ef1ba9cc_ac17_493a_82b2_6c60761fefcd",
				"parent": "1b2217cd_c92f_49fd_8690_e8f24ab82407",
				"pivot": [-1.575, 28.285, -1.812],
				"rotation": [-2.00535, 0, 0.09165]
			},
			{
				"name": "cbf5f19c_51a4_4721_aca6_e66a3583ecec",
				"parent": "1b2217cd_c92f_49fd_8690_e8f24ab82407",
				"pivot": [-1.575, 28.285, -1.8345],
				"rotation": [-2.57831, -3.72423, 0]
			},
			{
				"name": "6ce50163_0583_4db2_a600_4468baa5cdef",
				"parent": "1b2217cd_c92f_49fd_8690_e8f24ab82407",
				"pivot": [1.575, 28.285, -1.8345],
				"rotation": [-2.57831, -3.72423, 0]
			},
			{
				"name": "d9c03243_9dae_4d63_8741_b548753b3465",
				"parent": "1b2217cd_c92f_49fd_8690_e8f24ab82407",
				"pivot": [-1.8, 28.285, 0.006],
				"rotation": [0, 0, 10.02676],
				"cubes": [
					{"origin": [-1.8, 18.285, -4.994], "size": [0, 10, 10], "uv": [88, 0]}
				]
			},
			{
				"name": "404675f8_73c4_4f27_abfd_be5e6cc4f7ee",
				"parent": "1b2217cd_c92f_49fd_8690_e8f24ab82407",
				"pivot": [0, 24.46, 0.006]
			},
			{
				"name": "d9f37124_c0ed_471a_9988_ad05a2964c20",
				"parent": "1b2217cd_c92f_49fd_8690_e8f24ab82407",
				"pivot": [0, 27.9025, 1.581],
				"rotation": [19.95703, 0, -0.01003],
				"cubes": [
					{"origin": [-2.5, 23.9025, 1.581], "size": [5, 5, 3], "uv": [62, 26]}
				]
			},
			{
				"name": "43662cf6_b27b_4f2a_b562_1498db81d176",
				"parent": "d9f37124_c0ed_471a_9988_ad05a2964c20",
				"pivot": [0, 25.8775, 2.256],
				"rotation": [4.98281, 0, -0.01003],
				"cubes": [
					{"origin": [-3, 21.3775, 0.256], "size": [6, 5, 4], "uv": [108, 38]}
				]
			},
			{
				"name": "05634991_1497_48b2_bf16_63802a70d49c",
				"parent": "43662cf6_b27b_4f2a_b562_1498db81d176",
				"pivot": [0, 23.8525, 2.256],
				"rotation": [-8.82149, 0, -0.05013],
				"cubes": [
					{"origin": [-4, 19.3525, 0.256], "size": [8, 5, 4], "uv": [64, 10]}
				]
			},
			{
				"name": "018a640d_afaf_401a_8d1f_456e0369c935",
				"parent": "05634991_1497_48b2_bf16_63802a70d49c",
				"pivot": [0, 21.8275, 2.256],
				"rotation": [-9.0797, 0, 3.89977],
				"cubes": [
					{"origin": [-4.5, 15.3275, 0.256], "size": [9, 7, 4], "uv": [36, 41]}
				]
			},
			{
				"name": "7c010537_6276_4d13_9e7e_2b4bb0448eca",
				"parent": "018a640d_afaf_401a_8d1f_456e0369c935",
				"pivot": [0, 18.9025, 2.256],
				"rotation": [-3.86291, 0, 3.89977],
				"cubes": [
					{"origin": [-4, 13.4025, 0.256], "size": [8, 6, 4], "uv": [64, 0]}
				]
			},
			{
				"name": "9bf84d8d_6aa3_481a_a792_39eca81fb2c6",
				"parent": "7c010537_6276_4d13_9e7e_2b4bb0448eca",
				"pivot": [0, 16.4275, 2.256],
				"rotation": [9.86716, 0, 2.92482],
				"cubes": [
					{"origin": [-3.5, 10.9275, 0.756], "size": [7, 6, 3], "uv": [108, 20]}
				]
			},
			{
				"name": "25009b6e_41ff_43f6_b72a_cf0f1fceeadb",
				"parent": "9bf84d8d_6aa3_481a_a792_39eca81fb2c6",
				"pivot": [0, 14.0425, 2.256],
				"rotation": [8.38045, 0, 1.94988],
				"cubes": [
					{"origin": [-3.5, 8.5425, 0.756], "size": [7, 6, 3], "uv": [108, 29], "inflate": -0.1}
				]
			},
			{
				"name": "7ef8cbfe_0cca_4107_a14c_910e8e8a820c",
				"parent": "d9f37124_c0ed_471a_9988_ad05a2964c20",
				"pivot": [0.675, 27.9025, 2.031],
				"rotation": [-0.02865, 0, -15.77865]
			},
			{
				"name": "0015abd6_ed65_4dd7_b1d2_62b68f96bcc2",
				"parent": "7ef8cbfe_0cca_4107_a14c_910e8e8a820c",
				"pivot": [0.675, 25.4275, 2.031],
				"rotation": [4.97135, 0, -15.77865]
			},
			{
				"name": "012f0e25_644d_45a8_978a_dbb86809d6b4",
				"parent": "0015abd6_ed65_4dd7_b1d2_62b68f96bcc2",
				"pivot": [0.675, 22.9525, 2.031],
				"rotation": [-3.02865, 0, 5.97135]
			},
			{
				"name": "8eb67c94_b580_4808_b48f_f4e58b776185",
				"parent": "012f0e25_644d_45a8_978a_dbb86809d6b4",
				"pivot": [0.675, 20.4775, 2.031],
				"rotation": [-5.55889, 0, 11.22055]
			},
			{
				"name": "89e648e8_1246_4869_a5eb_a29e16c2c78e",
				"parent": "8eb67c94_b580_4808_b48f_f4e58b776185",
				"pivot": [0.675, 18.0025, 2.031],
				"rotation": [-11.82656, 0, 14.44111]
			},
			{
				"name": "b1eaa939_9134_4645_bb8d_dd7df4e41645",
				"parent": "89e648e8_1246_4869_a5eb_a29e16c2c78e",
				"pivot": [0.675, 15.52749, 2.031],
				"rotation": [-6.09422, 0, 17.44111]
			},
			{
				"name": "ea2fe486_bdde_481f_8b00_3a2d343c3f6e",
				"parent": "b1eaa939_9134_4645_bb8d_dd7df4e41645",
				"pivot": [0.675, 13.05249, 2.031],
				"rotation": [1.32333, 0, 17.44111]
			},
			{
				"name": "f97a452a_5b75_4cd7_9b30_c0a31fe72811",
				"parent": "d9f37124_c0ed_471a_9988_ad05a2964c20",
				"pivot": [-0.675, 27.9025, 2.031],
				"rotation": [-0.02865, 0, 15.77865],
				"mirror": true
			},
			{
				"name": "b5dacf93_fed8_4e95_a896_449c287c3740",
				"parent": "f97a452a_5b75_4cd7_9b30_c0a31fe72811",
				"pivot": [-0.675, 25.4275, 2.031],
				"rotation": [4.97135, 0, 15.77865],
				"mirror": true
			},
			{
				"name": "0c5d7e15_1054_4291_99b3_c9bc534cf606",
				"parent": "b5dacf93_fed8_4e95_a896_449c287c3740",
				"pivot": [-0.675, 22.9525, 2.031],
				"rotation": [-3.02865, 0, -5.97135],
				"mirror": true
			},
			{
				"name": "94de00c7_c33e_4418_8593_f65e8ba64251",
				"parent": "0c5d7e15_1054_4291_99b3_c9bc534cf606",
				"pivot": [-0.675, 20.4775, 2.031],
				"rotation": [-5.55889, 0, -11.22055],
				"mirror": true
			},
			{
				"name": "c1a7601b_dc51_42a5_9c63_08398893e12b",
				"parent": "94de00c7_c33e_4418_8593_f65e8ba64251",
				"pivot": [-0.675, 18.0025, 2.031],
				"rotation": [-11.82656, 0, -14.44111],
				"mirror": true
			},
			{
				"name": "a72390cb_840f_410f_9c7f_c3237fe208a0",
				"parent": "c1a7601b_dc51_42a5_9c63_08398893e12b",
				"pivot": [-0.675, 15.52749, 2.031],
				"rotation": [-6.09422, 0, -17.44111],
				"mirror": true
			},
			{
				"name": "d4ac8303_b314_468f_bcb4_f3fca9664396",
				"parent": "a72390cb_840f_410f_9c7f_c3237fe208a0",
				"pivot": [-0.675, 13.05249, 2.031],
				"rotation": [1.32333, 0, -17.44111],
				"mirror": true
			},
			{
				"name": "ceed1b3e_f116_4924_9955_c20529b7cb09",
				"parent": "d9f37124_c0ed_471a_9988_ad05a2964c20",
				"pivot": [0.45, 27.9025, 2.031],
				"rotation": [9.96992, 0, -10.03008]
			},
			{
				"name": "3e9930b5_2554_4bdb_8566_2de1ec28f24e",
				"parent": "ceed1b3e_f116_4924_9955_c20529b7cb09",
				"pivot": [0.45, 25.4275, 2.031],
				"rotation": [2.96992, 0, -10.03008]
			},
			{
				"name": "7fadd880_2f16_49fd_8757_b8b116de3cf1",
				"parent": "3e9930b5_2554_4bdb_8566_2de1ec28f24e",
				"pivot": [0.45, 22.9525, 2.031],
				"rotation": [-5.03008, 0, 5.96992]
			},
			{
				"name": "4a8ef6be_ea66_4f33_b924_a76222959955",
				"parent": "7fadd880_2f16_49fd_8757_b8b116de3cf1",
				"pivot": [0.45, 20.4775, 2.031],
				"rotation": [-9.55739, 0, 11.2213]
			},
			{
				"name": "c1908392_1f9e_4c2c_9dc9_607e184580ac",
				"parent": "4a8ef6be_ea66_4f33_b924_a76222959955",
				"pivot": [0.45, 18.0025, 2.031],
				"rotation": [-6.82461, 0, 10.44261]
			},
			{
				"name": "122df68f_c61b_43e4_8d70_56957a670be0",
				"parent": "c1908392_1f9e_4c2c_9dc9_607e184580ac",
				"pivot": [0.45, 15.52749, 2.031],
				"rotation": [-1.09183, 0, 14.44261]
			},
			{
				"name": "db5cad4a_fb86_438f_a360_a94b61fbdf32",
				"parent": "122df68f_c61b_43e4_8d70_56957a670be0",
				"pivot": [0.45, 13.05249, 2.031],
				"rotation": [1.32782, 0, 8.44261]
			},
			{
				"name": "7ff9f2ed_c34e_40bc_b9f3_6fa6726bc543",
				"parent": "d9f37124_c0ed_471a_9988_ad05a2964c20",
				"pivot": [-0.45, 27.9025, 2.031],
				"rotation": [9.96992, 0, 10.03008],
				"mirror": true
			},
			{
				"name": "7ce50b02_d6db_4109_823f_9743ce0bb8cf",
				"parent": "7ff9f2ed_c34e_40bc_b9f3_6fa6726bc543",
				"pivot": [-0.45, 25.4275, 2.031],
				"rotation": [2.96992, 0, 10.03008],
				"mirror": true
			},
			{
				"name": "195f62ef_c62b_448b_a3be_52fc5fdf4b4c",
				"parent": "7ce50b02_d6db_4109_823f_9743ce0bb8cf",
				"pivot": [-0.45, 22.9525, 2.031],
				"rotation": [-5.03008, 0, -5.96992],
				"mirror": true
			},
			{
				"name": "8e80e6c1_9951_4402_8119_8e92237ea819",
				"parent": "195f62ef_c62b_448b_a3be_52fc5fdf4b4c",
				"pivot": [-0.45, 20.4775, 2.031],
				"rotation": [-9.55739, 0, -11.2213],
				"mirror": true
			},
			{
				"name": "ed83e5fb_8e28_4622_ba85_7ac18dc7f491",
				"parent": "8e80e6c1_9951_4402_8119_8e92237ea819",
				"pivot": [-0.45, 18.0025, 2.031],
				"rotation": [-6.82461, 0, -10.44261],
				"mirror": true
			},
			{
				"name": "4520177b_163c_4ea8_a162_6571940a4d19",
				"parent": "ed83e5fb_8e28_4622_ba85_7ac18dc7f491",
				"pivot": [-0.45, 15.52749, 2.031],
				"rotation": [-1.09183, 0, -14.44261],
				"mirror": true
			},
			{
				"name": "abfbaa45_157a_4da2_8f15_fbdc6020796e",
				"parent": "4520177b_163c_4ea8_a162_6571940a4d19",
				"pivot": [-0.45, 13.05249, 2.031],
				"rotation": [1.32782, 0, -8.44261],
				"mirror": true
			},
			{
				"name": "5864af9c_73bf_490b_9ab8_43ed6d535814",
				"parent": "d9f37124_c0ed_471a_9988_ad05a2964c20",
				"pivot": [-0.45, 27.9025, 2.031],
				"rotation": [-10.03223, 0, 9.96777]
			},
			{
				"name": "0f40ffca_02df_4c23_997e_43abe28d2ad8",
				"parent": "5864af9c_73bf_490b_9ab8_43ed6d535814",
				"pivot": [-0.45, 25.4275, 2.031],
				"rotation": [2.96777, 0, 15.71777]
			},
			{
				"name": "52c4d596_fc3e_4b6c_8fcd_df2f3cea3807",
				"parent": "0f40ffca_02df_4c23_997e_43abe28d2ad8",
				"pivot": [-0.45, 22.9525, 2.031],
				"rotation": [-5.03223, 0, -6.03223]
			},
			{
				"name": "e9e97fc7_89e7_41c8_89e4_dd562a7bc7cd",
				"parent": "52c4d596_fc3e_4b6c_8fcd_df2f3cea3807",
				"pivot": [-0.45, 20.4775, 2.031],
				"rotation": [4.44485, 0, -13.77757]
			},
			{
				"name": "56c2b2c5_1f91_40d5_8d56_fbf9b400730b",
				"parent": "e9e97fc7_89e7_41c8_89e4_dd562a7bc7cd",
				"pivot": [-0.45, 18.0025, 2.031],
				"rotation": [6.17831, 0, -3.55515]
			},
			{
				"name": "bca0c702_fd26_4637_8dc6_16b099b4e59f",
				"parent": "56c2b2c5_1f91_40d5_8d56_fbf9b400730b",
				"pivot": [-0.45, 15.52749, 2.031],
				"rotation": [-3.08824, 0, -9.55515]
			},
			{
				"name": "094d25f5_2ac4_45e0_b15a_d1c89f9de849",
				"parent": "bca0c702_fd26_4637_8dc6_16b099b4e59f",
				"pivot": [-0.45, 13.05249, 2.031],
				"rotation": [2.33455, 0, -3.55515]
			},
			{
				"name": "82a60f7a_515e_4d06_90e6_57fd7822d455",
				"parent": "d9f37124_c0ed_471a_9988_ad05a2964c20",
				"pivot": [0.45, 27.9025, 2.031],
				"rotation": [-10.03223, 0, -9.96777],
				"mirror": true
			},
			{
				"name": "6c8003d5_3ead_497b_a6a8_515c562de9db",
				"parent": "82a60f7a_515e_4d06_90e6_57fd7822d455",
				"pivot": [0.45, 25.4275, 2.031],
				"rotation": [2.96777, 0, -15.71777],
				"mirror": true
			},
			{
				"name": "7e76b54d_0e13_41dd_8976_29a62c263118",
				"parent": "6c8003d5_3ead_497b_a6a8_515c562de9db",
				"pivot": [0.45, 22.9525, 2.031],
				"rotation": [-5.03223, 0, 6.03223],
				"mirror": true
			},
			{
				"name": "2728f195_e215_4b20_a457_62998942f398",
				"parent": "7e76b54d_0e13_41dd_8976_29a62c263118",
				"pivot": [0.45, 20.4775, 2.031],
				"rotation": [4.44485, 0, 13.77757],
				"mirror": true
			},
			{
				"name": "3d979778_3ce7_47f3_a2c1_c835d6e69f62",
				"parent": "2728f195_e215_4b20_a457_62998942f398",
				"pivot": [0.45, 18.0025, 2.031],
				"rotation": [6.17831, 0, 3.55515],
				"mirror": true
			},
			{
				"name": "dda74a18_abb0_48d1_8ab7_2f04a10094e7",
				"parent": "3d979778_3ce7_47f3_a2c1_c835d6e69f62",
				"pivot": [0.45, 15.52749, 2.031],
				"rotation": [-3.08824, 0, 9.55515],
				"mirror": true
			},
			{
				"name": "66307600_e596_416a_ba35_b6a091f6cc64",
				"parent": "dda74a18_abb0_48d1_8ab7_2f04a10094e7",
				"pivot": [0.45, 13.05249, 2.031],
				"rotation": [2.33455, 0, 3.55515],
				"mirror": true
			},
			{
				"name": "_bink",
				"parent": "head",
				"pivot": [0, 24.46, 0.006],
				"cubes": [
					{"origin": [-4, 24.46, -3.994], "size": [8, 8, 0], "uv": [0, 0], "inflate": 0.002}
				]
			},
			{
				"name": "armLeft",
				"pivot": [1.89202, 23.29779, 0.51779],
				"rotation": [2.95072, 0, -10.58229],
				"mirror": true,
				"cubes": [
					{"origin": [1.39202, 17.89779, -0.48221], "size": [2, 6, 2], "uv": [8, 16], "inflate": -0.2}
				]
			},
			{
				"name": "7fa18b8d_2316_490b_bf93_542e42ad159b",
				"parent": "armLeft",
				"pivot": [2.19234, 19.15544, 0.93203],
				"rotation": [-5.72958, 0, -18],
				"mirror": true,
				"cubes": [
					{"origin": [1.19234, 12.15544, -0.56797], "size": [2, 7, 2], "uv": [8, 24], "inflate": -0.25}
				]
			},
			{
				"name": "8f4751c5_d84f_4431_89ab_ce99789ad4b5",
				"parent": "7fa18b8d_2316_490b_bf93_542e42ad159b",
				"pivot": [1.89202, 15.13737, 0.10356]
			},
			{
				"name": "19b1620c_0409_45d3_a1c6_dd3a69b23a4e",
				"parent": "7fa18b8d_2316_490b_bf93_542e42ad159b",
				"pivot": [4.29458, 10.04228, 5.90285],
				"rotation": [-45.08593, 0, 0]
			},
			{
				"name": "76bc7eda_dfc5_425c_bd95_50113609577b",
				"parent": "7fa18b8d_2316_490b_bf93_542e42ad159b",
				"pivot": [1.93707, 15.42733, 0.51779],
				"rotation": [0, 0, -9],
				"mirror": true,
				"cubes": [
					{"origin": [1.43707, 14.42733, -0.98221], "size": [3, 3, 3], "uv": [76, 23], "inflate": 0.03}
				]
			},
			{
				"name": "b59d4e17_3dd6_43d4_b4d5_aa8cf6f490eb",
				"parent": "76bc7eda_dfc5_425c_bd95_50113609577b",
				"pivot": [1.93707, 15.05452, 0.51779],
				"rotation": [0, 0, 12],
				"mirror": true,
				"cubes": [
					{"origin": [1.08707, 12.05452, -0.98221], "size": [4, 3, 3], "uv": [64, 19], "inflate": 0.05}
				]
			},
			{
				"name": "32d80fe5_75ab_4b8d_8d07_1d7584c19dce",
				"parent": "b59d4e17_3dd6_43d4_b4d5_aa8cf6f490eb",
				"pivot": [2.95815, 13.07862, -0.04557],
				"rotation": [-15, 0, 12],
				"mirror": true,
				"cubes": [
					{"origin": [-0.04185, 10.07862, -0.54557], "size": [4, 3, 1], "uv": [78, 19], "inflate": 0.1}
				]
			},
			{
				"name": "4a91bdd8_8ed6_4bfa_b2c3_b53077346f86",
				"parent": "32d80fe5_75ab_4b8d_8d07_1d7584c19dce",
				"pivot": [1.93707, 11.21456, -0.04557],
				"rotation": [0, 0, 12],
				"mirror": true,
				"cubes": [
					{"origin": [1.43707, 8.21456, -0.54557], "size": [3, 3, 1], "uv": [28, 47], "inflate": 0.06}
				]
			},
			{
				"name": "503d0b7a_0ffc_4b32_9ccd_3d6fe67a20f0",
				"parent": "4a91bdd8_8ed6_4bfa_b2c3_b53077346f86",
				"pivot": [2.19234, 9.72332, -0.04557],
				"rotation": [0, 0, 12],
				"mirror": true,
				"cubes": [
					{"origin": [1.69234, 6.72332, -0.54557], "size": [2, 3, 1], "uv": [58, 41], "inflate": 0.03}
				]
			},
			{
				"name": "3d938a2e_a7c5_4fa7_a88e_8618313c8c11",
				"parent": "503d0b7a_0ffc_4b32_9ccd_3d6fe67a20f0",
				"pivot": [2.19234, 7.85926, -0.04557],
				"rotation": [0, 0, 12],
				"mirror": true,
				"cubes": [
					{"origin": [1.99234, 5.85926, -0.54557], "size": [1, 2, 1], "uv": [36, 42]}
				]
			},
			{
				"name": "e08efc43_3ac2_4fe2_8474_6e227b967f4d",
				"parent": "b59d4e17_3dd6_43d4_b4d5_aa8cf6f490eb",
				"pivot": [2.95815, 13.07862, 1.08115],
				"rotation": [15, 0, 12],
				"mirror": true,
				"cubes": [
					{"origin": [-0.04185, 10.07862, 0.58115], "size": [4, 3, 1], "uv": [78, 19], "inflate": 0.1}
				]
			},
			{
				"name": "12774bb6_cd15_4b5b_aa41_0532e30c9ea4",
				"parent": "e08efc43_3ac2_4fe2_8474_6e227b967f4d",
				"pivot": [1.93707, 11.21456, 1.08115],
				"rotation": [0, 0, 12],
				"mirror": true,
				"cubes": [
					{"origin": [1.43707, 8.21456, 0.58115], "size": [3, 3, 1], "uv": [28, 47], "inflate": 0.06}
				]
			},
			{
				"name": "4316d1e2_22ab_4b9f_9f5e_3924b797ba92",
				"parent": "12774bb6_cd15_4b5b_aa41_0532e30c9ea4",
				"pivot": [2.19234, 9.72332, 1.08115],
				"rotation": [0, 0, 12],
				"mirror": true,
				"cubes": [
					{"origin": [1.69234, 6.72332, 0.58115], "size": [2, 3, 1], "uv": [58, 41], "inflate": 0.03}
				]
			},
			{
				"name": "390d1fbd_0b22_4450_a2ee_a6e3eb433a96",
				"parent": "4316d1e2_22ab_4b9f_9f5e_3924b797ba92",
				"pivot": [2.19234, 7.85926, 1.08115],
				"rotation": [0, 0, 12],
				"mirror": true,
				"cubes": [
					{"origin": [1.99234, 5.85926, 0.58115], "size": [1, 2, 1], "uv": [36, 42]}
				]
			},
			{
				"name": "1c8e22a6_4bb0_4467_96c9_f65e4621f1f5",
				"parent": "b59d4e17_3dd6_43d4_b4d5_aa8cf6f490eb",
				"pivot": [2.95815, 13.07862, 0.51779],
				"rotation": [0, 0, 12],
				"mirror": true,
				"cubes": [
					{"origin": [-0.04185, 10.07862, 0.01779], "size": [4, 3, 1], "uv": [78, 19], "inflate": 0.1}
				]
			},
			{
				"name": "fa9963fd_6ac4_4e3f_adca_1bc0b4604a65",
				"parent": "1c8e22a6_4bb0_4467_96c9_f65e4621f1f5",
				"pivot": [1.93707, 11.21456, 0.51779],
				"rotation": [0, 0, 12],
				"mirror": true,
				"cubes": [
					{"origin": [1.43707, 8.21456, 0.01779], "size": [3, 3, 1], "uv": [28, 47], "inflate": 0.06}
				]
			},
			{
				"name": "3806ef25_1985_4e7d_bd05_17fa60ce750a",
				"parent": "fa9963fd_6ac4_4e3f_adca_1bc0b4604a65",
				"pivot": [2.19234, 9.72332, 0.51779],
				"rotation": [0, 0, 12],
				"mirror": true,
				"cubes": [
					{"origin": [1.69234, 6.72332, 0.01779], "size": [2, 3, 1], "uv": [58, 41], "inflate": 0.03}
				]
			},
			{
				"name": "0f808cbe_07b1_4456_ac1d_1cc8f99c612a",
				"parent": "3806ef25_1985_4e7d_bd05_17fa60ce750a",
				"pivot": [2.19234, 7.85926, 0.51779],
				"rotation": [0, 0, 12],
				"mirror": true,
				"cubes": [
					{"origin": [1.99234, 5.85926, 0.01779], "size": [1, 2, 1], "uv": [36, 42]}
				]
			},
			{
				"name": "58665215_6d2e_4f79_9d57_9b1e737e7a75",
				"parent": "armLeft",
				"pivot": [1.89202, 23.29779, 0.51779],
				"mirror": true,
				"cubes": [
					{"origin": [1.39202, 19.89779, -0.48221], "size": [2, 4, 2], "uv": [64, 34], "inflate": -0.05}
				]
			},
			{
				"name": "f42cf4a2_8788_4fa9_89a2_2da4c3540546",
				"parent": "armLeft",
				"pivot": [1.89202, 21.80655, 0.51779],
				"rotation": [0, 0, -26.92902],
				"mirror": true,
				"cubes": [
					{"origin": [0.77202, 19.80655, -0.98221], "size": [3, 3, 3], "uv": [78, 29], "inflate": -0.16}
				]
			},
			{
				"name": "cb221c7e_7238_4e83_a68f_7f550e9b5d65",
				"parent": "armLeft",
				"pivot": [2.19234, 20.68811, 0.51779],
				"mirror": true,
				"cubes": [
					{"origin": [1.19234, 20.18811, -0.48221], "size": [2, 1, 2], "uv": [14, 53]}
				]
			},
			{
				"name": "armLeftPositioningBone",
				"parent": "armLeft",
				"pivot": [3.89202, 11.29779, -0.48221]
			},
			{
				"name": "armRight",
				"pivot": [-1.89202, 23.29779, 0.51779],
				"rotation": [2.95072, 0, 10.58229],
				"cubes": [
					{"origin": [-3.39202, 17.89779, -0.48221], "size": [2, 6, 2], "uv": [0, 16], "inflate": -0.2}
				]
			},
			{
				"name": "9f671c57_90d7_4c6a_9313_c45909aaa6c4",
				"parent": "armRight",
				"pivot": [-2.19234, 19.15544, 0.93203],
				"rotation": [-5.72958, 0, 18],
				"cubes": [
					{"origin": [-3.19234, 12.15544, -0.56797], "size": [2, 7, 2], "uv": [0, 24], "inflate": -0.25}
				]
			},
			{
				"name": "1c39c40d_70e6_47b7_b051_f0681a37a7c8",
				"parent": "9f671c57_90d7_4c6a_9313_c45909aaa6c4",
				"pivot": [-1.89202, 15.13737, 0.10356]
			},
			{
				"name": "6c5763ad_6c85_4a98_b615_718d9bf2ef62",
				"parent": "9f671c57_90d7_4c6a_9313_c45909aaa6c4",
				"pivot": [-4.29458, 10.04228, 5.90285],
				"rotation": [-45.08593, 0, 0]
			},
			{
				"name": "3f539a01_779e_4d74_b307_0e140a7163a4",
				"parent": "9f671c57_90d7_4c6a_9313_c45909aaa6c4",
				"pivot": [-1.93707, 15.42733, 0.51779],
				"rotation": [0, 0, 9],
				"cubes": [
					{"origin": [-4.43707, 14.42733, -0.98221], "size": [3, 3, 3], "uv": [76, 23], "inflate": 0.03}
				]
			},
			{
				"name": "bc2b57fd_cd4f_4630_9782_d4dcf4be313d",
				"parent": "3f539a01_779e_4d74_b307_0e140a7163a4",
				"pivot": [-1.93707, 15.05452, 0.51779],
				"rotation": [0, 0, -12],
				"cubes": [
					{"origin": [-5.08707, 12.05452, -0.98221], "size": [4, 3, 3], "uv": [64, 19], "inflate": 0.05}
				]
			},
			{
				"name": "8bfd9172_faeb_4b19_8c77_34087bd194b1",
				"parent": "bc2b57fd_cd4f_4630_9782_d4dcf4be313d",
				"pivot": [-2.95815, 13.07862, -0.04557],
				"rotation": [-15, 0, -12],
				"cubes": [
					{"origin": [-3.95815, 10.07862, -0.54557], "size": [4, 3, 1], "uv": [78, 19], "inflate": 0.1}
				]
			},
			{
				"name": "203cde7e_e894_40e2_a530_06da1d23e610",
				"parent": "8bfd9172_faeb_4b19_8c77_34087bd194b1",
				"pivot": [-1.93707, 11.21456, -0.04557],
				"rotation": [0, 0, -12],
				"cubes": [
					{"origin": [-4.43707, 8.21456, -0.54557], "size": [3, 3, 1], "uv": [28, 47], "inflate": 0.06}
				]
			},
			{
				"name": "a9c9fedf_9996_4682_a612_4de475cdf0fe",
				"parent": "203cde7e_e894_40e2_a530_06da1d23e610",
				"pivot": [-2.19234, 9.72332, -0.04557],
				"rotation": [0, 0, -12],
				"cubes": [
					{"origin": [-3.69234, 6.72332, -0.54557], "size": [2, 3, 1], "uv": [58, 41], "inflate": 0.03}
				]
			},
			{
				"name": "fba6b323_8c89_4da9_b6e4_40c9508bceb5",
				"parent": "a9c9fedf_9996_4682_a612_4de475cdf0fe",
				"pivot": [-2.19234, 7.85926, -0.04557],
				"rotation": [0, 0, -12],
				"cubes": [
					{"origin": [-2.99234, 5.85926, -0.54557], "size": [1, 2, 1], "uv": [36, 42]}
				]
			},
			{
				"name": "a7af0db4_6259_478a_a929_d44aadee9504",
				"parent": "bc2b57fd_cd4f_4630_9782_d4dcf4be313d",
				"pivot": [-2.95815, 13.07862, 0.51779],
				"rotation": [0, 0, -12],
				"cubes": [
					{"origin": [-3.95815, 10.07862, 0.01779], "size": [4, 3, 1], "uv": [78, 19], "inflate": 0.1}
				]
			},
			{
				"name": "77e270ba_29db_4f01_8bf8_c16258672f53",
				"parent": "a7af0db4_6259_478a_a929_d44aadee9504",
				"pivot": [-1.93707, 11.21456, 0.51779],
				"rotation": [0, 0, -12],
				"cubes": [
					{"origin": [-4.43707, 8.21456, 0.01779], "size": [3, 3, 1], "uv": [28, 47], "inflate": 0.06}
				]
			},
			{
				"name": "2e798f96_ba49_4c80_898e_75fd9f4b2cab",
				"parent": "77e270ba_29db_4f01_8bf8_c16258672f53",
				"pivot": [-2.19234, 9.72332, 0.51779],
				"rotation": [0, 0, -12],
				"cubes": [
					{"origin": [-3.69234, 6.72332, 0.01779], "size": [2, 3, 1], "uv": [58, 41], "inflate": 0.03}
				]
			},
			{
				"name": "fa047576_96dc_4392_bee8_37559860d5e0",
				"parent": "2e798f96_ba49_4c80_898e_75fd9f4b2cab",
				"pivot": [-2.19234, 7.85926, 0.51779],
				"rotation": [0, 0, -12],
				"cubes": [
					{"origin": [-2.99234, 5.85926, 0.01779], "size": [1, 2, 1], "uv": [36, 42]}
				]
			},
			{
				"name": "958d016e_736d_403f_8467_0609f5405017",
				"parent": "bc2b57fd_cd4f_4630_9782_d4dcf4be313d",
				"pivot": [-2.95815, 13.07862, 1.08115],
				"rotation": [15, 0, -12],
				"cubes": [
					{"origin": [-3.95815, 10.07862, 0.58115], "size": [4, 3, 1], "uv": [78, 19], "inflate": 0.1}
				]
			},
			{
				"name": "e80d3a88_a496_4b60_83de_44adf928de0b",
				"parent": "958d016e_736d_403f_8467_0609f5405017",
				"pivot": [-1.93707, 11.21456, 1.08115],
				"rotation": [0, 0, -12],
				"cubes": [
					{"origin": [-4.43707, 8.21456, 0.58115], "size": [3, 3, 1], "uv": [28, 47], "inflate": 0.06}
				]
			},
			{
				"name": "8ed950c4_26c8_4358_ab34_bb4988826c6f",
				"parent": "e80d3a88_a496_4b60_83de_44adf928de0b",
				"pivot": [-2.19234, 9.72332, 1.08115],
				"rotation": [0, 0, -12],
				"cubes": [
					{"origin": [-3.69234, 6.72332, 0.58115], "size": [2, 3, 1], "uv": [58, 41], "inflate": 0.03}
				]
			},
			{
				"name": "2175a3cf_c582_477d_8a63_123c21933660",
				"parent": "8ed950c4_26c8_4358_ab34_bb4988826c6f",
				"pivot": [-2.19234, 7.85926, 1.08115],
				"rotation": [0, 0, -12],
				"cubes": [
					{"origin": [-2.99234, 5.85926, 0.58115], "size": [1, 2, 1], "uv": [36, 42]}
				]
			},
			{
				"name": "b91bf66d_122e_4363_aabf_895a4359826b",
				"parent": "armRight",
				"pivot": [-1.89202, 23.29779, 0.51779],
				"cubes": [
					{"origin": [-3.39202, 19.89779, -0.48221], "size": [2, 4, 2], "uv": [64, 34], "inflate": -0.05}
				]
			},
			{
				"name": "4c99d5d8_1889_444c_88d2_ff7be40d3cd9",
				"parent": "armRight",
				"pivot": [-1.89202, 21.80655, 0.51779],
				"rotation": [0, 0, 26.92902],
				"cubes": [
					{"origin": [-3.77202, 19.80655, -0.98221], "size": [3, 3, 3], "uv": [78, 29], "inflate": -0.16}
				]
			},
			{
				"name": "d3b40bc6_d158_4e54_b937_5ea093277826",
				"parent": "armRight",
				"pivot": [-2.19234, 20.68811, 0.51779],
				"cubes": [
					{"origin": [-3.19234, 20.18811, -0.48221], "size": [2, 1, 2], "uv": [14, 53]}
				]
			},
			{
				"name": "armRightPositioningBone",
				"parent": "armRight",
				"pivot": [-4.89202, 11.29779, -0.48221]
			},
			{
				"name": "body",
				"pivot": [0, 14.88882, 0],
				"rotation": [-0.04297, 0, 0],
				"cubes": [
					{"origin": [0, 14.88882, 0], "size": [0, 0, 0], "uv": [0, 0]}
				]
			},
			{
				"name": "46b78178_328b_433f_92ae_a3e21c71c001",
				"parent": "body",
				"pivot": [0, 15.92441, 0],
				"cubes": [
					{"origin": [0, 15.92441, 0], "size": [0, 0, 0], "uv": [0, 0]}
				]
			},
			{
				"name": "d8f259db_bdbf_46df_9308_0de2a4d599ac",
				"parent": "46b78178_328b_433f_92ae_a3e21c71c001",
				"pivot": [0, 14.37103, -0.82847],
				"rotation": [4.53, -5, 25],
				"cubes": [
					{"origin": [-3, 14.37103, -1.32847], "size": [3, 3, 2], "uv": [6, 50]}
				]
			},
			{
				"name": "e7a971aa_e82d_4637_b838_4bd418fdca24",
				"parent": "46b78178_328b_433f_92ae_a3e21c71c001",
				"pivot": [0, 14.37103, -0.82847],
				"rotation": [4.53, 5, -25],
				"mirror": true,
				"cubes": [
					{"origin": [0, 14.37103, -1.32847], "size": [3, 3, 2], "uv": [20, 50]}
				]
			},
			{
				"name": "a653539b_4cfc_4b14_95b6_4b52bf5751aa",
				"parent": "46b78178_328b_433f_92ae_a3e21c71c001",
				"pivot": [-1.55338, 15.92441, 1.39804],
				"rotation": [13, -7.55, 16],
				"cubes": [
					{"origin": [-2.95338, 14.92441, -0.00196], "size": [3, 2, 2], "uv": [44, 24]}
				]
			},
			{
				"name": "cbe738f2_396e_41d4_88c0_48e056969681",
				"parent": "46b78178_328b_433f_92ae_a3e21c71c001",
				"pivot": [1.55338, 15.92441, 1.39804],
				"rotation": [13, 7.55, -16],
				"mirror": true,
				"cubes": [
					{"origin": [-0.04662, 14.92441, -0.00196], "size": [3, 2, 2], "uv": [54, 24]}
				]
			},
			{
				"name": "6d1eebc5_5a58_46c0_8ecb_4c3abbec41d7",
				"parent": "46b78178_328b_433f_92ae_a3e21c71c001",
				"pivot": [0, 14.77491, 0.51546],
				"rotation": [-1.59569, 0, 0],
				"cubes": [
					{"origin": [0, 14.77491, 0.51546], "size": [0, 0, 0], "uv": [0, 0]}
				]
			},
			{
				"name": "64ff86ed_0383_493c_88fb_fee721398095",
				"parent": "46b78178_328b_433f_92ae_a3e21c71c001",
				"pivot": [-3.10676, 15.7173, -0.31068],
				"rotation": [-7.8, -13.1182, 120],
				"cubes": [
					{"origin": [-7.10676, 15.61729, -1.01068], "size": [4, 2, 2], "uv": [32, 20]}
				]
			},
			{
				"name": "bc86935f_2586_44c3_a4ce_ebabc002e8e7",
				"parent": "46b78178_328b_433f_92ae_a3e21c71c001",
				"pivot": [3.10676, 15.7173, -0.31068],
				"rotation": [-7.8, 13.12, -120],
				"mirror": true,
				"cubes": [
					{"origin": [3.10676, 15.61729, -1.01068], "size": [4, 2, 2], "uv": [44, 20]}
				]
			},
			{
				"name": "432b510f_ad06_4067_93b4_68215575fe50",
				"parent": "46b78178_328b_433f_92ae_a3e21c71c001",
				"pivot": [0, 18.7205, -1.91584],
				"rotation": [7.48929, 0, 0],
				"cubes": [
					{"origin": [-1.5, 15.8205, -1.91584], "size": [3, 3, 2], "uv": [16, 26]}
				]
			},
			{
				"name": "0309a9d3_334d_459e_980f_896fb14ce231",
				"parent": "46b78178_328b_433f_92ae_a3e21c71c001",
				"pivot": [0, 16.96, 1.34626],
				"rotation": [30.3, 0, 0],
				"cubes": [
					{"origin": [-1.5, 16.16, 0.44626], "size": [3, 4, 1], "uv": [8, 33]}
				]
			},
			{
				"name": "1be0a16e_e7b8_41ba_9e1e_d1756b5da591",
				"parent": "body",
				"pivot": [0, 18.40982, -0.20712]
			},
			{
				"name": "971061ca_0263_4b40_92a5_caf948895e96",
				"parent": "1be0a16e_e7b8_41ba_9e1e_d1756b5da591",
				"pivot": [0, 15.92441, 0.31068],
				"cubes": [
					{"origin": [0, 15.92441, 0.31068], "size": [0, 0, 0], "uv": [0, 0]}
				]
			},
			{
				"name": "f6f8d195_954d_47f0_b491_b388bd47fa3a",
				"parent": "971061ca_0263_4b40_92a5_caf948895e96",
				"pivot": [0, 18.51338, -0.10356],
				"rotation": [-0.69, 0, 0],
				"cubes": [
					{"origin": [-1.5, 18.71338, -1.90356], "size": [3, 2, 2], "uv": [30, 27], "inflate": 0.01}
				]
			},
			{
				"name": "24e98ca6_c428_4cb4_a862_aab1c83f8146",
				"parent": "971061ca_0263_4b40_92a5_caf948895e96",
				"pivot": [0.62135, 22.44861, 0.41423],
				"rotation": [-11.94, 0.83, -9.01],
				"cubes": [
					{"origin": [-1.87865, 19.44861, -1.08577], "size": [2, 3, 2], "uv": [16, 21]}
				]
			},
			{
				"name": "4ae64b63_5a74_4d53_b8c9_d26fcd294215",
				"parent": "971061ca_0263_4b40_92a5_caf948895e96",
				"pivot": [-0.62135, 22.44861, 0.41423],
				"rotation": [-11.94078, -0.83, 9.01],
				"mirror": true,
				"cubes": [
					{"origin": [-0.12135, 19.44861, -1.08577], "size": [2, 3, 2], "uv": [24, 21]}
				]
			},
			{
				"name": "43638240_d02d_49a0_83b0_3ef22aedc75e",
				"parent": "971061ca_0263_4b40_92a5_caf948895e96",
				"pivot": [-1.2427, 22.65573, -0.98381],
				"rotation": [-55.08593, 6, 0],
				"mirror": true,
				"cubes": [
					{"origin": [-1.9427, 20.15573, -1.53381], "size": [2, 3, 2], "uv": [16, 16]}
				]
			},
			{
				"name": "c65a1eff_fbbf_4555_a789_012e47a334a3",
				"parent": "971061ca_0263_4b40_92a5_caf948895e96",
				"pivot": [1.2427, 22.65573, -0.98381],
				"rotation": [-55.08593, -6, 0],
				"cubes": [
					{"origin": [-0.0573, 20.15573, -1.53381], "size": [2, 3, 2], "uv": [24, 16]}
				]
			},
			{
				"name": "c49c4ff6_5c58_4d12_82cf_a0aefbeac540",
				"parent": "971061ca_0263_4b40_92a5_caf948895e96",
				"pivot": [0, 23.43242, 0.25655],
				"rotation": [0.20859, 0, 0],
				"cubes": [
					{"origin": [-1, 21.93242, -0.74345], "size": [2, 4, 2], "uv": [28, 41], "inflate": -0.2}
				]
			},
			{
				"name": "6f54f522_d9dd_438b_b6ab_646de8137f20",
				"parent": "971061ca_0263_4b40_92a5_caf948895e96",
				"pivot": [0, 21.41303, -0.10356],
				"rotation": [-2.04, 0, 0],
				"cubes": [
					{"origin": [-2, 21.71302, -1.00356], "size": [4, 2, 2], "uv": [48, 28]}
				]
			},
			{
				"name": "053efe90_7c33_4c2f_adbf_6f01d78e5b3e",
				"parent": "6f54f522_d9dd_438b_b6ab_646de8137f20",
				"pivot": [-2.12295, 23.2253, 0.20712],
				"rotation": [0, 7.5, -5],
				"cubes": [
					{"origin": [-2.62295, 22.0253, -0.49288], "size": [1, 2, 2], "uv": [0, 52]}
				]
			},
			{
				"name": "58ee2dfe_004f_4a4c_af4a_89297a4c5689",
				"parent": "6f54f522_d9dd_438b_b6ab_646de8137f20",
				"pivot": [2.12295, 23.2253, 0.20712],
				"rotation": [0, -7.5, 5],
				"mirror": true,
				"cubes": [
					{"origin": [1.62295, 22.0253, -0.49288], "size": [1, 2, 2], "uv": [0, 52]}
				]
			},
			{
				"name": "acefa1e7_1f45_494c_8407_ddeefcd83183",
				"parent": "6f54f522_d9dd_438b_b6ab_646de8137f20",
				"pivot": [0, 23.4842, -0.10356],
				"rotation": [2.98, 0, 0],
				"cubes": [
					{"origin": [-1, 23.3842, -0.90356], "size": [2, 1, 2], "uv": [30, 24]}
				]
			},
			{
				"name": "bde6f46f_0b54_49ee_bb5a_8062e4e0c923",
				"parent": "971061ca_0263_4b40_92a5_caf948895e96",
				"pivot": [0, 21.10235, -1.86406],
				"rotation": [-17, 0, 0],
				"cubes": [
					{"origin": [-1.5, 20.80235, -1.87406], "size": [3, 3, 1], "uv": [56, 20], "inflate": 0.02}
				]
			},
			{
				"name": "legLeft",
				"pivot": [1.81228, 15.92441, -0.00109],
				"mirror": true,
				"cubes": [
					{"origin": [1.11228, 8.72441, -1.30109], "size": [1, 7, 1], "uv": [4, 33]}
				]
			},
			{
				"name": "8032d6ab_ffee_443e_a0c2_aaa882fc0e23",
				"parent": "legLeft",
				"pivot": [1.91584, 8.72708, 0.09833],
				"mirror": true,
				"cubes": [
					{"origin": [0.91584, 9.42708, -0.95167], "size": [0, 0, 0], "uv": [0, 0]}
				]
			},
			{
				"name": "fb10e3fd_e335_4599_8b4d_83ff7bf9f033",
				"parent": "8032d6ab_ffee_443e_a0c2_aaa882fc0e23",
				"pivot": [2.33007, 0.85662, 0.7611],
				"mirror": true,
				"cubes": [
					{"origin": [1.23007, -0.14338, -2.23889], "size": [2, 1, 4], "uv": [36, 27]}
				]
			},
			{
				"name": "6fdf0a2d_ae19_4cca_8fcc_9ea0e2d73cbc",
				"parent": "8032d6ab_ffee_443e_a0c2_aaa882fc0e23",
				"pivot": [1.91584, 8.72708, 0.09833],
				"rotation": [5, 9, -1.72],
				"mirror": true,
				"cubes": [
					{"origin": [0.91584, 0.52708, -0.95167], "size": [2, 9, 2], "uv": [14, 41], "inflate": -0.08}
				]
			},
			{
				"name": "43cb28c6_eec4_4a91_91c4_1498fde51cb5",
				"parent": "6fdf0a2d_ae19_4cca_8fcc_9ea0e2d73cbc",
				"pivot": [1.91584, 6.96658, 0.67826],
				"rotation": [26.74617, 0, 0],
				"mirror": true,
				"cubes": [
					{"origin": [0.91584, 6.56658, 0.57826], "size": [2, 2, 1], "uv": [22, 41], "inflate": -0.08}
				]
			},
			{
				"name": "da37c0f4_036b_4de7_8ecf_b6cc371c9592",
				"parent": "6fdf0a2d_ae19_4cca_8fcc_9ea0e2d73cbc",
				"pivot": [1.91584, 7.22548, 0.67826],
				"rotation": [-11.18146, 0, 0],
				"mirror": true,
				"cubes": [
					{"origin": [0.91584, 2.22548, 0.67826], "size": [2, 5, 1], "uv": [22, 44], "inflate": -0.08}
				]
			},
			{
				"name": "bf06d7b1_27aa_414b_940d_81bb374c8ef8",
				"parent": "legLeft",
				"pivot": [0.82847, 14.52637, 0.99308],
				"rotation": [-1.1, -1.29, 5],
				"mirror": true,
				"cubes": [
					{"origin": [1.82847, 8.87637, -1.40692], "size": [1, 7, 2], "uv": [46, 32]}
				]
			},
			{
				"name": "31388bf1_5153_4f04_8711_ff07d7d6a37d",
				"parent": "legLeft",
				"pivot": [1.81228, 15.92441, -0.00109],
				"rotation": [0, 5.25, -4.83],
				"cubes": [
					{"origin": [0.51228, 8.72441, -1.30109], "size": [1, 7, 2], "uv": [40, 32]}
				]
			},
			{
				"name": "a139156c_c77f_4952_9cbe_87721f108f3e",
				"parent": "legLeft",
				"pivot": [1.5016, 9.91801, -0.74671],
				"rotation": [-10.09, -4.41, 4],
				"mirror": true,
				"cubes": [
					{"origin": [1.6016, 8.91801, -0.89671], "size": [1, 7, 2], "uv": [52, 32]}
				]
			},
			{
				"name": "dad9e466_c27a_4ab6_8e9d_c2162b077e38",
				"parent": "legLeft",
				"pivot": [1.5016, 9.91801, -0.74671],
				"rotation": [-9.45, -2.52, -2.61],
				"mirror": true,
				"cubes": [
					{"origin": [1.1016, 8.91801, -0.89671], "size": [1, 7, 2], "uv": [58, 32]}
				]
			},
			{
				"name": "legRight",
				"pivot": [-1.81228, 15.92441, -0.00109],
				"cubes": [
					{"origin": [-2.21228, 8.72441, -1.30109], "size": [1, 7, 1], "uv": [0, 33]}
				]
			},
			{
				"name": "80af4b4b_2a23_4aa6_a1e9_e39158995d1c",
				"parent": "legRight",
				"pivot": [-1.91584, 8.72708, 0.09833],
				"cubes": [
					{"origin": [-2.91584, 9.42708, -0.95167], "size": [0, 0, 0], "uv": [0, 0]}
				]
			},
			{
				"name": "d4b0a18e_7ac7_4703_8e47_6aa836401dea",
				"parent": "80af4b4b_2a23_4aa6_a1e9_e39158995d1c",
				"pivot": [-2.33007, 0.85662, 0.7611],
				"cubes": [
					{"origin": [-3.23007, -0.14338, -2.23889], "size": [2, 1, 4], "uv": [22, 27]}
				]
			},
			{
				"name": "95220009_e9af_49ad_93d6_164f1645159e",
				"parent": "80af4b4b_2a23_4aa6_a1e9_e39158995d1c",
				"pivot": [-1.91584, 8.72708, 0.09833],
				"cubes": [
					{"origin": [-2.91584, 0.52708, -0.95167], "size": [2, 9, 2], "uv": [0, 41], "inflate": -0.08}
				]
			},
			{
				"name": "41cd01b5_7ec1_4909_af8f_65e68b193cf6",
				"parent": "95220009_e9af_49ad_93d6_164f1645159e",
				"pivot": [-1.91584, 6.96658, 0.67826],
				"rotation": [26.74617, 0, 0],
				"cubes": [
					{"origin": [-2.91584, 6.56658, 0.57826], "size": [2, 2, 1], "uv": [8, 41], "inflate": -0.08}
				]
			},
			{
				"name": "b9434e87_1181_4c50_ac1f_4111de724dfb",
				"parent": "95220009_e9af_49ad_93d6_164f1645159e",
				"pivot": [-1.91584, 7.22548, 0.67826],
				"rotation": [-11.18146, 0, 0],
				"cubes": [
					{"origin": [-2.91584, 2.22548, 0.67826], "size": [2, 5, 1], "uv": [8, 44], "inflate": -0.08}
				]
			},
			{
				"name": "bb5b10e5_816e_4603_ae6d_dfd7dfff41df",
				"parent": "legRight",
				"pivot": [-0.82847, 14.52637, 0.99308],
				"rotation": [-1.1, 1.29, -5],
				"cubes": [
					{"origin": [-2.82847, 8.87637, -1.40692], "size": [1, 7, 2], "uv": [22, 32]}
				]
			},
			{
				"name": "c92ac01a_3595_4305_870d_d8f4d3ad5774",
				"parent": "legRight",
				"pivot": [-1.81228, 15.92441, -0.00109],
				"rotation": [0, -5.25, 4.83],
				"cubes": [
					{"origin": [-1.51228, 8.72441, -1.30109], "size": [1, 7, 2], "uv": [16, 32]}
				]
			},
			{
				"name": "545050a8_1fbf_4cbd_8ae7_4f9d790a428e",
				"parent": "legRight",
				"pivot": [-1.5016, 9.91801, -0.74671],
				"rotation": [-10.09, 4.41, -4],
				"cubes": [
					{"origin": [-2.6016, 8.91801, -0.89671], "size": [1, 7, 2], "uv": [28, 32]}
				]
			},
			{
				"name": "c83e8f6b_bd92_4502_9f0f_f8cbb3ca8184",
				"parent": "legRight",
				"pivot": [-1.5016, 9.91801, -0.74671],
				"rotation": [-9.44966, 2.52, 2.61],
				"cubes": [
					{"origin": [-2.1016, 8.91801, -0.89671], "size": [1, 7, 2], "uv": [34, 32]}
				]
			},
			{
				"name": "backpackPositioningBone",
				"pivot": [0, 23, 0]
			}
		]
	}
}