{
	"format_version": "1.10.0",
	"geometry.model": {
		"texturewidth": 128,
		"textureheight": 128,
		"visible_bounds_width": 3,
		"visible_bounds_height": 4,
		"visible_bounds_offset": [0, 1, 0],
		"bones": [
			{
				"name": "head",
				"pivot": [0, 22.45004, 0.69883],
				"mirror": true,
				"cubes": [
					{"origin": [-4, 22.45004, -3.30117], "size": [8, 8, 8], "uv": [0, 0]},
					{"origin": [-4, 18.45004, -3.30117], "size": [8, 12, 8], "uv": [32, 0], "inflate": 0.3},
					{"origin": [-2, 25.65004, 4.69883], "size": [4, 4, 2], "uv": [72, 0]},
					{"origin": [-5, 26.45004, 0.89883], "size": [1, 3, 3], "uv": [56, 0]},
					{"origin": [4, 26.45004, 0.89883], "size": [1, 3, 3], "uv": [64, 0]}
				]
			},
			{
				"name": "41db6f1d_feb2_4201_a225_89d6ddf10cfb",
				"parent": "head",
				"pivot": [0, 27.65004, 5.69883],
				"rotation": [-2.86479, 0, 0],
				"cubes": [
					{"origin": [-1.5, 20.15004, 4.69883], "size": [3, 9, 3], "uv": [76, 6]}
				]
			},
			{
				"name": "3e845558_e029_4d97_9ed2_8ea2941fbfc6",
				"parent": "head",
				"pivot": [-4.5, 27.95004, 2.39883],
				"rotation": [0, 0, -2.86479],
				"cubes": [
					{"origin": [-5.5, 20.25004, 1.59883], "size": [1, 9, 2], "uv": [64, 6]}
				]
			},
			{
				"name": "2397b3cc_5bac_4490_9109_d0c050839400",
				"parent": "head",
				"pivot": [4.5, 27.95004, 2.39883],
				"rotation": [0, 0, 2.86479],
				"mirror": true,
				"cubes": [
					{"origin": [4.5, 20.25004, 1.59883], "size": [1, 9, 2], "uv": [70, 6]}
				]
			},
			{
				"name": "decd13db_fb9f_4bf9_b6db_33a6bb71a203",
				"parent": "head",
				"pivot": [4, 30.95004, 0.69883],
				"rotation": [0, 0, -17.3972],
				"cubes": [
					{"origin": [4, 20.95004, -4.30117], "size": [0, 10, 10], "uv": [80, 44]}
				]
			},
			{
				"name": "ee4a47c0_5e8d_4a9e_b135_90c658e1cf08",
				"parent": "head",
				"pivot": [-4, 30.95004, 0.69883],
				"rotation": [0, 0, 17.3972],
				"cubes": [
					{"origin": [-4, 20.95004, -4.30117], "size": [0, 10, 10], "uv": [80, 34]}
				]
			},
			{
				"name": "0ac5e1b4_b68c_4309_9705_9d4c8893dc2e",
				"parent": "head",
				"pivot": [0, 25.45004, 4.69883],
				"rotation": [8.62301, 0, 0.05729]
			},
			{
				"name": "d32e614c_cb04_4a00_aab8_24210f1fd795",
				"parent": "0ac5e1b4_b68c_4309_9705_9d4c8893dc2e",
				"pivot": [0, 19.45004, 4.69883],
				"rotation": [11.28737, 0, 0.17178]
			},
			{
				"name": "a0c2cd97_ef9c_4d46_90b8_a037b395dc33",
				"parent": "d32e614c_cb04_4a00_aab8_24210f1fd795",
				"pivot": [0, 13.45004, 4.69883],
				"rotation": [15.81388, 0, 0.22894]
			},
			{
				"name": "ad3d70e2_a8d6_44ea_92d6_a4e96f304f62",
				"parent": "a0c2cd97_ef9c_4d46_90b8_a037b395dc33",
				"pivot": [0, 8.45004, 4.59883],
				"rotation": [2.63585, 0, 0.22894]
			},
			{
				"name": "5c8c112b_df5d_40dc_8703_b280a3b37445",
				"parent": "head",
				"pivot": [-4, 27.95004, 2.39883],
				"rotation": [0, -89.99809, 0],
				"cubes": [
					{"origin": [-5.5, 26.45004, 2.39883], "size": [3, 3, 1], "uv": [10, 34]}
				]
			},
			{
				"name": "4c65ef14_0ea4_42e1_ac04_edb633ee0134",
				"parent": "head",
				"pivot": [4, 27.95004, 2.39883],
				"rotation": [0, 89.99809, 0],
				"mirror": true,
				"cubes": [
					{"origin": [2.5, 26.45004, 2.39883], "size": [3, 3, 1], "uv": [10, 44]}
				]
			},
			{
				"name": "fae2224a_f203_41ad_9ad3_6462fed861c8",
				"parent": "head",
				"pivot": [-4, 29.45004, 2.39883],
				"rotation": [0, -89.99809, 0],
				"cubes": [
					{"origin": [-5.5, 27.95004, 2.39883], "size": [3, 3, 1], "uv": [64, 18]}
				]
			},
			{
				"name": "cd2d34dc_4946_48e2_a7e7_af8f423617b2",
				"parent": "fae2224a_f203_41ad_9ad3_6462fed861c8",
				"pivot": [-4, 29.45004, 2.39883],
				"rotation": [13.50835, -7.75772, 25]
			},
			{
				"name": "bc6e66d3_5396_4ac2_93de_ddb94f6981e9",
				"parent": "cd2d34dc_4946_48e2_a7e7_af8f423617b2",
				"pivot": [-4, 25.45004, 2.39883],
				"rotation": [19.90835, -7.75772, 7.83]
			},
			{
				"name": "7f0970a9_327f_4233_a79d_0d2faafbe33f",
				"parent": "fae2224a_f203_41ad_9ad3_6462fed861c8",
				"pivot": [-4, 29.45004, 2.39883],
				"rotation": [13.50835, 7.24228, -13.04]
			},
			{
				"name": "d737ff98_eac4_4e61_bf96_060480890793",
				"parent": "7f0970a9_327f_4233_a79d_0d2faafbe33f",
				"pivot": [-4, 25.45004, 2.39883],
				"rotation": [19.90835, 7.24228, -7.83]
			},
			{
				"name": "528f2a72_16c2_40f4_bde8_7102f6efefbd",
				"parent": "head",
				"pivot": [4, 29.45004, 2.39883],
				"rotation": [0, 89.99809, 0],
				"mirror": true,
				"cubes": [
					{"origin": [2.5, 27.95004, 2.39883], "size": [3, 3, 1], "uv": [72, 18]}
				]
			},
			{
				"name": "7ed3db1e_c5ce_44a9_99c6_6eed8a3eb2a1",
				"parent": "528f2a72_16c2_40f4_bde8_7102f6efefbd",
				"pivot": [4, 29.45004, 2.39883],
				"rotation": [13.50835, 8.0148, -25]
			},
			{
				"name": "43a0393a_55ed_4548_a909_d92e93088261",
				"parent": "7ed3db1e_c5ce_44a9_99c6_6eed8a3eb2a1",
				"pivot": [4, 25.45004, 2.39883],
				"rotation": [19.90835, 8.0148, -7.83]
			},
			{
				"name": "3ed0b8cd_eb00_477d_85ce_ba063a28b02b",
				"parent": "528f2a72_16c2_40f4_bde8_7102f6efefbd",
				"pivot": [4, 29.45004, 2.39883],
				"rotation": [13.50835, -6.9852, 13.04]
			},
			{
				"name": "d35737db_4bd7_49b4_aa65_3896ea6461a8",
				"parent": "3ed0b8cd_eb00_477d_85ce_ba063a28b02b",
				"pivot": [4, 25.45004, 2.39883],
				"rotation": [19.90835, -6.9852, 7.83]
			},
			{
				"name": "0b495fbe_fc34_46ee_b308_51f7421e0e58",
				"parent": "head",
				"pivot": [0, 23.95004, 0.69883],
				"cubes": [
					{"origin": [-4.5, 27.95004, 4.69883], "size": [3, 3, 1], "uv": [64, 30]}
				]
			},
			{
				"name": "d40faaf5_030a_439c_b532_d43ea4720816",
				"parent": "head",
				"pivot": [0, 23.95004, 0.69883],
				"mirror": true,
				"cubes": [
					{"origin": [1.5, 27.95004, 4.69883], "size": [3, 3, 1], "uv": [72, 30]}
				]
			},
			{
				"name": "2c8d5759_017a_4122_91b2_7204cfbb6462",
				"parent": "head",
				"pivot": [0, 14.45004, 0.69883],
				"cubes": [
					{"origin": [-2, 27.65004, 3.69883], "size": [4, 4, 2], "uv": [68, 24]}
				]
			},
			{
				"name": "50484470_0810_425f_9873_5b040a8f3c10",
				"parent": "head",
				"pivot": [-4.5, 30.25004, 2.59883],
				"cubes": [
					{"origin": [-6.5, 20.75004, 1.59883], "size": [2, 10, 2], "uv": [96, 20]}
				]
			},
			{
				"name": "347b07a7_5854_4a42_adaa_f526d700ac43",
				"parent": "50484470_0810_425f_9873_5b040a8f3c10",
				"pivot": [-5.5, 20.75004, 3.59883],
				"rotation": [-1.03132, 0, 0],
				"cubes": [
					{"origin": [-6.5, 10.75004, 1.59883], "size": [2, 10, 2], "uv": [104, 20]}
				]
			},
			{
				"name": "f1e13413_400c_4644_9681_1b6d6405230d",
				"parent": "head",
				"pivot": [4.5, 30.25004, 2.59883],
				"mirror": true,
				"cubes": [
					{"origin": [4.5, 20.75004, 1.59883], "size": [2, 10, 2], "uv": [112, 20]}
				]
			},
			{
				"name": "1536e2c5_5d0c_43c7_a953_213d0c7ad537",
				"parent": "f1e13413_400c_4644_9681_1b6d6405230d",
				"pivot": [5.5, 20.75004, 3.59883],
				"rotation": [-1.03132, 0, 0],
				"mirror": true,
				"cubes": [
					{"origin": [4.5, 10.75004, 1.59883], "size": [2, 10, 2], "uv": [120, 20]}
				]
			},
			{
				"name": "74a3c8a1_7814_4f2f_96a2_3db82d32a386",
				"parent": "head",
				"pivot": [-3, 30.25004, 5.69883],
				"cubes": [
					{"origin": [-4, 20.75004, 5.19883], "size": [2, 10, 2], "uv": [96, 32]}
				]
			},
			{
				"name": "a0be995f_e44f_4d22_bfd4_436ce9513898",
				"parent": "74a3c8a1_7814_4f2f_96a2_3db82d32a386",
				"pivot": [-3, 20.75004, 7.19883],
				"rotation": [-1.03132, 0, 0],
				"cubes": [
					{"origin": [-4, 10.75004, 5.19883], "size": [2, 10, 2], "uv": [104, 32]}
				]
			},
			{
				"name": "dd18fed7_fdaa_4945_b4d3_47b135c7b7fc",
				"parent": "head",
				"pivot": [3, 30.25004, 5.69883],
				"mirror": true,
				"cubes": [
					{"origin": [2, 20.75004, 5.19883], "size": [2, 10, 2], "uv": [112, 32]}
				]
			},
			{
				"name": "5d168ce5_72ed_4b5e_afcb_0db463a1abcc",
				"parent": "dd18fed7_fdaa_4945_b4d3_47b135c7b7fc",
				"pivot": [3, 20.75004, 7.19883],
				"rotation": [-1.03132, 0, 0],
				"mirror": true,
				"cubes": [
					{"origin": [2, 10.75004, 5.19883], "size": [2, 10, 2], "uv": [120, 32]}
				]
			},
			{
				"name": "2aaff633_c750_4e4e_a7c3_0c8d468f8bcf",
				"parent": "head",
				"pivot": [-3.5, 31.95004, 2.59883],
				"cubes": [
					{"origin": [-7.5, 28.95004, 1.59883], "size": [4, 3, 2], "uv": [104, 44], "inflate": 0.1}
				]
			},
			{
				"name": "88239c4f_d2a5_4bd3_b255_d0f6cb98dd79",
				"parent": "head",
				"pivot": [3.5, 31.95004, 2.59883],
				"mirror": true,
				"cubes": [
					{"origin": [3.5, 28.95004, 1.59883], "size": [4, 3, 2], "uv": [116, 44], "inflate": 0.1}
				]
			},
			{
				"name": "4fd98478_7fb3_44a3_a0cf_f877f6382b16",
				"parent": "head",
				"pivot": [3, 31.95004, 4.19883],
				"rotation": [0, -89.99809, 0],
				"mirror": true,
				"cubes": [
					{"origin": [3, 28.95004, 3.19883], "size": [4, 3, 2], "uv": [116, 49], "inflate": 0.1}
				]
			},
			{
				"name": "9ea428db_82f2_4dd7_80b0_42fd83a5bb2e",
				"parent": "head",
				"pivot": [-3, 31.95004, 4.19883],
				"rotation": [0, 89.99809, 0],
				"cubes": [
					{"origin": [-7, 28.95004, 3.19883], "size": [4, 3, 2], "uv": [104, 49], "inflate": 0.1}
				]
			},
			{
				"name": "186804c6_7029_4001_ad65_fe3e79e5a7ee",
				"parent": "head",
				"pivot": [0, 30.75004, 4.69883],
				"cubes": [
					{"origin": [-1.5, 29.25004, 4.69883], "size": [3, 3, 3], "uv": [78, 19]}
				]
			},
			{
				"name": "c181806f_49c9_411c_b679_ec189b2d97a9",
				"parent": "head",
				"pivot": [0, 29.25004, 4.69883],
				"cubes": [
					{"origin": [-1.5, 20.25004, 4.69883], "size": [3, 9, 3], "uv": [68, 34]}
				]
			},
			{
				"name": "9e4ea167_6d9e_4454_a9d2_eaa72ee12d4c",
				"parent": "c181806f_49c9_411c_b679_ec189b2d97a9",
				"pivot": [0, 20.25004, 7.69883],
				"rotation": [-1.03132, 0, 0],
				"cubes": [
					{"origin": [-1.5, 11.25004, 4.69883], "size": [3, 9, 3], "uv": [68, 46]}
				]
			},
			{
				"name": "ed193a9c_cc18_4b62_ac99_544ad15c9282",
				"parent": "head",
				"pivot": [2.95, 29.20004, -1.80117],
				"rotation": [10.43, 13.04, -12.76527],
				"mirror": true,
				"cubes": [
					{"origin": [1.45, 28.20004, -1.80117], "size": [5, 3, 2], "uv": [14, 61]}
				]
			},
			{
				"name": "e5bf3900_f9d6_4a69_8e87_e3fd756bf5ca",
				"parent": "ed193a9c_cc18_4b62_ac99_544ad15c9282",
				"pivot": [3.75, 30.00004, -1.80117],
				"rotation": [-2.5, 7.5, -13.04],
				"mirror": true,
				"cubes": [
					{"origin": [2.55, 28.80004, -2.40117], "size": [2, 2, 2], "uv": [26, 64]}
				]
			},
			{
				"name": "77a4d0cd_56e2_4a96_b551_4aa9da5f4d75",
				"parent": "ed193a9c_cc18_4b62_ac99_544ad15c9282",
				"pivot": [6.45, 31.20004, -1.80117],
				"rotation": [0, 0, -57.5],
				"mirror": true,
				"cubes": [
					{"origin": [1.45, 31.20004, -1.80117], "size": [5, 3, 2], "uv": [14, 66]}
				]
			},
			{
				"name": "87117522_bd33_4bb6_b356_e8fb9fbd6045",
				"parent": "head",
				"pivot": [-2.95, 29.20004, -1.80117],
				"rotation": [10.43, -13.04, 12.76527],
				"cubes": [
					{"origin": [-6.45, 28.20004, -1.80117], "size": [5, 3, 2], "uv": [0, 61]}
				]
			},
			{
				"name": "a97cea76_fd6a_4fe1_a33d_152dfcd2efb8",
				"parent": "87117522_bd33_4bb6_b356_e8fb9fbd6045",
				"pivot": [-3.75, 30.00004, -1.80117],
				"rotation": [-2.5, 7.5, 13.04],
				"cubes": [
					{"origin": [-4.55, 28.80004, -2.40117], "size": [2, 2, 2], "uv": [20, 56]}
				]
			},
			{
				"name": "8b617f8c_9325_43f6_ae6e_530920dac052",
				"parent": "87117522_bd33_4bb6_b356_e8fb9fbd6045",
				"pivot": [-6.45, 31.20004, -1.80117],
				"rotation": [0, 0, 57.5],
				"cubes": [
					{"origin": [-6.45, 31.20004, -1.80117], "size": [5, 3, 2], "uv": [0, 66]}
				]
			},
			{
				"name": "c6c8c43f_d154_4873_977b_368dcc66bf51",
				"parent": "head",
				"pivot": [-2.5, 30.05004, -1.30117],
				"rotation": [7.72894, 0, -14],
				"cubes": [
					{"origin": [-4, 29.85004, -1.80117], "size": [3, 5, 2], "uv": [31, 81]}
				]
			},
			{
				"name": "578d203d_b8af_4a07_8a17_16383e61b2ef",
				"parent": "c6c8c43f_d154_4873_977b_368dcc66bf51",
				"pivot": [-2.5, 35.05004, -1.30117],
				"rotation": [13.04, 0, 0],
				"cubes": [
					{"origin": [-4, 34.55004, -1.80117], "size": [3, 5, 2], "uv": [31, 74]}
				]
			},
			{
				"name": "46ad0152_4fcc_4458_8911_e34933c8afe6",
				"parent": "head",
				"pivot": [2.5, 30.05004, -1.30117],
				"rotation": [7.72894, 0, 14],
				"cubes": [
					{"origin": [1, 29.85004, -1.80117], "size": [3, 5, 2], "uv": [41, 81]}
				]
			},
			{
				"name": "a1651b21_2633_49a5_bdd9_a3037e5bc059",
				"parent": "46ad0152_4fcc_4458_8911_e34933c8afe6",
				"pivot": [2.5, 35.05004, -1.30117],
				"rotation": [13.04, 0, 0],
				"cubes": [
					{"origin": [1, 34.55004, -1.80117], "size": [3, 5, 2], "uv": [41, 74]}
				]
			},
			{
				"name": "_bink",
				"parent": "head",
				"pivot": [0, 22.45004, 0.69883],
				"cubes": [
					{"origin": [-4, 22.45004, -3.30117], "size": [8, 8, 0], "uv": [0, 0], "inflate": 0.001}
				]
			},
			{
				"name": "armLeft",
				"pivot": [4, 20.48501, 0],
				"rotation": [-0.17178, 0, -16.03732],
				"mirror": true,
				"cubes": [
					{"origin": [3, 16.48501, -1], "size": [2, 5, 3], "uv": [10, 16]}
				]
			},
			{
				"name": "1b93841a_d719_4d7b_8873_fd1caeeb773b",
				"parent": "armLeft",
				"pivot": [4, 16.98501, 0.5],
				"rotation": [0, 0, -2.86479],
				"mirror": true,
				"cubes": [
					{"origin": [3, 9.98501, -1], "size": [2, 7, 3], "uv": [10, 24]}
				]
			},
			{
				"name": "9430e537_7dcc_4091_ad5e_b051bf9bf27a",
				"parent": "armLeft",
				"pivot": [4, 20.48501, 0],
				"rotation": [0, 0, -20],
				"cubes": [
					{"origin": [1.7, 16.73501, -1.5], "size": [4, 5, 4], "uv": [112, 81]}
				]
			},
			{
				"name": "armLeftPositioningBone",
				"parent": "armLeft",
				"pivot": [4, 10.48501, 0]
			},
			{
				"name": "armRight",
				"pivot": [-4, 20.48501, 0],
				"rotation": [0.17178, 0, 16.03732],
				"cubes": [
					{"origin": [-5, 16.48501, -1], "size": [2, 5, 3], "uv": [0, 16]}
				]
			},
			{
				"name": "c24e9979_362f_4dec_8003_df4d0f66bb89",
				"parent": "armRight",
				"pivot": [-4, 16.98501, 0.5],
				"rotation": [0, 0, 2.86479],
				"cubes": [
					{"origin": [-5, 9.98501, -1], "size": [2, 7, 3], "uv": [0, 24]}
				]
			},
			{
				"name": "296ddb37_669a_494e_a766_8dc2b708f3bc",
				"parent": "armRight",
				"pivot": [-4, 20.48501, 0],
				"rotation": [0, 0, 20],
				"cubes": [
					{"origin": [-5.7, 16.73501, -1.5], "size": [4, 5, 4], "uv": [96, 81]}
				]
			},
			{
				"name": "armRightPositioningBone",
				"parent": "armRight",
				"pivot": [-4, 10.48501, 0]
			},
			{
				"name": "body",
				"pivot": [0, 14.48501, 0],
				"rotation": [-5.72958, 0, 0],
				"cubes": [
					{"origin": [0, 14.48501, 0], "size": [0, 0, 0], "uv": [0, 0]}
				]
			},
			{
				"name": "712cc608_b0fb_4bd5_bf21_d63b1cba0ec1",
				"parent": "body",
				"pivot": [-1.4, 20.48501, -0.5],
				"rotation": [-44.82822, 5, 0],
				"mirror": true,
				"cubes": [
					{"origin": [-2.8, 16.48501, -1.75], "size": [3, 4, 3], "uv": [20, 24], "inflate": 0.1},
					{"origin": [-2.9, 17.48501, -1.75], "size": [3, 3, 3], "uv": [32, 26], "inflate": 0.1},
					{"origin": [-2.6, 17.48501, -1.75], "size": [3, 3, 3], "uv": [44, 26], "inflate": -0.2}
				]
			},
			{
				"name": "d545956a_19ff_4779_8a65_f4df658d250e",
				"parent": "body",
				"pivot": [1.4, 20.48501, -0.5],
				"rotation": [-44.82822, -5, 0],
				"cubes": [
					{"origin": [-0.2, 16.48501, -1.75], "size": [3, 4, 3], "uv": [20, 16], "inflate": 0.1},
					{"origin": [-0.1, 17.48501, -1.75], "size": [3, 3, 3], "uv": [32, 20], "inflate": 0.1},
					{"origin": [-0.4, 17.48501, -1.75], "size": [3, 3, 3], "uv": [44, 20], "inflate": -0.2}
				]
			},
			{
				"name": "94d1e9d0_ac52_4f90_b4ce_d192ec3aaeb3",
				"parent": "body",
				"pivot": [0, 14.48501, 0],
				"cubes": [
					{"origin": [-4, 14.48501, -2.4], "size": [0, 0, 0], "uv": [0, 0]}
				]
			},
			{
				"name": "31326881_c744_443f_a225_b4735ce4a5c6",
				"parent": "94d1e9d0_ac52_4f90_b4ce_d192ec3aaeb3",
				"pivot": [0, 16.48501, 0.5],
				"rotation": [10, 10, -45],
				"cubes": [
					{"origin": [-4, 12.48501, -1.5], "size": [5, 5, 3], "uv": [90, 112]}
				]
			},
			{
				"name": "10e0fa7e_18d4_4f97_aa5a_365ecf71ffcb",
				"parent": "31326881_c744_443f_a225_b4735ce4a5c6",
				"pivot": [-3.1, 14.08501, -0.25],
				"rotation": [-10, 0, 45],
				"cubes": [
					{"origin": [-6.1, 12.98501, 0.6], "size": [7, 3, 2], "uv": [24, 32]}
				]
			},
			{
				"name": "c8fec08f_f467_4489_a699_c2a85bb36bcd",
				"parent": "10e0fa7e_18d4_4f97_aa5a_365ecf71ffcb",
				"pivot": [-2.6, 15.33501, 1.75],
				"rotation": [-5, 0, 0],
				"cubes": [
					{"origin": [-2.6, 15.33501, 1.75], "size": [0, 0, 0], "uv": [0, 0]}
				]
			},
			{
				"name": "919c142d_4b72_459a_b63a_c7355dda0965",
				"parent": "c8fec08f_f467_4489_a699_c2a85bb36bcd",
				"pivot": [-2.6, 15.33501, 1.75],
				"rotation": [-1.4318, -0.1144, 0],
				"cubes": [
					{"origin": [-3.1, 14.83501, 1.7], "size": [1, 1, 3], "uv": [0, 107]}
				]
			},
			{
				"name": "7fc85352_4263_4358_b627_f0c4e990254b",
				"parent": "919c142d_4b72_459a_b63a_c7355dda0965",
				"pivot": [-2.6, 15.33501, 4.25],
				"rotation": [-1.4318, -0.1144, 0],
				"cubes": [
					{"origin": [-3.1, 14.83501, 4.1], "size": [1, 1, 3], "uv": [0, 111]}
				]
			},
			{
				"name": "2841fbfb_62f1_49b6_8afb_34d6c0951ddf",
				"parent": "7fc85352_4263_4358_b627_f0c4e990254b",
				"pivot": [-2.6, 15.33501, 6.75],
				"rotation": [24.84984, 1.02125, 0],
				"cubes": [
					{"origin": [-3.1, 14.83501, 6.7], "size": [1, 1, 3], "uv": [28, 107]}
				]
			},
			{
				"name": "f147764c_11e4_4dba_8ec7_dbfb91b621b2",
				"parent": "2841fbfb_62f1_49b6_8afb_34d6c0951ddf",
				"pivot": [-2.6, 15.33501, 9.25],
				"rotation": [24.84984, 1.02125, 0],
				"cubes": [
					{"origin": [-3.1, 14.83501, 9.2], "size": [1, 1, 3], "uv": [28, 111]}
				]
			},
			{
				"name": "c9804c71_92cf_462f_aa40_916674395191",
				"parent": "f147764c_11e4_4dba_8ec7_dbfb91b621b2",
				"pivot": [-2.6, 15.33501, 11.75],
				"rotation": [24.84984, 1.02125, 0],
				"cubes": [
					{"origin": [-3.1, 14.83501, 11.7], "size": [1, 1, 3], "uv": [33, 114]}
				]
			},
			{
				"name": "2f5763f0_ef43_4a07_94f9_84ad0adb53bc",
				"parent": "c8fec08f_f467_4489_a699_c2a85bb36bcd",
				"pivot": [-2.6, 15.33501, 1.75],
				"rotation": [5.75, 0, 0],
				"cubes": [
					{"origin": [-4.1, 13.83501, 2.25], "size": [3, 3, 3], "uv": [19, 74]}
				]
			},
			{
				"name": "2e83ffab_2a4b_4e50_9da7_497392ac2a8f",
				"parent": "c8fec08f_f467_4489_a699_c2a85bb36bcd",
				"pivot": [-2.6, 15.33501, 1.75],
				"rotation": [18, -1.3718, 0],
				"cubes": [
					{"origin": [-3.6, 14.58501, 1.75], "size": [2, 2, 3], "uv": [41, 117]}
				]
			},
			{
				"name": "7490ed8d_d651_4904_82d1_0d5ea8abec8f",
				"parent": "2e83ffab_2a4b_4e50_9da7_497392ac2a8f",
				"pivot": [-2.6, 15.33501, 3.5],
				"rotation": [15.65, -1.3718, 0],
				"cubes": [
					{"origin": [-4.1, 14.08501, 3.5], "size": [3, 3, 3], "uv": [38, 111]}
				]
			},
			{
				"name": "10419002_21ee_427c_b09f_fe2f26b0ba91",
				"parent": "7490ed8d_d651_4904_82d1_0d5ea8abec8f",
				"pivot": [-2.6, 15.33501, 5.25],
				"rotation": [18, -1.3718, 0],
				"cubes": [
					{"origin": [-5.6, 13.33501, 5.25], "size": [6, 5, 5], "uv": [46, 118]}
				]
			},
			{
				"name": "674c4397_8a5f_402a_b26e_3bcdac4ec9d3",
				"parent": "10419002_21ee_427c_b09f_fe2f26b0ba91",
				"pivot": [-2.6, 15.33501, 9.25],
				"rotation": [15, 10.31439, 0],
				"cubes": [
					{"origin": [-4.6, 13.83501, 8.75], "size": [4, 4, 4], "uv": [29, 118]}
				]
			},
			{
				"name": "bab45027_5e20_49b9_a221_8439a9c3f5fd",
				"parent": "674c4397_8a5f_402a_b26e_3bcdac4ec9d3",
				"pivot": [-2.6, 15.83501, 11.75],
				"rotation": [10, 10.31439, 0],
				"cubes": [
					{"origin": [-3.6, 14.83501, 10.25], "size": [2, 2, 4], "uv": [52, 111]}
				]
			},
			{
				"name": "daa19097_81b1_42d0_ae83_386c13ccee38",
				"parent": "bab45027_5e20_49b9_a221_8439a9c3f5fd",
				"pivot": [-2.6, 15.83501, 13.25],
				"rotation": [0, 10.31439, 0],
				"cubes": [
					{"origin": [-3.1, 15.33501, 13.25], "size": [1, 1, 2], "uv": [48, 115]}
				]
			},
			{
				"name": "a9d48090_23bd_435f_bf1e_e444fa84b95b",
				"parent": "31326881_c744_443f_a225_b4735ce4a5c6",
				"pivot": [-0.25, 16.23501, 2.25],
				"cubes": [
					{"origin": [-0.75, 15.73501, 1.25], "size": [1, 1, 2], "uv": [7, 16]}
				]
			},
			{
				"name": "389ce4e1_8098_4aea_9e76_846cbb73f925",
				"parent": "a9d48090_23bd_435f_bf1e_e444fa84b95b",
				"pivot": [-0.25, 16.23501, 2.05],
				"rotation": [-2, 10, 45],
				"cubes": [
					{"origin": [-4.25, 14.23501, 2.05], "size": [4, 4, 1], "uv": [0, 56]}
				]
			},
			{
				"name": "f30b4cbc_48ec_49f3_8ad4_792ddb076a6f",
				"parent": "a9d48090_23bd_435f_bf1e_e444fa84b95b",
				"pivot": [-0.25, 15.98501, 2.75],
				"rotation": [35, 7.83, 30]
			},
			{
				"name": "a1fbeb2c_9dad_4d69_999e_f237fcef021c",
				"parent": "f30b4cbc_48ec_49f3_8ad4_792ddb076a6f",
				"pivot": [0.75, 13.23501, 2.75],
				"rotation": [-16, 0, 10],
				"mirror": true
			},
			{
				"name": "7236fe06_4181_411f_a633_369f5257bd37",
				"parent": "a1fbeb2c_9dad_4d69_999e_f237fcef021c",
				"pivot": [0.75, 10.48501, 2.75],
				"rotation": [-18, 0, 4],
				"mirror": true
			},
			{
				"name": "bd71029d_28c9_484c_b40a_b7c1c9a431db",
				"parent": "a9d48090_23bd_435f_bf1e_e444fa84b95b",
				"pivot": [-0.25, 16.23501, 2.05],
				"rotation": [10, -2, -45],
				"mirror": true,
				"cubes": [
					{"origin": [-2.25, 12.23501, 2.05], "size": [4, 4, 1], "uv": [10, 56]}
				]
			},
			{
				"name": "17804537_21c3_46f1_81e6_75f0c1185664",
				"parent": "a9d48090_23bd_435f_bf1e_e444fa84b95b",
				"pivot": [-0.5, 16.23501, 2.75],
				"rotation": [35, -7.83, 60]
			},
			{
				"name": "8890f182_baf7_4894_87e5_907f761f70eb",
				"parent": "17804537_21c3_46f1_81e6_75f0c1185664",
				"pivot": [-1.5, 13.48501, 2.75],
				"rotation": [-16, 0, -10]
			},
			{
				"name": "7def1ee7_e5c1_4977_afb5_c066fe27eb83",
				"parent": "8890f182_baf7_4894_87e5_907f761f70eb",
				"pivot": [-1.5, 10.73501, 2.75],
				"rotation": [-18, 0, -4]
			},
			{
				"name": "80e6abc2_cf11_4d29_b946_792eb652e67b",
				"parent": "31326881_c744_443f_a225_b4735ce4a5c6",
				"pivot": [-0.75, 15.73501, 0.15],
				"rotation": [-1.5, 0, 45],
				"cubes": [
					{"origin": [-4.75, 13.73501, -2.1], "size": [8, 2, 5], "uv": [0, 83], "inflate": -0.1}
				]
			},
			{
				"name": "4e6b9798_53f0_4f26_8a00_d5a1411095b3",
				"parent": "80e6abc2_cf11_4d29_b946_792eb652e67b",
				"pivot": [-0.75, 14.98501, 0.15],
				"rotation": [-5, 0, 0],
				"cubes": [
					{"origin": [-5.25, 12.98501, -2.55], "size": [9, 2, 6], "uv": [0, 90], "inflate": 0.1}
				]
			},
			{
				"name": "078341b1_cb73_441f_830d_2f068f303908",
				"parent": "4e6b9798_53f0_4f26_8a00_d5a1411095b3",
				"pivot": [-0.75, 13.98501, 0.15],
				"rotation": [-2.214, 0, 0],
				"cubes": [
					{"origin": [-5.25, 11.98501, -3.2], "size": [9, 2, 7], "uv": [0, 98], "inflate": 0.3}
				]
			},
			{
				"name": "5a527cb8_81aa_4156_8b92_97827d786321",
				"parent": "078341b1_cb73_441f_830d_2f068f303908",
				"pivot": [-0.75, 13.18501, 0.15],
				"rotation": [-2.32822, 0, 0],
				"cubes": [
					{"origin": [-5.75, 11.18501, -3.6], "size": [10, 2, 8], "uv": [0, 107], "inflate": 0.1}
				]
			},
			{
				"name": "50a84ad9_9895_4a9f_8285_a2efe0cf23af",
				"parent": "5a527cb8_81aa_4156_8b92_97827d786321",
				"pivot": [-0.75, 11.98501, 0.15],
				"rotation": [-2.41407, 0, 0],
				"cubes": [
					{"origin": [-5.75, 9.98501, -3.95], "size": [10, 2, 9], "uv": [0, 117], "inflate": 0.3}
				]
			},
			{
				"name": "192ca77f_9aaa_4618_89a5_55304d068f75",
				"parent": "94d1e9d0_ac52_4f90_b4ce_d192ec3aaeb3",
				"pivot": [0, 11.48501, 0],
				"rotation": [4.52, 0, 0],
				"cubes": [
					{"origin": [-4, 10.78501, -1], "size": [8, 1, 4], "uv": [30, 64]}
				]
			},
			{
				"name": "8366248d_5be4_4fae_8e99_45489ecd78d0",
				"parent": "94d1e9d0_ac52_4f90_b4ce_d192ec3aaeb3",
				"pivot": [0, 13.98501, -0.3],
				"rotation": [-16.68, 0, 0],
				"cubes": [
					{"origin": [-4, 11.48501, -1.3], "size": [8, 3, 3], "uv": [0, 71]}
				]
			},
			{
				"name": "cc87380b_9d2e_4aa5_855b_0acc4a3b5661",
				"parent": "94d1e9d0_ac52_4f90_b4ce_d192ec3aaeb3",
				"pivot": [1.4, 13.98501, 0],
				"rotation": [18.26, 2.61, 52.17],
				"cubes": [
					{"origin": [1.7, 13.98501, -1], "size": [3, 2, 3], "uv": [49, 69]}
				]
			},
			{
				"name": "4b7e4d2f_73b7_4cfc_b9f5_d4de3d1988c6",
				"parent": "94d1e9d0_ac52_4f90_b4ce_d192ec3aaeb3",
				"pivot": [1.5, 14.28501, 0.8],
				"rotation": [-20.87, -18.26, 54.78],
				"cubes": [
					{"origin": [1.8, 14.28501, -0.7], "size": [3, 2, 3], "uv": [61, 69]}
				]
			},
			{
				"name": "0f370f73_9a98_41ed_b7c5_dfb3895e49a8",
				"parent": "94d1e9d0_ac52_4f90_b4ce_d192ec3aaeb3",
				"pivot": [-1.4, 13.98501, 0],
				"rotation": [18.26, -2.61, -52.17],
				"cubes": [
					{"origin": [-4.7, 13.98501, -1], "size": [3, 2, 3], "uv": [25, 69]}
				]
			},
			{
				"name": "6699a859_c3fa_4e8b_b721_5b5a5891c0c5",
				"parent": "94d1e9d0_ac52_4f90_b4ce_d192ec3aaeb3",
				"pivot": [-1.5, 14.28501, 0.8],
				"rotation": [-20.87, 18.26, -54.78],
				"cubes": [
					{"origin": [-4.8, 14.28501, -0.7], "size": [3, 2, 3], "uv": [37, 69]}
				]
			},
			{
				"name": "527664a8_30ff_490b_8f40_c541a7e161f5",
				"parent": "94d1e9d0_ac52_4f90_b4ce_d192ec3aaeb3",
				"pivot": [0, 12.98501, 0.3],
				"rotation": [-28.7, 0, 0],
				"cubes": [
					{"origin": [-4, 12.98501, 0.3], "size": [8, 2, 3], "uv": [0, 77]}
				]
			},
			{
				"name": "cbf62afc_e44a_464a_baff_923eb91f42dd",
				"parent": "94d1e9d0_ac52_4f90_b4ce_d192ec3aaeb3",
				"pivot": [0, 13.98501, 0.5],
				"rotation": [-44.7, 0, 0],
				"cubes": [
					{"origin": [-3.5, 14.98501, 0.5], "size": [7, 1, 3], "uv": [50, 64]}
				]
			},
			{
				"name": "e031e3fa_028c_42d9_ac07_b034a7702bbb",
				"parent": "body",
				"pivot": [0, 17.98501, -1.9],
				"rotation": [-6.54084, 6.54084, 45],
				"cubes": [
					{"origin": [-4.5, 18.48501, -1.9], "size": [4, 4, 3], "uv": [42, 32]}
				]
			},
			{
				"name": "a22219dd_5d45_4d39_a114_dd1ec6beeccd",
				"parent": "e031e3fa_028c_42d9_ac07_b034a7702bbb",
				"pivot": [-2.7, 20.68501, -0.4],
				"rotation": [7.5, 0, -40],
				"mirror": true,
				"cubes": [
					{"origin": [-2.7, 14.68501, -1.9], "size": [3, 6, 3], "uv": [28, 46]}
				]
			},
			{
				"name": "d511513d_c048_4da1_ac16_ef88049c42f3",
				"parent": "e031e3fa_028c_42d9_ac07_b034a7702bbb",
				"pivot": [-2.7, 20.68501, -0.4],
				"rotation": [7.5, 0, -50],
				"cubes": [
					{"origin": [-5.7, 14.68501, -1.9], "size": [3, 6, 3], "uv": [28, 37]}
				]
			},
			{
				"name": "1f14bb39_6969_45a9_af62_2abd7fffd4fd",
				"parent": "e031e3fa_028c_42d9_ac07_b034a7702bbb",
				"pivot": [0, 17.98501, -1.9],
				"rotation": [0, -9, 45],
				"cubes": [
					{"origin": [-2.9, 15.48501, -1.79], "size": [5, 5, 2], "uv": [40, 39]}
				]
			},
			{
				"name": "46e5bf7e_f622_400f_8e01_91cdb4424151",
				"parent": "body",
				"pivot": [0, 21.98501, 0],
				"cubes": [
					{"origin": [-4.5, 16.98501, -2], "size": [9, 5, 4], "uv": [102, 54]}
				]
			},
			{
				"name": "17d8b49e_ced9_4e61_b498_66e98071428e",
				"parent": "46e5bf7e_f622_400f_8e01_91cdb4424151",
				"pivot": [0, 21.48501, 0],
				"rotation": [-17.35, 0, 0],
				"cubes": [
					{"origin": [-4, 16.23501, -2], "size": [8, 5, 4], "uv": [104, 63]}
				]
			},
			{
				"name": "cf0e7766_358f_45aa_aaa2_672d48de90a1",
				"parent": "46e5bf7e_f622_400f_8e01_91cdb4424151",
				"pivot": [0, 21.68501, 0.3],
				"rotation": [11.14, 0, 0],
				"cubes": [
					{"origin": [-4, 16.68501, -1.5], "size": [8, 5, 4], "uv": [104, 72]}
				]
			},
			{
				"name": "21e5f4e2_08bd_4375_9836_bc14dcd6aa76",
				"parent": "body",
				"pivot": [0, 14.39, 0.2005],
				"rotation": [-1.03132, 0, 0],
				"cubes": [
					{"origin": [-4, 11.39, -1.7995], "size": [8, 3, 5], "uv": [40, 48], "inflate": 0.3}
				]
			},
			{
				"name": "d5d8a9b6_7f1a_4d04_b212_7241f59f98dd",
				"parent": "21e5f4e2_08bd_4375_9836_bc14dcd6aa76",
				"pivot": [-2, 12.07, 2.2005],
				"rotation": [0, 0, 2.86479],
				"cubes": [
					{"origin": [-5, 6.07, -2.7995], "size": [6, 7, 7], "uv": [76, 98]}
				]
			},
			{
				"name": "263eda2d_5880_41c9_82e0_0df6fbe2791a",
				"parent": "d5d8a9b6_7f1a_4d04_b212_7241f59f98dd",
				"pivot": [-2, 6.44, 1.2005],
				"rotation": [0, 0, -1.71887],
				"cubes": [
					{"origin": [-5.5, 0.44, -3.2995], "size": [7, 8, 8], "uv": [68, 112], "inflate": 0.2}
				]
			},
			{
				"name": "45b3ce35_6f67_4f5c_89cf_6b6a8f6047b4",
				"parent": "21e5f4e2_08bd_4375_9836_bc14dcd6aa76",
				"pivot": [2, 12.07, 2.2005],
				"rotation": [0, 0, -2.86479],
				"mirror": true,
				"cubes": [
					{"origin": [-1, 6.07, -2.7995], "size": [6, 7, 7], "uv": [102, 98]}
				]
			},
			{
				"name": "b602f095_f33b_4cfe_a626_09e869318ea8",
				"parent": "45b3ce35_6f67_4f5c_89cf_6b6a8f6047b4",
				"pivot": [2, 6.44, 1.2005],
				"rotation": [0, 0, 1.71887],
				"mirror": true,
				"cubes": [
					{"origin": [-1.5, 0.44, -3.2995], "size": [7, 8, 8], "uv": [98, 112], "inflate": 0.2}
				]
			},
			{
				"name": "legLeft",
				"pivot": [2, 12.65, 0.9505],
				"mirror": true,
				"cubes": [
					{"origin": [0.5, 7.4, -0.7995], "size": [3, 6, 4], "uv": [14, 34], "inflate": 0.1}
				]
			},
			{
				"name": "6b061186_ff93_4d99_81e6_3a14bbf39398",
				"parent": "legLeft",
				"pivot": [2, 7.65, -0.0495],
				"mirror": true,
				"cubes": [
					{"origin": [0.5, -0.1, -0.7995], "size": [3, 8, 4], "uv": [14, 44]}
				]
			},
			{
				"name": "e56d2a5a_c2e5_49da_8ea8_d220309651b3",
				"parent": "legLeft",
				"pivot": [1.95, 13.4, 1.7005],
				"rotation": [0, 0, 6.7],
				"mirror": true,
				"cubes": [
					{"origin": [1.95, 7.9, -0.7995], "size": [2, 6, 4], "uv": [56, 30], "inflate": 0.09}
				]
			},
			{
				"name": "legRight",
				"pivot": [-2, 12.65, 0.9505],
				"cubes": [
					{"origin": [-3.5, 7.4, -0.7995], "size": [3, 6, 4], "uv": [0, 34], "inflate": 0.1}
				]
			},
			{
				"name": "fd4c5550_3bc3_4d13_8e2d_ed88755195f8",
				"parent": "legRight",
				"pivot": [-2, 7.65, -0.0495],
				"cubes": [
					{"origin": [-3.5, -0.1, -0.7995], "size": [3, 8, 4], "uv": [0, 44]}
				]
			},
			{
				"name": "bef4def1_37ff_4294_95a4_09fae085a7fc",
				"parent": "legRight",
				"pivot": [-1.95, 13.4, 1.7005],
				"rotation": [0, 0, -6.7],
				"cubes": [
					{"origin": [-3.95, 7.9, -0.7995], "size": [2, 6, 4], "uv": [56, 20], "inflate": 0.09}
				]
			},
			{
				"name": "backpackPositioningBone",
				"pivot": [0, 21, 0]
			}
		]
	}
}