{
	"format_version": "1.10.0",
	"geometry.model": {
		"texturewidth": 128,
		"textureheight": 64,
		"visible_bounds_width": 3,
		"visible_bounds_height": 4,
		"visible_bounds_offset": [0, 1, 0],
		"bones": [
			{
				"name": "head",
				"pivot": [0, 23.24464, 0.00583],
				"cubes": [
					{"origin": [0, 23.24464, 0.00583], "size": [0, 0, 0], "uv": [0, 0]}
				]
			},
			{
				"name": "4fa8211c_6527_4024_aaa2_5a050af02eda",
				"parent": "head",
				"pivot": [0, 23.24464, 0.00583],
				"cubes": [
					{"origin": [0, 22.24464, 0.00583], "size": [1, 1, 1], "uv": [77, 8], "inflate": -1},
					{"origin": [-4, 23.24464, -3.99417], "size": [8, 8, 8], "uv": [0, 0]},
					{"origin": [-4, 19.24464, -3.99417], "size": [8, 12, 8], "uv": [32, 0], "inflate": 0.3}
				]
			},
			{
				"name": "afeae9bf_3446_4481_970a_614507ffac9f",
				"parent": "4fa8211c_6527_4024_aaa2_5a050af02eda",
				"pivot": [1.8, 27.06964, 0.00583],
				"rotation": [0, 0, -17.18873],
				"cubes": [
					{"origin": [1.8, 17.06964, -4.99417], "size": [0, 10, 10], "uv": [88, 10]}
				]
			},
			{
				"name": "7f07cac2_a7c0_4931_831c_22c5f047b408",
				"parent": "4fa8211c_6527_4024_aaa2_5a050af02eda",
				"pivot": [-1.8, 27.06964, 0.00583],
				"rotation": [0, 0, 17.18873],
				"cubes": [
					{"origin": [-1.8, 17.06964, -4.99417], "size": [0, 10, 10], "uv": [88, 0]}
				]
			},
			{
				"name": "59ed840b_7de2_4173_99aa_952d31de46de",
				"parent": "4fa8211c_6527_4024_aaa2_5a050af02eda",
				"pivot": [0, 25.94464, 1.44583],
				"rotation": [18.55, 0, 0],
				"cubes": [
					{"origin": [-4.5, 21.04464, -1.20417], "size": [9, 8, 4], "uv": [36, 41], "inflate": 0.4},
					{"origin": [-4.5, 21.04464, 0.49583], "size": [9, 8, 4], "uv": [36, 41], "inflate": -0.15}
				]
			},
			{
				"name": "7ec9a84c_0488_490f_aa9e_64d7a52a3da2",
				"parent": "59ed840b_7de2_4173_99aa_952d31de46de",
				"pivot": [0, 24.03214, 0.90583],
				"rotation": [20.87, -23.48, 44.35]
			},
			{
				"name": "845c0e3f_d698_4811_bea0_b07e394ef3dc",
				"parent": "59ed840b_7de2_4173_99aa_952d31de46de",
				"pivot": [0, 27.29464, 0.13633],
				"rotation": [-27, -23.7, -38.06]
			},
			{
				"name": "_bink",
				"parent": "head",
				"pivot": [0, 23.24464, 0.00583],
				"cubes": [
					{"origin": [-4, 23.24464, -3.99417], "size": [8, 8, 0], "uv": [0, 0], "inflate": 0.001}
				]
			},
			{
				"name": "armLeft",
				"pivot": [1.77581, 21.90331, 0.48599],
				"rotation": [2.95072, 0, -10.58229],
				"mirror": true,
				"cubes": [
					{"origin": [1.27581, 16.50331, -0.51401], "size": [2, 6, 2], "uv": [8, 16], "inflate": -0.2}
				]
			},
			{
				"name": "d3bd180a_4ed8_490a_a0d3_333330d851b0",
				"parent": "armLeft",
				"pivot": [2.05768, 18.01539, 0.87478],
				"rotation": [-5.72958, 0, -18],
				"mirror": true,
				"cubes": [
					{"origin": [1.05768, 11.01539, -0.62522], "size": [2, 7, 2], "uv": [8, 24], "inflate": -0.25}
				]
			},
			{
				"name": "505adccc_edba_46c6_b876_ad86a741a1a2",
				"parent": "d3bd180a_4ed8_490a_a0d3_333330d851b0",
				"pivot": [1.77581, 14.24412, 0.0972]
			},
			{
				"name": "356f8239_7aca_4e89_8ba4_67fe3eb35d02",
				"parent": "d3bd180a_4ed8_490a_a0d3_333330d851b0",
				"pivot": [4.02989, 9.46593, 5.53813],
				"rotation": [-45.08593, 0, 0]
			},
			{
				"name": "d548b4b1_7c31_4344_b36b_a062252f569d",
				"parent": "d3bd180a_4ed8_490a_a0d3_333330d851b0",
				"pivot": [2.05768, 18.01539, 0.87478],
				"mirror": true,
				"cubes": [
					{"origin": [1.05768, 13.01539, -0.62522], "size": [2, 5, 2], "uv": [62, 48], "inflate": -0.07}
				]
			},
			{
				"name": "b1542e10_1e2b_4ad1_87b9_b89dad5d1c5d",
				"parent": "armLeft",
				"pivot": [1.77581, 21.90331, 0.48599],
				"mirror": true,
				"cubes": [
					{"origin": [1.27581, 16.50331, -0.51401], "size": [2, 6, 2], "uv": [62, 40], "inflate": -0.05}
				]
			},
			{
				"name": "224d9527_f762_4cca_b405_2057579d5511",
				"parent": "armLeft",
				"pivot": [1.77581, 20.50431, 0.48599],
				"rotation": [0, 0, -26.92902],
				"mirror": true,
				"cubes": [
					{"origin": [0.65581, 18.50431, -1.01401], "size": [3, 3, 3], "uv": [64, 6], "inflate": -0.16}
				]
			},
			{
				"name": "armLeftPositioningBone",
				"parent": "armLeft",
				"pivot": [3.77581, 12.40331, -0.26401]
			},
			{
				"name": "armRight",
				"pivot": [-1.77581, 21.90331, 0.48599],
				"rotation": [2.95072, 0, 10.58229],
				"cubes": [
					{"origin": [-3.27581, 16.50331, -0.51401], "size": [2, 6, 2], "uv": [0, 16], "inflate": -0.2}
				]
			},
			{
				"name": "5cf88f3a_d218_4e60_8402_466213f20333",
				"parent": "armRight",
				"pivot": [-2.05768, 18.01539, 0.87478],
				"rotation": [-5.72958, 0, 18],
				"cubes": [
					{"origin": [-3.05768, 11.01539, -0.62522], "size": [2, 7, 2], "uv": [0, 24], "inflate": -0.25}
				]
			},
			{
				"name": "88af560f_ca5f_41fe_9f5d_e1fcbb1acb7e",
				"parent": "5cf88f3a_d218_4e60_8402_466213f20333",
				"pivot": [-1.77581, 14.24412, 0.0972]
			},
			{
				"name": "d55490d2_66c5_40f9_8516_69d1fa7251dc",
				"parent": "5cf88f3a_d218_4e60_8402_466213f20333",
				"pivot": [-4.02989, 9.46593, 5.53813],
				"rotation": [-45.08593, 0, 0]
			},
			{
				"name": "ca3f433a_530e_4485_97b0_5a39dad7298d",
				"parent": "5cf88f3a_d218_4e60_8402_466213f20333",
				"pivot": [-2.05768, 18.01539, 0.87478],
				"cubes": [
					{"origin": [-3.05768, 13.01539, -0.62522], "size": [2, 5, 2], "uv": [62, 48], "inflate": -0.07}
				]
			},
			{
				"name": "b5fee4a0_c055_45ab_bf67_87b8fc62f3dc",
				"parent": "armRight",
				"pivot": [-1.77581, 21.90331, 0.48599],
				"cubes": [
					{"origin": [-3.27581, 16.50331, -0.51401], "size": [2, 6, 2], "uv": [62, 40], "inflate": -0.05}
				]
			},
			{
				"name": "496b17cf_9579_4ecf_9035_23b3a4984925",
				"parent": "armRight",
				"pivot": [-1.77581, 20.50431, 0.48599],
				"rotation": [0, 0, 26.92902],
				"cubes": [
					{"origin": [-3.65581, 18.50431, -1.01401], "size": [3, 3, 3], "uv": [64, 6], "inflate": -0.16}
				]
			},
			{
				"name": "armRightPositioningBone",
				"parent": "armRight",
				"pivot": [-3.77581, 12.40331, -0.26401]
			},
			{
				"name": "body",
				"pivot": [0, 14.01084, 0],
				"rotation": [-0.04297, 0, 0],
				"cubes": [
					{"origin": [0, 14.01084, 0], "size": [0, 0, 0], "uv": [0, 0]}
				]
			},
			{
				"name": "d721f14f_3130_4cb9_9c4a_dee58fea590c",
				"parent": "body",
				"pivot": [0, 14.98282, 0],
				"cubes": [
					{"origin": [0, 14.98282, 0], "size": [0, 0, 0], "uv": [0, 0]}
				]
			},
			{
				"name": "898361d0_e2f4_4b7b_b981_2eaf42267d7c",
				"parent": "d721f14f_3130_4cb9_9c4a_dee58fea590c",
				"pivot": [0, 13.52485, -0.77758],
				"rotation": [4.53, -5, 25],
				"cubes": [
					{"origin": [-3, 13.52485, -1.27758], "size": [3, 3, 2], "uv": [6, 50]}
				]
			},
			{
				"name": "9aae6b7e_aec1_4930_94df_4392da121820",
				"parent": "d721f14f_3130_4cb9_9c4a_dee58fea590c",
				"pivot": [0, 13.52485, -0.77758],
				"rotation": [4.53, 5, -25],
				"mirror": true,
				"cubes": [
					{"origin": [0, 13.52485, -1.27758], "size": [3, 3, 2], "uv": [20, 50]}
				]
			},
			{
				"name": "bb0689eb_40eb_498d_95f5_a8a3ff88b9b8",
				"parent": "d721f14f_3130_4cb9_9c4a_dee58fea590c",
				"pivot": [-1.45797, 14.98282, 1.31217],
				"rotation": [13, -7.55, 16],
				"cubes": [
					{"origin": [-2.85797, 13.98282, -0.08783], "size": [3, 2, 2], "uv": [44, 24]}
				]
			},
			{
				"name": "fb6d7130_fee9_4d13_afb1_cd12177aeff9",
				"parent": "d721f14f_3130_4cb9_9c4a_dee58fea590c",
				"pivot": [1.45797, 14.98282, 1.31217],
				"rotation": [13, 7.55, -16],
				"mirror": true,
				"cubes": [
					{"origin": [-0.14203, 13.98282, -0.08783], "size": [3, 2, 2], "uv": [54, 24]}
				]
			},
			{
				"name": "d7882ad4_ede4_4eaa_ba6b_70b786cd014e",
				"parent": "d721f14f_3130_4cb9_9c4a_dee58fea590c",
				"pivot": [0, 13.90085, 0.4838],
				"rotation": [-1.59569, 0, 0],
				"cubes": [
					{"origin": [0, 13.90085, 0.4838], "size": [0, 0, 0], "uv": [0, 0]}
				]
			},
			{
				"name": "c3d39937_e052_4441_b3c1_5fe0aa14a144",
				"parent": "d721f14f_3130_4cb9_9c4a_dee58fea590c",
				"pivot": [-2.91594, 14.78843, -0.29159],
				"rotation": [-7.8, -13.1182, 120],
				"cubes": [
					{"origin": [-6.91594, 14.68843, -0.99159], "size": [4, 2, 2], "uv": [32, 20]}
				]
			},
			{
				"name": "4a24614f_da07_4804_b761_54f0da960921",
				"parent": "d721f14f_3130_4cb9_9c4a_dee58fea590c",
				"pivot": [2.91594, 14.78843, -0.29159],
				"rotation": [-7.8, 13.12, -120],
				"mirror": true,
				"cubes": [
					{"origin": [2.91594, 14.68843, -0.99159], "size": [4, 2, 2], "uv": [44, 20]}
				]
			},
			{
				"name": "5c1ca3e6_d125_4d77_a668_86d8a3d97093",
				"parent": "d721f14f_3130_4cb9_9c4a_dee58fea590c",
				"pivot": [0, 17.60717, -1.79816],
				"rotation": [7.48929, 0, 0],
				"cubes": [
					{"origin": [-1.5, 14.70717, -1.79816], "size": [3, 3, 2], "uv": [16, 26]}
				]
			},
			{
				"name": "39ee23b2_feab_4d1a_bb4e_28d7a6308107",
				"parent": "5c1ca3e6_d125_4d77_a668_86d8a3d97093",
				"pivot": [0.58292, 17.57802, -1.86131],
				"rotation": [-25.7831, 0, 0]
			},
			{
				"name": "c52c4237_3086_4d31_8c50_1a794db3c611",
				"parent": "d721f14f_3130_4cb9_9c4a_dee58fea590c",
				"pivot": [0, 15.9548, 1.26357],
				"rotation": [30.3, 0, 0],
				"cubes": [
					{"origin": [-1.5, 15.1548, 0.36357], "size": [3, 4, 1], "uv": [8, 33]}
				]
			},
			{
				"name": "537ff4f3_3333_4ddc_a8e6_efc655c52b53",
				"parent": "d721f14f_3130_4cb9_9c4a_dee58fea590c",
				"pivot": [0, 16.94629, -0.46245],
				"rotation": [13, 0, 0],
				"cubes": [
					{"origin": [-4, 14.94629, -2.71245], "size": [8, 2, 5], "uv": [50, 57], "inflate": -0.1}
				]
			},
			{
				"name": "0ad3b13d_a0d3_4780_9c30_47107c8afd99",
				"parent": "537ff4f3_3333_4ddc_a8e6_efc655c52b53",
				"pivot": [0, 16.07871, -0.46245],
				"rotation": [-5, 0, 0],
				"cubes": [
					{"origin": [-4.5, 14.07871, -3.16245], "size": [9, 2, 6], "uv": [25, 54], "inflate": 0.1}
				]
			},
			{
				"name": "f2cdfbae_5ffb_4458_bf98_9aa71427c9df",
				"parent": "0ad3b13d_a0d3_4780_9c30_47107c8afd99",
				"pivot": [0, 15.16547, -0.46245],
				"rotation": [-2.214, 0, 0],
				"cubes": [
					{"origin": [-4.5, 13.16547, -3.81245], "size": [9, 2, 7], "uv": [0, 55], "inflate": 0.3}
				]
			},
			{
				"name": "16d09369_8237_4268_8801_b731ac7619fd",
				"parent": "f2cdfbae_5ffb_4458_bf98_9aa71427c9df",
				"pivot": [0, 14.43488, -0.46245],
				"rotation": [-2.32822, 0, 0],
				"cubes": [
					{"origin": [-5, 12.43488, -4.21245], "size": [10, 2, 8], "uv": [92, 43], "inflate": 0.1}
				]
			},
			{
				"name": "f8b39220_4324_4f51_86ed_69caa9840e14",
				"parent": "16d09369_8237_4268_8801_b731ac7619fd",
				"pivot": [0, 13.33899, -0.46245],
				"rotation": [-2.41407, 0, 0],
				"cubes": [
					{"origin": [-5, 11.33899, -4.56245], "size": [10, 2, 9], "uv": [90, 53], "inflate": 0.3}
				]
			},
			{
				"name": "72900bc2_252f_4bcd_b43e_47988de7eba9",
				"parent": "body",
				"pivot": [0, 17.31557, -0.1944],
				"cubes": [
					{"origin": [0, 17.31557, -0.1944], "size": [0, 0, 0], "uv": [0, 0]}
				]
			},
			{
				"name": "d7ef01ef_da99_473a_b43c_6dbb7771e09a",
				"parent": "72900bc2_252f_4bcd_b43e_47988de7eba9",
				"pivot": [0, 14.98282, 0.29159],
				"cubes": [
					{"origin": [0, 14.98282, 0.29159], "size": [0, 0, 0], "uv": [0, 0]}
				]
			},
			{
				"name": "f70200ce_4b7a_4855_901a_89446b523019",
				"parent": "d7ef01ef_da99_473a_b43c_6dbb7771e09a",
				"pivot": [0, 17.41277, -0.0972],
				"rotation": [-0.69, 0, 0],
				"cubes": [
					{"origin": [-1.5, 17.61277, -1.8972], "size": [3, 2, 2], "uv": [30, 27], "inflate": 0.01}
				]
			},
			{
				"name": "1fd675b4_6e00_4d6c_815b_3eee43cf3134",
				"parent": "d7ef01ef_da99_473a_b43c_6dbb7771e09a",
				"pivot": [0.58319, 21.10629, 0.38879],
				"rotation": [-11.94, 0.83, -9.01],
				"cubes": [
					{"origin": [-1.91681, 18.10629, -1.11121], "size": [2, 3, 2], "uv": [16, 21]}
				]
			},
			{
				"name": "9c01e457_5104_4ec9_a7ce_d646f550e59d",
				"parent": "d7ef01ef_da99_473a_b43c_6dbb7771e09a",
				"pivot": [-0.58319, 21.10629, 0.38879],
				"rotation": [-11.94078, -0.83, 9.01],
				"mirror": true,
				"cubes": [
					{"origin": [-0.08319, 18.10629, -1.11121], "size": [2, 3, 2], "uv": [24, 21]}
				]
			},
			{
				"name": "b01f1047_4579_4d66_84d6_e1b78063e263",
				"parent": "d7ef01ef_da99_473a_b43c_6dbb7771e09a",
				"pivot": [-1.16637, 21.30069, -0.92338],
				"rotation": [-55.08593, 6, 0],
				"mirror": true,
				"cubes": [
					{"origin": [-1.86637, 18.80069, -1.47338], "size": [2, 3, 2], "uv": [16, 16]}
				]
			},
			{
				"name": "61624196_f429_4e7c_bbcd_9af92adc8e58",
				"parent": "d7ef01ef_da99_473a_b43c_6dbb7771e09a",
				"pivot": [1.16637, 21.30069, -0.92338],
				"rotation": [-55.08593, -6, 0],
				"cubes": [
					{"origin": [-0.13363, 18.80069, -1.47338], "size": [2, 3, 2], "uv": [24, 16]}
				]
			},
			{
				"name": "29d1f815_4461_4019_93d8_ecad5a680d6b",
				"parent": "61624196_f429_4e7c_bbcd_9af92adc8e58",
				"pivot": [0.87492, 20.37773, -1.5063]
			},
			{
				"name": "088c03c8_3803_4225_9fc1_3c4e3c6ca85e",
				"parent": "d7ef01ef_da99_473a_b43c_6dbb7771e09a",
				"pivot": [0, 22.61286, 0.24073],
				"rotation": [0.20859, 0, 0],
				"cubes": [
					{"origin": [-1, 21.11286, -0.75927], "size": [2, 4, 2], "uv": [28, 41], "inflate": -0.2}
				]
			},
			{
				"name": "d655bb72_37c1_4b57_956d_80c1f8d2aabb",
				"parent": "d7ef01ef_da99_473a_b43c_6dbb7771e09a",
				"pivot": [0, 20.13431, -0.0972],
				"rotation": [-2.04, 0, 0],
				"cubes": [
					{"origin": [-2, 20.43431, -0.9972], "size": [4, 2, 2], "uv": [48, 28]}
				]
			},
			{
				"name": "13a728fb_4ede_4df3_8f6d_33f36ac623d0",
				"parent": "d655bb72_37c1_4b57_956d_80c1f8d2aabb",
				"pivot": [-0.36, 23.00032, -0.2915],
				"rotation": [15, -45, -11],
				"cubes": [
					{"origin": [-1.56, 22.10033, -1.9915], "size": [3, 1, 3], "uv": [49, 53]}
				]
			},
			{
				"name": "80ff1a7b_d985_44a0_a800_20c965b3bff1",
				"parent": "d655bb72_37c1_4b57_956d_80c1f8d2aabb",
				"pivot": [0, 22.56314, 1.45725],
				"rotation": [16.386, -15.35, 3.214],
				"cubes": [
					{"origin": [-2, 18.56314, -0.54275], "size": [2, 4, 2], "uv": [64, 12]}
				]
			},
			{
				"name": "c166575e_f920_4876_ac2a_3b6dd593b8d7",
				"parent": "80ff1a7b_d985_44a0_a800_20c965b3bff1",
				"pivot": [-0.97153, 19.16278, 1.45725],
				"rotation": [12.6864, 0, 15.888]
			},
			{
				"name": "b2c92bb2_4794_405b_a923_f2c1e0c57497",
				"parent": "c166575e_f920_4876_ac2a_3b6dd593b8d7",
				"pivot": [-0.97153, 15.76242, 1.45725],
				"rotation": [-1.19124, 0, -9.28064]
			},
			{
				"name": "d6594acb_abbe_4b07_98a5_55a44bb0423f",
				"parent": "b2c92bb2_4794_405b_a923_f2c1e0c57497",
				"pivot": [-0.97153, 12.36207, 1.45725],
				"rotation": [-24.03561, 0, -15.97752]
			},
			{
				"name": "a4885eb8_0c1d_4382_855a_1c3aa2b94bbf",
				"parent": "d655bb72_37c1_4b57_956d_80c1f8d2aabb",
				"pivot": [0, 22.56314, 1.45725],
				"rotation": [16.386, 15.35, -3.214],
				"mirror": true,
				"cubes": [
					{"origin": [0, 18.56314, -0.54275], "size": [2, 4, 2], "uv": [64, 12]}
				]
			},
			{
				"name": "d64b8be7_1b35_4dde_b166_58258e03eac1",
				"parent": "a4885eb8_0c1d_4382_855a_1c3aa2b94bbf",
				"pivot": [0.97153, 19.16278, 1.45725],
				"rotation": [12.6864, 0, -16.4028],
				"mirror": true
			},
			{
				"name": "2b40b053_e2f2_4f52_8e29_864b792bf8dc",
				"parent": "d64b8be7_1b35_4dde_b166_58258e03eac1",
				"pivot": [0.97153, 15.76242, 1.45725],
				"rotation": [-1.19124, 0, 9.28064],
				"mirror": true
			},
			{
				"name": "5decebfe_f507_46ee_9b06_2fdd176cb645",
				"parent": "2b40b053_e2f2_4f52_8e29_864b792bf8dc",
				"pivot": [0.97153, 12.36207, 1.45725],
				"rotation": [-24.03561, 0, 15.97752],
				"mirror": true
			},
			{
				"name": "f6ee3cd4_915b_4f63_9586_8c675dca9c92",
				"parent": "d7ef01ef_da99_473a_b43c_6dbb7771e09a",
				"pivot": [0, 19.84272, -1.74956],
				"rotation": [-17, 0, 0],
				"cubes": [
					{"origin": [-1.5, 19.54272, -1.75956], "size": [3, 3, 1], "uv": [56, 20], "inflate": 0.02}
				]
			},
			{
				"name": "2a282c50_4f8c_483a_9848_d80775a3d349",
				"parent": "d7ef01ef_da99_473a_b43c_6dbb7771e09a",
				"pivot": [0, 20.812, -0.19417],
				"rotation": [-2.82, 0, 0],
				"cubes": [
					{"origin": [-2, 17.612, -1.99417], "size": [4, 3, 3], "uv": [64, 0], "inflate": -0.1}
				]
			},
			{
				"name": "e05d76e0_8ecd_431a_9808_9d8412915490",
				"parent": "2a282c50_4f8c_483a_9848_d80775a3d349",
				"pivot": [0.83, 20.312, -1.89417],
				"rotation": [-9.47, 0, 0]
			},
			{
				"name": "a094684e_620b_47d0_bd38_657086de3716",
				"parent": "2a282c50_4f8c_483a_9848_d80775a3d349",
				"pivot": [0, 20.54192, -1.69033],
				"rotation": [-25.7831, 0, 0],
				"cubes": [
					{"origin": [-2, 20.37192, -1.93033], "size": [4, 2, 2], "uv": [108, 18], "inflate": -0.1}
				]
			},
			{
				"name": "legLeft",
				"pivot": [1.70096, 14.98282, -0.00152],
				"mirror": true,
				"cubes": [
					{"origin": [1.00096, 7.78282, -1.30152], "size": [1, 7, 1], "uv": [4, 33]}
				]
			},
			{
				"name": "8551f9f7_44dd_43aa_9957_95277e3e08a7",
				"parent": "legLeft",
				"pivot": [1.79816, 8.22757, 0.09179],
				"mirror": true,
				"cubes": [
					{"origin": [0.79816, 8.92757, -0.95821], "size": [0, 0, 0], "uv": [0, 0]}
				]
			},
			{
				"name": "ebcf63bc_119e_4ab2_9380_9675383a41dd",
				"parent": "8551f9f7_44dd_43aa_9957_95277e3e08a7",
				"pivot": [2.18695, 0.84053, 0.71386],
				"mirror": true,
				"cubes": [
					{"origin": [1.08695, -0.15947, -2.28614], "size": [2, 1, 4], "uv": [36, 27]}
				]
			},
			{
				"name": "3c9c92fd_ec6c_4ba4_a123_4b438227b3f6",
				"parent": "8551f9f7_44dd_43aa_9957_95277e3e08a7",
				"pivot": [1.79816, 8.22757, 0.09179],
				"rotation": [5, 9, -1.72],
				"mirror": true,
				"cubes": [
					{"origin": [0.79816, 0.02757, -0.95821], "size": [2, 9, 2], "uv": [14, 41], "inflate": -0.08}
				]
			},
			{
				"name": "28095d4c_e2a3_4a9c_9a55_cc5f75e2ffac",
				"parent": "3c9c92fd_ec6c_4ba4_a123_4b438227b3f6",
				"pivot": [1.79816, 6.57521, 0.6361],
				"rotation": [26.74617, 0, 0],
				"mirror": true,
				"cubes": [
					{"origin": [0.79816, 6.17521, 0.5361], "size": [2, 2, 1], "uv": [22, 41], "inflate": -0.08}
				]
			},
			{
				"name": "cb279eda_2c0c_4f47_8e59_d57ea30946f9",
				"parent": "3c9c92fd_ec6c_4ba4_a123_4b438227b3f6",
				"pivot": [1.79816, 6.8182, 0.6361],
				"rotation": [-11.18146, 0, 0],
				"mirror": true,
				"cubes": [
					{"origin": [0.79816, 1.8182, 0.6361], "size": [2, 5, 1], "uv": [22, 44], "inflate": -0.08}
				]
			},
			{
				"name": "ffc71dfd_fcf9_48f1_b10a_ba303f322d87",
				"parent": "3c9c92fd_ec6c_4ba4_a123_4b438227b3f6",
				"pivot": [1.79816, 1.76689, 0.09179],
				"mirror": true,
				"cubes": [
					{"origin": [0.79816, 0.76689, -0.90821], "size": [2, 2, 2], "uv": [120, 47], "inflate": 0.05}
				]
			},
			{
				"name": "485f344a_b0dd_443c_a574_72f1a6431d33",
				"parent": "legLeft",
				"pivot": [0.77758, 13.67065, 0.93158],
				"rotation": [-1.1, -1.29, 5],
				"mirror": true,
				"cubes": [
					{"origin": [1.77758, 8.02065, -1.46842], "size": [1, 7, 2], "uv": [46, 32]}
				]
			},
			{
				"name": "c422cfb1_4b15_4a2c_9312_da317797d68f",
				"parent": "legLeft",
				"pivot": [0.77758, 13.67065, 0.93158],
				"rotation": [-1.1, -1.29, 5],
				"mirror": true,
				"cubes": [
					{"origin": [1.77758, 8.02065, -1.46842], "size": [1, 7, 2], "uv": [46, 32]}
				]
			},
			{
				"name": "1125f69a_952d_4b73_a277_890894c23bd8",
				"parent": "legLeft",
				"pivot": [1.70096, 14.98282, -0.00152],
				"rotation": [0, 5.25, -4.83],
				"cubes": [
					{"origin": [0.40096, 7.78282, -1.30152], "size": [1, 7, 2], "uv": [40, 32]}
				]
			},
			{
				"name": "a4384e44_3d86_4005_a98a_2b532e51f7de",
				"parent": "legLeft",
				"pivot": [1.40937, 9.34535, -0.70135],
				"rotation": [-10.09, -4.41, 4],
				"mirror": true,
				"cubes": [
					{"origin": [1.50937, 8.34535, -0.85135], "size": [1, 7, 2], "uv": [52, 32]}
				]
			},
			{
				"name": "ac63ed5b_1846_4034_9e8f_d37a196846a2",
				"parent": "legLeft",
				"pivot": [1.40937, 9.34535, -0.70135],
				"rotation": [-9.45, -2.52, -2.61],
				"mirror": true,
				"cubes": [
					{"origin": [1.00937, 8.34535, -0.85135], "size": [1, 7, 2], "uv": [58, 32]}
				]
			},
			{
				"name": "legRight",
				"pivot": [-1.70096, 14.98282, -0.00152],
				"cubes": [
					{"origin": [-2.10096, 7.78282, -1.30152], "size": [1, 7, 1], "uv": [0, 33]}
				]
			},
			{
				"name": "1aa46f88_880f_49cc_966f_9c027cc0baef",
				"parent": "legRight",
				"pivot": [-1.79816, 8.22757, 0.09179],
				"cubes": [
					{"origin": [-2.79816, 8.92757, -0.95821], "size": [0, 0, 0], "uv": [0, 0]}
				]
			},
			{
				"name": "3bffa3b0_5747_4077_a459_e210583e9a25",
				"parent": "1aa46f88_880f_49cc_966f_9c027cc0baef",
				"pivot": [-2.18695, 0.84053, 0.71386],
				"cubes": [
					{"origin": [-3.08695, -0.15947, -2.28614], "size": [2, 1, 4], "uv": [22, 27]}
				]
			},
			{
				"name": "bb2803f4_5f92_4ab3_a0dd_0b02e987ffd8",
				"parent": "1aa46f88_880f_49cc_966f_9c027cc0baef",
				"pivot": [-1.79816, 8.22757, 0.09179],
				"rotation": [5, -9, 1.72],
				"cubes": [
					{"origin": [-2.79816, 0.02757, -0.95821], "size": [2, 9, 2], "uv": [0, 41], "inflate": -0.08}
				]
			},
			{
				"name": "11255393_c145_40ef_a110_44023cb5e8db",
				"parent": "bb2803f4_5f92_4ab3_a0dd_0b02e987ffd8",
				"pivot": [-1.79816, 6.57521, 0.6361],
				"rotation": [26.74617, 0, 0],
				"cubes": [
					{"origin": [-2.79816, 6.17521, 0.5361], "size": [2, 2, 1], "uv": [8, 41], "inflate": -0.08}
				]
			},
			{
				"name": "b6e8a7a6_8375_4a70_87f4_529f0a22f56d",
				"parent": "bb2803f4_5f92_4ab3_a0dd_0b02e987ffd8",
				"pivot": [-1.79816, 6.8182, 0.6361],
				"rotation": [-11.18146, 0, 0],
				"cubes": [
					{"origin": [-2.79816, 1.8182, 0.6361], "size": [2, 5, 1], "uv": [8, 44], "inflate": -0.08}
				]
			},
			{
				"name": "70c26875_aa51_4dfc_9553_2ae0eee287f4",
				"parent": "bb2803f4_5f92_4ab3_a0dd_0b02e987ffd8",
				"pivot": [-1.79816, 1.76689, 0.09179],
				"cubes": [
					{"origin": [-2.79816, 0.76689, -0.90821], "size": [2, 2, 2], "uv": [120, 47], "inflate": 0.05}
				]
			},
			{
				"name": "f2ab92c7_c959_4596_9ba1_b78c2c1123f3",
				"parent": "legRight",
				"pivot": [-0.77758, 13.67065, 0.93158],
				"rotation": [-1.1, 1.29, -5],
				"cubes": [
					{"origin": [-2.77758, 8.02065, -1.46842], "size": [1, 7, 2], "uv": [22, 32]}
				]
			},
			{
				"name": "65d6bf15_9ccb_453c_a48e_a1c9fa57d466",
				"parent": "legRight",
				"pivot": [-0.77758, 13.67065, 0.93158],
				"rotation": [-1.1, 1.29, -5],
				"cubes": [
					{"origin": [-2.77758, 8.02065, -1.46842], "size": [1, 7, 2], "uv": [22, 32]}
				]
			},
			{
				"name": "e0e0e953_ff8d_4083_96aa_3c7fcf402e37",
				"parent": "legRight",
				"pivot": [-1.70096, 14.98282, -0.00152],
				"rotation": [0, -5.25, 4.83],
				"cubes": [
					{"origin": [-1.40096, 7.78282, -1.30152], "size": [1, 7, 2], "uv": [16, 32]}
				]
			},
			{
				"name": "0adc6816_e741_4142_933f_ec420c5f0f68",
				"parent": "legRight",
				"pivot": [-1.40937, 9.34535, -0.70135],
				"rotation": [-10.09, 4.41, -4],
				"cubes": [
					{"origin": [-2.50937, 8.34535, -0.85135], "size": [1, 7, 2], "uv": [28, 32]}
				]
			},
			{
				"name": "18f44849_a422_462a_a1aa_4131074f6637",
				"parent": "legRight",
				"pivot": [-1.40937, 9.34535, -0.70135],
				"rotation": [-9.44966, 2.52, 2.61],
				"cubes": [
					{"origin": [-2.00937, 8.34535, -0.85135], "size": [1, 7, 2], "uv": [34, 32]}
				]
			},
			{
				"name": "backpackPositioningBone",
				"pivot": [0, 21, 0]
			}
		]
	}
}