{
	"format_version": "1.10.0",
	"geometry.model": {
		"texturewidth": 128,
		"textureheight": 64,
		"visible_bounds_width": 3,
		"visible_bounds_height": 4,
		"visible_bounds_offset": [0, 1, 0],
		"bones": [
			{
				"name": "head",
				"pivot": [0, 23.84505, 0.79867],
				"mirror": true,
				"cubes": [
					{"origin": [-4, 23.84505, -3.20133], "size": [8, 8, 8], "uv": [0, 0]},
					{"origin": [-4, 19.84505, -3.20133], "size": [8, 12, 8], "uv": [32, 0], "inflate": 0.3},
					{"origin": [-2, 27.04504, 4.79867], "size": [4, 4, 2], "uv": [72, 0]},
					{"origin": [-5, 27.84505, 0.99867], "size": [1, 3, 3], "uv": [56, 0]},
					{"origin": [4, 27.84505, 0.99867], "size": [1, 3, 3], "uv": [64, 0]}
				]
			},
			{
				"name": "974a7639_bea4_4f32_9bfe_383e24a68b3c",
				"parent": "head",
				"pivot": [0, 29.04504, 5.79867],
				"rotation": [-2.86479, 0, 0],
				"cubes": [
					{"origin": [-1.5, 21.54504, 4.79867], "size": [3, 9, 3], "uv": [76, 6]}
				]
			},
			{
				"name": "d74d028a_e06b_4511_a084_31f852468a88",
				"parent": "head",
				"pivot": [-4.5, 29.34505, 2.49867],
				"rotation": [0, 0, -2.86479],
				"cubes": [
					{"origin": [-5.5, 21.64505, 1.69867], "size": [1, 9, 2], "uv": [64, 6]}
				]
			},
			{
				"name": "b3311108_bc53_486c_bf60_a69f1a011818",
				"parent": "head",
				"pivot": [4.5, 29.34505, 2.49867],
				"rotation": [0, 0, 2.86479],
				"mirror": true,
				"cubes": [
					{"origin": [4.5, 21.64505, 1.69867], "size": [1, 9, 2], "uv": [70, 6]}
				]
			},
			{
				"name": "b14d8f88_dd99_41b4_bab5_20d4eeb72ba0",
				"parent": "head",
				"pivot": [0, 29.14505, 4.29867],
				"rotation": [23, 0, 0],
				"cubes": [
					{"origin": [-1.5, 27.64505, 4.29867], "size": [3, 3, 4], "uv": [25, 1]}
				]
			},
			{
				"name": "3ce63b3d_ff6f_476d_9148_3856e1d0f1d8",
				"parent": "head",
				"pivot": [-3.5, 30.34505, 1.74867],
				"rotation": [-17, 0, 5],
				"cubes": [
					{"origin": [-4, 20.34505, 1.74867], "size": [1, 10, 1], "uv": [124, 0]}
				]
			},
			{
				"name": "e615b606_8d4c_43f4_97c3_04486d099feb",
				"parent": "head",
				"pivot": [3.5, 30.34505, 1.74867],
				"rotation": [-17, 0, -5],
				"mirror": true,
				"cubes": [
					{"origin": [3, 20.34505, 1.74867], "size": [1, 10, 1], "uv": [124, 0]}
				]
			},
			{
				"name": "0f11eb67_333b_4b9a_8a79_ddc119429582",
				"parent": "head",
				"pivot": [4.25, 27.34505, 0.04867],
				"mirror": true,
				"cubes": [
					{"origin": [4.25, 25.34505, -1.45133], "size": [1, 3, 3], "uv": [12, 45], "inflate": -0.3}
				]
			},
			{
				"name": "c909b76a_f5ab_4a3d_b542_ad803727ecc0",
				"parent": "head",
				"pivot": [-4.25, 27.34505, 0.04867],
				"cubes": [
					{"origin": [-5.25, 25.34505, -1.45133], "size": [1, 3, 3], "uv": [12, 45], "inflate": -0.3}
				]
			},
			{
				"name": "73904728_0a5b_4f33_b610_7d42b966b79a",
				"parent": "head",
				"pivot": [3.75, 27.34505, 0.04867],
				"mirror": true,
				"cubes": [
					{"origin": [3.75, 25.34505, -1.45133], "size": [1, 3, 3], "uv": [14, 37]}
				]
			},
			{
				"name": "6dedc519_04b5_414f_8099_01a824502606",
				"parent": "73904728_0a5b_4f33_b610_7d42b966b79a",
				"pivot": [4.75, 27.84505, 0.54867],
				"rotation": [-30, 0, 8],
				"mirror": true,
				"cubes": [
					{"origin": [4.75, 27.84505, 0.04867], "size": [0, 3, 1], "uv": [24, 0]}
				]
			},
			{
				"name": "b877028c_79b2_4aeb_b93c_d592bd2b4310",
				"parent": "head",
				"pivot": [-3.75, 27.34505, 0.04867],
				"cubes": [
					{"origin": [-4.75, 25.34505, -1.45133], "size": [1, 3, 3], "uv": [14, 37]}
				]
			},
			{
				"name": "e5b2a72f_7b02_42af_a8e1_ea6624c72cb4",
				"parent": "b877028c_79b2_4aeb_b93c_d592bd2b4310",
				"pivot": [-4.75, 27.84505, 0.54867],
				"rotation": [-30, 0, -8],
				"cubes": [
					{"origin": [-4.75, 27.84505, 0.04867], "size": [0, 3, 1], "uv": [24, 0]}
				]
			},
			{
				"name": "39047946_26f9_494c_9e79_20a57be65c6f",
				"parent": "head",
				"pivot": [-4, 30.34505, -2.95133],
				"cubes": [
					{"origin": [-4.5, 20.34505, -2.95133], "size": [1, 10, 1], "uv": [14, 53]}
				]
			},
			{
				"name": "7e75c209_a550_474e_a39f_8d20f6719c23",
				"parent": "head",
				"pivot": [4, 30.34505, -2.95133],
				"mirror": true,
				"cubes": [
					{"origin": [3.5, 20.34505, -2.95133], "size": [1, 10, 1], "uv": [14, 53]}
				]
			},
			{
				"name": "80d1a081_9c09_4232_b849_179f78b1ebdb",
				"parent": "head",
				"pivot": [0, 31.84505, -2.70133],
				"rotation": [-15, 0, 0],
				"cubes": [
					{"origin": [-4.5, 27.84505, -3.20133], "size": [9, 4, 2], "uv": [18, 58], "inflate": 0.01}
				]
			},
			{
				"name": "headDeco",
				"parent": "head",
				"pivot": [0, 23.84505, 0.79867],
				"mirror": true,
				"cubes": [
					{"origin": [-4, 23.84505, -3.20133], "size": [8, 8, 8], "uv": [0, 0]},
					{"origin": [-4, 19.84505, -3.20133], "size": [8, 12, 8], "uv": [32, 0], "inflate": 0.3},
					{"origin": [-2, 27.04504, 4.79867], "size": [4, 4, 2], "uv": [72, 0]},
					{"origin": [-5, 27.84505, 0.99867], "size": [1, 3, 3], "uv": [56, 0]},
					{"origin": [4, 27.84505, 0.99867], "size": [1, 3, 3], "uv": [64, 0]}
				]
			},
			{
				"name": "f2545dfa_534c_444c_9296_43292ac5ccbb",
				"parent": "headDeco",
				"pivot": [0, 29.04504, 5.79867],
				"rotation": [-2.86479, 0, 0],
				"cubes": [
					{"origin": [-1.5, 21.54504, 4.79867], "size": [3, 9, 3], "uv": [76, 6]}
				]
			},
			{
				"name": "d17b4433_e930_40ab_afa2_2c91fa083604",
				"parent": "headDeco",
				"pivot": [-4.5, 29.34505, 2.49867],
				"rotation": [0, 0, -2.86479],
				"cubes": [
					{"origin": [-5.5, 21.64505, 1.69867], "size": [1, 9, 2], "uv": [64, 6]}
				]
			},
			{
				"name": "ebe9f267_91b3_4ba4_8084_d59b01f9e9b3",
				"parent": "headDeco",
				"pivot": [4.5, 29.34505, 2.49867],
				"rotation": [0, 0, 2.86479],
				"mirror": true,
				"cubes": [
					{"origin": [4.5, 21.64505, 1.69867], "size": [1, 9, 2], "uv": [70, 6]}
				]
			},
			{
				"name": "d6557bbc_2693_49ee_a948_197e7d759ea9",
				"parent": "headDeco",
				"pivot": [0, 29.14505, 4.29867],
				"rotation": [23, 0, 0],
				"cubes": [
					{"origin": [-1.5, 27.64505, 4.29867], "size": [3, 3, 4], "uv": [25, 1]}
				]
			},
			{
				"name": "001b57d6_dce1_4cce_9282_4c746837bff4",
				"parent": "headDeco",
				"pivot": [-3.5, 30.34505, 1.74867],
				"rotation": [-17, 0, 5],
				"cubes": [
					{"origin": [-4, 20.34505, 1.74867], "size": [1, 10, 1], "uv": [124, 0]}
				]
			},
			{
				"name": "a827d539_58e8_4208_ba6d_eb7f269f48f3",
				"parent": "headDeco",
				"pivot": [3.5, 30.34505, 1.74867],
				"rotation": [-17, 0, -5],
				"mirror": true,
				"cubes": [
					{"origin": [3, 20.34505, 1.74867], "size": [1, 10, 1], "uv": [124, 0]}
				]
			},
			{
				"name": "2d43e39e_b23f_4c61_9ced_6fe95e4a748e",
				"parent": "headDeco",
				"pivot": [4.25, 27.34505, 0.04867],
				"mirror": true,
				"cubes": [
					{"origin": [4.25, 25.34505, -1.45133], "size": [1, 3, 3], "uv": [12, 45], "inflate": -0.3}
				]
			},
			{
				"name": "1162f70b_b5c3_4686_8e3e_3f196ab73a80",
				"parent": "headDeco",
				"pivot": [-4.25, 27.34505, 0.04867],
				"cubes": [
					{"origin": [-5.25, 25.34505, -1.45133], "size": [1, 3, 3], "uv": [12, 45], "inflate": -0.3}
				]
			},
			{
				"name": "1e5e7144_077c_40a2_8f4f_6127b14aeb22",
				"parent": "headDeco",
				"pivot": [3.75, 27.34505, 0.04867],
				"mirror": true,
				"cubes": [
					{"origin": [3.75, 25.34505, -1.45133], "size": [1, 3, 3], "uv": [14, 37]}
				]
			},
			{
				"name": "2e55b139_4583_4995_8a6f_12e1c24755d0",
				"parent": "1e5e7144_077c_40a2_8f4f_6127b14aeb22",
				"pivot": [4.75, 27.84505, 0.54867],
				"rotation": [-30, 0, 8],
				"mirror": true,
				"cubes": [
					{"origin": [4.75, 27.84505, 0.04867], "size": [0, 3, 1], "uv": [24, 0]}
				]
			},
			{
				"name": "7c419417_b33d_48e3_bef6_df7aa79a2daa",
				"parent": "headDeco",
				"pivot": [-3.75, 27.34505, 0.04867],
				"cubes": [
					{"origin": [-4.75, 25.34505, -1.45133], "size": [1, 3, 3], "uv": [14, 37]}
				]
			},
			{
				"name": "0562c598_3e76_4f31_8723_5daf40d83c80",
				"parent": "7c419417_b33d_48e3_bef6_df7aa79a2daa",
				"pivot": [-4.75, 27.84505, 0.54867],
				"rotation": [-30, 0, -8],
				"cubes": [
					{"origin": [-4.75, 27.84505, 0.04867], "size": [0, 3, 1], "uv": [24, 0]}
				]
			},
			{
				"name": "1e4adaf4_234a_4768_a11e_1f94accaf87b",
				"parent": "headDeco",
				"pivot": [-4, 30.34505, -2.95133],
				"cubes": [
					{"origin": [-4.5, 20.34505, -2.95133], "size": [1, 10, 1], "uv": [14, 53]}
				]
			},
			{
				"name": "6a4089a4_93ed_47d8_929e_37239d1dc4ed",
				"parent": "headDeco",
				"pivot": [4, 30.34505, -2.95133],
				"mirror": true,
				"cubes": [
					{"origin": [3.5, 20.34505, -2.95133], "size": [1, 10, 1], "uv": [14, 53]}
				]
			},
			{
				"name": "9888ae38_518b_4ff9_afe2_f5c2d104b701",
				"parent": "headDeco",
				"pivot": [0, 31.84505, -2.70133],
				"rotation": [-15, 0, 0],
				"cubes": [
					{"origin": [-4.5, 27.84505, -3.20133], "size": [9, 4, 2], "uv": [18, 58], "inflate": 0.01}
				]
			},
			{
				"name": "_bink",
				"parent": "head",
				"pivot": [0, 23.84505, 0.79867],
				"cubes": [
					{"origin": [-4, 23.84505, -3.20133], "size": [8, 8, 0], "uv": [0, 0], "inflate": 0.001}
				]
			},
			{
				"name": "armLeft",
				"pivot": [4, 22.38501, 0],
				"rotation": [-0.17178, 0, -16.03732],
				"cubes": [
					{"origin": [3, 18.38501, -1], "size": [2, 5, 3], "uv": [10, 16], "mirror": true}
				]
			},
			{
				"name": "082af5cf_ab32_4c95_8b2c_bc79c9594496",
				"parent": "armLeft",
				"pivot": [4, 18.38501, 0.5],
				"rotation": [0, 0, -2.86479],
				"cubes": [
					{"origin": [3, 11.38501, -1], "size": [2, 7, 3], "uv": [10, 25], "mirror": true}
				]
			},
			{
				"name": "7cdd9a86_542c_46c7_8535_f2225f86da7b",
				"parent": "082af5cf_ab32_4c95_8b2c_bc79c9594496",
				"pivot": [4, 18.38501, 0.5],
				"cubes": [
					{"origin": [3, 12.38501, -1], "size": [2, 6, 6], "uv": [52, 52], "inflate": 0.05, "mirror": true}
				]
			},
			{
				"name": "933b143f_57a0_46fc_93d5_c33ec4ad62f1",
				"parent": "7cdd9a86_542c_46c7_8535_f2225f86da7b",
				"pivot": [4, 18.58501, 2.5],
				"rotation": [31.3, 0, 0],
				"cubes": [
					{"origin": [3, 13.58501, -1.5], "size": [2, 5, 4], "uv": [39, 35], "inflate": 0.01, "mirror": true}
				]
			},
			{
				"name": "armLeftPositioningBone",
				"parent": "armLeft",
				"pivot": [4.25, 12.13501, 0]
			},
			{
				"name": "armRight",
				"pivot": [-4, 22.38501, 0],
				"rotation": [0.17178, 0, 16.03732],
				"cubes": [
					{"origin": [-5, 18.38501, -1], "size": [2, 5, 3], "uv": [0, 16]}
				]
			},
			{
				"name": "1244d4fc_0f9d_4ebf_86fe_3092525b2af8",
				"parent": "armRight",
				"pivot": [-4, 18.38501, 0.5],
				"rotation": [0, 0, 2.86479],
				"cubes": [
					{"origin": [-5, 11.38501, -1], "size": [2, 7, 3], "uv": [0, 25]}
				]
			},
			{
				"name": "5600cd31_dc71_4b92_9401_825cc1ce93c7",
				"parent": "1244d4fc_0f9d_4ebf_86fe_3092525b2af8",
				"pivot": [-4.5, 12.38501, 0.5]
			},
			{
				"name": "52cc5605_2616_4f28_a2f8_d0c64b113c65",
				"parent": "1244d4fc_0f9d_4ebf_86fe_3092525b2af8",
				"pivot": [-7.5, 7.38501, 6.5],
				"rotation": [-45.17178, 0, 0]
			},
			{
				"name": "46b76af8_13c4_4aa9_a175_69fdeb4a3b03",
				"parent": "1244d4fc_0f9d_4ebf_86fe_3092525b2af8",
				"pivot": [-4, 18.38501, 0.5],
				"cubes": [
					{"origin": [-5, 12.38501, -1], "size": [2, 6, 6], "uv": [52, 52], "inflate": 0.05}
				]
			},
			{
				"name": "808107db_dc60_485e_a76e_e6ff5c88725a",
				"parent": "46b76af8_13c4_4aa9_a175_69fdeb4a3b03",
				"pivot": [-4, 18.58501, 2.5],
				"rotation": [31.3, 0, 0],
				"cubes": [
					{"origin": [-5, 13.58501, -1.5], "size": [2, 5, 4], "uv": [39, 35], "inflate": 0.01}
				]
			},
			{
				"name": "armRightPositioningBone",
				"parent": "armRight",
				"pivot": [-4.25, 12.13501, 0]
			},
			{
				"name": "body",
				"pivot": [0, 15.88501, 0],
				"rotation": [-5.72958, 0, 0],
				"cubes": [
					{"origin": [-3, 15.38501, -2.1], "size": [6, 8, 4], "uv": [20, 26]},
					{"origin": [-1, 22.68501, -1], "size": [2, 2, 2], "uv": [24, 16], "inflate": 0.5}
				]
			},
			{
				"name": "ec5a85cf_1346_49fb_854c_e0e1aac6232d",
				"parent": "body",
				"pivot": [-0.5, 22.08501, -2.1],
				"rotation": [45.14897, 0, -8.59437],
				"cubes": [
					{"origin": [-3.5, 20.08501, -4.1], "size": [3, 2, 3], "uv": [20, 20], "inflate": 0.1}
				]
			},
			{
				"name": "16403823_2dc8_4582_9d7f_d44abac314e0",
				"parent": "body",
				"pivot": [0.5, 22.08501, -2.1],
				"rotation": [45.14897, 0, 8.59437],
				"cubes": [
					{"origin": [0.5, 20.08501, -4.1], "size": [3, 2, 3], "uv": [32, 20], "inflate": 0.1, "mirror": true}
				]
			},
			{
				"name": "d3750a8f_8e20_4c44_9b3b_27b65b4d24d5",
				"parent": "body",
				"pivot": [0, 15.88501, 0],
				"rotation": [11.45916, 0, 0],
				"cubes": [
					{"origin": [-4, 12.88501, -2.4], "size": [8, 3, 5], "uv": [18, 39], "inflate": -0.2}
				]
			},
			{
				"name": "cbab3d78_726f_46a2_8667_5ff1c37f4d37",
				"parent": "body",
				"pivot": [-1, 17.88501, 2],
				"rotation": [0, -40, 0],
				"cubes": [
					{"origin": [-2, 13.38501, 2], "size": [1, 8, 5], "uv": [40, 51]}
				]
			},
			{
				"name": "d65c76ed_4d75_41a9_833d_19123ea2f084",
				"parent": "body",
				"pivot": [1, 17.88501, 2],
				"rotation": [0, 40, 0],
				"cubes": [
					{"origin": [1, 13.38501, 2], "size": [1, 8, 5], "uv": [40, 51], "mirror": true}
				]
			},
			{
				"name": "sittingRotationSkirt",
				"parent": "body",
				"pivot": [0, 13.38501, 0]
			},
			{
				"name": "skirt",
				"parent": "sittingRotationSkirt",
				"pivot": [0, 14.79, 0.2995],
				"rotation": [-1.03132, 0, 0],
				"cubes": [
					{"origin": [-4, 11.79, -1.7005], "size": [8, 3, 5], "uv": [18, 48], "inflate": 0.3}
				]
			},
			{
				"name": "cc31ebad_0bc6_43e9_93bb_5a978112d8d4",
				"parent": "skirt",
				"pivot": [-2, 12.47, 2.2995],
				"rotation": [1, 2.29183, 2.86479],
				"cubes": [
					{"origin": [-5, 6.47, -2.7005], "size": [6, 7, 7], "uv": [69, 34]}
				]
			},
			{
				"name": "b1213e61_a07b_4066_bdb6_a979ace1a229",
				"parent": "cc31ebad_0bc6_43e9_93bb_5a978112d8d4",
				"pivot": [-2, 6.84, 1.2995],
				"rotation": [4, 0, -1.71887],
				"cubes": [
					{"origin": [-5.5, 0.84, -3.2005], "size": [7, 8, 8], "uv": [68, 48], "inflate": 0.2}
				]
			},
			{
				"name": "0060b33d_6523_425b_a8e4_25c5d0c963b9",
				"parent": "skirt",
				"pivot": [2, 12.47, 2.2995],
				"rotation": [1.02947, -2.29183, -2.86479],
				"cubes": [
					{"origin": [-1, 6.47, -2.7005], "size": [6, 7, 7], "uv": [99, 34], "mirror": true}
				]
			},
			{
				"name": "ade8db09_cffb_45a8_a23b_ddc324be4bd0",
				"parent": "0060b33d_6523_425b_a8e4_25c5d0c963b9",
				"pivot": [2, 6.84, 1.2995],
				"rotation": [4.4516, 0, 1.71887],
				"cubes": [
					{"origin": [-1.5, 0.84, -3.2005], "size": [7, 8, 8], "uv": [98, 48], "inflate": 0.2, "mirror": true}
				]
			},
			{
				"name": "legLeft",
				"pivot": [2, 12.9, 0.2995],
				"cubes": [
					{"origin": [0.5, 7.9, -1.7005], "size": [3, 6, 4], "uv": [0, 36], "inflate": 0.2, "mirror": true}
				]
			},
			{
				"name": "72302a81_6668_4634_90c1_04045d432967",
				"parent": "legLeft",
				"pivot": [2, 7.9, 0.2995],
				"cubes": [
					{"origin": [0.6, -0.1, -1.7005], "size": [3, 9, 4], "uv": [0, 47], "mirror": true}
				]
			},
			{
				"name": "legRight",
				"pivot": [-2, 12.9, 0.2995],
				"cubes": [
					{"origin": [-3.5, 7.9, -1.7005], "size": [3, 6, 4], "uv": [0, 36], "inflate": 0.2}
				]
			},
			{
				"name": "ddb42fc4_4fd6_469a_b37f_8266defc2201",
				"parent": "legRight",
				"pivot": [-2, 7.9, 0.2995],
				"cubes": [
					{"origin": [-3.6, -0.1, -1.7005], "size": [3, 9, 4], "uv": [0, 47]}
				]
			},
			{
				"name": "backpackPositioningBone",
				"pivot": [0, 22, 0]
			}
		]
	}
}