{
	"format_version": "1.10.0",
	"geometry.model": {
		"texturewidth": 128,
		"textureheight": 64,
		"visible_bounds_width": 3,
		"visible_bounds_height": 4,
		"visible_bounds_offset": [0, 1, 0],
		"bones": [
			{
				"name": "head",
				"pivot": [0, 24, 0],
				"cubes": [
					{"origin": [0, 23.89999, 0.01199], "size": [0, 0, 0], "uv": [0, 0]}
				]
			},
			{
				"name": "6d01a5a5_df13_4582_b153_8be639c36245",
				"parent": "head",
				"pivot": [0, 24, 0],
				"cubes": [
					{"origin": [0, 22.89999, 0.01199], "size": [1, 1, 1], "uv": [77, 8], "inflate": -1},
					{"origin": [-4, 23.89999, -3.988], "size": [8, 8, 8], "uv": [0, 0]},
					{"origin": [-4, 19.89999, -3.988], "size": [8, 12, 8], "uv": [32, 0], "inflate": 0.3}
				]
			},
			{
				"name": "df9befed_58a1_40f0_a2ac_032558652cf8",
				"parent": "6d01a5a5_df13_4582_b153_8be639c36245",
				"pivot": [1.8, 27.72499, 0.01199],
				"rotation": [0, 0, -17.18873],
				"cubes": [
					{"origin": [1.8, 17.72499, -4.988], "size": [0, 10, 10], "uv": [88, 10]}
				]
			},
			{
				"name": "619b04d9_bd04_4e63_9771_75537ceac144",
				"parent": "6d01a5a5_df13_4582_b153_8be639c36245",
				"pivot": [-1.8, 27.72499, 0.01199],
				"rotation": [0, 0, 17.18873],
				"cubes": [
					{"origin": [-1.8, 17.72499, -4.988], "size": [0, 10, 10], "uv": [88, 0]}
				]
			},
			{
				"name": "1945cf8d_f337_47ee_95a9_db26be0a1bde",
				"parent": "6d01a5a5_df13_4582_b153_8be639c36245",
				"pivot": [0, 27.83749, 1.81199],
				"rotation": [11.79963, 0, -0.13173]
			},
			{
				"name": "b13fe058_c615_44d5_8a6d_04414fd0c436",
				"parent": "1945cf8d_f337_47ee_95a9_db26be0a1bde",
				"pivot": [0, 24.01249, 1.81199],
				"rotation": [7.12822, 0, -0.12315]
			},
			{
				"name": "399b11d9_6a6b_401f_884e_3bbee5ec1c5c",
				"parent": "b13fe058_c615_44d5_8a6d_04414fd0c436",
				"pivot": [0, 18.83749, 1.81199],
				"rotation": [12.34252, 0, -0.11456]
			},
			{
				"name": "helmet",
				"parent": "6d01a5a5_df13_4582_b153_8be639c36245",
				"pivot": [0, 27.94999, -0.573],
				"cubes": [
					{"origin": [-4.5, 21.94999, -1.073], "size": [9, 6, 1], "uv": [108, 24]}
				]
			},
			{
				"name": "31536640_914e_4266_a8fc_08889b7e4210",
				"parent": "helmet",
				"pivot": [0, 27.94999, -0.573],
				"cubes": [
					{"origin": [-3, 27.24999, -1.073], "size": [6, 1, 1], "uv": [32, 24]}
				]
			},
			{
				"name": "b306bbc2_461d_4ba3_b1e5_ef2cab2f9f6e",
				"parent": "helmet",
				"pivot": [2.25, 28.17499, -0.573],
				"rotation": [0, 0, -28],
				"mirror": true,
				"cubes": [
					{"origin": [1.25, 27.17499, -1.573], "size": [1, 2, 2], "uv": [64, 18]}
				]
			},
			{
				"name": "6fb74893_112c_4ca3_a5f1_ea8bb338c069",
				"parent": "b306bbc2_461d_4ba3_b1e5_ef2cab2f9f6e",
				"pivot": [2.25, 28.17499, -0.573],
				"mirror": true,
				"cubes": [
					{"origin": [1.75, 27.17499, -1.573], "size": [1, 2, 2], "uv": [36, 41], "inflate": -0.25}
				]
			},
			{
				"name": "ec6025ad_7597_4891_a4f8_255c672982a8",
				"parent": "6fb74893_112c_4ca3_a5f1_ea8bb338c069",
				"pivot": [2.25, 28.17499, -0.573],
				"mirror": true,
				"cubes": [
					{"origin": [1.95, 27.17499, -1.573], "size": [1, 2, 2], "uv": [28, 47], "inflate": -0.4}
				]
			},
			{
				"name": "bc7cf332_ebb3_48b5_bff8_848237ba53e0",
				"parent": "helmet",
				"pivot": [-2.25, 28.17499, -0.573],
				"rotation": [0, 0, 28],
				"cubes": [
					{"origin": [-2.25, 27.17499, -1.573], "size": [1, 2, 2], "uv": [64, 18]}
				]
			},
			{
				"name": "27ca8e6e_461b_4f50_ac6d_b183e3db36cc",
				"parent": "bc7cf332_ebb3_48b5_bff8_848237ba53e0",
				"pivot": [-2.25, 28.17499, -0.573],
				"cubes": [
					{"origin": [-2.75, 27.17499, -1.573], "size": [1, 2, 2], "uv": [36, 41], "inflate": -0.25}
				]
			},
			{
				"name": "646c5d32_ecaa_468e_8b06_1edf4bdcf43a",
				"parent": "27ca8e6e_461b_4f50_ac6d_b183e3db36cc",
				"pivot": [-2.25, 28.17499, -0.573],
				"cubes": [
					{"origin": [-2.95, 27.17499, -1.573], "size": [1, 2, 2], "uv": [28, 47], "inflate": -0.4}
				]
			},
			{
				"name": "504a3c05_3bb3_455c_b21b_00f16f6eaca3",
				"parent": "helmet",
				"pivot": [-1.8, 25.92499, -0.573],
				"cubes": [
					{"origin": [-2.8, 23.92499, -2.07301], "size": [1, 3, 3], "uv": [14, 52]}
				]
			},
			{
				"name": "6a67a5cd_83a1_40cf_b39f_7564b1ec2128",
				"parent": "helmet",
				"pivot": [1.8, 25.92499, -0.573],
				"mirror": true,
				"cubes": [
					{"origin": [1.8, 23.92499, -2.07301], "size": [1, 3, 3], "uv": [14, 52]}
				]
			},
			{
				"name": "3cc7fbcf_9035_4dd4_8efd_a4160d5513f8",
				"parent": "helmet",
				"pivot": [0, 28.33249, -0.573],
				"rotation": [57.29578, 0, 0],
				"cubes": [
					{"origin": [-5.5, 27.83249, -1.573], "size": [11, 1, 2], "uv": [102, 61], "inflate": -0.12}
				]
			},
			{
				"name": "2f0d9302_77ac_4f4a_b3ee_cc66140cce03",
				"parent": "helmet",
				"pivot": [0, 28.33249, -0.573],
				"rotation": [57.29578, 0, 0],
				"cubes": [
					{"origin": [-5.5, 27.83249, -1.573], "size": [11, 1, 2], "uv": [76, 61], "inflate": -0.12}
				]
			},
			{
				"name": "fca3ff24_a8cd_42bf_b621_45749799c352",
				"parent": "6d01a5a5_df13_4582_b153_8be639c36245",
				"pivot": [0, 27.49999, 0.01199],
				"rotation": [-8, 0, -16],
				"cubes": [
					{"origin": [-4.5, 24.99999, -0.488], "size": [5, 4, 4], "uv": [0, 55]}
				]
			},
			{
				"name": "27c9b681_fe7b_4386_ba49_3c46c65b5457",
				"parent": "6d01a5a5_df13_4582_b153_8be639c36245",
				"pivot": [0, 27.49999, 0.01199],
				"rotation": [-12, 0, 14],
				"cubes": [
					{"origin": [0.5, 24.99999, -0.488], "size": [4, 4, 4], "uv": [18, 55]}
				]
			},
			{
				"name": "62aaa093_68cc_4bd4_ae55_a8e179863df1",
				"parent": "6d01a5a5_df13_4582_b153_8be639c36245",
				"pivot": [0, 25.92499, 1.81199],
				"rotation": [8.85682, 0, -0.08593]
			},
			{
				"name": "5998d07d_f488_4844_9c61_3d4b1f12d431",
				"parent": "62aaa093_68cc_4bd4_ae55_a8e179863df1",
				"pivot": [0, 21.64999, 1.81199],
				"rotation": [10.90682, 0, -0.08593]
			},
			{
				"name": "_bink",
				"parent": "head",
				"pivot": [0, 23.89999, 0.01199],
				"cubes": [
					{"origin": [-4, 24, -4], "size": [8, 8, 0], "uv": [0, 0], "inflate": 0.03}
				]
			},
			{
				"name": "armLeft",
				"pivot": [1.827, 22.52, 0.5],
				"rotation": [2.95072, 0, -10.58229],
				"mirror": true,
				"cubes": [
					{"origin": [1.327, 17.12, -0.5], "size": [2, 6, 2], "uv": [8, 16], "inflate": -0.2}
				]
			},
			{
				"name": "e773be09_8755_4717_b1c9_245bddc2adcc",
				"parent": "armLeft",
				"pivot": [2.117, 18.52, 0.9],
				"rotation": [-5.72958, 0, -18],
				"mirror": true,
				"cubes": [
					{"origin": [1.117, 11.52, -0.6], "size": [2, 7, 2], "uv": [8, 24], "inflate": -0.25}
				]
			},
			{
				"name": "b37ecead_3eaa_4811_9ea8_08c9eef2dd61",
				"parent": "e773be09_8755_4717_b1c9_245bddc2adcc",
				"pivot": [1.827, 14.64, 0.1]
			},
			{
				"name": "16673b75_9df3_4ab4_b940_fd2e82c2d1aa",
				"parent": "e773be09_8755_4717_b1c9_245bddc2adcc",
				"pivot": [4.147, 9.72, 5.7],
				"rotation": [-45.08593, 0, 0]
			},
			{
				"name": "e4d44e8d_da8e_42ef_b107_b0ff08b2cc34",
				"parent": "e773be09_8755_4717_b1c9_245bddc2adcc",
				"pivot": [2.117, 18.92, 0.9],
				"mirror": true,
				"cubes": [
					{"origin": [0.617, 11.92, -1.1], "size": [3, 7, 3], "uv": [76, 0], "inflate": -0.3}
				]
			},
			{
				"name": "9236e090_a460_4cb0_a8a3_3c2cc75d89b7",
				"parent": "e4d44e8d_da8e_42ef_b107_b0ff08b2cc34",
				"pivot": [2.987, 13.44, 0.9],
				"rotation": [0, 0, 24.09165],
				"mirror": true,
				"cubes": [
					{"origin": [0.037, 10.44, -1.1], "size": [3, 3, 3], "uv": [52, 50], "inflate": -0.3}
				]
			},
			{
				"name": "2e00e8d5_10ad_40c0_81cf_103bef067424",
				"parent": "armLeft",
				"pivot": [2.407, 18.96, 0.5],
				"rotation": [0, 0, 0.14318],
				"mirror": true,
				"cubes": [
					{"origin": [0.157, 17.96, -1.5], "size": [4, 2, 4], "uv": [38, 41], "inflate": -0.3}
				]
			},
			{
				"name": "bc5cdd2f_84e7_4f50_8bd0_330431cb914a",
				"parent": "2e00e8d5_10ad_40c0_81cf_103bef067424",
				"pivot": [2.407, 18.96, 0.5],
				"rotation": [-5, 28.7, 10],
				"mirror": true,
				"cubes": [
					{"origin": [-1.093, 17.96, 0.5], "size": [3, 2, 1], "uv": [42, 59]}
				]
			},
			{
				"name": "61bd18c9_83b3_4b44_8787_c7fb20868c0d",
				"parent": "armLeft",
				"pivot": [1.827, 22.52, 0.5],
				"mirror": true,
				"cubes": [
					{"origin": [0.827, 16.87, -1], "size": [3, 3, 3], "uv": [52, 56], "inflate": -0.3}
				]
			},
			{
				"name": "armLeftPositioningBone",
				"parent": "armLeft",
				"pivot": [3.827, 12.52, -0.25]
			},
			{
				"name": "armRight",
				"pivot": [-1.827, 22.52, 0.5],
				"rotation": [2.95072, 0, 10.58229],
				"cubes": [
					{"origin": [-3.327, 17.12, -0.5], "size": [2, 6, 2], "uv": [0, 16], "inflate": -0.2}
				]
			},
			{
				"name": "11ba5108_30be_416c_a675_324b9cce5bf7",
				"parent": "armRight",
				"pivot": [-2.117, 18.52, 0.9],
				"rotation": [-5.72958, 0, 18],
				"cubes": [
					{"origin": [-3.117, 11.52, -0.6], "size": [2, 7, 2], "uv": [0, 24], "inflate": -0.25}
				]
			},
			{
				"name": "b478f686_6666_4b29_8fd7_6c5643f8750a",
				"parent": "11ba5108_30be_416c_a675_324b9cce5bf7",
				"pivot": [-1.827, 14.64, 0.1]
			},
			{
				"name": "3b2d972d_2aff_4d7e_909c_f30b99bf8783",
				"parent": "11ba5108_30be_416c_a675_324b9cce5bf7",
				"pivot": [-4.147, 9.72, 5.7],
				"rotation": [-45.08593, 0, 0]
			},
			{
				"name": "daaed802_52e0_4979_8d82_d4338548b61d",
				"parent": "11ba5108_30be_416c_a675_324b9cce5bf7",
				"pivot": [-2.117, 18.92, 0.9],
				"cubes": [
					{"origin": [-3.617, 11.92, -1.1], "size": [3, 7, 3], "uv": [76, 0], "inflate": -0.3}
				]
			},
			{
				"name": "a744b45f_e632_48b4_9bc8_b6ca1e29a22a",
				"parent": "daaed802_52e0_4979_8d82_d4338548b61d",
				"pivot": [-2.987, 13.44, 0.9],
				"rotation": [0, 0, -24.09165],
				"cubes": [
					{"origin": [-3.037, 10.44, -1.1], "size": [3, 3, 3], "uv": [52, 50], "inflate": -0.3}
				]
			},
			{
				"name": "9abb6f50_ce6f_4db9_a9d3_54df6a29aec1",
				"parent": "armRight",
				"pivot": [-2.407, 18.96, 0.5],
				"rotation": [0, 0, -0.14318],
				"cubes": [
					{"origin": [-4.157, 17.96, -1.5], "size": [4, 2, 4], "uv": [38, 41], "inflate": -0.3}
				]
			},
			{
				"name": "b2f1739b_72b3_4846_96d6_097e1009d6fe",
				"parent": "9abb6f50_ce6f_4db9_a9d3_54df6a29aec1",
				"pivot": [-2.407, 18.96, 0.5],
				"rotation": [-5, -28.7, -10],
				"cubes": [
					{"origin": [-1.907, 17.96, 0.5], "size": [3, 2, 1], "uv": [42, 59]}
				]
			},
			{
				"name": "acf38542_9ec0_4bcf_94ab_0978c518e5f4",
				"parent": "armRight",
				"pivot": [-1.827, 22.52, 0.5],
				"cubes": [
					{"origin": [-3.827, 16.87, -1], "size": [3, 3, 3], "uv": [52, 56], "inflate": -0.3}
				]
			},
			{
				"name": "armRightPositioningBone",
				"parent": "armRight",
				"pivot": [-3.827, 12.52, -0.25]
			},
			{
				"name": "body",
				"pivot": [0, 14.4, 0],
				"rotation": [-0.08591, 0, 0],
				"cubes": [
					{"origin": [0, 14.4, 0], "size": [0, 0, 0], "uv": [0, 0]}
				]
			},
			{
				"name": "a65ce167_bc14_45e4_be1d_b7e2c17d9f67",
				"parent": "body",
				"pivot": [0, 15.4, 0],
				"cubes": [
					{"origin": [0, 15.4, 0], "size": [0, 0, 0], "uv": [0, 0]}
				]
			},
			{
				"name": "99810c51_f5d3_4581_91fa_0df8e57d0302",
				"parent": "a65ce167_bc14_45e4_be1d_b7e2c17d9f67",
				"pivot": [0, 13.9, -0.8],
				"rotation": [4.53, -5, 25],
				"cubes": [
					{"origin": [-3, 13.9, -1.3], "size": [3, 3, 2], "uv": [6, 50]}
				]
			},
			{
				"name": "e6e14ecd_2c6a_49a4_b900_19161194ef6e",
				"parent": "a65ce167_bc14_45e4_be1d_b7e2c17d9f67",
				"pivot": [0, 13.9, -0.8],
				"rotation": [4.53, 5, -25],
				"mirror": true,
				"cubes": [
					{"origin": [0, 13.9, -1.3], "size": [3, 3, 2], "uv": [20, 50]}
				]
			},
			{
				"name": "23927be3_942d_4980_b4d7_7580a14b71b9",
				"parent": "a65ce167_bc14_45e4_be1d_b7e2c17d9f67",
				"pivot": [-1.5, 15.4, 1.35],
				"rotation": [13, -7.55, 16],
				"cubes": [
					{"origin": [-2.9, 14.4, -0.05], "size": [3, 2, 2], "uv": [44, 24]}
				]
			},
			{
				"name": "07046003_2e16_49f9_8033_062cde6fe21b",
				"parent": "a65ce167_bc14_45e4_be1d_b7e2c17d9f67",
				"pivot": [1.5, 15.4, 1.35],
				"rotation": [13, 7.55, -16],
				"mirror": true,
				"cubes": [
					{"origin": [-0.1, 14.4, -0.05], "size": [3, 2, 2], "uv": [54, 24]}
				]
			},
			{
				"name": "9da3b6be_6e5c_4e8f_b83e_b615e588e9ca",
				"parent": "a65ce167_bc14_45e4_be1d_b7e2c17d9f67",
				"pivot": [0, 14.29, 0.4955],
				"rotation": [-1.5871, 0, 0],
				"cubes": [
					{"origin": [0, 14.29, 0.4955], "size": [0, 0, 0], "uv": [0, 0]}
				]
			},
			{
				"name": "ec1669a4_f220_4a5f_8271_640f22ee310d",
				"parent": "a65ce167_bc14_45e4_be1d_b7e2c17d9f67",
				"pivot": [-3, 15.2, -0.3],
				"rotation": [-7.8, -13.1182, 120],
				"cubes": [
					{"origin": [-7, 15.1, -1], "size": [4, 2, 2], "uv": [32, 20]}
				]
			},
			{
				"name": "5ec910e5_ebec_46f0_b5d7_9376d585af31",
				"parent": "a65ce167_bc14_45e4_be1d_b7e2c17d9f67",
				"pivot": [3, 15.2, -0.3],
				"rotation": [-7.8, 13.12, -120],
				"mirror": true,
				"cubes": [
					{"origin": [3, 15.1, -1], "size": [4, 2, 2], "uv": [44, 20]}
				]
			},
			{
				"name": "def6e23b_2124_4454_8585_a25573116625",
				"parent": "a65ce167_bc14_45e4_be1d_b7e2c17d9f67",
				"pivot": [0, 18.1, -1.85],
				"rotation": [7.48929, 0, 0],
				"cubes": [
					{"origin": [-1.5, 15.2, -1.85], "size": [3, 3, 2], "uv": [16, 26]}
				]
			},
			{
				"name": "42f244cf_4e0e_4a1b_a10c_3201d0ebfa59",
				"parent": "a65ce167_bc14_45e4_be1d_b7e2c17d9f67",
				"pivot": [0, 16.4, 1.3],
				"rotation": [30.3, 0, 0],
				"cubes": [
					{"origin": [-1.5, 15.6, 0.4], "size": [3, 4, 1], "uv": [8, 33]}
				]
			},
			{
				"name": "b23dc3b6_dbb5_45e5_846c_865050a07f46",
				"parent": "a65ce167_bc14_45e4_be1d_b7e2c17d9f67",
				"pivot": [0, 15.3565, 2.19],
				"rotation": [-3.5, 0, 1],
				"cubes": [
					{"origin": [0, 15.3565, 2.19], "size": [0, 0, 0], "uv": [0, 0]}
				]
			},
			{
				"name": "98de1fe9_8fdf_479e_99e7_ebf9fb598d91",
				"parent": "b23dc3b6_dbb5_45e5_846c_865050a07f46",
				"pivot": [0, 15.3565, 2.19],
				"rotation": [14.78534, 0, -0.15748],
				"cubes": [
					{"origin": [-3, 11.3565, 1.94], "size": [6, 5, 3], "uv": [61, 44]}
				]
			},
			{
				"name": "9969ea92_f44d_4ebe_acea_95f8482a6722",
				"parent": "98de1fe9_8fdf_479e_99e7_ebf9fb598d91",
				"pivot": [0, 12.3115, 2.76],
				"rotation": [-10.64466, 0, 0],
				"cubes": [
					{"origin": [-2.5, 9.3115, 1.76], "size": [5, 4, 2], "uv": [73, 38]},
					{"origin": [-2.5, 8.3115, 1.76], "size": [5, 4, 2], "uv": [73, 38], "inflate": -0.18}
				]
			},
			{
				"name": "75576f2f_23ca_4a7d_b46c_e78ef88e29e1",
				"parent": "a65ce167_bc14_45e4_be1d_b7e2c17d9f67",
				"pivot": [0, 15.4, 0],
				"cubes": [
					{"origin": [-3, 12.625, -1.65], "size": [6, 3, 4], "uv": [30, 52], "inflate": -0.02}
				]
			},
			{
				"name": "ada38fb4_b37c_41d1_954f_9526dbcdcda1",
				"parent": "75576f2f_23ca_4a7d_b46c_e78ef88e29e1",
				"pivot": [-2.704, 16.25, 0.7],
				"rotation": [-34.37747, 90, 0]
			},
			{
				"name": "83394a4f_3723_4aa2_84a8_f9663498f90f",
				"parent": "75576f2f_23ca_4a7d_b46c_e78ef88e29e1",
				"pivot": [2.704, 16.25, 0.7],
				"rotation": [-34.37747, -90, 0],
				"mirror": true
			},
			{
				"name": "06e6bb24_209d_4a79_8e0d_4131578a6bff",
				"parent": "body",
				"pivot": [0, 17.8, -0.2],
				"cubes": [
					{"origin": [0, 17.8, -0.2], "size": [0, 0, 0], "uv": [0, 0]}
				]
			},
			{
				"name": "7b717fd3_8508_4d65_8855_8d82930daeec",
				"parent": "06e6bb24_209d_4a79_8e0d_4131578a6bff",
				"pivot": [0, 15.4, 0.3],
				"cubes": [
					{"origin": [0, 15.4, 0.3], "size": [0, 0, 0], "uv": [0, 0]}
				]
			},
			{
				"name": "04d31cbd_3442_40dd_b8d3_28ca7f818468",
				"parent": "7b717fd3_8508_4d65_8855_8d82930daeec",
				"pivot": [0, 17.9, -0.1],
				"rotation": [-0.69, 0, 0],
				"cubes": [
					{"origin": [-1.5, 18.1, -1.9], "size": [3, 2, 2], "uv": [30, 27], "inflate": 0.01}
				]
			},
			{
				"name": "3e40f555_8dd8_4c11_ab8e_e4925c9b304a",
				"parent": "7b717fd3_8508_4d65_8855_8d82930daeec",
				"pivot": [0.6, 21.7, 0.4],
				"rotation": [-11.94, 0.83, -9.01],
				"cubes": [
					{"origin": [-1.9, 18.7, -1.1], "size": [2, 3, 2], "uv": [16, 21]}
				]
			},
			{
				"name": "63fb3bf5_f6df_41e0_9f84_2e2cb9917cbc",
				"parent": "7b717fd3_8508_4d65_8855_8d82930daeec",
				"pivot": [-0.6, 21.7, 0.4],
				"rotation": [-11.94078, -0.83, 9.01],
				"mirror": true,
				"cubes": [
					{"origin": [-0.1, 18.7, -1.1], "size": [2, 3, 2], "uv": [24, 21]}
				]
			},
			{
				"name": "c42df3b8_44db_4226_8d1e_18db1a3dbe6d",
				"parent": "7b717fd3_8508_4d65_8855_8d82930daeec",
				"pivot": [-1.2, 21.9, -0.95],
				"rotation": [-55.17178, 6, 0],
				"mirror": true,
				"cubes": [
					{"origin": [-1.9, 19.4, -1.5], "size": [2, 3, 2], "uv": [16, 16]}
				]
			},
			{
				"name": "461a32fa_a6b5_4438_90b0_e03ec2b384c3",
				"parent": "7b717fd3_8508_4d65_8855_8d82930daeec",
				"pivot": [1.2, 21.9, -0.95],
				"rotation": [-55.17178, -6, 0],
				"cubes": [
					{"origin": [-0.1, 19.4, -1.5], "size": [2, 3, 2], "uv": [24, 16]}
				]
			},
			{
				"name": "74ba3326_b335_4a0f_ada7_f359e1be22a8",
				"parent": "7b717fd3_8508_4d65_8855_8d82930daeec",
				"pivot": [0, 23.25, 0.24773],
				"rotation": [0.21718, 0, 0],
				"cubes": [
					{"origin": [-1, 21.75, -0.75227], "size": [2, 4, 2], "uv": [28, 41], "inflate": -0.2}
				]
			},
			{
				"name": "d92e041d_fbcb_46d8_b4a1_20b8d0b84b1c",
				"parent": "7b717fd3_8508_4d65_8855_8d82930daeec",
				"pivot": [0, 20.7, -0.1],
				"rotation": [-2.04, 0, 0],
				"cubes": [
					{"origin": [-2, 21, -1], "size": [4, 2, 2], "uv": [48, 28]}
				]
			},
			{
				"name": "1eb07c33_b112_4e87_a935_f30051673774",
				"parent": "d92e041d_fbcb_46d8_b4a1_20b8d0b84b1c",
				"pivot": [0, 22.955, -1.162],
				"rotation": [-42.97183, 0, 0]
			},
			{
				"name": "c5d2a8a1_80cc_422a_bcc4_d7f227b5c326",
				"parent": "7b717fd3_8508_4d65_8855_8d82930daeec",
				"pivot": [0, 20.4, -1.8],
				"rotation": [-17, 0, 0],
				"cubes": [
					{"origin": [-1.5, 20.1, -1.81], "size": [3, 3, 1], "uv": [56, 20], "inflate": 0.02}
				]
			},
			{
				"name": "30d03978_7942_4311_9a84_bae35a33ad5c",
				"parent": "7b717fd3_8508_4d65_8855_8d82930daeec",
				"pivot": [0.777, 22.2672, -0.4252],
				"rotation": [-55.40513, -5, 0],
				"cubes": [
					{"origin": [-0.723, 19.2672, -1.6752], "size": [3, 3, 3], "uv": [61, 38], "inflate": -0.2}
				]
			},
			{
				"name": "4f634d37_1ee8_4ae4_beb8_b8dbdb674479",
				"parent": "7b717fd3_8508_4d65_8855_8d82930daeec",
				"pivot": [-0.777, 22.2672, -0.4252],
				"rotation": [-55.40513, 5, 0],
				"mirror": true,
				"cubes": [
					{"origin": [-2.277, 19.2672, -1.6752], "size": [3, 3, 3], "uv": [61, 38], "inflate": -0.2}
				]
			},
			{
				"name": "d9a85742_6885_4fa9_8ece_913c3c450742",
				"parent": "7b717fd3_8508_4d65_8855_8d82930daeec",
				"pivot": [0, 20.895, 1.7],
				"rotation": [11.88544, 0, 0],
				"cubes": [
					{"origin": [-4.5, 18.895, -0.5], "size": [9, 2, 3], "uv": [64, 13]}
				]
			},
			{
				"name": "1f833f03_ac13_486c_967a_6691cbf5f1ec",
				"parent": "d9a85742_6885_4fa9_8ece_913c3c450742",
				"pivot": [0, 19.845, 1.7],
				"rotation": [19.88544, 0, 0],
				"cubes": [
					{"origin": [-4, 15.845, -1.2], "size": [8, 5, 3], "uv": [74, 30]}
				]
			},
			{
				"name": "bc4d443a_76a4_4923_abbc_2d316e2250f4",
				"parent": "1f833f03_ac13_486c_967a_6691cbf5f1ec",
				"pivot": [0, 17.185, 1.7],
				"rotation": [14.91407, 0, 22],
				"cubes": [
					{"origin": [-4, 10.185, -2.3], "size": [7, 7, 4], "uv": [66, 18]}
				]
			},
			{
				"name": "af066c23_1dda_49e9_8063_f1febad6976a",
				"parent": "1f833f03_ac13_486c_967a_6691cbf5f1ec",
				"pivot": [0, 17.185, 1.7],
				"rotation": [14.91407, 0, -22],
				"mirror": true,
				"cubes": [
					{"origin": [-3, 10.185, -2.3], "size": [7, 7, 4], "uv": [66, 18]}
				]
			},
			{
				"name": "chestPlate",
				"parent": "7b717fd3_8508_4d65_8855_8d82930daeec",
				"pivot": [-0.455, 19.705, -1.66],
				"rotation": [0, 12.89155, 88.80846],
				"cubes": [
					{"origin": [-4.055, 22.705, -1.96], "size": [6, 1, 4], "uv": [30, 47]}
				]
			},
			{
				"name": "8e9ce1f1_e6eb_4a82_b5b6_371d70ce021e",
				"parent": "chestPlate",
				"pivot": [1.12, 22.155, -0.26],
				"rotation": [2.61, -5.22, 83.48],
				"cubes": [
					{"origin": [0.62, 21.855, -2.66], "size": [9, 1, 1], "uv": [108, 20]}
				]
			},
			{
				"name": "1156f7fb_9432_491f_ab06_7b02d964c857",
				"parent": "8e9ce1f1_e6eb_4a82_b5b6_371d70ce021e",
				"pivot": [1.12, 22.155, -0.26],
				"rotation": [-18.26, -26.09, 0],
				"cubes": [
					{"origin": [1.82, 21.855, 0.34], "size": [9, 1, 1], "uv": [108, 22]}
				]
			},
			{
				"name": "fba2319b_1b0d_4766_bff1_c4e59f143479",
				"parent": "8e9ce1f1_e6eb_4a82_b5b6_371d70ce021e",
				"pivot": [6.72, 22.155, 1.14],
				"rotation": [39.13, 0, 26.34748],
				"cubes": [
					{"origin": [6.22, 23.655, -1.86], "size": [1, 2, 4], "uv": [50, 43]}
				]
			},
			{
				"name": "a003d2a9_cf74_4340_bcc4_be0efa35de54",
				"parent": "fba2319b_1b0d_4766_bff1_c4e59f143479",
				"pivot": [6.72, 24.045, 2.82],
				"rotation": [-70.43, 0, 0],
				"cubes": [
					{"origin": [6.22, 22.045, -0.38], "size": [1, 3, 8], "uv": [66, 2]}
				]
			},
			{
				"name": "dba8548f_9f50_4ec1_84c5_bcd148139581",
				"parent": "a003d2a9_cf74_4340_bcc4_be0efa35de54",
				"pivot": [6.72, 24.045, 2.82],
				"rotation": [-28.7, 0, 0],
				"cubes": [
					{"origin": [6.22, 23.195, 0.42], "size": [1, 6, 4], "uv": [64, 0]}
				]
			},
			{
				"name": "6a775708_0fbd_4d93_a6a5_06f840819f7a",
				"parent": "dba8548f_9f50_4ec1_84c5_bcd148139581",
				"pivot": [6.72, 24.045, 2.82],
				"rotation": [-80.87, 0, 0],
				"cubes": [
					{"origin": [6.22, 17.295, 3.32], "size": [1, 6, 1], "uv": [64, 31]}
				]
			},
			{
				"name": "1ef9cd2e_ede2_44a6_a9a8_1debc66109f2",
				"parent": "6a775708_0fbd_4d93_a6a5_06f840819f7a",
				"pivot": [6.72, 24.045, 2.82],
				"rotation": [20.87, 0, 0],
				"cubes": [
					{"origin": [6.22, 17.545, 0.82], "size": [1, 7, 2], "uv": [68, 29]}
				]
			},
			{
				"name": "a0e0f097_407c_4510_9e3d_a49e89b110f4",
				"parent": "a003d2a9_cf74_4340_bcc4_be0efa35de54",
				"pivot": [6.72, 24.045, 2.82],
				"rotation": [19, 0, 0],
				"cubes": [
					{"origin": [6.22, 23.345, 3.67], "size": [1, 3, 4], "uv": [50, 43]}
				]
			},
			{
				"name": "ede492d5_8ae5_4ad6_aa74_2059cf30abcd",
				"parent": "a003d2a9_cf74_4340_bcc4_be0efa35de54",
				"pivot": [6.86, 24.395, 2.47],
				"rotation": [33.91, 3, 0],
				"cubes": [
					{"origin": [6.36, 22.795, -8.03], "size": [1, 2, 12], "uv": [38, 50]}
				]
			},
			{
				"name": "c470b497_9d81_440c_ae4e_e3a19b57db81",
				"parent": "ede492d5_8ae5_4ad6_aa74_2059cf30abcd",
				"pivot": [6.86, 24.395, -4.635],
				"rotation": [5.22, 0, 0],
				"cubes": [
					{"origin": [6.36, 22.295, -7.635], "size": [1, 3, 3], "uv": [56, 41], "inflate": 0.1}
				]
			},
			{
				"name": "48910556_b2d1_4232_a69b_ebac80b4761a",
				"parent": "c470b497_9d81_440c_ae4e_e3a19b57db81",
				"pivot": [6.86, 23.975, -5.335],
				"cubes": [
					{"origin": [6.36, 20.975, -5.535], "size": [1, 6, 1], "uv": [0, 52], "inflate": -0.25}
				]
			},
			{
				"name": "bf78cf9d_66c3_481a_90a3_e05ba2f21234",
				"parent": "c470b497_9d81_440c_ae4e_e3a19b57db81",
				"pivot": [6.86, 23.975, -5.335],
				"mirror": true,
				"cubes": [
					{"origin": [6.36, 20.975, -6.335], "size": [1, 6, 1], "uv": [0, 52], "inflate": -0.25}
				]
			},
			{
				"name": "eee15418_3860_41c5_9116_1cd4dd157114",
				"parent": "c470b497_9d81_440c_ae4e_e3a19b57db81",
				"pivot": [6.86, 23.975, -5.335],
				"cubes": [
					{"origin": [6.36, 20.975, -7.135], "size": [1, 6, 1], "uv": [0, 52], "inflate": -0.25}
				]
			},
			{
				"name": "legLeft",
				"pivot": [1.75, 15.4, -0.003],
				"mirror": true,
				"cubes": [
					{"origin": [1.05, 8.2, -1.303], "size": [1, 7, 1], "uv": [4, 33]}
				]
			},
			{
				"name": "d2125ba0_8747_488c_b898_186f4d1291b1",
				"parent": "legLeft",
				"pivot": [1.85, 8.45, 0.093],
				"mirror": true,
				"cubes": [
					{"origin": [0.85, 9.15, -0.957], "size": [0, 0, 0], "uv": [0, 0]}
				]
			},
			{
				"name": "fb2a9f7d_8677_459f_8618_0158c920ba2d",
				"parent": "d2125ba0_8747_488c_b898_186f4d1291b1",
				"pivot": [2.25, 0.85, 0.733],
				"rotation": [3.31324, 0, -3.0569],
				"mirror": true,
				"cubes": [
					{"origin": [1.15, -0.15, -2.267], "size": [2, 1, 4], "uv": [36, 27]}
				]
			},
			{
				"name": "01a2b2a9_5587_4b70_bd74_d39f106f71bb",
				"parent": "d2125ba0_8747_488c_b898_186f4d1291b1",
				"pivot": [1.85, 8.45, 0.093],
				"rotation": [5, 9, -1.72],
				"mirror": true,
				"cubes": [
					{"origin": [0.85, 0.25, -0.957], "size": [2, 9, 2], "uv": [14, 41], "inflate": -0.08}
				]
			},
			{
				"name": "d3985bea_ebca_4fde_a28a_f6ff2e69f8eb",
				"parent": "01a2b2a9_5587_4b70_bd74_d39f106f71bb",
				"pivot": [1.85, 6.75, 0.653],
				"rotation": [26.74617, 0, 0],
				"mirror": true,
				"cubes": [
					{"origin": [0.85, 6.35, 0.553], "size": [2, 2, 1], "uv": [22, 41], "inflate": -0.08}
				]
			},
			{
				"name": "44db955a_22c8_46c7_839e_23bcbd324ab5",
				"parent": "01a2b2a9_5587_4b70_bd74_d39f106f71bb",
				"pivot": [1.85, 7, 0.653],
				"rotation": [-11.18146, 0, 0],
				"mirror": true,
				"cubes": [
					{"origin": [0.85, 2, 0.653], "size": [2, 5, 1], "uv": [22, 44], "inflate": -0.08}
				]
			},
			{
				"name": "dbcb9a0f_f750_43de_8e11_3cfb19a2eeef",
				"parent": "legLeft",
				"pivot": [0.8, 14.05, 0.957],
				"rotation": [-1.1, -1.29, 5],
				"mirror": true,
				"cubes": [
					{"origin": [1.8, 8.4, -1.443], "size": [1, 7, 2], "uv": [46, 32]}
				]
			},
			{
				"name": "451bd3bb_2bd6_4996_b0b9_cf7a0b4ea84e",
				"parent": "legLeft",
				"pivot": [0.8, 14.05, 0.957],
				"rotation": [-1.1, -1.29, 5],
				"mirror": true,
				"cubes": [
					{"origin": [1.8, 8.4, -1.443], "size": [1, 7, 2], "uv": [46, 32]}
				]
			},
			{
				"name": "134f02f9_4acd_4759_8d14_dde7101f5c57",
				"parent": "legLeft",
				"pivot": [1.75, 15.4, -0.003],
				"rotation": [0, 5.25, -4.83],
				"cubes": [
					{"origin": [0.45, 8.2, -1.303], "size": [1, 7, 2], "uv": [40, 32]}
				]
			},
			{
				"name": "17536dce_335a_4713_99f5_2bf642c29364",
				"parent": "legLeft",
				"pivot": [1.45, 9.6, -0.723],
				"rotation": [-10.09, -4.41, 4],
				"mirror": true,
				"cubes": [
					{"origin": [1.55, 8.6, -0.873], "size": [1, 7, 2], "uv": [52, 32]}
				]
			},
			{
				"name": "c25b7014_1bbe_446e_a5a3_5c6eaacc0a1a",
				"parent": "legLeft",
				"pivot": [1.45, 9.6, -0.723],
				"rotation": [-9.45, -2.52, -2.61],
				"mirror": true,
				"cubes": [
					{"origin": [1.05, 8.6, -0.873], "size": [1, 7, 2], "uv": [58, 32]}
				]
			},
			{
				"name": "legRight",
				"pivot": [-1.75, 15.4, -0.003],
				"cubes": [
					{"origin": [-2.15, 8.2, -1.303], "size": [1, 7, 1], "uv": [0, 33]}
				]
			},
			{
				"name": "d7826aaf_b047_4912_a467_fc120eb37b8a",
				"parent": "legRight",
				"pivot": [-1.85, 8.45, 0.093],
				"cubes": [
					{"origin": [-2.85, 9.15, -0.957], "size": [0, 0, 0], "uv": [0, 0]}
				]
			},
			{
				"name": "8127f017_163b_4bf3_b1d7_716417fa8497",
				"parent": "d7826aaf_b047_4912_a467_fc120eb37b8a",
				"pivot": [-2.25, 0.85, 0.733],
				"rotation": [0, 0, 3.0569],
				"cubes": [
					{"origin": [-3.15, -0.15, -2.267], "size": [2, 1, 4], "uv": [22, 27]}
				]
			},
			{
				"name": "acb890fe_e7b9_4805_85e1_c60a1ee03975",
				"parent": "d7826aaf_b047_4912_a467_fc120eb37b8a",
				"pivot": [-1.85, 8.45, 0.093],
				"rotation": [5, -9, 1.72],
				"cubes": [
					{"origin": [-2.85, 0.25, -0.957], "size": [2, 9, 2], "uv": [0, 41], "inflate": -0.08}
				]
			},
			{
				"name": "c8efd145_0992_47b7_9248_95455e053bdc",
				"parent": "acb890fe_e7b9_4805_85e1_c60a1ee03975",
				"pivot": [-1.85, 6.75, 0.653],
				"rotation": [26.74617, 0, 0],
				"cubes": [
					{"origin": [-2.85, 6.35, 0.553], "size": [2, 2, 1], "uv": [8, 41], "inflate": -0.08}
				]
			},
			{
				"name": "c0ef9364_e96c_4e03_a415_1fdaddf888dc",
				"parent": "acb890fe_e7b9_4805_85e1_c60a1ee03975",
				"pivot": [-1.85, 7, 0.653],
				"rotation": [-11.18146, 0, 0],
				"cubes": [
					{"origin": [-2.85, 2, 0.653], "size": [2, 5, 1], "uv": [8, 44], "inflate": -0.08}
				]
			},
			{
				"name": "d3928834_edfb_4e26_9b21_3a9911cd4ea6",
				"parent": "legRight",
				"pivot": [-0.8, 14.05, 0.957],
				"rotation": [-1.1, 1.29, -5],
				"cubes": [
					{"origin": [-2.8, 8.4, -1.443], "size": [1, 7, 2], "uv": [22, 32]}
				]
			},
			{
				"name": "9f68bf0a_4b7a_4369_baf1_0a61bf512d32",
				"parent": "legRight",
				"pivot": [-0.8, 14.05, 0.957],
				"rotation": [-1.1, 1.29, -5],
				"cubes": [
					{"origin": [-2.8, 8.4, -1.443], "size": [1, 7, 2], "uv": [22, 32]}
				]
			},
			{
				"name": "07b73c95_b626_4936_8abe_49715f6c9ee3",
				"parent": "legRight",
				"pivot": [-1.75, 15.4, -0.003],
				"rotation": [0, -5.25, 4.83],
				"cubes": [
					{"origin": [-1.45, 8.2, -1.303], "size": [1, 7, 2], "uv": [16, 32]}
				]
			},
			{
				"name": "1259a58e_bb20_4f8c_a7ce_b637f7202769",
				"parent": "legRight",
				"pivot": [-1.45, 9.6, -0.723],
				"rotation": [-10.09, 4.41, -4],
				"cubes": [
					{"origin": [-2.55, 8.6, -0.873], "size": [1, 7, 2], "uv": [28, 32]}
				]
			},
			{
				"name": "bf08f738_dae9_43ae_a12b_f207ef6c63b7",
				"parent": "legRight",
				"pivot": [-1.45, 9.6, -0.723],
				"rotation": [-9.44966, 2.52, 2.61],
				"cubes": [
					{"origin": [-2.05, 8.6, -0.873], "size": [1, 7, 2], "uv": [34, 32]}
				]
			},
			{
				"name": "backpackPositioningBone",
				"pivot": [0, 22, 0]
			}
		]
	}
}