{
	"format_version": "1.10.0",
	"geometry.model": {
		"texturewidth": 128,
		"textureheight": 64,
		"visible_bounds_width": 3,
		"visible_bounds_height": 4,
		"visible_bounds_offset": [0, 1, 0],
		"bones": [
			{
				"name": "head",
				"pivot": [0, 21.85, 0],
				"cubes": [
					{"origin": [-4, 21.85, -4], "size": [8, 8, 8], "uv": [32, 0]}
				]
			},
			{
				"name": "9a1c3c22_38ac_4529_b9e5_149d76ad1b4c",
				"parent": "head",
				"pivot": [0, 30.1, 3.5],
				"rotation": [11.79963, 0, -0.13173]
			},
			{
				"name": "53817595_a901_4bd4_b22c_04b5188c1407",
				"parent": "9a1c3c22_38ac_4529_b9e5_149d76ad1b4c",
				"pivot": [0, 20.6, 3],
				"rotation": [7.82822, 0, -0.13173]
			},
			{
				"name": "091f39d1_eeec_4849_9559_ddbfe9ad60fb",
				"parent": "head",
				"pivot": [0, 30.1, -4.25],
				"rotation": [0, 0, 0.13736],
				"cubes": [
					{"origin": [-5, 20.1, -4.25], "size": [10, 10, 2], "uv": [71, 28]}
				]
			},
			{
				"name": "helmet",
				"parent": "head",
				"pivot": [0, 30.35, -1.3],
				"cubes": [
					{"origin": [-4.5, 24.35, -1.8], "size": [9, 6, 1], "uv": [95, 35]}
				]
			},
			{
				"name": "873e5464_bcde_4bbe_a2f7_f63844598512",
				"parent": "helmet",
				"pivot": [-5, 29.85, -1.3],
				"rotation": [0, 0, 28],
				"cubes": [
					{"origin": [-5, 28.85, -2.3], "size": [1, 2, 2], "uv": [78, 13]}
				]
			},
			{
				"name": "fb832c70_997b_4ffe_9c1a_d4c8c5a1373a",
				"parent": "873e5464_bcde_4bbe_a2f7_f63844598512",
				"pivot": [-5, 29.85, -1.3],
				"cubes": [
					{"origin": [-5.7, 28.85, -2.3], "size": [2, 2, 2], "uv": [52, 34], "inflate": -0.3}
				]
			},
			{
				"name": "c10c0e8c_c281_4a9c_ac51_db7608f3d1a2",
				"parent": "fb832c70_997b_4ffe_9c1a_d4c8c5a1373a",
				"pivot": [-5, 29.85, -1.3],
				"cubes": [
					{"origin": [-6.25, 28.85, -2.3], "size": [2, 2, 2], "uv": [96, 54], "inflate": -0.4}
				]
			},
			{
				"name": "01774ab5_25d4_4cfe_a07a_4c96d5eb1023",
				"parent": "helmet",
				"pivot": [-4, 25.85, -1.3],
				"cubes": [
					{"origin": [-5, 23.85, -2.8], "size": [1, 3, 3], "uv": [113, 26]}
				]
			},
			{
				"name": "b348a887_87f2_4943_9f3b_85fe4f370bb8",
				"parent": "helmet",
				"pivot": [4, 25.85, -1.3],
				"cubes": [
					{"origin": [4, 23.85, -2.8], "size": [1, 3, 3], "uv": [118, 29]}
				]
			},
			{
				"name": "db08b87e_35ce_4423_9a61_a29cc2ebc21a",
				"parent": "helmet",
				"pivot": [5, 29.85, -1.3],
				"rotation": [0, 0, -28],
				"cubes": [
					{"origin": [4, 28.85, -2.3], "size": [1, 2, 2], "uv": [99, 17]}
				]
			},
			{
				"name": "7d85e28f_5945_41c4_ba13_83f3ae878b40",
				"parent": "db08b87e_35ce_4423_9a61_a29cc2ebc21a",
				"pivot": [5, 29.85, -1.3],
				"cubes": [
					{"origin": [3.7, 28.85, -2.3], "size": [2, 2, 2], "uv": [52, 30], "inflate": -0.3}
				]
			},
			{
				"name": "2ed8afff_155f_4637_aa97_a4a41b5e44ad",
				"parent": "7d85e28f_5945_41c4_ba13_83f3ae878b40",
				"pivot": [5, 29.85, -1.3],
				"cubes": [
					{"origin": [4.25, 28.85, -2.3], "size": [2, 2, 2], "uv": [93, 49], "inflate": -0.4}
				]
			},
			{
				"name": "b2630ab1_c587_49fa_b894_8921a3aea4c7",
				"parent": "helmet",
				"pivot": [0, 30.85, -1.3],
				"rotation": [57.29578, 0, 0],
				"cubes": [
					{"origin": [-5.5, 30.35, -2.3], "size": [11, 1, 2], "uv": [0, 61], "inflate": -0.12}
				]
			},
			{
				"name": "eff39028_e672_4874_9668_99bf8774fd93",
				"parent": "helmet",
				"pivot": [0, 30.85, -1.3],
				"rotation": [57.29578, 0, 0],
				"cubes": [
					{"origin": [-5.5, 30.35, -2.3], "size": [11, 1, 2], "uv": [26, 61], "inflate": -0.12}
				]
			},
			{
				"name": "_bink",
				"parent": "head",
				"pivot": [0, 21.85, 0],
				"cubes": [
					{"origin": [-4, 21.85, -4], "size": [8, 8, 0], "uv": [0, 0], "inflate": 0.001}
				]
			},
			{
				"name": "armLeft",
				"pivot": [2.5, 20.05, 1],
				"rotation": [-0.17178, 0, -16.03732],
				"mirror": true,
				"cubes": [
					{"origin": [2.5, 16.05, 0], "size": [2, 5, 2], "uv": [29, 21]}
				]
			},
			{
				"name": "89955624_4393_4793_b482_123c6a211551",
				"parent": "armLeft",
				"pivot": [3.5, 17.05, 1],
				"rotation": [0, 0, -2.86479],
				"cubes": [
					{"origin": [2.5, 10.05, 0], "size": [2, 7, 2], "uv": [47, 38], "mirror": true}
				]
			},
			{
				"name": "b7e7db11_6131_4081_b45f_fdb499737f83",
				"parent": "89955624_4393_4793_b482_123c6a211551",
				"pivot": [3.5, 17.55, 1],
				"cubes": [
					{"origin": [2, 11.05, -1], "size": [3, 6, 4], "uv": [78, 40], "inflate": -0.3, "mirror": true}
				]
			},
			{
				"name": "9dfd6208_bae4_4b8e_b7e6_b2bcf2637647",
				"parent": "b7e7db11_6131_4081_b45f_fdb499737f83",
				"pivot": [4.7, 11.35, 1],
				"rotation": [0, 0, 0.09165],
				"cubes": [
					{"origin": [2, 8.65, -1], "size": [3, 3, 4], "uv": [92, 42], "inflate": -0.3, "mirror": true}
				]
			},
			{
				"name": "478cdd17_1298_49e1_9546_1e0cd0d446c6",
				"parent": "armLeft",
				"pivot": [3.5, 17.8, 1],
				"rotation": [0, 0, 0.14318],
				"cubes": [
					{"origin": [1.75, 15.8, -1], "size": [4, 3, 4], "uv": [111, 38], "inflate": -0.2}
				]
			},
			{
				"name": "505144de_c8ff_46a2_98a1_850736570761",
				"parent": "478cdd17_1298_49e1_9546_1e0cd0d446c6",
				"pivot": [3.5, 17.8, 1],
				"rotation": [28.7, 28.7, 54.78],
				"cubes": [
					{"origin": [0, 16.8, 1], "size": [3, 2, 1], "uv": [24, 11]}
				]
			},
			{
				"name": "armLeftPositioningBone",
				"parent": "armLeft",
				"pivot": [3.5, 10.55, 1]
			},
			{
				"name": "armRight",
				"pivot": [-2.5, 20.05, 1],
				"rotation": [0.17178, 0, 16.03732],
				"cubes": [
					{"origin": [-4.5, 16.05, 0], "size": [2, 5, 2], "uv": [56, 0]}
				]
			},
			{
				"name": "b038c603_e38b_4c5d_99a0_ead9d00c65eb",
				"parent": "armRight",
				"pivot": [-3.5, 17.05, 1],
				"rotation": [0, 0, 2.86479],
				"cubes": [
					{"origin": [-4.5, 10.05, 0], "size": [2, 7, 2], "uv": [39, 38]}
				]
			},
			{
				"name": "f1c58e7f_2c48_4496_ae03_7a15b4b835bc",
				"parent": "b038c603_e38b_4c5d_99a0_ead9d00c65eb",
				"pivot": [-3.5, 17.55, 1],
				"cubes": [
					{"origin": [-5, 11.05, -1], "size": [3, 6, 4], "uv": [99, 24], "inflate": -0.3}
				]
			},
			{
				"name": "f6d79185_ce58_4982_8c71_68132d47036e",
				"parent": "f1c58e7f_2c48_4496_ae03_7a15b4b835bc",
				"pivot": [-4.7, 11.35, 1],
				"rotation": [0, 0, -0.09165],
				"cubes": [
					{"origin": [-5, 8.65, -1], "size": [3, 3, 4], "uv": [33, 26], "inflate": -0.3}
				]
			},
			{
				"name": "828e2d99_21d4_47d3_a1fe_32c00a5e013f",
				"parent": "armRight",
				"pivot": [-3.5, 17.8, 1],
				"rotation": [0, 0, -0.14318],
				"cubes": [
					{"origin": [-5.75, 15.8, -1], "size": [4, 3, 4], "uv": [0, 24], "inflate": -0.2}
				]
			},
			{
				"name": "bb4a2d1c_1713_4600_a359_f99dfffd327f",
				"parent": "828e2d99_21d4_47d3_a1fe_32c00a5e013f",
				"pivot": [-3.5, 17.8, 1],
				"rotation": [28.7, -28.7, -54.78],
				"cubes": [
					{"origin": [-3, 16.8, 1], "size": [3, 2, 1], "uv": [87, 6]}
				]
			},
			{
				"name": "armRightPositioningBone",
				"parent": "armRight",
				"pivot": [-3.5, 10.8, 1]
			},
			{
				"name": "body",
				"pivot": [0, 14.05, 0],
				"cubes": [
					{"origin": [-3, 21.55, -2.1], "size": [0, 0, 0], "uv": [20, 26]},
					{"origin": [-1, 22.85, -1], "size": [0, 0, 0], "uv": [24, 16]}
				]
			},
			{
				"name": "b8256721_302e_438e_aae0_263a010a4caa",
				"parent": "body",
				"pivot": [0, 18.85, -0.5],
				"rotation": [44.17178, 0, 0],
				"cubes": [
					{"origin": [-2.5, 17.85, -2.75], "size": [5, 3, 2], "uv": [100, 0]}
				]
			},
			{
				"name": "240071bf_dbcf_4142_bedb_a7ebca797707",
				"parent": "body",
				"pivot": [0, 19.55, 2],
				"rotation": [11.88544, 0, 0],
				"cubes": [
					{"origin": [-4.5, 17.55, -0.2], "size": [9, 2, 3], "uv": [97, 5]}
				]
			},
			{
				"name": "dbfaab25_01b8_4823_87e3_6c969c38ab78",
				"parent": "240071bf_dbcf_4142_bedb_a7ebca797707",
				"pivot": [0, 18.05, 2],
				"rotation": [19.88544, 0, 0],
				"cubes": [
					{"origin": [-4, 14.05, -0.9], "size": [8, 5, 3], "uv": [12, 44]}
				]
			},
			{
				"name": "1c6e3856_83d5_4f08_a15d_d54a33f33430",
				"parent": "dbfaab25_01b8_4823_87e3_6c969c38ab78",
				"pivot": [0, 14.25, 2],
				"rotation": [14.91407, 0, -22],
				"cubes": [
					{"origin": [-3, 7.25, -2], "size": [7, 7, 4], "uv": [34, 47]}
				]
			},
			{
				"name": "a8e886e1_e3a2_4252_8e70_d32f51139da8",
				"parent": "dbfaab25_01b8_4823_87e3_6c969c38ab78",
				"pivot": [0, 14.25, 2],
				"rotation": [14.91407, 0, 22],
				"cubes": [
					{"origin": [-4, 7.25, -2], "size": [7, 7, 4], "uv": [102, 45]}
				]
			},
			{
				"name": "edd6fc82_e23d_41c7_8eb9_e187d747d63a",
				"parent": "body",
				"pivot": [-1.5, 20.05, -0.5],
				"rotation": [-44.82822, 5, 0],
				"cubes": [
					{"origin": [-3, 17.05, -1.75], "size": [3, 3, 3], "uv": [76, 0], "inflate": 0.1}
				]
			},
			{
				"name": "ddb554f1_0307_48ea_b9f5_222013ab0308",
				"parent": "body",
				"pivot": [1.5, 20.05, -0.5],
				"rotation": [-44.82822, -5, 0],
				"cubes": [
					{"origin": [0, 17.05, -1.75], "size": [3, 3, 3], "uv": [88, 0], "inflate": 0.1, "mirror": true}
				]
			},
			{
				"name": "c532f4f9_d118_4e91_9203_c060729fcd05",
				"parent": "body",
				"pivot": [0, 14.05, 0],
				"cubes": [
					{"origin": [-4, 14.05, -2.4], "size": [0, 0, 0], "uv": [0, 0]}
				]
			},
			{
				"name": "d54e4c3a_f9f2_4986_aed0_b6ae350caccf",
				"parent": "c532f4f9_d118_4e91_9203_c060729fcd05",
				"pivot": [0, 16.05, 0.5],
				"rotation": [10, 10, -45],
				"cubes": [
					{"origin": [-4, 12.05, -1.5], "size": [5, 5, 3], "uv": [16, 52]}
				]
			},
			{
				"name": "a96c0fce_f178_40f5_8773_899b5b8ba777",
				"parent": "d54e4c3a_f9f2_4986_aed0_b6ae350caccf",
				"pivot": [0, 16.05, 0],
				"rotation": [-13.8, 0, 45],
				"cubes": [
					{"origin": [-4.05, 10.65, -1.3], "size": [8, 3, 4], "uv": [86, 10]}
				]
			},
			{
				"name": "773c6c06_70c3_4ef6_8b27_e5c1211cd435",
				"parent": "d54e4c3a_f9f2_4986_aed0_b6ae350caccf",
				"pivot": [-3.3, 13.55, -0.5],
				"rotation": [-10, 0, 45],
				"cubes": [
					{"origin": [-6.3, 12.55, 0.25], "size": [7, 3, 2], "uv": [0, 8]}
				]
			},
			{
				"name": "006874c4_5647_44f6_a991_c8e2ac3aeb92",
				"parent": "773c6c06_70c3_4ef6_8b27_e5c1211cd435",
				"pivot": [-2.8, 14.05, 1.5],
				"rotation": [-3.5, 0, 1],
				"cubes": [
					{"origin": [-2.8, 14.05, 1.5], "size": [0, 0, 0], "uv": [0, 0]}
				]
			},
			{
				"name": "6d2c9992_0309_404a_a60f_b91bc0dfedae",
				"parent": "006874c4_5647_44f6_a991_c8e2ac3aeb92",
				"pivot": [-2.8, 14.05, 1.5],
				"rotation": [14.78534, 0, -0.31497],
				"cubes": [
					{"origin": [-5.8, 10.05, 1.25], "size": [6, 5, 3], "uv": [65, 19]}
				]
			},
			{
				"name": "ab6a9f51_4e4c_4a18_b45e_9707080f2ed4",
				"parent": "6d2c9992_0309_404a_a60f_b91bc0dfedae",
				"pivot": [-2.8, 10.55, 2.45],
				"rotation": [-10.64466, 0, 0],
				"cubes": [
					{"origin": [-5.3, 6.55, 1.45], "size": [5, 4, 2], "uv": [113, 20]}
				]
			},
			{
				"name": "bone",
				"parent": "body",
				"pivot": [0, 17.55, -1.9],
				"rotation": [-6.54084, 6.54084, 45],
				"cubes": [
					{"origin": [-4.5, 18.05, -1.9], "size": [4, 4, 3], "uv": [76, 6]}
				]
			},
			{
				"name": "chestPlate",
				"parent": "bone",
				"pivot": [0, 17.55, -1.9],
				"rotation": [-5.22, -5.22, 36.52],
				"cubes": [
					{"origin": [-3.6, 20.35, -2.2], "size": [6, 1, 4], "uv": [23, 16]}
				]
			},
			{
				"name": "ec13f008_2410_45cc_9ff6_3b155ee2f97b",
				"parent": "chestPlate",
				"pivot": [1.5, 21.05, 0.1],
				"rotation": [2.61, -5.22, 83.48],
				"cubes": [
					{"origin": [1, 20.75, -2.3], "size": [9, 1, 1], "uv": [39, 16]}
				]
			},
			{
				"name": "ba43f5ec_81f1_49e1_a77b_f8b45f8939d3",
				"parent": "ec13f008_2410_45cc_9ff6_3b155ee2f97b",
				"pivot": [9.5, 21.05, 2.1],
				"rotation": [39.13, 0, 26.34748],
				"cubes": [
					{"origin": [9, 22.55, -0.9], "size": [1, 2, 4], "uv": [0, 13]}
				]
			},
			{
				"name": "81d99701_6f76_4d5a_b19a_f52a8e026517",
				"parent": "ba43f5ec_81f1_49e1_a77b_f8b45f8939d3",
				"pivot": [9.5, 23.75, 4.5],
				"rotation": [-70.43, 0, 0],
				"cubes": [
					{"origin": [9, 21.75, 1.3], "size": [1, 3, 8], "uv": [2, 13]}
				]
			},
			{
				"name": "c3d4bded_dead_4840_8307_5aef41f866d2",
				"parent": "81d99701_6f76_4d5a_b19a_f52a8e026517",
				"pivot": [9.7, 24.25, 4],
				"rotation": [33.91, 3, 0],
				"cubes": [
					{"origin": [9.2, 22.65, -6.5], "size": [1, 2, 12], "uv": [47, 16]}
				]
			},
			{
				"name": "0f3a5ede_de91_4633_a1e2_d0fe92eca7a2",
				"parent": "c3d4bded_dead_4840_8307_5aef41f866d2",
				"pivot": [9.7, 24.25, -6.15],
				"rotation": [5.22, 0, 0],
				"cubes": [
					{"origin": [9.2, 22.15, -9.15], "size": [1, 3, 3], "uv": [118, 0], "inflate": 0.1}
				]
			},
			{
				"name": "a2a687e7_3eb1_474e_b828_c84320fcb3d2",
				"parent": "0f3a5ede_de91_4633_a1e2_d0fe92eca7a2",
				"pivot": [9.7, 23.65, -7.15],
				"cubes": [
					{"origin": [9.2, 20.65, -8.95], "size": [1, 6, 1], "uv": [61, 17], "inflate": -0.25}
				]
			},
			{
				"name": "67f8f265_28ce_45ad_abca_b3c2d3a6db36",
				"parent": "0f3a5ede_de91_4633_a1e2_d0fe92eca7a2",
				"pivot": [9.7, 23.65, -7.15],
				"cubes": [
					{"origin": [9.2, 20.65, -7.35], "size": [1, 6, 1], "uv": [121, 6], "inflate": -0.25}
				]
			},
			{
				"name": "c7ef948e_f3b3_4914_b5cd_1303999eb3ae",
				"parent": "0f3a5ede_de91_4633_a1e2_d0fe92eca7a2",
				"pivot": [9.7, 23.65, -7.15],
				"cubes": [
					{"origin": [9.2, 20.65, -8.15], "size": [1, 6, 1], "uv": [122, 13], "inflate": -0.25}
				]
			},
			{
				"name": "61982657_adce_48a7_8d9a_867d4dfa3b89",
				"parent": "81d99701_6f76_4d5a_b19a_f52a8e026517",
				"pivot": [9.5, 23.75, 4.5],
				"rotation": [-28.7, 0, 0],
				"cubes": [
					{"origin": [9, 22.9, 2.1], "size": [1, 6, 4], "uv": [93, 17]}
				]
			},
			{
				"name": "2cdd1dd9_5350_4cfd_ad0b_f27fcd0240e6",
				"parent": "61982657_adce_48a7_8d9a_867d4dfa3b89",
				"pivot": [9.5, 23.75, 4.5],
				"rotation": [-80.87, 0, 0],
				"cubes": [
					{"origin": [9, 17, 5], "size": [1, 6, 1], "uv": [43, 18]}
				]
			},
			{
				"name": "0048bcdc_074f_408d_bc8f_07ce2f9e70b1",
				"parent": "2cdd1dd9_5350_4cfd_ad0b_f27fcd0240e6",
				"pivot": [9.5, 23.75, 4.5],
				"rotation": [20.87, 0, 0],
				"cubes": [
					{"origin": [9, 17.25, 2.5], "size": [1, 7, 2], "uv": [47, 18]}
				]
			},
			{
				"name": "b15fd7cf_4601_435e_9228_4dd1e30080e9",
				"parent": "81d99701_6f76_4d5a_b19a_f52a8e026517",
				"pivot": [9.5, 23.75, 4.5],
				"rotation": [19, 0, 0],
				"cubes": [
					{"origin": [9, 23.05, 5.35], "size": [1, 3, 4], "uv": [103, 17]}
				]
			},
			{
				"name": "bd1f8db6_651d_4dca_8e42_74f075d8832f",
				"parent": "ec13f008_2410_45cc_9ff6_3b155ee2f97b",
				"pivot": [1.5, 21.05, 0.1],
				"rotation": [-18.26, -26.09, 0],
				"cubes": [
					{"origin": [2.2, 20.75, 0.7], "size": [9, 1, 1], "uv": [77, 17]}
				]
			},
			{
				"name": "31cce8ad_80a7_4543_ba84_a26c691bde39",
				"parent": "bone",
				"pivot": [-2.7, 20.25, -0.4],
				"rotation": [7.5, 0, -40],
				"cubes": [
					{"origin": [-2.7, 14.25, -1.9], "size": [3, 6, 3], "uv": [110, 10]}
				]
			},
			{
				"name": "1e348821_c24e_4145_bc99_cdfc48e64563",
				"parent": "bone",
				"pivot": [-2.7, 20.25, -0.4],
				"rotation": [7.5, 0, -50],
				"cubes": [
					{"origin": [-5.7, 14.25, -1.9], "size": [3, 6, 3], "uv": [15, 11]}
				]
			},
			{
				"name": "4f977736_01c6_436c_8a94_15c93d314b0d",
				"parent": "bone",
				"pivot": [0, 17.55, -1.9],
				"rotation": [0, -9, 45],
				"cubes": [
					{"origin": [-2.9, 15.05, -1.79], "size": [5, 5, 2], "uv": [64, 11]}
				]
			},
			{
				"name": "legLeft",
				"pivot": [2, 12.3, 1.25],
				"cubes": [
					{"origin": [0.5, 7.05, -0.5], "size": [3, 6, 3], "uv": [20, 0], "mirror": true}
				]
			},
			{
				"name": "398bc4b2_bc60_423c_820d_64cbbf09ff98",
				"parent": "legLeft",
				"pivot": [2, 7.55, 0.25],
				"cubes": [
					{"origin": [0.5, -0.2, -0.5], "size": [3, 8, 3], "uv": [17, 21], "inflate": -0.1, "mirror": true}
				]
			},
			{
				"name": "50cd2f86_4323_443d_92ac_93a5a43f789c",
				"parent": "legLeft",
				"pivot": [1.95, 13.05, 2],
				"rotation": [0, 0, 6.7],
				"cubes": [
					{"origin": [1.95, 7.05, -0.5], "size": [2, 6, 3], "uv": [83, 19]}
				]
			},
			{
				"name": "legRight",
				"pivot": [-2, 12.3, 1.25],
				"cubes": [
					{"origin": [-3.5, 7.05, -0.5], "size": [3, 6, 3], "uv": [64, 0]}
				]
			},
			{
				"name": "38955a4b_1faa_4a86_96b0_247fdb85a5f0",
				"parent": "legRight",
				"pivot": [-2, 7.55, 0.25],
				"cubes": [
					{"origin": [-3.5, -0.2, -0.5], "size": [3, 8, 3], "uv": [0, 44], "inflate": -0.1}
				]
			},
			{
				"name": "47d1470f_e813_449c_86f1_af0378054b3e",
				"parent": "legRight",
				"pivot": [-1.95, 13.05, 2],
				"rotation": [0, 0, -6.7],
				"cubes": [
					{"origin": [-3.95, 7.05, -0.5], "size": [2, 6, 3], "uv": [60, 30]}
				]
			},
			{
				"name": "backpackPositioningBone",
				"pivot": [0, 20.25, 0]
			}
		]
	}
}