{
	"format_version": "1.10.0",
	"geometry.model": {
		"texturewidth": 128,
		"textureheight": 128,
		"visible_bounds_width": 3,
		"visible_bounds_height": 4,
		"visible_bounds_offset": [0, 1, 0],
		"bones": [
			{
				"name": "head",
				"pivot": [0, 23.89999, 0.01199],
				"rotation": [1, 0, 0],
				"cubes": [
					{"origin": [0, 23.89999, 0.01199], "size": [0, 0, 0], "uv": [0, 0]}
				]
			},
			{
				"name": "f896a870_f480_4553_b0a2_c3c936b86e26",
				"parent": "head",
				"pivot": [0, 23.89999, 0.01199],
				"rotation": [1, 0, 0],
				"cubes": [
					{"origin": [-4, 23.89999, -3.988], "size": [8, 8, 8], "uv": [0, 0]},
					{"origin": [-4, 19.89999, -3.988], "size": [8, 12, 8], "uv": [32, 0], "inflate": 0.025}
				]
			},
			{
				"name": "8ea87b80_11db_456f_a658_7383879cd078",
				"parent": "f896a870_f480_4553_b0a2_c3c936b86e26",
				"pivot": [2, 27.39999, 0.01199],
				"rotation": [0, 0, -17.3972],
				"cubes": [
					{"origin": [2, 17.39999, -4.988], "size": [0, 10, 10], "uv": [88, 10]}
				]
			},
			{
				"name": "999dbe72_536b_4f75_a504_997aaae30f69",
				"parent": "f896a870_f480_4553_b0a2_c3c936b86e26",
				"pivot": [-2, 27.39999, 0.01199],
				"rotation": [0, 0, 17.3972],
				"cubes": [
					{"origin": [-2, 17.39999, -4.988], "size": [0, 10, 10], "uv": [88, 0]}
				]
			},
			{
				"name": "helmet",
				"parent": "f896a870_f480_4553_b0a2_c3c936b86e26",
				"pivot": [0, 28.89907, 0.06434],
				"rotation": [2.52865, 0, -2.55729],
				"cubes": [
					{"origin": [-9, 27.89907, -8.93566], "size": [18, 1, 18], "uv": [52, 109]}
				]
			},
			{
				"name": "9c75dc29_6807_479e_87a5_6416cb3dba01",
				"parent": "helmet",
				"pivot": [0, 28.89907, 0.06434],
				"cubes": [
					{"origin": [-5, 28.89907, -4.93566], "size": [10, 3, 10], "uv": [66, 95]}
				]
			},
			{
				"name": "dd202346_3139_426d_8a03_9c05cf3871ca",
				"parent": "9c75dc29_6807_479e_87a5_6416cb3dba01",
				"pivot": [-2.5, 28.89907, -1.43566],
				"rotation": [8.22894, -25, 0],
				"cubes": [
					{"origin": [-2.5, 28.89907, -1.43566], "size": [0, 3, 6], "uv": [0, 119]}
				]
			},
			{
				"name": "18888a64_bde2_4109_895a_f267621e9388",
				"parent": "9c75dc29_6807_479e_87a5_6416cb3dba01",
				"pivot": [2.5, 28.89907, -1.43566],
				"rotation": [8.22894, 25, 10],
				"cubes": [
					{"origin": [2.5, 28.89907, -1.43566], "size": [0, 3, 6], "uv": [13, 119]}
				]
			},
			{
				"name": "ef34da32_317c_4e10_8791_0392783efd62",
				"parent": "helmet",
				"pivot": [0, 28.89907, 0.06434],
				"cubes": [
					{"origin": [-4, 31.09907, -3.93566], "size": [8, 4, 8], "uv": [38, 101]}
				]
			},
			{
				"name": "d6153912_ae28_4343_843e_7bdf59986e46",
				"parent": "helmet",
				"pivot": [0, 29.19907, 0.06434],
				"cubes": [
					{"origin": [-2.5, 33.19907, -2.43566], "size": [5, 4, 5], "uv": [48, 113]}
				]
			},
			{
				"name": "6d131426_7000_450e_80bf_4eaae59b5bcb",
				"parent": "helmet",
				"pivot": [0, 29.39907, 0.06434],
				"cubes": [
					{"origin": [-1.5, 36.39907, -1.43566], "size": [3, 3, 3], "uv": [48, 94]}
				]
			},
			{
				"name": "58b27a66_75c2_416e_9303_f870e4743b0c",
				"parent": "6d131426_7000_450e_80bf_4eaae59b5bcb",
				"pivot": [0, 34.39907, 0.06434],
				"rotation": [0, 0, -12.714],
				"cubes": [
					{"origin": [-1.5, 34.39907, -1.43566], "size": [2, 2, 3], "uv": [96, 95]}
				]
			},
			{
				"name": "ce4df584_63a9_47b2_bc85_07949e3e287b",
				"parent": "6d131426_7000_450e_80bf_4eaae59b5bcb",
				"pivot": [0, 34.39907, 0.06434],
				"rotation": [0, 0, 12.714],
				"cubes": [
					{"origin": [-0.5, 34.39907, -1.43566], "size": [2, 2, 3], "uv": [96, 100]}
				]
			},
			{
				"name": "ee937d0f_820e_4896_86c2_40bfa4b26888",
				"parent": "helmet",
				"pivot": [0, 28.89907, 4.56434],
				"rotation": [-60.17179, 0, 0]
			},
			{
				"name": "d743e8c0_7f38_4795_970b_6d64fa829a12",
				"parent": "helmet",
				"pivot": [-4.5, 28.89907, 0.06434],
				"rotation": [0, 0, -59.82822],
				"cubes": [
					{"origin": [-4.5, 28.39907, -4.93566], "size": [0, 4, 10], "uv": [26, 109]}
				]
			},
			{
				"name": "3708729b_9465_46f7_a832_bcddea53e9bd",
				"parent": "helmet",
				"pivot": [4.5, 28.89907, 0.06434],
				"rotation": [0, 0, 59.82822],
				"cubes": [
					{"origin": [4.5, 28.39907, -4.93566], "size": [0, 4, 10], "uv": [26, 114]}
				]
			},
			{
				"name": "7e23743e_aec7_4c89_befb_ac13916a3a5c",
				"parent": "f896a870_f480_4553_b0a2_c3c936b86e26",
				"pivot": [0, 24.89999, 2.012],
				"cubes": [
					{"origin": [0, 24.89999, 2.012], "size": [0, 0, 0], "uv": [0, 0]}
				]
			},
			{
				"name": "7d2e30a4_5cd6_4820_9d7a_00239c9c7b73",
				"parent": "7e23743e_aec7_4c89_befb_ac13916a3a5c",
				"pivot": [0, 24.89999, 2.012],
				"rotation": [10, -10, 44],
				"cubes": [
					{"origin": [-0.3, 23.19999, 1.512], "size": [2, 2, 1], "uv": [108, 18]}
				]
			},
			{
				"name": "d8649d80_ede8_42fb_b909_a7751a881edb",
				"parent": "7d2e30a4_5cd6_4820_9d7a_00239c9c7b73",
				"pivot": [0.65, 24.24999, 2.062],
				"rotation": [7.83614, -7.83614, 0.45788],
				"cubes": [
					{"origin": [0.35, 22.54999, 1.562], "size": [2, 2, 1], "uv": [108, 21]}
				]
			},
			{
				"name": "a250c453_9483_471e_9508_a1baf60fa45e",
				"parent": "d8649d80_ede8_42fb_b909_a7751a881edb",
				"pivot": [1.3, 23.59999, 2.11199],
				"rotation": [2.02822, -2.02822, 0.45788],
				"cubes": [
					{"origin": [1, 21.89999, 1.612], "size": [2, 2, 1], "uv": [108, 24]}
				]
			},
			{
				"name": "3b4394d1_e101_41e5_8ce7_3b2884420b30",
				"parent": "a250c453_9483_471e_9508_a1baf60fa45e",
				"pivot": [1.95, 22.94999, 2.162],
				"rotation": [-3.22894, 3.22894, 0.45788],
				"cubes": [
					{"origin": [1.65, 21.24999, 1.66199], "size": [2, 2, 1], "uv": [108, 27]}
				]
			},
			{
				"name": "4fe4ff2e_2dd8_4844_af06_733343491baa",
				"parent": "3b4394d1_e101_41e5_8ce7_3b2884420b30",
				"pivot": [2.6, 22.29999, 2.212],
				"rotation": [2.52662, -2.52662, -5.05325],
				"cubes": [
					{"origin": [2.3, 20.59999, 1.71199], "size": [2, 2, 1], "uv": [114, 18]}
				]
			},
			{
				"name": "3682f60a_72e6_4b26_b65b_df28420062b1",
				"parent": "4fe4ff2e_2dd8_4844_af06_733343491baa",
				"pivot": [3.25, 21.64999, 2.26199],
				"rotation": [-0.47338, 0.47338, -5.05325],
				"cubes": [
					{"origin": [2.95, 19.94999, 1.76199], "size": [2, 2, 1], "uv": [114, 21]}
				]
			},
			{
				"name": "3bbcdfec_ac61_4b2f_8873_0b328616d11e",
				"parent": "3682f60a_72e6_4b26_b65b_df28420062b1",
				"pivot": [3.9, 20.99999, 2.31199],
				"rotation": [-7.52662, 7.52662, -5.05325],
				"cubes": [
					{"origin": [3.6, 19.29999, 1.81199], "size": [2, 2, 1], "uv": [114, 24]}
				]
			},
			{
				"name": "aa4020de_6e61_4cbc_9e2e_9dd62ba70b64",
				"parent": "3bbcdfec_ac61_4b2f_8873_0b328616d11e",
				"pivot": [4.55, 20.34999, 2.36199],
				"rotation": [-4.52662, 4.52662, -5.05325],
				"cubes": [
					{"origin": [4.25, 18.64999, 1.86199], "size": [2, 2, 1], "uv": [114, 27]}
				]
			},
			{
				"name": "6c6d1444_e3ba_4efb_bc1c_f49a22cb6673",
				"parent": "aa4020de_6e61_4cbc_9e2e_9dd62ba70b64",
				"pivot": [5.3, 19.59999, 2.36199],
				"rotation": [-3, 0, -45],
				"cubes": [
					{"origin": [3.8, 17.19999, 0.86199], "size": [3, 3, 3], "uv": [108, 30]}
				]
			},
			{
				"name": "a5cb5bd8_7d8b_4b61_905f_71469e9b8de0",
				"parent": "6c6d1444_e3ba_4efb_bc1c_f49a22cb6673",
				"pivot": [5.3, 18.39999, 2.36199],
				"rotation": [10, 0, 0],
				"cubes": [
					{"origin": [2.8, 12.39999, 1.36199], "size": [5, 6, 2], "uv": [94, 30]}
				]
			},
			{
				"name": "_bink",
				"parent": "head",
				"pivot": [0, 23.89999, 0.01199],
				"cubes": [
					{"origin": [-4, 23.90176, -4.10173], "size": [8, 8, 0], "uv": [24, 0], "inflate": 0.001}
				]
			},
			{
				"name": "armLeft",
				"pivot": [1.5375, 22.52, 0.5],
				"rotation": [2.693, 0, -24.57816],
				"mirror": true,
				"cubes": [
					{"origin": [1.0375, 17.12, -0.5], "size": [2, 6, 2], "uv": [8, 16], "inflate": -0.2}
				]
			},
			{
				"name": "3cc490f5_a954_45e5_9a48_d62b927633ca",
				"parent": "armLeft",
				"pivot": [1.9125, 18.52, 0.9],
				"rotation": [-5.72958, 0, -10],
				"mirror": true,
				"cubes": [
					{"origin": [0.9125, 11.52, -0.6], "size": [2, 7, 2], "uv": [8, 24], "inflate": -0.25}
				]
			},
			{
				"name": "1513e1ed_b214_4d1e_bb58_b0228a73f24f",
				"parent": "3cc490f5_a954_45e5_9a48_d62b927633ca",
				"pivot": [1.5375, 14.64, 0.1]
			},
			{
				"name": "80312fee_fd93_4de5_9664_5d6dbb43af92",
				"parent": "3cc490f5_a954_45e5_9a48_d62b927633ca",
				"pivot": [4.5375, 9.72, 5.7],
				"rotation": [-44.82822, 0, 0]
			},
			{
				"name": "caf2f3bb_026d_4b82_bc8a_d1fbd7721d57",
				"parent": "armLeft",
				"pivot": [1.5375, 22.52, 0.5],
				"cubes": [
					{"origin": [1.0375, 19.02, -0.5], "size": [2, 2, 2], "uv": [76, 2], "inflate": 0.01}
				]
			},
			{
				"name": "armLeftPositioningBone",
				"parent": "armLeft",
				"pivot": [2.7875, 12.52, -0.25]
			},
			{
				"name": "armRight",
				"pivot": [-1.5375, 22.52, 0.5],
				"rotation": [3.03657, 0, 24.57816],
				"cubes": [
					{"origin": [-3.0375, 17.12, -0.5], "size": [2, 6, 2], "uv": [0, 16], "inflate": -0.2}
				]
			},
			{
				"name": "ee9296ba_1570_4180_b560_941a098f9838",
				"parent": "armRight",
				"pivot": [-1.9125, 18.52, 0.9],
				"rotation": [-5.72958, 0, 10],
				"cubes": [
					{"origin": [-2.9125, 11.52, -0.6], "size": [2, 7, 2], "uv": [0, 24], "inflate": -0.25}
				]
			},
			{
				"name": "f95b5332_92b3_43c5_97c9_dbbf46edad04",
				"parent": "ee9296ba_1570_4180_b560_941a098f9838",
				"pivot": [-1.5375, 14.64, 0.1]
			},
			{
				"name": "a6992ebe_e5be_48b5_bc61_f0157073545b",
				"parent": "ee9296ba_1570_4180_b560_941a098f9838",
				"pivot": [-4.5375, 9.72, 5.7],
				"rotation": [-45.17178, 0, 0]
			},
			{
				"name": "042de927_635c_4e56_b7c9_73c40f838ff4",
				"parent": "armRight",
				"pivot": [-1.5375, 22.52, 0.5],
				"cubes": [
					{"origin": [-3.0375, 19.02, -0.5], "size": [2, 2, 2], "uv": [68, 2], "inflate": 0.01}
				]
			},
			{
				"name": "armRightPositioningBone",
				"parent": "armRight",
				"pivot": [-3.0375, 12.52, -0.25]
			},
			{
				"name": "body",
				"pivot": [0, 14.4, 0],
				"rotation": [-0.08591, 0, 0],
				"cubes": [
					{"origin": [0, 14.4, 0], "size": [0, 0, 0], "uv": [0, 0]}
				]
			},
			{
				"name": "01e151ac_5704_4f11_8e82_77026645086c",
				"parent": "body",
				"pivot": [0, 15.4, 0],
				"cubes": [
					{"origin": [0, 15.4, 0], "size": [0, 0, 0], "uv": [0, 0]}
				]
			},
			{
				"name": "e199d567_59a6_42c6_a0db_4f1ffc7c0f2c",
				"parent": "01e151ac_5704_4f11_8e82_77026645086c",
				"pivot": [0, 13.9, -0.8],
				"rotation": [4.53, -5, 25],
				"cubes": [
					{"origin": [-3, 13.9, -1.3], "size": [3, 3, 2], "uv": [6, 50]}
				]
			},
			{
				"name": "725d6542_423d_45d0_a2d5_0c1690625fba",
				"parent": "01e151ac_5704_4f11_8e82_77026645086c",
				"pivot": [0, 13.9, -0.8],
				"rotation": [4.53, 5, -25],
				"mirror": true,
				"cubes": [
					{"origin": [0, 13.9, -1.3], "size": [3, 3, 2], "uv": [20, 50]}
				]
			},
			{
				"name": "162b4936_e4a6_425a_a8f6_a3d5a1698a04",
				"parent": "01e151ac_5704_4f11_8e82_77026645086c",
				"pivot": [-1.5, 15.4, 1.35],
				"rotation": [13, -7.55, 16],
				"cubes": [
					{"origin": [-2.9, 14.4, -0.05], "size": [3, 2, 2], "uv": [44, 24]}
				]
			},
			{
				"name": "6966b24e_0ef9_4251_bf54_1ec904ca5c11",
				"parent": "01e151ac_5704_4f11_8e82_77026645086c",
				"pivot": [1.5, 15.4, 1.35],
				"rotation": [13, 7.55, -16],
				"mirror": true,
				"cubes": [
					{"origin": [-0.1, 14.4, -0.05], "size": [3, 2, 2], "uv": [54, 24]}
				]
			},
			{
				"name": "a184f3ec_787b_4c9e_a319_609f043b4b27",
				"parent": "01e151ac_5704_4f11_8e82_77026645086c",
				"pivot": [0, 14.29, 0.4955],
				"rotation": [-1.5871, 0, 0],
				"cubes": [
					{"origin": [0, 14.29, 0.4955], "size": [0, 0, 0], "uv": [0, 0]}
				]
			},
			{
				"name": "77630da1_e371_47e4_ab94_dcc7a28c55b8",
				"parent": "01e151ac_5704_4f11_8e82_77026645086c",
				"pivot": [-3, 15.2, -0.3],
				"rotation": [-7.8, -13.1182, 120],
				"cubes": [
					{"origin": [-7, 15.1, -1], "size": [4, 2, 2], "uv": [32, 20]}
				]
			},
			{
				"name": "ac46e85b_9e7a_4d8e_bde2_c1e98c3cc623",
				"parent": "01e151ac_5704_4f11_8e82_77026645086c",
				"pivot": [3, 15.2, -0.3],
				"rotation": [-7.8, 13.12, -120],
				"mirror": true,
				"cubes": [
					{"origin": [3, 15.1, -1], "size": [4, 2, 2], "uv": [44, 20]}
				]
			},
			{
				"name": "636e99be_45d9_44bd_b647_0580341c5611",
				"parent": "01e151ac_5704_4f11_8e82_77026645086c",
				"pivot": [0, 18.1, -1.85],
				"rotation": [7.48929, 0, 0],
				"cubes": [
					{"origin": [-1.5, 15.2, -1.85], "size": [3, 3, 2], "uv": [16, 26]}
				]
			},
			{
				"name": "3f34ad03_1e69_4d6f_9f7f_2503b93ced06",
				"parent": "01e151ac_5704_4f11_8e82_77026645086c",
				"pivot": [0, 16.4, 1.3],
				"rotation": [30.3, 0, 0],
				"cubes": [
					{"origin": [-1.5, 15.6, 0.4], "size": [3, 4, 1], "uv": [8, 33]}
				]
			},
			{
				"name": "01efb09d_0cfd_4f43_9207_18e3eebdd033",
				"parent": "01e151ac_5704_4f11_8e82_77026645086c",
				"pivot": [0, 17.409, 0.041],
				"rotation": [13, 0, 0],
				"cubes": [
					{"origin": [-3.5, 15.409, -2.409], "size": [7, 2, 5], "uv": [0, 78], "inflate": 0.04},
					{"origin": [-3.5, 15.409, -2.409], "size": [7, 2, 5], "uv": [0, 85]},
					{"origin": [-3.5, 15.409, -2.409], "size": [7, 2, 5], "uv": [104, 91], "inflate": -0.1}
				]
			},
			{
				"name": "cfeb4e28_6932_4784_9598_6918fdef083f",
				"parent": "01efb09d_0cfd_4f43_9207_18e3eebdd033",
				"pivot": [0, 19.008, -1.312],
				"rotation": [-12.5, 0, 0],
				"cubes": [
					{"origin": [-0.5, 19.508, -2.062], "size": [0, 0, 0], "uv": [0, 0]}
				]
			},
			{
				"name": "be01232c_7098_4587_a909_5361bd0971b3",
				"parent": "cfeb4e28_6932_4784_9598_6918fdef083f",
				"pivot": [0, 19.008, -1.476],
				"rotation": [60, 0, 0],
				"cubes": [
					{"origin": [-0.5, 18.508, -2.476], "size": [1, 1, 1], "uv": [74, 1]}
				]
			},
			{
				"name": "f1f50850_e7a0_490c_abc9_6710c96446f1",
				"parent": "cfeb4e28_6932_4784_9598_6918fdef083f",
				"pivot": [0, 19.008, -1.722],
				"rotation": [-7.5, -7.41407, -10]
			},
			{
				"name": "98e771e6_3b7f_43b3_92a0_e8b278083f5e",
				"parent": "cfeb4e28_6932_4784_9598_6918fdef083f",
				"pivot": [0, 19.008, -1.722],
				"rotation": [-7.5, 7.41407, 10],
				"mirror": true
			},
			{
				"name": "854b15da_473b_46a1_8cb6_114ee5ea5c69",
				"parent": "cfeb4e28_6932_4784_9598_6918fdef083f",
				"pivot": [0, 19.008, -1.558],
				"rotation": [-15, 0, 17.5]
			},
			{
				"name": "0d19befa_a1b8_42f1_8973_9726e7a5ca91",
				"parent": "854b15da_473b_46a1_8cb6_114ee5ea5c69",
				"pivot": [-0.615, 17.45, -1.558],
				"rotation": [-5, 5, -11]
			},
			{
				"name": "27f0e521_977f_47de_87d0_af5cf2db409e",
				"parent": "0d19befa_a1b8_42f1_8973_9726e7a5ca91",
				"pivot": [-0.615, 15.892, -1.558],
				"rotation": [7.91407, 1.5, -5]
			},
			{
				"name": "0031f2cd_0253_4f69_a6b2_b8f173b4d64f",
				"parent": "cfeb4e28_6932_4784_9598_6918fdef083f",
				"pivot": [0, 19.008, -1.558],
				"rotation": [-15, 0, -17.5],
				"mirror": true
			},
			{
				"name": "4df177e8_b77f_453c_83b6_d56896717828",
				"parent": "0031f2cd_0253_4f69_a6b2_b8f173b4d64f",
				"pivot": [0.615, 17.45, -1.558],
				"rotation": [-5, -5, 11],
				"mirror": true
			},
			{
				"name": "e117bc7d_c4a9_49c0_9cb3_ef02a2d5130d",
				"parent": "4df177e8_b77f_453c_83b6_d56896717828",
				"pivot": [0.615, 15.892, -1.558],
				"rotation": [7.91407, -1, 5]
			},
			{
				"name": "e72f7179_e2a4_4e49_92ab_6d889eec1d94",
				"parent": "01efb09d_0cfd_4f43_9207_18e3eebdd033",
				"pivot": [0, 16.466, 0.041],
				"rotation": [-4.714, 0, 0],
				"cubes": [
					{"origin": [-4.5, 14.466, -2.859], "size": [9, 2, 6], "uv": [0, 70], "inflate": 0.04},
					{"origin": [-4.5, 14.466, -2.859], "size": [9, 2, 6], "uv": [0, 92]},
					{"origin": [-4.5, 14.466, -2.859], "size": [9, 2, 6], "uv": [98, 83], "inflate": -0.1}
				]
			},
			{
				"name": "b05022fa_f730_4919_813a_71f6dba8be72",
				"parent": "e72f7179_e2a4_4e49_92ab_6d889eec1d94",
				"pivot": [0, 15.4, 0.041],
				"rotation": [-3.35954, 0, 0],
				"cubes": [
					{"origin": [-5.5, 13.4, -3.309], "size": [11, 2, 7], "uv": [0, 61], "inflate": 0.04},
					{"origin": [-5.5, 13.4, -3.309], "size": [11, 2, 7], "uv": [0, 100]},
					{"origin": [-5.5, 13.4, -3.309], "size": [11, 2, 7], "uv": [92, 74], "inflate": -0.1}
				]
			},
			{
				"name": "18812b76_e01d_41f8_b7a8_2c1d189fd094",
				"parent": "b05022fa_f730_4919_813a_71f6dba8be72",
				"pivot": [0, 14.58, 0.041],
				"rotation": [-3.70322, 0, 0],
				"cubes": [
					{"origin": [-6, 12.58, -3.709], "size": [12, 2, 8], "uv": [22, 72], "inflate": 0.04},
					{"origin": [-6, 12.58, -3.709], "size": [12, 2, 8], "uv": [0, 109]},
					{"origin": [-6, 12.58, -3.709], "size": [12, 2, 8], "uv": [88, 64], "inflate": -0.1}
				]
			},
			{
				"name": "43413143_5725_4730_915a_bf6dfc3ae8a8",
				"parent": "18812b76_e01d_41f8_b7a8_2c1d189fd094",
				"pivot": [0, 14.662, 0.041],
				"cubes": [
					{"origin": [-6.5, 14.662, -4.709], "size": [0, 0, 0], "uv": [0, 0]}
				]
			},
			{
				"name": "f7056f86_91fa_4dbd_9f0a_d008ecd188be",
				"parent": "43413143_5725_4730_915a_bf6dfc3ae8a8",
				"pivot": [-0.246, 15.318, -0.574],
				"cubes": [
					{"origin": [-0.246, 15.318, -0.574], "size": [0, 0, 0], "uv": [0, 0]}
				]
			},
			{
				"name": "eb99b349_09c7_4875_a9c6_b4ed21472722",
				"parent": "f7056f86_91fa_4dbd_9f0a_d008ecd188be",
				"pivot": [-0.246, 15.318, -0.574],
				"cubes": [
					{"origin": [6.004, 12.418, 3.426], "size": [1, 1, 1], "uv": [124, 120]},
					{"origin": [6.004, 12.068, 2.426], "size": [1, 1, 1], "uv": [124, 120]},
					{"origin": [6.004, 12.418, 1.426], "size": [1, 1, 1], "uv": [124, 120]},
					{"origin": [6.004, 12.068, 0.426], "size": [1, 1, 1], "uv": [124, 120]},
					{"origin": [6.004, 12.418, -0.574], "size": [1, 1, 1], "uv": [124, 120]},
					{"origin": [6.004, 12.068, -1.574], "size": [1, 1, 1], "uv": [124, 120]},
					{"origin": [6.004, 12.418, -2.574], "size": [1, 1, 1], "uv": [124, 120]},
					{"origin": [6.004, 12.068, -3.574], "size": [1, 1, 1], "uv": [124, 120]}
				]
			},
			{
				"name": "f9e791c2_2fd8_49d7_81d3_68e6e7fecdd1",
				"parent": "43413143_5725_4730_915a_bf6dfc3ae8a8",
				"pivot": [0.246, 15.318, 1.066],
				"rotation": [0, 180.00001, 0],
				"cubes": [
					{"origin": [0.246, 15.318, 1.066], "size": [0, 0, 0], "uv": [0, 0]}
				]
			},
			{
				"name": "b2e615de_0fe0_46a4_b163_b3decac63a0f",
				"parent": "f9e791c2_2fd8_49d7_81d3_68e6e7fecdd1",
				"pivot": [0.246, 15.318, 1.066],
				"cubes": [
					{"origin": [6.496, 12.068, 5.066], "size": [1, 1, 1], "uv": [124, 122]},
					{"origin": [6.496, 12.418, 4.066], "size": [1, 1, 1], "uv": [124, 122]},
					{"origin": [6.496, 12.068, 3.066], "size": [1, 1, 1], "uv": [124, 122]},
					{"origin": [6.496, 12.418, 2.066], "size": [1, 1, 1], "uv": [124, 122]},
					{"origin": [6.496, 12.068, 1.066], "size": [1, 1, 1], "uv": [124, 122]},
					{"origin": [6.496, 12.418, 0.066], "size": [1, 1, 1], "uv": [124, 122]},
					{"origin": [6.496, 12.068, -0.934], "size": [1, 1, 1], "uv": [124, 122]},
					{"origin": [6.496, 12.418, -1.934], "size": [1, 1, 1], "uv": [124, 122]}
				]
			},
			{
				"name": "c6295372_940c_4ad4_bcd9_6e0ea87f0a75",
				"parent": "43413143_5725_4730_915a_bf6dfc3ae8a8",
				"pivot": [-0.41, 15.318, 2.132],
				"rotation": [0, 90, 0],
				"cubes": [
					{"origin": [-0.41, 15.318, 2.132], "size": [0, 0, 0], "uv": [0, 0]}
				]
			},
			{
				"name": "ac7a54f7_7987_432e_ba87_0202a90fdac2",
				"parent": "c6295372_940c_4ad4_bcd9_6e0ea87f0a75",
				"pivot": [-0.41, 15.318, 2.132],
				"cubes": [
					{"origin": [5.84, 12.418, -1.868], "size": [1, 1, 1], "uv": [124, 124]},
					{"origin": [5.84, 12.068, -2.868], "size": [1, 1, 1], "uv": [124, 124]},
					{"origin": [5.84, 12.418, -3.868], "size": [1, 1, 1], "uv": [124, 124]},
					{"origin": [5.84, 12.418, 6.132], "size": [1, 1, 1], "uv": [124, 124]},
					{"origin": [5.84, 12.068, 7.132], "size": [1, 1, 1], "uv": [124, 124]},
					{"origin": [5.84, 12.418, 8.132], "size": [1, 1, 1], "uv": [124, 124]}
				]
			},
			{
				"name": "cdcbeffb_67ff_4003_9a3a_0166d0a7055e",
				"parent": "43413143_5725_4730_915a_bf6dfc3ae8a8",
				"pivot": [0.41, 15.318, -1.64],
				"rotation": [0, 270, 0],
				"cubes": [
					{"origin": [0.41, 15.318, -1.64], "size": [0, 0, 0], "uv": [0, 0]}
				]
			},
			{
				"name": "ef0da1a2_eefd_4e25_a1ce_dd90a4fbd963",
				"parent": "cdcbeffb_67ff_4003_9a3a_0166d0a7055e",
				"pivot": [0.41, 15.318, -1.64],
				"cubes": [
					{"origin": [6.66, 12.068, 4.36], "size": [1, 1, 1], "uv": [124, 126]},
					{"origin": [6.66, 12.418, 3.36], "size": [1, 1, 1], "uv": [124, 126]},
					{"origin": [6.66, 12.068, 2.36], "size": [1, 1, 1], "uv": [124, 126]},
					{"origin": [6.66, 12.418, 1.36], "size": [1, 1, 1], "uv": [124, 126]},
					{"origin": [6.66, 12.068, 0.36], "size": [1, 1, 1], "uv": [124, 126]},
					{"origin": [6.66, 12.418, -0.64], "size": [1, 1, 1], "uv": [124, 126]},
					{"origin": [6.66, 12.068, -1.64], "size": [1, 1, 1], "uv": [124, 126]},
					{"origin": [6.66, 12.418, -2.64], "size": [1, 1, 1], "uv": [124, 126]},
					{"origin": [6.66, 12.068, -3.64], "size": [1, 1, 1], "uv": [124, 126]},
					{"origin": [6.66, 12.418, -4.64], "size": [1, 1, 1], "uv": [124, 126]},
					{"origin": [6.66, 12.068, -5.64], "size": [1, 1, 1], "uv": [124, 126]},
					{"origin": [6.66, 12.418, -6.64], "size": [1, 1, 1], "uv": [124, 126]},
					{"origin": [6.66, 12.068, -7.64], "size": [1, 1, 1], "uv": [124, 126]}
				]
			},
			{
				"name": "2dcc14e8_8f9b_40ed_be51_9d9b5ed66237",
				"parent": "body",
				"pivot": [0, 17.8, -0.2],
				"cubes": [
					{"origin": [0, 17.8, -0.2], "size": [0, 0, 0], "uv": [0, 0]}
				]
			},
			{
				"name": "6cbf1d60_d973_4b2b_ac3b_f19c4597d7b6",
				"parent": "2dcc14e8_8f9b_40ed_be51_9d9b5ed66237",
				"pivot": [0, 15.4, 0.3],
				"cubes": [
					{"origin": [0, 15.4, 0.3], "size": [0, 0, 0], "uv": [0, 0]}
				]
			},
			{
				"name": "da9cc084_6ed8_4670_ad84_27b52beafe9b",
				"parent": "6cbf1d60_d973_4b2b_ac3b_f19c4597d7b6",
				"pivot": [0, 17.9, -0.1],
				"rotation": [-0.69, 0, 0],
				"cubes": [
					{"origin": [-1.5, 18.1, -1.9], "size": [3, 2, 2], "uv": [30, 27], "inflate": 0.01}
				]
			},
			{
				"name": "9ac8d836_085f_4949_8251_83ced81e0841",
				"parent": "6cbf1d60_d973_4b2b_ac3b_f19c4597d7b6",
				"pivot": [0.6, 21.7, 0.4],
				"rotation": [-11.94, 0.83, -9.01],
				"cubes": [
					{"origin": [-1.9, 18.7, -1.1], "size": [2, 3, 2], "uv": [16, 21]}
				]
			},
			{
				"name": "e315c617_5307_4d42_a9c8_ae39ce208aa7",
				"parent": "6cbf1d60_d973_4b2b_ac3b_f19c4597d7b6",
				"pivot": [-0.6, 21.7, 0.4],
				"rotation": [-11.94078, -0.83, 9.01],
				"mirror": true,
				"cubes": [
					{"origin": [-0.1, 18.7, -1.1], "size": [2, 3, 2], "uv": [24, 21]}
				]
			},
			{
				"name": "aaf6f4cc_dd7d_4fac_815e_47df677e3171",
				"parent": "6cbf1d60_d973_4b2b_ac3b_f19c4597d7b6",
				"pivot": [-1.2, 21.9, -0.95],
				"rotation": [-55.17178, 6, 0],
				"mirror": true,
				"cubes": [
					{"origin": [-1.9, 19.4, -1.5], "size": [2, 3, 2], "uv": [16, 16]},
					{"origin": [-1.9, 19.4, -1.5], "size": [2, 3, 2], "uv": [64, 21], "inflate": 0.08}
				]
			},
			{
				"name": "31df031e_b804_46fe_b285_148931ee49b5",
				"parent": "6cbf1d60_d973_4b2b_ac3b_f19c4597d7b6",
				"pivot": [1.2, 21.9, -0.95],
				"rotation": [-55.17178, -6, 0],
				"cubes": [
					{"origin": [-0.1, 19.4, -1.5], "size": [2, 3, 2], "uv": [24, 16]},
					{"origin": [-0.1, 19.4, -1.5], "size": [2, 3, 2], "uv": [72, 21], "inflate": 0.08}
				]
			},
			{
				"name": "b7386462_4327_4bfb_bc6d_af422f63dd0a",
				"parent": "6cbf1d60_d973_4b2b_ac3b_f19c4597d7b6",
				"pivot": [0, 23.25, 0.24773],
				"rotation": [0.21718, 0, 0],
				"cubes": [
					{"origin": [-1, 21.75, -0.75227], "size": [2, 4, 2], "uv": [28, 41], "inflate": -0.2}
				]
			},
			{
				"name": "3c1fcc94_3673_47f1_83af_cddec7e803a1",
				"parent": "6cbf1d60_d973_4b2b_ac3b_f19c4597d7b6",
				"pivot": [0, 20.7, -0.1],
				"rotation": [-2.04, 0, 0],
				"cubes": [
					{"origin": [-2, 21, -1], "size": [4, 2, 2], "uv": [48, 28]}
				]
			},
			{
				"name": "10fe1b89_8f22_4c0e_a6ec_5f6da67acc33",
				"parent": "6cbf1d60_d973_4b2b_ac3b_f19c4597d7b6",
				"pivot": [0, 20.4, -1.8],
				"rotation": [-17, 0, 0],
				"cubes": [
					{"origin": [-1.5, 20.1, -1.81], "size": [3, 3, 1], "uv": [56, 20], "inflate": 0.01}
				]
			},
			{
				"name": "legLeft",
				"pivot": [1.75, 14, 0]
			},
			{
				"name": "legLeftIn",
				"parent": "legLeft",
				"pivot": [1.75, 15.4, -0.0045],
				"rotation": [5, 0, 2.5],
				"mirror": true,
				"cubes": [
					{"origin": [1.05, 8.2, -1.3045], "size": [1, 7, 1], "uv": [4, 33]}
				]
			},
			{
				"name": "077da007_f412_486c_a0c2_61070471ac72",
				"parent": "legLeftIn",
				"pivot": [1.85, 8.45, 0.0915],
				"rotation": [-7.42588, -1.63453, -0.19259],
				"mirror": true,
				"cubes": [
					{"origin": [0.85, 9.15, -0.9585], "size": [0, 0, 0], "uv": [0, 0]}
				]
			},
			{
				"name": "d43a6a27_61f1_4f9a_84c8_844feeaa7f9f",
				"parent": "077da007_f412_486c_a0c2_61070471ac72",
				"pivot": [2.25, 0.85, 0.7315],
				"rotation": [3.31324, 0, -3.0569],
				"mirror": true,
				"cubes": [
					{"origin": [1.15, -0.15, -2.2685], "size": [2, 1, 4], "uv": [36, 27]}
				]
			},
			{
				"name": "67f3f040_2fb6_4311_9174_c4e69305eb3e",
				"parent": "077da007_f412_486c_a0c2_61070471ac72",
				"pivot": [1.85, 8.45, 0.0915],
				"rotation": [5, 9, -1.72],
				"mirror": true,
				"cubes": [
					{"origin": [0.85, 0.25, -0.9585], "size": [2, 9, 2], "uv": [14, 41], "inflate": -0.08}
				]
			},
			{
				"name": "10ba5a85_c4b5_4774_bcac_8345cb39b725",
				"parent": "67f3f040_2fb6_4311_9174_c4e69305eb3e",
				"pivot": [1.85, 6.75, 0.7915],
				"rotation": [26.74617, 0, 0],
				"mirror": true,
				"cubes": [
					{"origin": [0.85, 6.35, 0.6915], "size": [2, 2, 1], "uv": [22, 41], "inflate": -0.08}
				]
			},
			{
				"name": "5ab6065a_6583_41dd_8260_407d5bc4d8ae",
				"parent": "67f3f040_2fb6_4311_9174_c4e69305eb3e",
				"pivot": [1.85, 7, 0.7915],
				"rotation": [-11.18146, 0, 0],
				"mirror": true,
				"cubes": [
					{"origin": [0.85, 2, 0.7915], "size": [2, 5, 1], "uv": [22, 44], "inflate": -0.08}
				]
			},
			{
				"name": "1e591468_22d8_48e4_a2a3_500219d7a3cd",
				"parent": "legLeftIn",
				"pivot": [0.8, 14.05, 0.9555],
				"rotation": [-1.1, -1.29, 5],
				"mirror": true,
				"cubes": [
					{"origin": [1.8, 8.4, -1.4445], "size": [1, 7, 2], "uv": [46, 32]}
				]
			},
			{
				"name": "f45eaea7_a42c_4ccf_b06e_7640edea0e3e",
				"parent": "legLeftIn",
				"pivot": [0.8, 14.05, 0.9555],
				"rotation": [-1.1, -1.29, 5],
				"mirror": true,
				"cubes": [
					{"origin": [1.8, 8.4, -1.4445], "size": [1, 7, 2], "uv": [46, 32]}
				]
			},
			{
				"name": "187a9028_2fde_4772_9e8b_46e60c008a43",
				"parent": "legLeftIn",
				"pivot": [1.75, 15.4, -0.0045],
				"rotation": [0, 5.25, -4.83],
				"cubes": [
					{"origin": [0.45, 8.2, -1.3045], "size": [1, 7, 2], "uv": [40, 32]}
				]
			},
			{
				"name": "6bbfc2b4_d89a_45a3_865a_9354925d6794",
				"parent": "legLeftIn",
				"pivot": [1.45, 9.6, -0.7245],
				"rotation": [-10.09, -4.41, 4],
				"mirror": true,
				"cubes": [
					{"origin": [1.55, 8.6, -0.8745], "size": [1, 7, 2], "uv": [52, 32]}
				]
			},
			{
				"name": "555e6c90_2a5b_42f8_b51f_7f9faf3de3e9",
				"parent": "legLeftIn",
				"pivot": [1.45, 9.6, -0.7245],
				"rotation": [-9.45, -2.52, -2.61],
				"mirror": true,
				"cubes": [
					{"origin": [1.05, 8.6, -0.8745], "size": [1, 7, 2], "uv": [58, 32]}
				]
			},
			{
				"name": "legRight",
				"pivot": [-2, 14, 0]
			},
			{
				"name": "legRightIn",
				"parent": "legRight",
				"pivot": [-1.75, 15.4, -0.0045],
				"rotation": [5, 0, -2.5],
				"cubes": [
					{"origin": [-2.15, 8.2, -1.3045], "size": [1, 7, 1], "uv": [0, 33]}
				]
			},
			{
				"name": "32154090_ee79_41ac_8ffe_fd081e64cf1a",
				"parent": "legRightIn",
				"pivot": [-1.85, 8.45, 0.0915],
				"rotation": [-7.42588, 1.63453, 0.19259],
				"cubes": [
					{"origin": [-2.85, 9.15, -0.9585], "size": [0, 0, 0], "uv": [0, 0]}
				]
			},
			{
				"name": "2aa7aa20_274a_4871_a437_b3b10a2df2ec",
				"parent": "32154090_ee79_41ac_8ffe_fd081e64cf1a",
				"pivot": [-2.25, 0.85, 0.7315],
				"rotation": [3.31, 0, 3.0569],
				"cubes": [
					{"origin": [-3.15, -0.15, -2.2685], "size": [2, 1, 4], "uv": [22, 27]}
				]
			},
			{
				"name": "2ed71be8_dda2_4b77_a57c_92b5e4dbd155",
				"parent": "32154090_ee79_41ac_8ffe_fd081e64cf1a",
				"pivot": [-1.85, 8.45, 0.0915],
				"rotation": [5, -9, 1.72],
				"cubes": [
					{"origin": [-2.85, 0.25, -0.9585], "size": [2, 9, 2], "uv": [0, 41], "inflate": -0.08}
				]
			},
			{
				"name": "118a555a_b933_43e6_98f6_b27181512264",
				"parent": "2ed71be8_dda2_4b77_a57c_92b5e4dbd155",
				"pivot": [-1.85, 6.75, 0.7915],
				"rotation": [26.74617, 0, 0],
				"cubes": [
					{"origin": [-2.85, 6.35, 0.6915], "size": [2, 2, 1], "uv": [8, 41], "inflate": -0.08}
				]
			},
			{
				"name": "8687b21c_0c3b_4acd_9ef1_86f3d0e62550",
				"parent": "2ed71be8_dda2_4b77_a57c_92b5e4dbd155",
				"pivot": [-1.85, 7, 0.7915],
				"rotation": [-11.18146, 0, 0],
				"cubes": [
					{"origin": [-2.85, 2, 0.7915], "size": [2, 5, 1], "uv": [8, 44], "inflate": -0.08}
				]
			},
			{
				"name": "29d826d8_b287_4df6_ad57_502a38478d82",
				"parent": "legRightIn",
				"pivot": [-0.8, 14.05, 0.9555],
				"rotation": [-1.1, 1.29, -5],
				"cubes": [
					{"origin": [-2.8, 8.4, -1.4445], "size": [1, 7, 2], "uv": [22, 32]}
				]
			},
			{
				"name": "ae2c2f27_c810_4a83_89aa_9306e1d8b35d",
				"parent": "legRightIn",
				"pivot": [-0.8, 14.05, 0.9555],
				"rotation": [-1.1, 1.29, -5],
				"cubes": [
					{"origin": [-2.8, 8.4, -1.4445], "size": [1, 7, 2], "uv": [22, 32]}
				]
			},
			{
				"name": "f146bc46_083e_4dce_b29e_968bec1c70a9",
				"parent": "legRightIn",
				"pivot": [-1.75, 15.4, -0.0045],
				"rotation": [0, -5.25, 4.83],
				"cubes": [
					{"origin": [-1.45, 8.2, -1.3045], "size": [1, 7, 2], "uv": [16, 32]}
				]
			},
			{
				"name": "1fe10f0b_6144_46b6_ab36_160fcc72675b",
				"parent": "legRightIn",
				"pivot": [-1.45, 9.6, -0.7245],
				"rotation": [-10.09, 4.41, -4],
				"cubes": [
					{"origin": [-2.55, 8.6, -0.8745], "size": [1, 7, 2], "uv": [28, 32]}
				]
			},
			{
				"name": "15643a5b_1598_4303_9fc9_893bc60f7e52",
				"parent": "legRightIn",
				"pivot": [-1.45, 9.6, -0.7245],
				"rotation": [-9.44966, 2.52, 2.61],
				"cubes": [
					{"origin": [-2.05, 8.6, -0.8745], "size": [1, 7, 2], "uv": [34, 32]}
				]
			},
			{
				"name": "backpackPositioningBone",
				"pivot": [0, 22, 0]
			}
		]
	}
}