{
	"format_version": "1.10.0",
	"geometry.model": {
		"texturewidth": 128,
		"textureheight": 128,
		"visible_bounds_width": 3,
		"visible_bounds_height": 5,
		"visible_bounds_offset": [0, 1.5, 0],
		"bones": [
			{
				"name": "head",
				"pivot": [0, 22.85004, 0.69883],
				"mirror": true,
				"cubes": [
					{"origin": [-4, 22.85004, -3.30117], "size": [8, 8, 8], "uv": [0, 0]},
					{"origin": [-4, 18.85004, -3.30117], "size": [8, 12, 8], "uv": [32, 0], "inflate": 0.3},
					{"origin": [-2, 26.05004, 4.69883], "size": [4, 4, 2], "uv": [72, 0]},
					{"origin": [-5, 26.85004, 0.89883], "size": [1, 3, 3], "uv": [56, 0]},
					{"origin": [4, 26.85004, 0.89883], "size": [1, 3, 3], "uv": [64, 0]}
				]
			},
			{
				"name": "helmet",
				"parent": "head",
				"pivot": [0, 29.85004, 0.69883],
				"rotation": [2.52865, 0, -2.55729],
				"cubes": [
					{"origin": [-10, 28.85004, -9.30117], "size": [20, 1, 20], "uv": [6, 83]}
				]
			},
			{
				"name": "23fd8eba_6594_40fc_acf4_e5a28b1591dd",
				"parent": "helmet",
				"pivot": [0, 29.85004, 0.69883],
				"cubes": [
					{"origin": [-1.5, 36.85004, -0.80117], "size": [3, 3, 3], "uv": [0, 79]}
				]
			},
			{
				"name": "1a6972fc_755d_4a18_97d8_2e57f082ad8c",
				"parent": "23fd8eba_6594_40fc_acf4_e5a28b1591dd",
				"pivot": [0, 39.85004, 0.69883],
				"rotation": [0, 0, 12.714],
				"cubes": [
					{"origin": [-0.5, 39.85004, -0.80117], "size": [2, 2, 3], "uv": [15, 86]}
				]
			},
			{
				"name": "cfb9246e_b027_487f_8eff_e499b27f051f",
				"parent": "23fd8eba_6594_40fc_acf4_e5a28b1591dd",
				"pivot": [0, 39.85004, 0.69883],
				"rotation": [0, 0, -12.714],
				"cubes": [
					{"origin": [-1.5, 39.85004, -0.80117], "size": [2, 2, 3], "uv": [93, 76]}
				]
			},
			{
				"name": "0e7f3dae_19cf_46c7_8f0a_07f176c2f6ca",
				"parent": "helmet",
				"pivot": [0, 29.85004, 0.69883],
				"cubes": [
					{"origin": [-2.5, 33.85004, -1.80117], "size": [5, 4, 5], "uv": [0, 86]}
				]
			},
			{
				"name": "89180699_438e_425e_ad86_c5967fd8d962",
				"parent": "helmet",
				"pivot": [0, 29.85004, 0.69883],
				"cubes": [
					{"origin": [-4, 30.85004, -3.30117], "size": [8, 4, 8], "uv": [94, 81]}
				]
			},
			{
				"name": "da8b2d19_cf84_4f75_bcaa_20eedf2df239",
				"parent": "helmet",
				"pivot": [0, 29.85004, 0.69883],
				"cubes": [
					{"origin": [-4.5, 29.85004, -3.80117], "size": [9, 2, 9], "uv": [66, 78]}
				]
			},
			{
				"name": "e2b29b7a_0b83_4376_95a5_ad6dc0257df9",
				"parent": "da8b2d19_cf84_4f75_bcaa_20eedf2df239",
				"pivot": [4.5, 29.85004, 0.69883],
				"rotation": [0.22894, 0, 10],
				"cubes": [
					{"origin": [4.5, 29.85004, -1.80117], "size": [0, 3, 6], "uv": [0, 117]}
				]
			},
			{
				"name": "ae08b4cc_7785_487e_a8a6_829b7048b493",
				"parent": "da8b2d19_cf84_4f75_bcaa_20eedf2df239",
				"pivot": [-4.5, 29.85004, 0.69883],
				"rotation": [0.22894, 0, -10],
				"cubes": [
					{"origin": [-4.5, 29.85004, -1.80117], "size": [0, 3, 6], "uv": [0, 114]}
				]
			},
			{
				"name": "692192e1_9852_4b54_a697_6eeeda4b4c52",
				"parent": "helmet",
				"pivot": [-10, 29.85004, 0.69883],
				"rotation": [0, 0, 0.17178],
				"cubes": [
					{"origin": [-10, 29.85004, -4.30117], "size": [0, 3, 10], "uv": [0, 104]}
				]
			},
			{
				"name": "f62d1961_19eb_4c61_9377_2f54a394ecee",
				"parent": "helmet",
				"pivot": [10, 29.85004, 0.69883],
				"rotation": [0, 0, -0.17178],
				"cubes": [
					{"origin": [10, 29.85004, -4.30117], "size": [0, 3, 10], "uv": [0, 101]}
				]
			},
			{
				"name": "633a830f_bee6_4b79_9164_060a8c4d56eb",
				"parent": "helmet",
				"pivot": [0, 29.85004, 10.19883],
				"rotation": [-60.17179, 0, 0]
			},
			{
				"name": "3b1bd787_7952_429a_896d_40e3ea12bedf",
				"parent": "head",
				"pivot": [0, 28.05004, 5.69883],
				"rotation": [-2.86479, 0, 0],
				"cubes": [
					{"origin": [-1.5, 20.55004, 4.69883], "size": [3, 9, 3], "uv": [76, 6]}
				]
			},
			{
				"name": "6d84f928_1c0a_4d74_bd66_a674471afb7f",
				"parent": "head",
				"pivot": [-4.5, 28.35004, 2.39883],
				"rotation": [0, 0, -2.86479],
				"cubes": [
					{"origin": [-5.5, 20.65004, 1.59883], "size": [1, 9, 2], "uv": [64, 6]}
				]
			},
			{
				"name": "30a2d405_bcf7_4cfd_a09a_95c79c9a5edd",
				"parent": "head",
				"pivot": [4.5, 28.35004, 2.39883],
				"rotation": [0, 0, 2.86479],
				"mirror": true,
				"cubes": [
					{"origin": [4.5, 20.65004, 1.59883], "size": [1, 9, 2], "uv": [70, 6]}
				]
			},
			{
				"name": "452cb004_8d91_42e4_a38d_004224affbd2",
				"parent": "head",
				"pivot": [0, 25.85004, 4.69883],
				"rotation": [8.62301, 0, 0.05729]
			},
			{
				"name": "46630e8e_90ac_405e_bb9e_669007c8770e",
				"parent": "452cb004_8d91_42e4_a38d_004224affbd2",
				"pivot": [0, 19.85004, 4.69883],
				"rotation": [11.63094, 0, 0.17178]
			},
			{
				"name": "63256b21_96a7_44f1_9a8c_c044c5c2bc24",
				"parent": "46630e8e_90ac_405e_bb9e_669007c8770e",
				"pivot": [0, 13.85004, 4.69883],
				"rotation": [16.27176, 0, 0.22894]
			},
			{
				"name": "decf5c2f_000d_4339_8d38_1fba0e4d6968",
				"parent": "63256b21_96a7_44f1_9a8c_c044c5c2bc24",
				"pivot": [0, 8.85004, 4.59883],
				"rotation": [3.09373, 0, 0.22894]
			},
			{
				"name": "bd1715ef_d902_4370_8b80_1a5eb3cba79e",
				"parent": "head",
				"pivot": [4, 29.35004, 0.69883],
				"rotation": [0, 0, -17.3972],
				"mirror": true,
				"cubes": [
					{"origin": [4, 19.35004, -4.30117], "size": [0, 10, 10], "uv": [40, 10]}
				]
			},
			{
				"name": "74f005bf_c2b9_418a_9d11_5d429071e485",
				"parent": "head",
				"pivot": [-4, 29.35004, 0.69883],
				"rotation": [0, 0, 17.3972],
				"cubes": [
					{"origin": [-4, 19.35004, -4.30117], "size": [0, 10, 10], "uv": [40, 10]}
				]
			},
			{
				"name": "_bink",
				"parent": "head",
				"pivot": [0, 22.85004, 0.69883],
				"cubes": [
					{"origin": [-4, 22.85004, -3.30117], "size": [8, 8, 0], "uv": [24, 0], "inflate": 0.001}
				]
			},
			{
				"name": "armLeft",
				"pivot": [3, 20.88501, 0],
				"rotation": [-0.17178, 0, -24.57816],
				"mirror": true,
				"cubes": [
					{"origin": [2.90939, 16.46908, -0.99875], "size": [2, 5, 3], "uv": [10, 16]}
				]
			},
			{
				"name": "06c87dc6_a562_4e68_bb19_1cb0364a49ea",
				"parent": "armLeft",
				"pivot": [3.90939, 16.96908, 0.50125],
				"rotation": [0, 0, -10],
				"mirror": true,
				"cubes": [
					{"origin": [2.90939, 9.96908, -0.99875], "size": [2, 7, 3], "uv": [10, 25]}
				]
			},
			{
				"name": "armLeftPositioningBone",
				"parent": "armLeft",
				"pivot": [5, 10.88501, 0]
			},
			{
				"name": "armRight",
				"pivot": [-3, 20.88501, 0],
				"rotation": [0.17178, 0, 24.57816],
				"cubes": [
					{"origin": [-4.90939, 16.46908, -1.00125], "size": [2, 5, 3], "uv": [0, 16]}
				]
			},
			{
				"name": "8f9ee499_b0bc_4d50_a34f_2fe1fa0e322f",
				"parent": "armRight",
				"pivot": [-3.90939, 16.96908, 0.49875],
				"rotation": [0, 0, 10],
				"cubes": [
					{"origin": [-4.90939, 9.96908, -1.00125], "size": [2, 7, 3], "uv": [0, 25]}
				]
			},
			{
				"name": "armRightPositioningBone",
				"parent": "armRight",
				"pivot": [-5, 10.88501, 0]
			},
			{
				"name": "body",
				"pivot": [0, 14.88501, 0],
				"rotation": [-5.72958, 0, 0],
				"cubes": [
					{"origin": [-3, 22.38501, -2.1], "size": [0, 0, 0], "uv": [-20, -26]},
					{"origin": [-1, 23.68501, -1], "size": [0, 0, 0], "uv": [-24, -16]}
				]
			},
			{
				"name": "746fa8eb_4d03_41c8_b62c_29b784e294de",
				"parent": "body",
				"pivot": [-1.4, 20.88501, -0.5],
				"rotation": [-44.82822, 5, 0],
				"mirror": true,
				"cubes": [
					{"origin": [-2.9, 16.88501, -1.75], "size": [3, 4, 3], "uv": [12, 95], "inflate": 0.1}
				]
			},
			{
				"name": "9a546ba2_85d7_46a6_b523_47abdab1194d",
				"parent": "body",
				"pivot": [1.4, 20.88501, -0.5],
				"rotation": [-44.82822, -5, 0],
				"cubes": [
					{"origin": [-0.1, 16.88501, -1.75], "size": [3, 4, 3], "uv": [0, 95], "inflate": 0.1}
				]
			},
			{
				"name": "624efe42_f41d_489e_aa75_72537d594ff0",
				"parent": "body",
				"pivot": [0, 14.88501, 0],
				"cubes": [
					{"origin": [-4, 14.88501, -2.4], "size": [0, 0, 0], "uv": [0, 0]}
				]
			},
			{
				"name": "de0a8dd3_1dfd_44f8_99fb_0a4444a14050",
				"parent": "624efe42_f41d_489e_aa75_72537d594ff0",
				"pivot": [0, 16.88501, 0.5],
				"rotation": [10, 10, -45],
				"cubes": [
					{"origin": [-4, 12.88501, -1.5], "size": [5, 5, 3], "uv": [4, 64]}
				]
			},
			{
				"name": "7e64bd67_072a_4909_b624_2f53c2d2078d",
				"parent": "de0a8dd3_1dfd_44f8_99fb_0a4444a14050",
				"pivot": [-3.1, 14.48501, -0.25],
				"rotation": [-10, 0, 45],
				"cubes": [
					{"origin": [-6.1, 13.38501, 0.6], "size": [7, 3, 2], "uv": [90, 64]}
				]
			},
			{
				"name": "28e15ce8_f687_442f_93dd_d3dc8c650e5a",
				"parent": "de0a8dd3_1dfd_44f8_99fb_0a4444a14050",
				"pivot": [-1.2, 15.68501, 0],
				"rotation": [-1.5, 0, 45],
				"cubes": [
					{"origin": [-5.2, 13.68501, -2.45], "size": [8, 2, 5], "uv": [100, 23]}
				]
			},
			{
				"name": "b3d95cd0_1361_4e83_b14a_5a8cc8c0b108",
				"parent": "28e15ce8_f687_442f_93dd_d3dc8c650e5a",
				"pivot": [-1.2, 14.93501, 0],
				"rotation": [-5, 0, 0],
				"cubes": [
					{"origin": [-6.2, 12.93501, -2.9], "size": [10, 2, 6], "uv": [52, 30]}
				]
			},
			{
				"name": "9a1b4bf0_235a_4147_b958_83896f42bff1",
				"parent": "b3d95cd0_1361_4e83_b14a_5a8cc8c0b108",
				"pivot": [-1.2, 13.93501, 0],
				"rotation": [-2.214, 0, 0],
				"cubes": [
					{"origin": [-7.2, 11.93501, -3.75], "size": [12, 2, 8], "uv": [88, 0]}
				]
			},
			{
				"name": "4c7d1672_cd16_433a_aae6_6e58087ff063",
				"parent": "9a1b4bf0_235a_4147_b958_83896f42bff1",
				"pivot": [-1.2, 12.63501, 0],
				"rotation": [-2.32822, 0, 0],
				"cubes": [
					{"origin": [-7.7, 10.63501, -4.25], "size": [13, 2, 9], "uv": [84, 30]}
				]
			},
			{
				"name": "bf26e849_6b1f_4d5b_b44b_f7edbedbade1",
				"parent": "4c7d1672_cd16_433a_aae6_6e58087ff063",
				"pivot": [-1.2, 11.13501, 0],
				"rotation": [-2.41407, 0, 0],
				"cubes": [
					{"origin": [-8.2, 9.13501, -4.75], "size": [14, 2, 10], "uv": [14, 30]}
				]
			},
			{
				"name": "2d6b3e51_5c14_42c0_b80d_34dcdafe0c84",
				"parent": "28e15ce8_f687_442f_93dd_d3dc8c650e5a",
				"pivot": [-1.2, 15.43501, -2.25],
				"rotation": [-25, 0, 0]
			},
			{
				"name": "1c4267fa_ee62_4b18_a7f8_60d85ebd0cdb",
				"parent": "28e15ce8_f687_442f_93dd_d3dc8c650e5a",
				"pivot": [-1.2, 16.93501, -1.75],
				"rotation": [-12.5, 0, 0],
				"cubes": [
					{"origin": [-1.7, 16.43501, -2.5], "size": [1, 1, 1], "uv": [54, 34]}
				]
			},
			{
				"name": "c1718963_53f8_4c54_a10b_113dfe6e6502",
				"parent": "1c4267fa_ee62_4b18_a7f8_60d85ebd0cdb",
				"pivot": [-1.2, 16.93501, -2.25],
				"rotation": [-7.5, 7.41407, 0],
				"cubes": [
					{"origin": [-1.2, 15.68501, -2.25], "size": [3, 2, 0], "uv": [52, 32]}
				]
			},
			{
				"name": "30c675a8_3c5d_4349_9a49_f42f97a0c4fa",
				"parent": "1c4267fa_ee62_4b18_a7f8_60d85ebd0cdb",
				"pivot": [-1.2, 16.93501, -2.25],
				"rotation": [-7.5, -7.41407, 0],
				"cubes": [
					{"origin": [-4.2, 15.68501, -2.25], "size": [3, 2, 0], "uv": [52, 30]}
				]
			},
			{
				"name": "4e5ca668_4b14_41e1_acfa_8b631e61e8fa",
				"parent": "1c4267fa_ee62_4b18_a7f8_60d85ebd0cdb",
				"pivot": [-1.2, 16.93501, -2.05],
				"rotation": [-15, 0, 17.5],
				"mirror": true,
				"cubes": [
					{"origin": [-2.95, 14.93501, -2.05], "size": [2, 2, 0], "uv": [38, 65]}
				]
			},
			{
				"name": "f287457b_8dd2_436e_b7f8_a4d77a3b7551",
				"parent": "4e5ca668_4b14_41e1_acfa_8b631e61e8fa",
				"pivot": [-1.95, 15.03501, -2.05],
				"rotation": [-20, 5, -11],
				"mirror": true,
				"cubes": [
					{"origin": [-2.95, 13.03501, -2.05], "size": [2, 2, 0], "uv": [38, 67]}
				]
			},
			{
				"name": "b8381885_bb33_4f6b_9430_2dc0694a7e13",
				"parent": "f287457b_8dd2_436e_b7f8_a4d77a3b7551",
				"pivot": [-1.95, 13.13501, -2.05],
				"rotation": [19.91407, 1.5, -5],
				"mirror": true,
				"cubes": [
					{"origin": [-2.95, 9.13501, -2.05], "size": [2, 4, 0], "uv": [42, 65]}
				]
			},
			{
				"name": "3946db0d_89fa_445b_b630_5fd3a079bb1a",
				"parent": "1c4267fa_ee62_4b18_a7f8_60d85ebd0cdb",
				"pivot": [-1.2, 16.93501, -2.05],
				"rotation": [-15, 0, -17.5],
				"cubes": [
					{"origin": [-1.45, 14.93501, -2.05], "size": [2, 2, 0], "uv": [38, 65]}
				]
			},
			{
				"name": "41387146_a0dd_40cb_900f_7413b52f81fb",
				"parent": "3946db0d_89fa_445b_b630_5fd3a079bb1a",
				"pivot": [-0.45, 15.03501, -2.05],
				"rotation": [-20, -5, 11],
				"cubes": [
					{"origin": [-1.45, 13.03501, -2.05], "size": [2, 2, 0], "uv": [38, 67]}
				]
			},
			{
				"name": "a7f49562_fb22_4272_8308_f1103241a1f8",
				"parent": "41387146_a0dd_40cb_900f_7413b52f81fb",
				"pivot": [-0.45, 13.13501, -2.05],
				"rotation": [19.91407, -1, 5],
				"cubes": [
					{"origin": [-1.45, 9.13501, -2.05], "size": [2, 4, 0], "uv": [42, 65]}
				]
			},
			{
				"name": "bff8f338_d379_4700_817e_078fc865651c",
				"parent": "body",
				"pivot": [0, 18.38501, -1.9],
				"rotation": [-6.54084, 6.54084, 45],
				"cubes": [
					{"origin": [-4.5, 18.88501, -1.9], "size": [4, 4, 3], "uv": [76, 64]}
				]
			},
			{
				"name": "00dbd06b_9d45_4cbb_b9c7_408b0991c659",
				"parent": "bff8f338_d379_4700_817e_078fc865651c",
				"pivot": [-2.7, 21.08501, -0.4],
				"rotation": [7.5, 0, -40],
				"cubes": [
					{"origin": [-2.7, 15.08501, -1.9], "size": [3, 6, 3], "uv": [108, 64]}
				]
			},
			{
				"name": "636c2160_08fa_45c5_9ed5_b676d88fa217",
				"parent": "bff8f338_d379_4700_817e_078fc865651c",
				"pivot": [-2.7, 21.08501, -0.4],
				"rotation": [0, -7.5, 40],
				"cubes": [
					{"origin": [-2.7, 18.08501, -1.9], "size": [6, 3, 3], "uv": [87, 69]}
				]
			},
			{
				"name": "a8625b4a_b5bf_40c8_8c98_2a416620259b",
				"parent": "bff8f338_d379_4700_817e_078fc865651c",
				"pivot": [0, 18.38501, -1.9],
				"rotation": [0, -9, 45],
				"cubes": [
					{"origin": [-2.9, 15.88501, -1.79], "size": [5, 5, 2], "uv": [0, 72]}
				]
			},
			{
				"name": "legLeft",
				"pivot": [2, 13.15, 0.9505],
				"rotation": [-2.86479, -2.86479, 2.86479],
				"mirror": true,
				"cubes": [
					{"origin": [0.5, 7.9, -0.7995], "size": [3, 6, 4], "uv": [62, 38], "inflate": 0.1}
				]
			},
			{
				"name": "0514ab78_b049_4612_8d86_d6b6dba65d74",
				"parent": "legLeft",
				"pivot": [2, 8.15, -0.0495],
				"rotation": [2.86479, 5.72958, -1.14592],
				"mirror": true,
				"cubes": [
					{"origin": [0.5, -0.35, -0.7995], "size": [3, 9, 4], "uv": [0, 47]}
				]
			},
			{
				"name": "43e41bbc_2159_4af8_b497_a20a9c6b3ef3",
				"parent": "legLeft",
				"pivot": [1.95, 13.9, 1.7005],
				"rotation": [0, 0, 6.7],
				"cubes": [
					{"origin": [1.95, 7.9, -0.7995], "size": [2, 6, 4], "uv": [20, 64], "inflate": 0.09}
				]
			},
			{
				"name": "legRight",
				"pivot": [-2, 13.15, 0.9505],
				"rotation": [-2.8648, 2.86479, -2.86479],
				"cubes": [
					{"origin": [-3.5, 7.9, -0.7995], "size": [3, 6, 4], "uv": [0, 36], "inflate": 0.1}
				]
			},
			{
				"name": "7418efd3_082f_4745_ae59_2f5b30206167",
				"parent": "legRight",
				"pivot": [-2, 8.15, -0.0495],
				"rotation": [2.86, -5.72958, 1.14592],
				"cubes": [
					{"origin": [-3.5, -0.35, -0.7995], "size": [3, 9, 4], "uv": [0, 47]}
				]
			},
			{
				"name": "a88936c6_f3a1_49d0_8c74_bb9c26ee9f03",
				"parent": "legRight",
				"pivot": [-1.95, 13.9, 1.7005],
				"rotation": [0, 0, -6.7],
				"cubes": [
					{"origin": [-3.95, 7.9, -0.7995], "size": [2, 6, 4], "uv": [116, 69], "inflate": 0.09}
				]
			},
			{
				"name": "backpackPositioningBone",
				"pivot": [0, 21, 0]
			}
		]
	}
}