{
	"format_version": "1.10.0",
	"geometry.model": {
		"texturewidth": 128,
		"textureheight": 128,
		"visible_bounds_width": 4,
		"visible_bounds_height": 4,
		"visible_bounds_offset": [0, 1, 0],
		"bones": [
			{
				"name": "head",
				"pivot": [0, 24, 0.01188],
				"cubes": [
					{"origin": [0, 23.10899, 0.01188], "size": [0, 0, 0], "uv": [0, 0]}
				]
			},
			{
				"name": "732a0061_652e_4d7d_a3ff_67ae15b764ba",
				"parent": "head",
				"pivot": [0, 23.10899, 0.01188],
				"cubes": [
					{"origin": [-4, 23.10899, -3.98812], "size": [8, 8, 8], "uv": [0, 0]},
					{"origin": [-4, 19.10899, -3.98812], "size": [8, 12, 8], "uv": [32, 0], "inflate": 0.3}
				]
			},
			{
				"name": "9ace9854_98a9_49b9_9a3c_66f03e38053c",
				"parent": "732a0061_652e_4d7d_a3ff_67ae15b764ba",
				"pivot": [0, 27.06899, 0.01188]
			},
			{
				"name": "5d9777df_a0e2_47e3_8427_394df7870f0e",
				"parent": "732a0061_652e_4d7d_a3ff_67ae15b764ba",
				"pivot": [0, 23.10899, 0.01188]
			},
			{
				"name": "c4f1193b_0207_49dc_a490_c62a083ef509",
				"parent": "732a0061_652e_4d7d_a3ff_67ae15b764ba",
				"pivot": [0, 23.10899, 0.01188]
			},
			{
				"name": "aa5f2412_4811_466a_af22_636dd6518057",
				"parent": "732a0061_652e_4d7d_a3ff_67ae15b764ba",
				"pivot": [0, 28.71899, 2.65188],
				"rotation": [5.04206, 0, 0]
			},
			{
				"name": "d1d434d4_4fc0_43ad_85d4_78c431ab044e",
				"parent": "732a0061_652e_4d7d_a3ff_67ae15b764ba",
				"pivot": [-2.475, 28.38899, -2.66772],
				"rotation": [-1.5, 7.5, 0.14318]
			},
			{
				"name": "ecf9922c_5507_44b5_8690_0795077eab7f",
				"parent": "732a0061_652e_4d7d_a3ff_67ae15b764ba",
				"pivot": [2.475, 28.38899, -2.66772],
				"rotation": [-1.5, -7.5, 0.14318]
			},
			{
				"name": "64c56c5f_19f0_4227_b116_3b1cc69dc6a6",
				"parent": "732a0061_652e_4d7d_a3ff_67ae15b764ba",
				"pivot": [2.64, 28.71899, 0.01188],
				"rotation": [0, 0, -17.3972],
				"cubes": [
					{"origin": [2.64, 18.71899, -4.98812], "size": [0, 10, 10], "uv": [80, 44]}
				]
			},
			{
				"name": "12d76967_d02c_4d74_9be9_3ce5b7cf3aec",
				"parent": "732a0061_652e_4d7d_a3ff_67ae15b764ba",
				"pivot": [0, 28.71899, -2.83437],
				"rotation": [-2.5, 0, 0]
			},
			{
				"name": "0635b5dc_e365_4a32_96fc_0b63a45f801e",
				"parent": "732a0061_652e_4d7d_a3ff_67ae15b764ba",
				"pivot": [2.31, 28.71899, -2.65452],
				"rotation": [-2.00535, 0, -0.09165]
			},
			{
				"name": "9f5809f2_b521_4f5a_bba7_6cc62732703f",
				"parent": "732a0061_652e_4d7d_a3ff_67ae15b764ba",
				"pivot": [-2.31, 28.71899, -2.65452],
				"rotation": [-2.00535, 0, 0.09165]
			},
			{
				"name": "5545ed16_bc5c_4532_aa8f_22fef39af0bb",
				"parent": "732a0061_652e_4d7d_a3ff_67ae15b764ba",
				"pivot": [-2.31, 28.71899, -2.67102],
				"rotation": [-2.57831, -3.72423, 0]
			},
			{
				"name": "4e552f48_40b0_4115_82be_72c9ecaa1839",
				"parent": "732a0061_652e_4d7d_a3ff_67ae15b764ba",
				"pivot": [2.31, 28.71899, -2.67102],
				"rotation": [-2.57831, -3.72423, 0]
			},
			{
				"name": "12d31179_9557_4b6d_bd9e_e3580ed1c37b",
				"parent": "732a0061_652e_4d7d_a3ff_67ae15b764ba",
				"pivot": [-2.64, 28.71899, 0.01188],
				"rotation": [0, 0, 17.3972],
				"cubes": [
					{"origin": [-2.64, 18.71899, -4.98812], "size": [0, 10, 10], "uv": [80, 34]}
				]
			},
			{
				"name": "15fa7a13_b4f3_4bdd_b14f_9423e86db621",
				"parent": "732a0061_652e_4d7d_a3ff_67ae15b764ba",
				"pivot": [0, 23.10899, 0.01188]
			},
			{
				"name": "f1f068a3_636e_4732_b5cc_0aa9506ce5a0",
				"parent": "732a0061_652e_4d7d_a3ff_67ae15b764ba",
				"pivot": [-2.277, 27.86099, -1.63813],
				"rotation": [0, 3, 28.42141],
				"cubes": [
					{"origin": [-4.977, 28.86099, -2.63812], "size": [5, 1, 2], "uv": [64, 0]}
				]
			},
			{
				"name": "1246b464_cca4_4f81_8788_e899c5bcc3c4",
				"parent": "f1f068a3_636e_4732_b5cc_0aa9506ce5a0",
				"pivot": [-3.597, 28.45499, -2.10012],
				"rotation": [0, -30, 45.5],
				"cubes": [
					{"origin": [-4.097, 28.15499, -2.10012], "size": [3, 2, 1], "uv": [64, 3]}
				]
			},
			{
				"name": "ab639f28_6290_4f6d_a164_604e06e86eae",
				"parent": "f1f068a3_636e_4732_b5cc_0aa9506ce5a0",
				"pivot": [-2.673, 28.65299, -2.16612],
				"rotation": [0, 0, -13.04],
				"cubes": [
					{"origin": [-3.673, 27.65299, -2.16612], "size": [1, 1, 1], "uv": [6, 16], "inflate": 0.1}
				]
			},
			{
				"name": "c8e6b587_471e_4863_8add_361faaa2c7d2",
				"parent": "732a0061_652e_4d7d_a3ff_67ae15b764ba",
				"pivot": [2.277, 27.86099, -1.63813],
				"rotation": [0, -3, -28.42141],
				"mirror": true,
				"cubes": [
					{"origin": [-0.023, 28.86099, -2.63812], "size": [5, 1, 2], "uv": [64, 0]}
				]
			},
			{
				"name": "d733589e_d842_47ea_b5db_a7e205b9a6e3",
				"parent": "c8e6b587_471e_4863_8add_361faaa2c7d2",
				"pivot": [3.597, 28.45499, -2.10012],
				"rotation": [0, 30, -45.5],
				"mirror": true,
				"cubes": [
					{"origin": [1.097, 28.15499, -2.10012], "size": [3, 2, 1], "uv": [64, 3]}
				]
			},
			{
				"name": "2c253ca6_ae6e_4ef3_8107_57dfc5330173",
				"parent": "c8e6b587_471e_4863_8add_361faaa2c7d2",
				"pivot": [2.673, 28.65299, -2.16612],
				"rotation": [0, 0, 13.04],
				"mirror": true,
				"cubes": [
					{"origin": [2.673, 27.65299, -2.16612], "size": [1, 1, 1], "uv": [6, 16], "inflate": 0.1}
				]
			},
			{
				"name": "592d9ce2_a323_48c8_a1b3_d7b7cf1f4f35",
				"parent": "732a0061_652e_4d7d_a3ff_67ae15b764ba",
				"pivot": [0, 25.08899, 2.65188],
				"rotation": [15.32051, 0, 0.74432]
			},
			{
				"name": "1add53c0_6d52_4acf_961a_afabece80762",
				"parent": "592d9ce2_a323_48c8_a1b3_d7b7cf1f4f35",
				"pivot": [0, 21.12899, 2.65188],
				"rotation": [19.61209, 0, 1.11648]
			},
			{
				"name": "9ea3d82e_1489_4f0c_936c_2bbe5ddbb665",
				"parent": "1add53c0_6d52_4acf_961a_afabece80762",
				"pivot": [0, 17.16899, 2.65188],
				"rotation": [23.93611, 0, -20.04869]
			},
			{
				"name": "6e32f9fd_961c_44e7_a349_79755b8d272b",
				"parent": "9ea3d82e_1489_4f0c_936c_2bbe5ddbb665",
				"pivot": [0, 13.53899, 2.58588],
				"rotation": [12.42013, 0, -25.06086]
			},
			{
				"name": "89918137_22ec_425e_b06f_8a524d52cdfc",
				"parent": "592d9ce2_a323_48c8_a1b3_d7b7cf1f4f35",
				"pivot": [0, 22.61399, 2.68488],
				"cubes": [
					{"origin": [-0.5, 22.11399, 2.18488], "size": [1, 1, 1], "uv": [116, 18]}
				]
			},
			{
				"name": "88616501_79b8_46a1_83bf_5372f346a43e",
				"parent": "89918137_22ec_425e_b06f_8a524d52cdfc",
				"pivot": [0, 22.61399, 2.68488],
				"rotation": [-5.22, -15.44671, -0.15468],
				"cubes": [
					{"origin": [0.5, 21.61399, 2.28488], "size": [3, 2, 1], "uv": [116, 20]}
				]
			},
			{
				"name": "f995dc91_356b_4626_9345_dc1cacf70575",
				"parent": "89918137_22ec_425e_b06f_8a524d52cdfc",
				"pivot": [0, 22.61399, 2.68488],
				"rotation": [-5.22, 15.44671, 0.15468],
				"mirror": true,
				"cubes": [
					{"origin": [-3.5, 21.61399, 2.28488], "size": [3, 2, 1], "uv": [116, 20]}
				]
			},
			{
				"name": "acd83f0b_af67_426a_958e_77fc601ca3b6",
				"parent": "89918137_22ec_425e_b06f_8a524d52cdfc",
				"pivot": [0, 22.61399, 2.68488],
				"rotation": [-10.16545, 0, 39.59114]
			},
			{
				"name": "98963001_0215_4947_8710_a64e7dedfe2b",
				"parent": "acd83f0b_af67_426a_958e_77fc601ca3b6",
				"pivot": [-0.66, 19.97399, 2.68488],
				"rotation": [12.42492, 0, -7.27995]
			},
			{
				"name": "5136520f_b4c4_4b16_8785_99b8994365a4",
				"parent": "98963001_0215_4947_8710_a64e7dedfe2b",
				"pivot": [-0.66, 17.33399, 2.68488],
				"rotation": [17.89189, 0, -8.69192]
			},
			{
				"name": "f5a8c82c_2ada_4dd4_92d6_b33ac7a7169e",
				"parent": "89918137_22ec_425e_b06f_8a524d52cdfc",
				"pivot": [0, 22.61399, 2.68488],
				"rotation": [-10.16545, 0, -44.81114],
				"mirror": true
			},
			{
				"name": "adf30295_14cf_4bc6_bba8_56a831e0f039",
				"parent": "f5a8c82c_2ada_4dd4_92d6_b33ac7a7169e",
				"pivot": [0.66, 19.97399, 2.68488],
				"rotation": [12.42492, 0, 7.27995],
				"mirror": true
			},
			{
				"name": "126299c3_6625_4f52_95a2_a1a18d3b3aed",
				"parent": "adf30295_14cf_4bc6_bba8_56a831e0f039",
				"pivot": [0.66, 17.33399, 2.68488],
				"rotation": [17.89189, 0, 8.69192],
				"mirror": true
			},
			{
				"name": "49d07a40_5892_4f74_b5d1_f00608662194",
				"parent": "732a0061_652e_4d7d_a3ff_67ae15b764ba",
				"pivot": [0, 28.38899, -1.96812],
				"rotation": [0.19157, 28.53212, 1.02913],
				"cubes": [
					{"origin": [0, 28.38899, -1.96812], "size": [3, 3, 3], "uv": [54, 40]}
				]
			},
			{
				"name": "_bink",
				"parent": "head",
				"pivot": [0, 24, 0.01188],
				"cubes": [
					{"origin": [-4, 23.125, -3.98812], "size": [8, 8, 0], "uv": [0, 0], "inflate": 0.001}
				]
			},
			{
				"name": "armLeft",
				"pivot": [2.2275, 21.52499, 0.2475],
				"rotation": [2.693, 0, -30.36126],
				"mirror": true,
				"cubes": [
					{"origin": [1.7275, 16.52499, -0.7525], "size": [2, 6, 2], "uv": [8, 16], "inflate": -0.2}
				]
			},
			{
				"name": "0661a4cd_9b6b_4212_97b1_728228766d12",
				"parent": "armLeft",
				"pivot": [2.69775, 16.8225, 0.7425],
				"rotation": [-5.72958, 0, -14.32394],
				"mirror": true,
				"cubes": [
					{"origin": [1.69775, 11.32249, -0.7575], "size": [2, 6, 2], "uv": [8, 24], "inflate": -0.25}
				]
			},
			{
				"name": "e50d9484_ca04_42c8_b1f0_a44f6c6d6dcf",
				"parent": "0661a4cd_9b6b_4212_97b1_728228766d12",
				"pivot": [2.20275, 14.34749, -0.2475]
			},
			{
				"name": "5383c33a_e465_4560_abc6_3aafe63c3c5a",
				"parent": "0661a4cd_9b6b_4212_97b1_728228766d12",
				"pivot": [6.16275, 5.93249, 6.6825],
				"rotation": [-44.82822, 0, 0]
			},
			{
				"name": "1ca3dfbe_d006_42a4_9ad3_5a18f356684f",
				"parent": "0661a4cd_9b6b_4212_97b1_728228766d12",
				"pivot": [2.69775, 14.8425, 0.2475],
				"rotation": [0, -0.40785, 0],
				"mirror": true,
				"cubes": [
					{"origin": [1.69775, 12.8425, -0.7525], "size": [2, 5, 5], "uv": [33, 56], "inflate": 0.03}
				]
			},
			{
				"name": "4936ee0d_b113_4f79_b06e_9ac21bb29541",
				"parent": "1ca3dfbe_d006_42a4_9ad3_5a18f356684f",
				"pivot": [2.69775, 14.8425, 3.7125],
				"rotation": [16.08527, 11.38137, 0],
				"mirror": true,
				"cubes": [
					{"origin": [1.69775, 12.8425, 3.7125], "size": [2, 5, 6], "uv": [47, 56], "inflate": 0.03}
				]
			},
			{
				"name": "4a71b165_8c70_43e2_8cd3_5707a3142f9b",
				"parent": "4936ee0d_b113_4f79_b06e_9ac21bb29541",
				"pivot": [2.69775, 14.8425, 9.4545],
				"rotation": [25.38488, 27.13491, 0],
				"mirror": true,
				"cubes": [
					{"origin": [1.69775, 12.8425, 9.4545], "size": [2, 5, 6], "uv": [60, 51], "inflate": 0.03}
				]
			},
			{
				"name": "e8eb03bb_51c8_4cb6_933c_57cd9e9283ea",
				"parent": "4a71b165_8c70_43e2_8cd3_5707a3142f9b",
				"pivot": [2.69775, 14.8425, 15.1965],
				"rotation": [7.47427, 19.1984, 0],
				"mirror": true,
				"cubes": [
					{"origin": [1.69775, 12.8425, 15.1965], "size": [2, 5, 6], "uv": [61, 40], "inflate": 0.03}
				]
			},
			{
				"name": "1c83cf93_5b4a_4eb6_856d_fde453041138",
				"parent": "armLeft",
				"pivot": [2.2275, 22.614, 0.2475],
				"rotation": [0, 1.5, 0],
				"mirror": true,
				"cubes": [
					{"origin": [1.5275, 20.714, -1.2525], "size": [4, 2, 3], "uv": [64, 6]}
				]
			},
			{
				"name": "d0a200a2_3e15_46ac_b48c_b4328cbee5a0",
				"parent": "armLeft",
				"pivot": [3.6135, 19.94099, 0.2475],
				"rotation": [0, 3, 0],
				"mirror": true,
				"cubes": [
					{"origin": [3.6135, 17.94099, -0.7525], "size": [0, 3, 4], "uv": [16, 18]}
				]
			},
			{
				"name": "armLeftPositioningBone",
				"parent": "armLeft",
				"pivot": [3.7275, 12.27499, -0.2525]
			},
			{
				"name": "armRight",
				"pivot": [-2.2275, 21.52499, 0.2475],
				"rotation": [3.03657, 0, 30.36126],
				"cubes": [
					{"origin": [-3.7275, 16.52499, -0.7525], "size": [2, 6, 2], "uv": [0, 16], "inflate": -0.2}
				]
			},
			{
				"name": "7325c3ee_3455_4e28_9c16_fe1c49505818",
				"parent": "armRight",
				"pivot": [-2.69775, 16.8225, 0.7425],
				"rotation": [-5.72958, 0, 14.32394],
				"cubes": [
					{"origin": [-3.69775, 11.32249, -0.7575], "size": [2, 6, 2], "uv": [0, 24], "inflate": -0.25}
				]
			},
			{
				"name": "e486caa0_d9fb_4828_a8f1_1302759359d6",
				"parent": "7325c3ee_3455_4e28_9c16_fe1c49505818",
				"pivot": [-2.20275, 14.34749, -0.2475]
			},
			{
				"name": "9e5b2c4b_a9c6_48e3_a124_91f97c39f3b5",
				"parent": "7325c3ee_3455_4e28_9c16_fe1c49505818",
				"pivot": [-6.16275, 5.93249, 6.6825],
				"rotation": [-45.17178, 0, 0]
			},
			{
				"name": "9e12ebbb_c539_431c_bb27_8e11b60d1e9b",
				"parent": "7325c3ee_3455_4e28_9c16_fe1c49505818",
				"pivot": [-2.69775, 14.8425, 0.2475],
				"rotation": [0, 0.40785, 0],
				"cubes": [
					{"origin": [-3.69775, 12.8425, -0.7525], "size": [2, 5, 5], "uv": [33, 56], "inflate": 0.03}
				]
			},
			{
				"name": "5e971682_4ed9_4daf_b93c_26b321ad3901",
				"parent": "9e12ebbb_c539_431c_bb27_8e11b60d1e9b",
				"pivot": [-2.69775, 14.8425, 3.7125],
				"rotation": [15.93925, -11.38137, 0],
				"cubes": [
					{"origin": [-3.69775, 12.8425, 3.7125], "size": [2, 5, 6], "uv": [47, 56], "inflate": 0.03}
				]
			},
			{
				"name": "6ba09fdf_b256_4930_b977_bedbee40e35b",
				"parent": "5e971682_4ed9_4daf_b93c_26b321ad3901",
				"pivot": [-2.69775, 14.8425, 9.4545],
				"rotation": [25.27323, -27.13491, 0],
				"cubes": [
					{"origin": [-3.69775, 12.8425, 9.4545], "size": [2, 5, 6], "uv": [60, 51], "inflate": 0.03}
				]
			},
			{
				"name": "dc9bdb17_3707_42ca_858c_cf3b6600ce50",
				"parent": "6ba09fdf_b256_4930_b977_bedbee40e35b",
				"pivot": [-2.69775, 14.8425, 15.1965],
				"rotation": [7.40556, -19.1984, 0],
				"cubes": [
					{"origin": [-3.69775, 12.8425, 15.1965], "size": [2, 5, 6], "uv": [61, 40], "inflate": 0.03}
				]
			},
			{
				"name": "45896abd_3699_42a7_b57f_5be2fad891d1",
				"parent": "armRight",
				"pivot": [-2.2275, 22.614, 0.2475],
				"rotation": [0, -1.5, 0],
				"cubes": [
					{"origin": [-5.5275, 20.714, -1.2525], "size": [4, 2, 3], "uv": [64, 6]}
				]
			},
			{
				"name": "8d45ceaa_c98e_4d26_ae82_49e300e01de8",
				"parent": "armRight",
				"pivot": [-3.6135, 19.94099, 0.2475],
				"rotation": [0, -3, 0],
				"cubes": [
					{"origin": [-3.6135, 17.94099, -0.7525], "size": [0, 3, 4], "uv": [16, 18]}
				]
			},
			{
				"name": "armRightPositioningBone",
				"parent": "armRight",
				"pivot": [-3.7275, 12.27499, -0.2525]
			},
			{
				"name": "body",
				"pivot": [0, 14.001, 0],
				"rotation": [-0.08591, 0, 0],
				"cubes": [
					{"origin": [0, 14.001, 0], "size": [0, 0, 0], "uv": [0, 0]}
				]
			},
			{
				"name": "75cd9e7b_8c84_4b60_b9a9_c2d85c24243e",
				"parent": "body",
				"pivot": [0, 14.991, 0],
				"cubes": [
					{"origin": [0, 14.991, 0], "size": [0, 0, 0], "uv": [0, 0]}
				]
			},
			{
				"name": "df496f2b_c406_4f3a_8b1b_2bec24572ae4",
				"parent": "75cd9e7b_8c84_4b60_b9a9_c2d85c24243e",
				"pivot": [0, 12.516, -0.792],
				"rotation": [10, -5, 24.74],
				"cubes": [
					{"origin": [-3, 12.516, -1.292], "size": [3, 2, 3], "uv": [5, 50]}
				]
			},
			{
				"name": "65109df7_b6f2_40fc_b37b_06d3a76701cf",
				"parent": "75cd9e7b_8c84_4b60_b9a9_c2d85c24243e",
				"pivot": [0, 12.516, -0.792],
				"rotation": [10, 5, -24.74],
				"mirror": true,
				"cubes": [
					{"origin": [0, 12.516, -1.292], "size": [3, 2, 3], "uv": [21, 50]}
				]
			},
			{
				"name": "ccb6ec15_4a21_49ee_aea3_3af439daa6f1",
				"parent": "75cd9e7b_8c84_4b60_b9a9_c2d85c24243e",
				"pivot": [-1.485, 14.298, 1.3365],
				"rotation": [13, -4, -6],
				"cubes": [
					{"origin": [-2.985, 12.298, 0.5365], "size": [3, 3, 2], "uv": [44, 37]}
				]
			},
			{
				"name": "4b87bc3d_af54_4049_be96_ff72606c5c90",
				"parent": "75cd9e7b_8c84_4b60_b9a9_c2d85c24243e",
				"pivot": [1.485, 14.298, 1.3365],
				"rotation": [13, 4, 6],
				"mirror": true,
				"cubes": [
					{"origin": [-0.015, 12.298, 0.5365], "size": [3, 3, 2], "uv": [44, 42]}
				]
			},
			{
				"name": "15545ad7_3a97_4948_8587_bf4adb75bdd8",
				"parent": "75cd9e7b_8c84_4b60_b9a9_c2d85c24243e",
				"pivot": [0, 13.891, 0.49055],
				"rotation": [-1.5871, 0, 0],
				"cubes": [
					{"origin": [-4, 10.891, -1.50945], "size": [8, 3, 5], "uv": [40, 48], "inflate": 0.3}
				]
			},
			{
				"name": "593606e5_e926_4416_9499_26d33a4e7f2d",
				"parent": "75cd9e7b_8c84_4b60_b9a9_c2d85c24243e",
				"pivot": [-2.97, 14.595, -0.792],
				"rotation": [-7.83, -14.65, 116.11001],
				"cubes": [
					{"origin": [-5.97, 14.495, -1.492], "size": [3, 2, 3], "uv": [40, 27]}
				]
			},
			{
				"name": "034b1a95_bfe0_42fe_a81c_4be6323dabac",
				"parent": "75cd9e7b_8c84_4b60_b9a9_c2d85c24243e",
				"pivot": [2.97, 14.595, -0.792],
				"rotation": [-7.83, 14.65, -116.11001],
				"mirror": true,
				"cubes": [
					{"origin": [2.97, 14.495, -1.492], "size": [3, 2, 3], "uv": [52, 27]}
				]
			},
			{
				"name": "808e1f5e_1066_4431_85a2_7965a9c7a506",
				"parent": "75cd9e7b_8c84_4b60_b9a9_c2d85c24243e",
				"pivot": [0, 17.268, -2.277],
				"rotation": [12, 0, 0],
				"cubes": [
					{"origin": [-2, 14.268, -2.277], "size": [4, 3, 2], "uv": [44, 32]}
				]
			},
			{
				"name": "bc27fd02_0f05_4469_b27d_89285e8fe968",
				"parent": "75cd9e7b_8c84_4b60_b9a9_c2d85c24243e",
				"pivot": [0, 14.991, 1.98],
				"rotation": [30, 0, 0],
				"cubes": [
					{"origin": [-2, 14.791, 0.18], "size": [4, 4, 2], "uv": [56, 34]}
				]
			},
			{
				"name": "443a8419_fd92_43a6_b686_2d6863894b6c",
				"parent": "75cd9e7b_8c84_4b60_b9a9_c2d85c24243e",
				"pivot": [0, 15.981, 0.099],
				"rotation": [13, 0, 0],
				"cubes": [
					{"origin": [-4, 13.981, -2.151], "size": [8, 2, 5], "uv": [0, 83], "inflate": -0.1}
				]
			},
			{
				"name": "dfdf3b54_cd49_41e7_b091_e165ae328654",
				"parent": "443a8419_fd92_43a6_b686_2d6863894b6c",
				"pivot": [0, 15.2385, 0.099],
				"rotation": [-5, 0, 0],
				"cubes": [
					{"origin": [-4.5, 13.2385, -2.601], "size": [9, 2, 6], "uv": [0, 90], "inflate": 0.1}
				]
			},
			{
				"name": "4458576d_562a_49fe_ac33_4a8f7632a878",
				"parent": "dfdf3b54_cd49_41e7_b091_e165ae328654",
				"pivot": [0, 14.2485, 0.099],
				"rotation": [-2.214, 0, 0],
				"cubes": [
					{"origin": [-4.5, 12.2485, -3.251], "size": [9, 2, 7], "uv": [0, 98], "inflate": 0.3}
				]
			},
			{
				"name": "89628d55_525d_4a7f_b658_5cb93c3b2f09",
				"parent": "4458576d_562a_49fe_ac33_4a8f7632a878",
				"pivot": [0, 13.4565, 0.099],
				"rotation": [-2.32822, 0, 0],
				"cubes": [
					{"origin": [-5, 11.4565, -3.651], "size": [10, 2, 8], "uv": [0, 107], "inflate": 0.1}
				]
			},
			{
				"name": "2a4b8597_edb3_48c9_ac2c_9fb05f4fa377",
				"parent": "89628d55_525d_4a7f_b658_5cb93c3b2f09",
				"pivot": [0, 12.2685, 0.099],
				"rotation": [-2.41407, 0, 0],
				"cubes": [
					{"origin": [-5, 10.2685, -4.001], "size": [10, 2, 9], "uv": [0, 117], "inflate": 0.3}
				]
			},
			{
				"name": "a6417e12_ee5b_4d3b_bf26_eb246905f7e7",
				"parent": "75cd9e7b_8c84_4b60_b9a9_c2d85c24243e",
				"pivot": [0, 14.496, -0.099],
				"rotation": [12.286, 0, 0],
				"cubes": [
					{"origin": [-3.5, 13.496, -1.849], "size": [7, 2, 5], "uv": [104, 104]}
				]
			},
			{
				"name": "20e4ba6d_53d2_4d52_99cc_06d761c1c318",
				"parent": "a6417e12_ee5b_4d3b_bf26_eb246905f7e7",
				"pivot": [0, 14.298, -0.099],
				"rotation": [-4.82822, 0, 0],
				"cubes": [
					{"origin": [-4, 12.698, -2.349], "size": [8, 2, 6], "uv": [100, 111], "inflate": -0.02}
				]
			},
			{
				"name": "f385c47f_0dc7_4c8b_befe_f7394b3fcd07",
				"parent": "20e4ba6d_53d2_4d52_99cc_06d761c1c318",
				"pivot": [0, 13.0605, 0.099],
				"rotation": [-2.52407, 0, 0],
				"cubes": [
					{"origin": [-4, 11.7605, -2.601], "size": [8, 2, 7], "uv": [98, 119]}
				]
			},
			{
				"name": "422925eb_524c_409c_b2ea_ba385a730769",
				"parent": "75cd9e7b_8c84_4b60_b9a9_c2d85c24243e",
				"pivot": [0, 15.486, 0],
				"rotation": [0.40858, 0.22766, 0],
				"cubes": [
					{"origin": [0, 15.486, 0], "size": [0, 0, 0], "uv": [0, 0]}
				]
			},
			{
				"name": "c9eea2b5_e698_472f_a89c_da3a87b50981",
				"parent": "422925eb_524c_409c_b2ea_ba385a730769",
				"pivot": [0, 15.486, 0],
				"rotation": [-10.43, -2.61, 54.78],
				"cubes": [
					{"origin": [-2.5, 1.486, -1.8], "size": [3, 13, 6], "uv": [67, 11]}
				]
			},
			{
				"name": "99f88ca7_b2c1_424e_aecd_8a605a48eb52",
				"parent": "422925eb_524c_409c_b2ea_ba385a730769",
				"pivot": [0, 15.486, 0],
				"rotation": [-10.43, -2.61, -54.78],
				"mirror": true,
				"cubes": [
					{"origin": [-0.5, 1.486, -1.8], "size": [3, 13, 6], "uv": [67, 11]}
				]
			},
			{
				"name": "e8efeae4_9e9a_436b_999b_cac679e9698c",
				"parent": "422925eb_524c_409c_b2ea_ba385a730769",
				"pivot": [-2.475, 13.308, 1.485],
				"rotation": [18.26, 2.61, 58],
				"cubes": [
					{"origin": [-4.875, 2.30799, -2.215], "size": [3, 11, 7], "uv": [101, 18]}
				]
			},
			{
				"name": "8f483890_efad_442c_a6a5_46e19ac6143a",
				"parent": "e8efeae4_9e9a_436b_999b_cac679e9698c",
				"pivot": [-4.158, 1.62599, 2.772],
				"rotation": [53.42, -10.43, 2.61],
				"cubes": [
					{"origin": [-5.158, -10.874, 1.972], "size": [2, 17, 6], "uv": [38, 105]}
				]
			},
			{
				"name": "b0d75b5e_918e_46d2_8126_ad891f049b46",
				"parent": "422925eb_524c_409c_b2ea_ba385a730769",
				"pivot": [2.475, 13.308, 1.485],
				"rotation": [18.26, -2.61, -58],
				"mirror": true,
				"cubes": [
					{"origin": [1.875, 2.30799, -2.215], "size": [3, 11, 7], "uv": [101, 18]}
				]
			},
			{
				"name": "5ea0ee00_6b4b_4e42_bf7d_04fe52ad9440",
				"parent": "b0d75b5e_918e_46d2_8126_ad891f049b46",
				"pivot": [4.158, 1.62599, 2.772],
				"rotation": [53.42, 10.43, -2.61],
				"mirror": true,
				"cubes": [
					{"origin": [3.158, -10.874, 1.972], "size": [2, 17, 6], "uv": [38, 105]}
				]
			},
			{
				"name": "b87df750_2aa4_4b0a_b4b8_e925ad9ef135",
				"parent": "422925eb_524c_409c_b2ea_ba385a730769",
				"pivot": [-1.188, 14.001, 0.99],
				"rotation": [67.83, -39.13, -7.83],
				"cubes": [
					{"origin": [-4.688, 1.501, 0.49], "size": [6, 12, 3], "uv": [83, 27]}
				]
			},
			{
				"name": "b027e6a3_f0b6_4de4_8884_0e14d6059598",
				"parent": "b87df750_2aa4_4b0a_b4b8_e925ad9ef135",
				"pivot": [-0.198, 2.121, 1.98],
				"rotation": [31.3, 15.65, -15.65],
				"cubes": [
					{"origin": [-3.198, -9.179, 0.98], "size": [6, 12, 2], "uv": [54, 114]}
				]
			},
			{
				"name": "3c46f215_54af_408f_a340_b79f617c0fbd",
				"parent": "422925eb_524c_409c_b2ea_ba385a730769",
				"pivot": [1.188, 14.001, 0.99],
				"rotation": [67.83, 39.13, 7.83],
				"mirror": true,
				"cubes": [
					{"origin": [-1.312, 1.501, 0.49], "size": [6, 12, 3], "uv": [83, 27]}
				]
			},
			{
				"name": "5bdf6c14_13d8_4be9_adc9_a38bf930f528",
				"parent": "3c46f215_54af_408f_a340_b79f617c0fbd",
				"pivot": [0.198, 2.121, 1.98],
				"rotation": [31.3, -15.65, 15.65],
				"mirror": true,
				"cubes": [
					{"origin": [-2.802, -9.179, 0.98], "size": [6, 12, 2], "uv": [54, 114]}
				]
			},
			{
				"name": "33d7f815_1126_4670_9065_c1319591363c",
				"parent": "422925eb_524c_409c_b2ea_ba385a730769",
				"pivot": [-1.188, 14.397, 0.99],
				"rotation": [67.83, -13.04, -13.04],
				"cubes": [
					{"origin": [-4.688, 2.097, 0.49], "size": [5, 13, 3], "uv": [70, 112]}
				]
			},
			{
				"name": "55bb4aad_5b45_4e6d_8c13_1ac3dc79364d",
				"parent": "33d7f815_1126_4670_9065_c1319591363c",
				"pivot": [-1.188, 2.517, 1.98],
				"rotation": [32, 0, -5.22],
				"cubes": [
					{"origin": [-4.388, -7.483, 0.98], "size": [6, 10, 2], "uv": [54, 102]}
				]
			},
			{
				"name": "10d3d3d4_a976_494f_aebd_be2b44357501",
				"parent": "422925eb_524c_409c_b2ea_ba385a730769",
				"pivot": [1.188, 14.397, 0.99],
				"rotation": [67.83, 13.04, 13.04],
				"mirror": true,
				"cubes": [
					{"origin": [-0.312, 2.097, 0.49], "size": [5, 13, 3], "uv": [70, 112]}
				]
			},
			{
				"name": "1b9b3947_6a74_408c_a0b7_d7e97f357b28",
				"parent": "10d3d3d4_a976_494f_aebd_be2b44357501",
				"pivot": [1.188, 2.517, 1.98],
				"rotation": [32, 0, 5.22],
				"mirror": true,
				"cubes": [
					{"origin": [-1.612, -7.483, 0.98], "size": [6, 10, 2], "uv": [54, 102]}
				]
			},
			{
				"name": "c0aa0c3c_bd8e_4775_8dca_16f1bc2d9e42",
				"parent": "422925eb_524c_409c_b2ea_ba385a730769",
				"pivot": [0, 15.486, 0.99],
				"rotation": [65, 0, 0],
				"cubes": [
					{"origin": [-2, 2.986, 0.49], "size": [4, 13, 2], "uv": [86, 113]}
				]
			},
			{
				"name": "d0922a5e_90d4_429f_a87f_2a456246718f",
				"parent": "c0aa0c3c_bd8e_4775_8dca_16f1bc2d9e42",
				"pivot": [0, 3.606, 1.485],
				"rotation": [32, 0, 0],
				"cubes": [
					{"origin": [-2, -6.394, 0.485], "size": [4, 10, 2], "uv": [71, 30]}
				]
			},
			{
				"name": "727aa6d3_c839_47f5_a635_40957b122eba",
				"parent": "75cd9e7b_8c84_4b60_b9a9_c2d85c24243e",
				"pivot": [0, 15.783, 2.475],
				"rotation": [13.04, 15.65, 13.04],
				"cubes": [
					{"origin": [-3.5, 13.283, 0.975], "size": [5, 4, 3], "uv": [0, 55]}
				]
			},
			{
				"name": "e9477c7c_fb4d_4900_8e6c_31d24de9a3e3",
				"parent": "727aa6d3_c839_47f5_a635_40957b122eba",
				"pivot": [-2.673, 16.278, 1.485],
				"rotation": [15.02, -81.64, 7.83],
				"cubes": [
					{"origin": [-5.173, 14.778, 0.985], "size": [4, 3, 2], "uv": [16, 56]}
				]
			},
			{
				"name": "285b109e_bd8e_4dde_926c_257c720359ad",
				"parent": "e9477c7c_fb4d_4900_8e6c_31d24de9a3e3",
				"pivot": [-4.158, 16.773, 1.683],
				"rotation": [0, -49.89, 34.88],
				"cubes": [
					{"origin": [-6.658, 14.773, 0.983], "size": [3, 2, 2], "uv": [28, 56]}
				]
			},
			{
				"name": "87b21198_5eb8_4958_b103_ac2ed1c07dca",
				"parent": "body",
				"pivot": [0, 16.97099, -0.495],
				"cubes": [
					{"origin": [0, 16.97099, -0.495], "size": [0, 0, 0], "uv": [0, 0]}
				]
			},
			{
				"name": "7014bbef_384c_4e58_88df_822d1a1df238",
				"parent": "87b21198_5eb8_4958_b103_ac2ed1c07dca",
				"pivot": [0, 14.595, 0],
				"cubes": [
					{"origin": [0, 14.595, 0], "size": [0, 0, 0], "uv": [0, 0]}
				]
			},
			{
				"name": "f3809daa_4323_4f62_b2cc_fe2082160cfb",
				"parent": "7014bbef_384c_4e58_88df_822d1a1df238",
				"pivot": [0, 17.26799, -0.792],
				"cubes": [
					{"origin": [-2, 16.76799, -2.292], "size": [4, 3, 2], "uv": [30, 20], "inflate": 0.01}
				]
			},
			{
				"name": "edee04bb_c7df_46ab_a2b2_eefbdc8c75db",
				"parent": "f3809daa_4323_4f62_b2cc_fe2082160cfb",
				"pivot": [1.782, 17.02049, -2.178],
				"rotation": [0, 0, 90],
				"cubes": [
					{"origin": [1.782, 17.02049, -2.178], "size": [0, 0, 0], "uv": [0, 0]}
				]
			},
			{
				"name": "f4d1d200_b402_4615_a84b_0baae6c383d4",
				"parent": "edee04bb_c7df_46ab_a2b2_eefbdc8c75db",
				"pivot": [1.782, 17.02049, -2.178],
				"rotation": [-2.61, -15.65, -10.43]
			},
			{
				"name": "869af50c_cc7c_4011_a067_99257c856653",
				"parent": "edee04bb_c7df_46ab_a2b2_eefbdc8c75db",
				"pivot": [1.782, 16.52549, -1.881],
				"rotation": [-24.15242, 0, -121.45673]
			},
			{
				"name": "b4e3bbfb_e3f2_467f_90f3_6c2fa534e06f",
				"parent": "869af50c_cc7c_4011_a067_99257c856653",
				"pivot": [2.772, 12.56549, -1.881],
				"rotation": [-0.65697, 0, -33.56461]
			},
			{
				"name": "a8906e10_d560_43be_aaa9_369a37e1043b",
				"parent": "edee04bb_c7df_46ab_a2b2_eefbdc8c75db",
				"pivot": [1.782, 17.5155, -1.881],
				"rotation": [-18.44242, 0, -63.12326],
				"mirror": true
			},
			{
				"name": "d60be02d_658d_43a4_9367_591995bc1d19",
				"parent": "a8906e10_d560_43be_aaa9_369a37e1043b",
				"pivot": [0.792, 13.5555, -1.881],
				"rotation": [-0.65697, 0, 33.56461],
				"mirror": true
			},
			{
				"name": "f6fdb3c6_238b_4063_ba38_eefeb2a7433f",
				"parent": "7014bbef_384c_4e58_88df_822d1a1df238",
				"pivot": [0.099, 21.52499, 0],
				"rotation": [-10, 0, -16],
				"cubes": [
					{"origin": [-2.901, 17.52499, -1.5], "size": [3, 4, 3], "uv": [43, 20]}
				]
			},
			{
				"name": "490f581f_ea96_491c_9f76_acb1c5c4f9c2",
				"parent": "7014bbef_384c_4e58_88df_822d1a1df238",
				"pivot": [-0.099, 21.52499, 0],
				"rotation": [-10, 0, 16],
				"mirror": true,
				"cubes": [
					{"origin": [-0.099, 17.52499, -1.5], "size": [3, 4, 3], "uv": [55, 20]}
				]
			},
			{
				"name": "c09575de_29d8_405d_8116_968ad7f8e6bd",
				"parent": "7014bbef_384c_4e58_88df_822d1a1df238",
				"pivot": [-1.1385, 21.426, -1.2375],
				"rotation": [-55.17178, 4.98473, 0],
				"mirror": true,
				"cubes": [
					{"origin": [-2.6885, 17.926, -1.7875], "size": [3, 4, 3], "uv": [28, 25], "inflate": -0.15}
				]
			},
			{
				"name": "e27d46aa_d2c0_42a0_8ff5_2f4f2558f9c6",
				"parent": "7014bbef_384c_4e58_88df_822d1a1df238",
				"pivot": [1.1385, 21.426, -1.2375],
				"rotation": [-55.17178, -4.98473, 0],
				"cubes": [
					{"origin": [-0.3115, 17.926, -1.7875], "size": [3, 4, 3], "uv": [16, 25], "inflate": -0.15}
				]
			},
			{
				"name": "5c10f835_f8fe_42ae_b684_2283c58faa30",
				"parent": "7014bbef_384c_4e58_88df_822d1a1df238",
				"pivot": [0, 21.52499, 0],
				"rotation": [0.54295, 0, 0],
				"cubes": [
					{"origin": [-1, 20.02499, -1], "size": [2, 4, 2], "uv": [30, 46], "inflate": -0.15}
				]
			},
			{
				"name": "881901e4_f91b_4585_8ab0_c8b13997c2fc",
				"parent": "7014bbef_384c_4e58_88df_822d1a1df238",
				"pivot": [0, 19.842, -0.396],
				"rotation": [-2.04, 0, 0],
				"cubes": [
					{"origin": [-2.5, 20.14199, -1.396], "size": [5, 2, 3], "uv": [28, 41]}
				]
			},
			{
				"name": "5c3f491e_29c5_4b6d_84ac_dc5028661ec1",
				"parent": "7014bbef_384c_4e58_88df_822d1a1df238",
				"pivot": [0, 19.74299, -2.277],
				"rotation": [-21.53, 0, 0],
				"cubes": [
					{"origin": [-2.5, 19.443, -2.277], "size": [5, 3, 3], "uv": [16, 16], "inflate": 0.01}
				]
			},
			{
				"name": "5b264eaf_7a73_4605_b3ce_9c7a1ecbaed0",
				"parent": "body",
				"pivot": [0, 14.881, 0.49055],
				"rotation": [-1.5871, 0, 0],
				"cubes": [
					{"origin": [-4, 11.881, -1.50945], "size": [8, 3, 5], "uv": [40, 48], "inflate": 0.3}
				]
			},
			{
				"name": "legLeft",
				"pivot": [1.485, 14.001, 0.1935],
				"mirror": true,
				"cubes": [
					{"origin": [0.485, 7.501, -1.3065], "size": [2, 7, 2], "uv": [22, 32]}
				]
			},
			{
				"name": "306aed7b_a960_4a38_8cb9_1c3e7540ce4e",
				"parent": "legLeft",
				"pivot": [1.485, 8.556, -0.054],
				"mirror": true,
				"cubes": [
					{"origin": [0.485, 9.256, -1.104], "size": [0, 0, 0], "uv": [0, 0]}
				]
			},
			{
				"name": "aafca912_c1ba_478b_a029_d0256f40e6ef",
				"parent": "306aed7b_a960_4a38_8cb9_1c3e7540ce4e",
				"pivot": [1.683, 8.556, 0.045],
				"rotation": [0, 14.32394, 0],
				"mirror": true,
				"cubes": [
					{"origin": [0.683, 0.256, -1.005], "size": [2, 9, 2], "uv": [14, 41], "inflate": -0.08}
				]
			},
			{
				"name": "a03328b2_65fa_4296_9575_e8b29008ae6e",
				"parent": "aafca912_c1ba_478b_a029_d0256f40e6ef",
				"pivot": [1.683, 6.675, 0.441],
				"rotation": [22, 0, 0],
				"mirror": true,
				"cubes": [
					{"origin": [0.683, 6.275, 0.341], "size": [2, 2, 1], "uv": [22, 41], "inflate": -0.08}
				]
			},
			{
				"name": "82e09ea6_dcb9_4e51_b2d9_453c6d51a72a",
				"parent": "aafca912_c1ba_478b_a029_d0256f40e6ef",
				"pivot": [1.683, 6.8136, 0.441],
				"rotation": [-8, 0, 0],
				"mirror": true,
				"cubes": [
					{"origin": [0.683, 1.8136, 0.441], "size": [2, 5, 1], "uv": [22, 44], "inflate": -0.08}
				]
			},
			{
				"name": "7bcd5edf_3ad2_47b9_a1c8_7d625f55169f",
				"parent": "306aed7b_a960_4a38_8cb9_1c3e7540ce4e",
				"pivot": [1.584, 1.032, 0.243],
				"mirror": true,
				"cubes": [
					{"origin": [0.584, 0.032, -1.957], "size": [2, 1, 3], "uv": [30, 52]}
				]
			},
			{
				"name": "3c22a50d_5818_4bf4_985b_8581cb4ffa46",
				"parent": "legLeft",
				"pivot": [0.7425, 13.4565, 1.1835],
				"rotation": [0, -5, 5],
				"mirror": true,
				"cubes": [
					{"origin": [1.7425, 7.8065, -1.3165], "size": [1, 7, 2], "uv": [38, 32]}
				]
			},
			{
				"name": "247efbc5_d810_4d80_8fa1_4a30f3e560d8",
				"parent": "legLeft",
				"pivot": [1.485, 9.051, -0.7965],
				"rotation": [-11.26, 0, 4],
				"mirror": true,
				"cubes": [
					{"origin": [0.485, 8.051, -0.9965], "size": [2, 7, 2], "uv": [30, 32]}
				]
			},
			{
				"name": "29c44a4f_ad4f_4c24_a27f_b9b983fa9df2",
				"parent": "legLeft",
				"pivot": [2.97, 11.5755, 0.0846],
				"rotation": [0, 5, 4],
				"cubes": [
					{"origin": [2.97, 9.5755, -0.9154], "size": [0, 3, 3], "uv": [25, 22]}
				]
			},
			{
				"name": "legRight",
				"pivot": [-1.485, 14.001, 0.1935],
				"cubes": [
					{"origin": [-2.485, 7.501, -1.3065], "size": [2, 7, 2], "uv": [0, 32]}
				]
			},
			{
				"name": "b39999a6_0a37_499d_aa90_95c46336a98a",
				"parent": "legRight",
				"pivot": [-0.7425, 13.4565, 1.1835],
				"rotation": [0, 5, -5],
				"cubes": [
					{"origin": [-2.7425, 7.8065, -1.3165], "size": [1, 7, 2], "uv": [16, 32]}
				]
			},
			{
				"name": "133b62b4_d80c_4fc9_967a_35e535918416",
				"parent": "legRight",
				"pivot": [-1.485, 8.556, -0.054],
				"cubes": [
					{"origin": [-2.485, 9.256, -1.104], "size": [0, 0, 0], "uv": [0, 0]}
				]
			},
			{
				"name": "e6ddd55b_1a73_4998_9389_2016d22ea7cf",
				"parent": "133b62b4_d80c_4fc9_967a_35e535918416",
				"pivot": [-1.683, 8.556, 0.045],
				"rotation": [0, -14.32394, 0],
				"cubes": [
					{"origin": [-2.683, 0.256, -1.005], "size": [2, 9, 2], "uv": [0, 41], "inflate": -0.08}
				]
			},
			{
				"name": "1d092c8e_d26e_4793_b182_c03dbaf6c999",
				"parent": "e6ddd55b_1a73_4998_9389_2016d22ea7cf",
				"pivot": [-1.683, 6.675, 0.441],
				"rotation": [22, 0, 0],
				"cubes": [
					{"origin": [-2.683, 6.275, 0.341], "size": [2, 2, 1], "uv": [8, 41], "inflate": -0.08}
				]
			},
			{
				"name": "366ff857_7420_43d4_9586_68de207151a9",
				"parent": "e6ddd55b_1a73_4998_9389_2016d22ea7cf",
				"pivot": [-1.683, 6.8136, 0.441],
				"rotation": [-8, 0, 0],
				"cubes": [
					{"origin": [-2.683, 1.8136, 0.441], "size": [2, 5, 1], "uv": [8, 44], "inflate": -0.08}
				]
			},
			{
				"name": "b4450656_1903_4be1_96e0_e904a6d3bc14",
				"parent": "133b62b4_d80c_4fc9_967a_35e535918416",
				"pivot": [-1.584, 1.032, 0.243],
				"cubes": [
					{"origin": [-2.584, 0.032, -1.957], "size": [2, 1, 3], "uv": [14, 52]}
				]
			},
			{
				"name": "28ba1293_97dd_425e_82a7_0a86524bf723",
				"parent": "legRight",
				"pivot": [-1.485, 9.051, -0.7965],
				"rotation": [-11.26, 0, -4],
				"cubes": [
					{"origin": [-2.485, 8.051, -0.9965], "size": [2, 7, 2], "uv": [8, 32]}
				]
			},
			{
				"name": "aa8b1723_50b3_4857_926d_937238f75e7a",
				"parent": "legRight",
				"pivot": [-2.97, 11.5755, 0.0846],
				"rotation": [0, -5, -4],
				"mirror": true,
				"cubes": [
					{"origin": [-2.97, 9.5755, -0.9154], "size": [0, 3, 3], "uv": [25, 22]}
				]
			},
			{
				"name": "backpackPositioningBone",
				"pivot": [0, 22, 0]
			}
		]
	}
}