{
	"format_version": "1.10.0",
	"geometry.model": {
		"texturewidth": 128,
		"textureheight": 64,
		"visible_bounds_width": 3,
		"visible_bounds_height": 4,
		"visible_bounds_offset": [0, 1, 0],
		"bones": [
			{
				"name": "head",
				"pivot": [0, 22.20004, 0.69883],
				"mirror": true,
				"cubes": [
					{"origin": [-4, 22.20004, -3.30117], "size": [8, 8, 8], "uv": [0, 0]},
					{"origin": [-4, 18.20004, -3.30117], "size": [8, 12, 8], "uv": [32, 0], "inflate": 0.3},
					{"origin": [-2, 25.40004, 4.69883], "size": [4, 4, 2], "uv": [72, 0]},
					{"origin": [-5, 26.20004, 0.89883], "size": [1, 3, 3], "uv": [56, 0]},
					{"origin": [4, 26.20004, 0.89883], "size": [1, 3, 3], "uv": [64, 0]}
				]
			},
			{
				"name": "8a7b0d89_a4fa_40cb_a022_520d4e5a6855",
				"parent": "head",
				"pivot": [-2.5, 30.20004, 0.19883],
				"rotation": [0, 12, -20],
				"cubes": [
					{"origin": [-4.5, 28.70004, -0.30117], "size": [3, 4, 2], "uv": [87, 16]}
				]
			},
			{
				"name": "c0aeca3c_8566_440b_aa89_9db07e6f1148",
				"parent": "8a7b0d89_a4fa_40cb_a022_520d4e5a6855",
				"pivot": [-2.5, 30.20004, 0.19883],
				"cubes": [
					{"origin": [-4, 29.20004, -0.30117], "size": [2, 5, 1], "uv": [72, 6]}
				]
			},
			{
				"name": "163e83d0_1a12_4365_ba8c_9443098a9391",
				"parent": "c0aeca3c_8566_440b_aa89_9db07e6f1148",
				"pivot": [-3, 30.45004, 0.19883],
				"rotation": [0, 0, -25],
				"cubes": [
					{"origin": [-4, 29.45004, -0.80117], "size": [2, 2, 2], "uv": [82, 48]}
				]
			},
			{
				"name": "e8ecd965_4326_4a39_ba29_d5cef560f30b",
				"parent": "head",
				"pivot": [2.5, 30.20004, 0.19883],
				"rotation": [0, -12, 20],
				"cubes": [
					{"origin": [1.5, 28.70004, -0.30117], "size": [3, 4, 2], "uv": [97, 16]}
				]
			},
			{
				"name": "07590006_e93c_4a7c_8632_9d120e8810e7",
				"parent": "e8ecd965_4326_4a39_ba29_d5cef560f30b",
				"pivot": [2.5, 30.20004, 0.19883],
				"cubes": [
					{"origin": [2, 29.20004, -0.30117], "size": [2, 5, 1], "uv": [78, 6]}
				]
			},
			{
				"name": "e23925d6_d615_41b2_aa2f_bc9f3c1755b6",
				"parent": "07590006_e93c_4a7c_8632_9d120e8810e7",
				"pivot": [3, 30.45004, 0.19883],
				"rotation": [0, 0, 25],
				"cubes": [
					{"origin": [2, 29.45004, -0.80117], "size": [2, 2, 2], "uv": [96, 48]}
				]
			},
			{
				"name": "6e4ce355_7ec1_4f96_8938_1c95665208e1",
				"parent": "head",
				"pivot": [0, 30.20004, 4.19883],
				"rotation": [12, 0, 0],
				"cubes": [
					{"origin": [-3, 16.20004, 3.44883], "size": [6, 14, 2], "uv": [112, 0]}
				]
			},
			{
				"name": "7387e803_096f_4a18_ab5c_9d88aeca0efc",
				"parent": "6e4ce355_7ec1_4f96_8938_1c95665208e1",
				"pivot": [0, 16.20004, 3.69883],
				"rotation": [-3, 0, 0],
				"cubes": [
					{"origin": [-1.5, 14.70004, 2.69883], "size": [3, 2, 2], "uv": [87, 22]}
				]
			},
			{
				"name": "8aeda007_e723_49eb_95b8_10a57e2dbd19",
				"parent": "7387e803_096f_4a18_ab5c_9d88aeca0efc",
				"pivot": [0, 16.20004, 3.19883],
				"rotation": [0, 0, -33.75],
				"mirror": true,
				"cubes": [
					{"origin": [0, 12.20004, 3.19883], "size": [6, 4, 1], "uv": [98, 0]}
				]
			},
			{
				"name": "7d466be4_940e_4661_8494_de66003a1373",
				"parent": "7387e803_096f_4a18_ab5c_9d88aeca0efc",
				"pivot": [0, 16.20004, 3.19883],
				"rotation": [0, 0, 33.75],
				"mirror": true,
				"cubes": [
					{"origin": [0, 16.20004, 3.19883], "size": [6, 4, 1], "uv": [98, 5]}
				]
			},
			{
				"name": "a113c19b_b902_47bb_9771_99b1cfea0564",
				"parent": "7387e803_096f_4a18_ab5c_9d88aeca0efc",
				"pivot": [0, 16.20004, 3.19883],
				"rotation": [0, 0, 33.75],
				"cubes": [
					{"origin": [-6, 12.20004, 3.19883], "size": [6, 4, 1], "uv": [84, 0]}
				]
			},
			{
				"name": "b0e6149c_1d1e_4595_ae8b_4c9095505053",
				"parent": "7387e803_096f_4a18_ab5c_9d88aeca0efc",
				"pivot": [0, 16.20004, 3.19883],
				"rotation": [0, 0, -33.75],
				"cubes": [
					{"origin": [-6, 16.20004, 3.19883], "size": [6, 4, 1], "uv": [84, 5]}
				]
			},
			{
				"name": "5b796e97_6563_4164_bf10_c722c1cc5ac1",
				"parent": "7387e803_096f_4a18_ab5c_9d88aeca0efc",
				"pivot": [0, 15.20004, 3.69883],
				"cubes": [
					{"origin": [-2, 10.20004, 3.44883], "size": [4, 5, 2], "uv": [116, 16]}
				]
			},
			{
				"name": "403f2ae3_f47c_4e92_b52f_8dec5490676f",
				"parent": "5b796e97_6563_4164_bf10_c722c1cc5ac1",
				"pivot": [0, 11.70004, 3.69883],
				"rotation": [-3, 0, 20],
				"cubes": [
					{"origin": [-1.5, 8.70004, 3.44883], "size": [3, 3, 2], "uv": [38, 59]}
				]
			},
			{
				"name": "6f3dd1fb_8c35_422b_96ed_ec255c4fe4d0",
				"parent": "403f2ae3_f47c_4e92_b52f_8dec5490676f",
				"pivot": [0, 9.20004, 3.69883],
				"rotation": [-6, 0, 15],
				"cubes": [
					{"origin": [-1, 7.20004, 3.44883], "size": [2, 2, 2], "uv": [40, 47]}
				]
			},
			{
				"name": "66731542_fd7f_405a_94ea_b90b21091a7f",
				"parent": "7387e803_096f_4a18_ab5c_9d88aeca0efc",
				"pivot": [0, 15.20004, 3.69883],
				"cubes": [
					{"origin": [-2.5, 11.70004, 3.69883], "size": [5, 3, 2], "uv": [40, 42]}
				]
			},
			{
				"name": "2d356a40_2dcb_45d4_bb87_41d05a923835",
				"parent": "7387e803_096f_4a18_ab5c_9d88aeca0efc",
				"pivot": [0, 16.20004, 3.69883],
				"rotation": [-8, 0, -25],
				"cubes": [
					{"origin": [-0.5, 13.20004, 3.44883], "size": [1, 3, 1], "uv": [14, 34]}
				]
			},
			{
				"name": "f266ee39_5f4c_4517_b0b9_e9e2d99cd10f",
				"parent": "2d356a40_2dcb_45d4_bb87_41d05a923835",
				"pivot": [0, 13.20004, 3.69883],
				"rotation": [-8, 0, 6],
				"mirror": true,
				"cubes": [
					{"origin": [-0.5, 10.20004, 3.44883], "size": [1, 3, 1], "uv": [10, 44]}
				]
			},
			{
				"name": "9273c503_e4ac_462d_b1a2_f944d5ee2d37",
				"parent": "f266ee39_5f4c_4517_b0b9_e9e2d99cd10f",
				"pivot": [0, 10.20004, 3.69883],
				"rotation": [0, 0, 5],
				"mirror": true,
				"cubes": [
					{"origin": [-1, 8.70004, 2.94883], "size": [2, 2, 2], "uv": [32, 4]}
				]
			},
			{
				"name": "100d0558_8d44_403b_bb9b_f25e7885ecad",
				"parent": "9273c503_e4ac_462d_b1a2_f944d5ee2d37",
				"pivot": [0, 8.70004, 3.94883],
				"rotation": [0, 0, 10],
				"mirror": true,
				"cubes": [
					{"origin": [-0.5, 7.20004, 3.44883], "size": [1, 2, 1], "uv": [8, 24]}
				]
			},
			{
				"name": "aec4d682_2886_4230_90f4_3464bafb52f4",
				"parent": "7387e803_096f_4a18_ab5c_9d88aeca0efc",
				"pivot": [0, 16.20004, 3.69883],
				"rotation": [-8, 0, 25],
				"cubes": [
					{"origin": [-0.5, 13.20004, 3.44883], "size": [1, 3, 1], "uv": [10, 34]}
				]
			},
			{
				"name": "3f61df86_ee9e_4b7a_9289_4ac3c760097a",
				"parent": "aec4d682_2886_4230_90f4_3464bafb52f4",
				"pivot": [0, 13.20004, 3.69883],
				"rotation": [-8, 0, -6],
				"cubes": [
					{"origin": [-0.5, 10.20004, 3.44883], "size": [1, 3, 1], "uv": [14, 44]}
				]
			},
			{
				"name": "e716bde0_bcb9_43e7_a3f7_b173ebc85092",
				"parent": "3f61df86_ee9e_4b7a_9289_4ac3c760097a",
				"pivot": [0, 10.20004, 3.69883],
				"rotation": [0, 0, -5],
				"cubes": [
					{"origin": [-1, 8.70004, 2.94883], "size": [2, 2, 2], "uv": [32, 0]}
				]
			},
			{
				"name": "4c7907a7_83ef_4ff2_a8a6_ee13460cc7a3",
				"parent": "e716bde0_bcb9_43e7_a3f7_b173ebc85092",
				"pivot": [0, 8.70004, 3.94883],
				"rotation": [0, 0, -10],
				"cubes": [
					{"origin": [-0.5, 7.20004, 3.44883], "size": [1, 2, 1], "uv": [8, 16]}
				]
			},
			{
				"name": "e4272b53_6578_4213_9bc5_cbde58271441",
				"parent": "6e4ce355_7ec1_4f96_8938_1c95665208e1",
				"pivot": [0, 30.20004, 4.19883],
				"cubes": [
					{"origin": [-4, 17.70004, 3.69883], "size": [8, 11, 2], "uv": [108, 41]}
				]
			},
			{
				"name": "de7086db_7e52_48ca_ab5b_bcff1cb4647f",
				"parent": "e4272b53_6578_4213_9bc5_cbde58271441",
				"pivot": [0, 30.20004, 4.19883],
				"cubes": [
					{"origin": [-4.5, 19.20004, 3.99883], "size": [9, 6, 3], "uv": [104, 54]}
				]
			},
			{
				"name": "c2b8fce0_324b_41b2_b988_bc3e8d5dc34c",
				"parent": "head",
				"pivot": [0, 30.20004, 4.69883],
				"rotation": [3, 0, 0],
				"cubes": [
					{"origin": [-7, 20.70004, 4.69883], "size": [14, 10, 1], "uv": [54, 30]}
				]
			},
			{
				"name": "_bink",
				"parent": "head",
				"pivot": [0, 22.20004, 0.69883],
				"cubes": [
					{"origin": [-4, 22.20004, -3.30117], "size": [8, 8, 0], "uv": [40, 0], "inflate": 0.001}
				]
			},
			{
				"name": "armLeft",
				"pivot": [4, 20.23501, 0],
				"rotation": [-0.17178, 0, -18.90211],
				"mirror": true,
				"cubes": [
					{"origin": [3, 16.23501, -1], "size": [2, 5, 3], "uv": [10, 16]}
				]
			},
			{
				"name": "8b9cfc31_5135_4825_8eac_d0827d8ba293",
				"parent": "armLeft",
				"pivot": [4, 16.73501, 0.5],
				"rotation": [0, 0, -2.86479],
				"mirror": true,
				"cubes": [
					{"origin": [3, 9.73501, -1], "size": [2, 7, 3], "uv": [10, 24]}
				]
			},
			{
				"name": "deed19fe_3acb_418e_af68_19cc5acc4399",
				"parent": "8b9cfc31_5135_4825_8eac_d0827d8ba293",
				"pivot": [3.5, 11.73501, 0.5]
			},
			{
				"name": "670e5cbe_d360_4ff5_a664_90b91d5804a3",
				"parent": "8b9cfc31_5135_4825_8eac_d0827d8ba293",
				"pivot": [7.5, 5.73501, 6.5],
				"rotation": [-44.82822, 0, 0]
			},
			{
				"name": "0d7fc5ff_124f_4774_ae0e_9030bd5cd375",
				"parent": "8b9cfc31_5135_4825_8eac_d0827d8ba293",
				"pivot": [4, 16.73501, 0],
				"mirror": true,
				"cubes": [
					{"origin": [2.5, 10.73501, -1.1], "size": [3, 7, 15], "uv": [92, 19], "inflate": 0.01}
				]
			},
			{
				"name": "2f60098b_21ef_4a4a_946a_37784b4db7a5",
				"parent": "0d7fc5ff_124f_4774_ae0e_9030bd5cd375",
				"pivot": [4, 16.73501, 0],
				"rotation": [36.52, 0, 0],
				"mirror": true,
				"cubes": [
					{"origin": [2.5, 8.73501, -2.5], "size": [3, 8, 4], "uv": [86, 48]}
				]
			},
			{
				"name": "d6de6df2_0408_4b5b_b8b7_8f1f0d63672b",
				"parent": "armLeft",
				"pivot": [4, 18.83501, 0.5],
				"cubes": [
					{"origin": [2.5, 17.83501, -1.5], "size": [3, 1, 4], "uv": [93, 24]}
				]
			},
			{
				"name": "da4e0e42_aa4c_4598_9ecf_490233f82935",
				"parent": "armLeft",
				"pivot": [4, 17.23501, 0.5],
				"cubes": [
					{"origin": [2.5, 15.23501, -1.5], "size": [3, 2, 4], "uv": [84, 10]}
				]
			},
			{
				"name": "e1ed6f15_1a39_48bd_a79e_a01ccc9a3c6a",
				"parent": "armLeft",
				"pivot": [4, 17.93501, 0.5],
				"mirror": true,
				"cubes": [
					{"origin": [2.5, 16.93501, -1.5], "size": [3, 1, 4], "uv": [113, 29], "inflate": 0.1}
				]
			},
			{
				"name": "91d63bc0_c8b8_4fe4_97a6_914debf92c5f",
				"parent": "e1ed6f15_1a39_48bd_a79e_a01ccc9a3c6a",
				"pivot": [5, 17.93501, 0.4],
				"rotation": [-8.3, -11.06, -7.83],
				"cubes": [
					{"origin": [5, 16.93501, -0.6], "size": [1, 1, 1], "uv": [24, 34]}
				]
			},
			{
				"name": "0a056c8c_0d7d_46d7_9d69_f9ed4d171277",
				"parent": "e1ed6f15_1a39_48bd_a79e_a01ccc9a3c6a",
				"pivot": [5, 17.93501, 0.6],
				"rotation": [5.99, 0, -11.52],
				"cubes": [
					{"origin": [5, 16.93501, 0.6], "size": [1, 1, 1], "uv": [24, 36]}
				]
			},
			{
				"name": "armLeftPositioningBone",
				"parent": "armLeft",
				"pivot": [4.25, 10.23501, 0]
			},
			{
				"name": "armRight",
				"pivot": [-4, 20.23501, 0],
				"rotation": [0.17178, 0, 18.90211],
				"cubes": [
					{"origin": [-5, 16.23501, -1], "size": [2, 5, 3], "uv": [0, 16]}
				]
			},
			{
				"name": "0623b333_2309_41e2_ab2e_547e8aa97145",
				"parent": "armRight",
				"pivot": [-4, 16.73501, 0.5],
				"rotation": [0, 0, 2.86479],
				"cubes": [
					{"origin": [-5, 9.73501, -1], "size": [2, 7, 3], "uv": [0, 24]}
				]
			},
			{
				"name": "bb395a2f_bd14_4513_aa9f_6dfa92996ad8",
				"parent": "0623b333_2309_41e2_ab2e_547e8aa97145",
				"pivot": [-3.5, 11.73501, 0.5]
			},
			{
				"name": "16c55373_e1f9_4747_974e_6d0c7c8a59a7",
				"parent": "0623b333_2309_41e2_ab2e_547e8aa97145",
				"pivot": [-7.5, 5.73501, 6.5],
				"rotation": [-45.17178, 0, 0]
			},
			{
				"name": "bff0fc19_c9b6_4857_8235_bc52697eb046",
				"parent": "0623b333_2309_41e2_ab2e_547e8aa97145",
				"pivot": [-4, 16.73501, 0],
				"cubes": [
					{"origin": [-5.5, 10.73501, -1.1], "size": [3, 7, 15], "uv": [69, 26], "inflate": 0.01}
				]
			},
			{
				"name": "0673744b_fdbf_40cc_8b84_2ec89e6bc5d2",
				"parent": "bff0fc19_c9b6_4857_8235_bc52697eb046",
				"pivot": [-4, 16.73501, 0],
				"rotation": [36.52, 0, 0],
				"cubes": [
					{"origin": [-5.5, 8.73501, -2.5], "size": [3, 8, 4], "uv": [72, 48]}
				]
			},
			{
				"name": "7d1091f3_0089_484a_830f_7993d2d3b32c",
				"parent": "armRight",
				"pivot": [-4, 18.83501, 0.5],
				"mirror": true,
				"cubes": [
					{"origin": [-5.5, 17.83501, -1.5], "size": [3, 1, 4], "uv": [93, 29]}
				]
			},
			{
				"name": "0c010850_cf01_49a5_b126_9ede4c4247fc",
				"parent": "armRight",
				"pivot": [-4, 17.23501, 0.5],
				"mirror": true,
				"cubes": [
					{"origin": [-5.5, 15.23501, -1.5], "size": [3, 2, 4], "uv": [98, 10]}
				]
			},
			{
				"name": "d3c6213d_ffe6_4c03_8818_5b7d470a6da2",
				"parent": "armRight",
				"pivot": [-4, 17.93501, 0.5],
				"cubes": [
					{"origin": [-5.5, 16.93501, -1.5], "size": [3, 1, 4], "uv": [113, 24], "inflate": 0.1}
				]
			},
			{
				"name": "d9a6aea2_0b99_479f_b846_a5ad0b18373e",
				"parent": "d3c6213d_ffe6_4c03_8818_5b7d470a6da2",
				"pivot": [-5, 17.93501, 0.4],
				"rotation": [-8.3, 11.06, 7.83],
				"cubes": [
					{"origin": [-6, 16.93501, -0.6], "size": [1, 1, 1], "uv": [0, 34]}
				]
			},
			{
				"name": "5f53db65_75ed_4f27_917f_9758e0b77706",
				"parent": "d3c6213d_ffe6_4c03_8818_5b7d470a6da2",
				"pivot": [-5, 17.93501, 0.6],
				"rotation": [5.99, 0, 11.52],
				"cubes": [
					{"origin": [-6, 16.93501, 0.6], "size": [1, 1, 1], "uv": [0, 36]}
				]
			},
			{
				"name": "armRightPositioningBone",
				"parent": "armRight",
				"pivot": [-4.25, 10.23501, 0]
			},
			{
				"name": "body",
				"pivot": [0, 14.23501, 0],
				"rotation": [-5.72958, 0, 0],
				"cubes": [
					{"origin": [0, 14.23501, 0], "size": [0, 0, 0], "uv": [0, 0]}
				]
			},
			{
				"name": "9f4c0458_986a_44f7_beaf_29d262e03731",
				"parent": "body",
				"pivot": [-1.4, 20.23501, -0.5],
				"rotation": [-44.82822, 5, 0],
				"mirror": true,
				"cubes": [
					{"origin": [-2.9, 17.23501, -1.75], "size": [3, 3, 3], "uv": [20, 22]}
				]
			},
			{
				"name": "0d25a860_cadd_454f_a3e5_a0e58478f226",
				"parent": "body",
				"pivot": [1.4, 20.23501, -0.5],
				"rotation": [-44.82822, -5, 0],
				"cubes": [
					{"origin": [-0.1, 17.23501, -1.75], "size": [3, 3, 3], "uv": [20, 16]}
				]
			},
			{
				"name": "77b3b67c_1e0d_4e64_ae2e_e486db2ffb35",
				"parent": "body",
				"pivot": [0, 14.23501, 0],
				"cubes": [
					{"origin": [-4, 14.23501, -2.4], "size": [0, 0, 0], "uv": [0, 0]}
				]
			},
			{
				"name": "88dfdb8b_895b_4a0a_8f57_e6fd11ea55b1",
				"parent": "77b3b67c_1e0d_4e64_ae2e_e486db2ffb35",
				"pivot": [0, 16.23501, 0.5],
				"rotation": [10, 10, -45],
				"cubes": [
					{"origin": [-4, 12.23501, -1.5], "size": [5, 5, 3], "uv": [32, 20]}
				]
			},
			{
				"name": "55d1737a_0701_4183_b715_0fa1f4c370e7",
				"parent": "88dfdb8b_895b_4a0a_8f57_e6fd11ea55b1",
				"pivot": [-3.1, 13.83501, -0.25],
				"rotation": [-10, 0, 45],
				"cubes": [
					{"origin": [-6.1, 12.73501, 0.6], "size": [7, 3, 2], "uv": [20, 28]}
				]
			},
			{
				"name": "14c3482f_a3d0_4f87_a077_db2df850cf79",
				"parent": "55d1737a_0701_4183_b715_0fa1f4c370e7",
				"pivot": [-2.6, 13.83501, 2],
				"cubes": [
					{"origin": [-4.4, 12.33501, 2.25], "size": [4, 3, 2], "uv": [72, 12]}
				]
			},
			{
				"name": "e03a55ef_3d1a_4241_b116_494b1d0770dd",
				"parent": "77b3b67c_1e0d_4e64_ae2e_e486db2ffb35",
				"pivot": [0, 14.23501, -1.5],
				"rotation": [10, 0, 0],
				"cubes": [
					{"origin": [-3.5, 12.33501, -1.5], "size": [7, 2, 4], "uv": [50, 44], "inflate": 0.2}
				]
			},
			{
				"name": "6cb8f96b_2047_4f15_8cea_6e7bcaf721f3",
				"parent": "77b3b67c_1e0d_4e64_ae2e_e486db2ffb35",
				"pivot": [0, 13.48501, 0.5],
				"rotation": [15, 0, 0],
				"cubes": [
					{"origin": [-4, 11.48501, 0.4], "size": [8, 2, 3], "uv": [50, 50], "inflate": 0.3}
				]
			},
			{
				"name": "0c1e43c2_1796_4d84_b973_e5ea66612c8a",
				"parent": "77b3b67c_1e0d_4e64_ae2e_e486db2ffb35",
				"pivot": [0, 13.43501, 0.25],
				"rotation": [6, 0, 0],
				"cubes": [
					{"origin": [-4.5, 11.83501, -2.25], "size": [9, 2, 6], "uv": [48, 55], "inflate": -0.1}
				]
			},
			{
				"name": "0307e799_41e1_4810_aa6d_1c04554023bf",
				"parent": "0c1e43c2_1796_4d84_b973_e5ea66612c8a",
				"pivot": [0, 12.43501, 0.35],
				"cubes": [
					{"origin": [-4.5, 10.51001, -2.15], "size": [9, 2, 6], "uv": [24, 51], "inflate": 0.2}
				]
			},
			{
				"name": "44396102_5118_451a_9e9b_1734cce1e479",
				"parent": "body",
				"pivot": [0, 17.73501, -1.9],
				"rotation": [-6.54084, 6.54084, 45],
				"cubes": [
					{"origin": [-4.5, 18.23501, -1.9], "size": [4, 4, 3], "uv": [38, 28]}
				]
			},
			{
				"name": "51320137_edc3_4cdb_8434_bc47eb42805f",
				"parent": "44396102_5118_451a_9e9b_1734cce1e479",
				"pivot": [-2.7, 20.43501, -0.4],
				"rotation": [7.5, 0, -40],
				"mirror": true,
				"cubes": [
					{"origin": [-2.7, 14.43501, -1.9], "size": [3, 6, 3], "uv": [28, 42]}
				]
			},
			{
				"name": "9f83600d_c375_4ae7_87bb_ac7a768b5c2f",
				"parent": "44396102_5118_451a_9e9b_1734cce1e479",
				"pivot": [-2.7, 20.43501, -0.4],
				"rotation": [7.5, 0, -50],
				"cubes": [
					{"origin": [-5.7, 14.43501, -1.9], "size": [3, 6, 3], "uv": [28, 33]}
				]
			},
			{
				"name": "cd1f5b4b_e475_425f_a9ef_195cb04bd174",
				"parent": "44396102_5118_451a_9e9b_1734cce1e479",
				"pivot": [0, 17.73501, -1.9],
				"rotation": [0, -9, 45],
				"cubes": [
					{"origin": [-2.9, 15.23501, -1.79], "size": [5, 5, 2], "uv": [40, 35]}
				]
			},
			{
				"name": "65e99457_2c3a_4bc6_a927_43b6ccccbef8",
				"parent": "44396102_5118_451a_9e9b_1734cce1e479",
				"pivot": [-2.8, 20.53501, 1.1],
				"rotation": [25.23, 0, -45]
			},
			{
				"name": "cc4117ac_f3af_43e9_9483_2103197e5477",
				"parent": "body",
				"pivot": [0, 21.48501, -1.25],
				"rotation": [-50, 0, 0]
			},
			{
				"name": "31cfbef7_9b07_41c0_9e87_96f10f368e1d",
				"parent": "cc4117ac_f3af_43e9_9483_2103197e5477",
				"pivot": [0, 18.48501, -1.25],
				"rotation": [50, 0, 0]
			},
			{
				"name": "legLeft",
				"pivot": [2, 12.5, 0.9505],
				"mirror": true,
				"cubes": [
					{"origin": [0.5, 7.25, -0.7995], "size": [3, 6, 4], "uv": [14, 34], "inflate": 0.1}
				]
			},
			{
				"name": "6a533195_0c7f_46d6_93e3_351180994a99",
				"parent": "legLeft",
				"pivot": [2, 7.5, -0.0495],
				"mirror": true,
				"cubes": [
					{"origin": [0.5, 0, -0.7995], "size": [3, 8, 4], "uv": [14, 44]}
				]
			},
			{
				"name": "f2232894_bfdc_401a_b9bb_1d5028774d2f",
				"parent": "legLeft",
				"pivot": [1.95, 13.25, 1.7005],
				"rotation": [0, 0, 6.7],
				"mirror": true,
				"cubes": [
					{"origin": [1.95, 7.75, -0.7995], "size": [2, 6, 4], "uv": [62, 20], "inflate": 0.09}
				]
			},
			{
				"name": "51159df0_8423_4748_bffe_9fe1e05a1b25",
				"parent": "legLeft",
				"pivot": [2, 8.5, 2.4505],
				"rotation": [7.5, 0, -5.99],
				"cubes": [
					{"origin": [0.2, 9.25, -1.2995], "size": [4, 2, 5], "uv": [70, 17]}
				]
			},
			{
				"name": "legRight",
				"pivot": [-2, 12.5, 0.9505],
				"cubes": [
					{"origin": [-3.5, 7.25, -0.7995], "size": [3, 6, 4], "uv": [0, 34], "inflate": 0.1}
				]
			},
			{
				"name": "8c2ab6fa_2892_42df_a9f5_6a897808b1e7",
				"parent": "legRight",
				"pivot": [-2, 7.5, -0.0495],
				"cubes": [
					{"origin": [-3.5, 0, -0.7995], "size": [3, 8, 4], "uv": [0, 44]}
				]
			},
			{
				"name": "fc7e8b74_2d6b_4667_a9e6_cc9ccbbad216",
				"parent": "legRight",
				"pivot": [-1.95, 13.25, 1.7005],
				"rotation": [0, 0, -6.7],
				"cubes": [
					{"origin": [-3.95, 7.75, -0.7995], "size": [2, 6, 4], "uv": [49, 20], "inflate": 0.09}
				]
			},
			{
				"name": "backpackPositioningBone",
				"pivot": [0, 21, 0]
			}
		]
	}
}