{
	"format_version": "1.10.0",
	"geometry.model": {
		"texturewidth": 128,
		"textureheight": 64,
		"visible_bounds_width": 3,
		"visible_bounds_height": 4,
		"visible_bounds_offset": [0, 1, 0],
		"bones": [
			{
				"name": "head",
				"pivot": [0, 21.77009, 0.00545],
				"cubes": [
					{"origin": [0, 21.77009, 0.00545], "size": [0, 0, 0], "uv": [0, 0]}
				]
			},
			{
				"name": "daf16d05_b1b8_45f6_9457_5fc3064dfc0f",
				"parent": "head",
				"pivot": [0, 21.77009, 0.00545],
				"cubes": [
					{"origin": [0, 20.77009, 0.00545], "size": [1, 1, 1], "uv": [77, 8], "inflate": -1},
					{"origin": [-4, 21.77009, -3.99455], "size": [8, 8, 8], "uv": [0, 0]},
					{"origin": [-4, 17.77009, -3.99455], "size": [8, 12, 8], "uv": [32, 0], "inflate": 0.3}
				]
			},
			{
				"name": "6beec9cf_67af_4a9a_a1a7_7f851d0a63a2",
				"parent": "daf16d05_b1b8_45f6_9457_5fc3064dfc0f",
				"pivot": [0, 25.40582, 0.00545]
			},
			{
				"name": "ba1a36a5_d649_47c3_84c8_9fed2be3c84d",
				"parent": "daf16d05_b1b8_45f6_9457_5fc3064dfc0f",
				"pivot": [0, 21.77009, 0.00545]
			},
			{
				"name": "8a676c58_6c91_424d_bc82_f37dfd17eb0b",
				"parent": "daf16d05_b1b8_45f6_9457_5fc3064dfc0f",
				"pivot": [0, 21.77009, 0.00545]
			},
			{
				"name": "615d8b6c_7521_46cc_a80d_8cf9d719801e",
				"parent": "daf16d05_b1b8_45f6_9457_5fc3064dfc0f",
				"pivot": [0, 25.59509, 1.80545],
				"rotation": [5.15662, 0, 0]
			},
			{
				"name": "c24bf10a_89f6_4728_b0bc_b53bd0b69a49",
				"parent": "daf16d05_b1b8_45f6_9457_5fc3064dfc0f",
				"pivot": [-1.6875, 25.37009, -1.82155],
				"rotation": [-1.5, 7.5, 0]
			},
			{
				"name": "7d0600db_8c88_4b22_a3a1_e4c31700da87",
				"parent": "daf16d05_b1b8_45f6_9457_5fc3064dfc0f",
				"pivot": [1.6875, 25.37009, -1.82155],
				"rotation": [-1.5, -7.5, 0]
			},
			{
				"name": "21e454f4_29af_490f_a1de_085b25a2a2a7",
				"parent": "daf16d05_b1b8_45f6_9457_5fc3064dfc0f",
				"pivot": [1.8, 25.59509, 0.00545],
				"rotation": [0, 0, -17.18873],
				"cubes": [
					{"origin": [1.8, 15.59509, -4.99455], "size": [0, 10, 10], "uv": [88, 10]}
				]
			},
			{
				"name": "c792785c_8061_4d3e_afa0_3b3d33105665",
				"parent": "daf16d05_b1b8_45f6_9457_5fc3064dfc0f",
				"pivot": [0, 25.59509, -1.93517],
				"rotation": [-2.5, 0, 0]
			},
			{
				"name": "3fc7ae4d_0d0c_4ff2_920e_6d3c338d0085",
				"parent": "daf16d05_b1b8_45f6_9457_5fc3064dfc0f",
				"pivot": [1.575, 25.59509, -1.81255],
				"rotation": [-2.00535, 0, -0.09165]
			},
			{
				"name": "a6a19702_b75b_47f3_99d5_b3ef77fc3ac3",
				"parent": "daf16d05_b1b8_45f6_9457_5fc3064dfc0f",
				"pivot": [-1.575, 25.59509, -1.81255],
				"rotation": [-2.00535, 0, 0.09165]
			},
			{
				"name": "50057fbb_5d88_450f_8b77_9cb073cf687d",
				"parent": "daf16d05_b1b8_45f6_9457_5fc3064dfc0f",
				"pivot": [-1.575, 25.59509, -1.8238],
				"rotation": [-2.57831, -3.72423, 0]
			},
			{
				"name": "73c944e4_3370_48ec_b780_6a40e02bc548",
				"parent": "daf16d05_b1b8_45f6_9457_5fc3064dfc0f",
				"pivot": [1.575, 25.59509, -1.8238],
				"rotation": [-2.57831, -3.72423, 0]
			},
			{
				"name": "844621b0_a805_43ad_bbaa_70baf961445b",
				"parent": "daf16d05_b1b8_45f6_9457_5fc3064dfc0f",
				"pivot": [-1.8, 25.59509, 0.00545],
				"rotation": [0, 0, 17.18873],
				"cubes": [
					{"origin": [-1.8, 15.59509, -4.99455], "size": [0, 10, 10], "uv": [88, 0]}
				]
			},
			{
				"name": "e4eee0ad_a84b_4159_bee8_246710dfd96f",
				"parent": "daf16d05_b1b8_45f6_9457_5fc3064dfc0f",
				"pivot": [0, 21.77009, 0.00545]
			},
			{
				"name": "97ee6cc2_44da_4109_9096_bffe8c5f944f",
				"parent": "daf16d05_b1b8_45f6_9457_5fc3064dfc0f",
				"pivot": [-1.8, 23.57009, -0.80455],
				"rotation": [0, 5.09167, 9.80074],
				"mirror": true,
				"cubes": [
					{"origin": [-6.3, 21.77009, -0.80455], "size": [5, 3, 1], "uv": [52, 41]}
				]
			},
			{
				"name": "3e2df404_326f_4c9d_a353_043593ea27e3",
				"parent": "daf16d05_b1b8_45f6_9457_5fc3064dfc0f",
				"pivot": [1.8, 23.57009, -0.80455],
				"rotation": [0, -5.09167, -9.80074],
				"cubes": [
					{"origin": [1.3, 21.77009, -0.80455], "size": [5, 3, 1], "uv": [52, 41]}
				]
			},
			{
				"name": "87b83ae3_bbc2_46f2_b322_1c726b59dedc",
				"parent": "daf16d05_b1b8_45f6_9457_5fc3064dfc0f",
				"pivot": [0, 25.37009, -0.66955],
				"rotation": [-4.29, 0, 0],
				"cubes": [
					{"origin": [-4, 23.87009, -0.76955], "size": [8, 4, 1], "uv": [64, 35]}
				]
			},
			{
				"name": "helmet",
				"parent": "head",
				"pivot": [0, 21.77009, 0.00545],
				"cubes": [
					{"origin": [0, 20.77009, 0.00545], "size": [1, 1, 1], "uv": [0, 0]}
				]
			},
			{
				"name": "e9fa2f6b_9de6_4e32_9b75_bc4d3530bfb7",
				"parent": "helmet",
				"pivot": [0, 21.77009, 0.00545],
				"rotation": [1, 0, 0],
				"cubes": [
					{"origin": [0, 20.77009, 0.00545], "size": [1, 1, 1], "uv": [0, 0]}
				]
			},
			{
				"name": "709d1ee0_57f5_433d_a965_fb6dd6334774",
				"parent": "e9fa2f6b_9de6_4e32_9b75_bc4d3530bfb7",
				"pivot": [0, 24.02009, -0.26455],
				"rotation": [7.706, 0, 0],
				"cubes": [
					{"origin": [-4, 19.02009, -0.26455], "size": [8, 8, 5], "uv": [31, 42], "inflate": 0.32}
				]
			},
			{
				"name": "ba8728f6_4e8f_4cbd_9d0c_226a3a4b4568",
				"parent": "709d1ee0_57f5_433d_a965_fb6dd6334774",
				"pivot": [0, 22.22009, 1.98545],
				"rotation": [5.932, 0, 0],
				"cubes": [
					{"origin": [-4, 14.22009, -3.01455], "size": [8, 8, 5], "uv": [57, 45], "inflate": 0.31}
				]
			},
			{
				"name": "fd355826_b563_40ce_967f_20ea6960a0a8",
				"parent": "ba8728f6_4e8f_4cbd_9d0c_226a3a4b4568",
				"pivot": [0, 19.29509, 1.98545],
				"rotation": [4.05501, 0, 0],
				"cubes": [
					{"origin": [-4, 12.29509, -2.01455], "size": [8, 7, 4], "uv": [78, 37], "inflate": 0.3}
				]
			},
			{
				"name": "e06cbd5e_1b07_4e83_bf5b_638ed2ffab61",
				"parent": "fd355826_b563_40ce_967f_20ea6960a0a8",
				"pivot": [0, 16.82009, 1.98545],
				"rotation": [3.86438, 0, 0],
				"cubes": [
					{"origin": [-4, 8.82009, -1.01455], "size": [8, 8, 3], "uv": [106, 37], "inflate": 0.29}
				]
			},
			{
				"name": "aa8dcf9a_fd9f_4998_8616_cc0396fb51b2",
				"parent": "e06cbd5e_1b07_4e83_bf5b_638ed2ffab61",
				"pivot": [0, 13.89509, 1.98545],
				"rotation": [-1.23093, 0, 0],
				"cubes": [
					{"origin": [-4, 3.89509, -0.01455], "size": [8, 10, 2], "uv": [108, 48], "inflate": 0.28}
				]
			},
			{
				"name": "_bink",
				"parent": "head",
				"pivot": [0, 21.77009, 0.00545],
				"cubes": [
					{"origin": [-4, 21.77009, -3.99455], "size": [8, 8, 0], "uv": [0, 0], "inflate": 0.002}
				]
			},
			{
				"name": "armLeft",
				"pivot": [1.66062, 20.51577, 0.45447],
				"rotation": [2.95072, 0, -10.58229],
				"mirror": true,
				"cubes": [
					{"origin": [1.16062, 15.11577, -0.54553], "size": [2, 6, 2], "uv": [8, 16], "inflate": -0.2},
					{"origin": [1.16062, 15.11577, -0.54553], "size": [2, 6, 2], "uv": [91, 48], "inflate": -0.095}
				]
			},
			{
				"name": "8bc7f5d8_fbb2_46e3_ac6d_637d5ed1ca31",
				"parent": "armLeft",
				"pivot": [1.92421, 16.88004, 0.81804],
				"rotation": [-5.72958, 0, -18],
				"mirror": true,
				"cubes": [
					{"origin": [0.92421, 9.88004, -0.68196], "size": [2, 7, 2], "uv": [8, 24], "inflate": -0.25},
					{"origin": [0.92421, 9.88004, -0.68196], "size": [2, 7, 2], "uv": [32, 55]}
				]
			},
			{
				"name": "d7d65793_60a0_4032_a85d_857b94c2ebc4",
				"parent": "8bc7f5d8_fbb2_46e3_ac6d_637d5ed1ca31",
				"pivot": [1.66062, 13.35339, 0.09089]
			},
			{
				"name": "fff9afc5_cb64_40d8_b795_c72e2f6009c7",
				"parent": "8bc7f5d8_fbb2_46e3_ac6d_637d5ed1ca31",
				"pivot": [3.76638, 8.89428, 5.17391],
				"rotation": [-45.08593, 0, 0]
			},
			{
				"name": "armLeftPositioningBone",
				"parent": "armLeft",
				"pivot": [3.66062, 11.51577, -0.29553]
			},
			{
				"name": "armRight",
				"pivot": [-1.66062, 20.51577, 0.45447],
				"rotation": [2.95072, 0, 10.58229],
				"cubes": [
					{"origin": [-3.16062, 15.11577, -0.54553], "size": [2, 6, 2], "uv": [0, 16], "inflate": -0.2},
					{"origin": [-3.16062, 15.11577, -0.54553], "size": [2, 6, 2], "uv": [83, 48], "inflate": -0.095}
				]
			},
			{
				"name": "1ac36a8d_1837_4558_9c89_9e80accca6fb",
				"parent": "armRight",
				"pivot": [-1.92421, 16.88004, 0.81804],
				"rotation": [-5.72958, 0, 18],
				"cubes": [
					{"origin": [-2.92421, 9.88004, -0.68196], "size": [2, 7, 2], "uv": [0, 24], "inflate": -0.25},
					{"origin": [-2.92421, 9.88004, -0.68196], "size": [2, 7, 2], "uv": [24, 55]}
				]
			},
			{
				"name": "6568c8c7_d902_40bb_8713_b65c3cc16c49",
				"parent": "1ac36a8d_1837_4558_9c89_9e80accca6fb",
				"pivot": [-1.66062, 13.35339, 0.09089]
			},
			{
				"name": "881c41c0_4e4e_404c_8de3_1832e0d87433",
				"parent": "1ac36a8d_1837_4558_9c89_9e80accca6fb",
				"pivot": [-3.76638, 8.89428, 5.17391],
				"rotation": [-45.08593, 0, 0]
			},
			{
				"name": "armRightPositioningBone",
				"parent": "armRight",
				"pivot": [-3.66062, 11.51577, -0.29553]
			},
			{
				"name": "body",
				"pivot": [0, 13.13524, 0],
				"rotation": [-0.04297, 0, 0],
				"cubes": [
					{"origin": [0, 13.13524, 0], "size": [0, 0, 0], "uv": [0, 0]}
				]
			},
			{
				"name": "ce2b03ba_6355_474a_adcc_e6f4d6f3c854",
				"parent": "body",
				"pivot": [0, 14.04417, 0],
				"cubes": [
					{"origin": [0, 14.04417, 0], "size": [0, 0, 0], "uv": [0, 0]}
				]
			},
			{
				"name": "e0685235_0458_486d_8c7c_2763c55dd5ba",
				"parent": "ce2b03ba_6355_474a_adcc_e6f4d6f3c854",
				"pivot": [0, 12.68078, -0.72715],
				"rotation": [4.53, -5, 25],
				"cubes": [
					{"origin": [-3, 12.68078, -1.22715], "size": [3, 3, 2], "uv": [6, 50]}
				]
			},
			{
				"name": "2a04ae11_7063_4365_b358_207d7396830c",
				"parent": "ce2b03ba_6355_474a_adcc_e6f4d6f3c854",
				"pivot": [0, 12.68078, -0.72715],
				"rotation": [4.53, 5, -25],
				"mirror": true,
				"cubes": [
					{"origin": [0, 12.68078, -1.22715], "size": [3, 3, 2], "uv": [20, 50]}
				]
			},
			{
				"name": "2db5e621_ebaa_4574_a4ab_d428081ff365",
				"parent": "ce2b03ba_6355_474a_adcc_e6f4d6f3c854",
				"pivot": [-1.3634, 14.04417, 1.22706],
				"rotation": [13, -7.55, 16],
				"cubes": [
					{"origin": [-2.7634, 13.04417, -0.17294], "size": [3, 2, 2], "uv": [44, 24]}
				]
			},
			{
				"name": "dabd7ac0_c95d_44f0_ac44_49b24f0f3007",
				"parent": "ce2b03ba_6355_474a_adcc_e6f4d6f3c854",
				"pivot": [1.3634, 14.04417, 1.22706],
				"rotation": [13, 7.55, -16],
				"mirror": true,
				"cubes": [
					{"origin": [-0.2366, 13.04417, -0.17294], "size": [3, 2, 2], "uv": [54, 24]}
				]
			},
			{
				"name": "9ab9fcb1_3539_4c29_b94c_36b9a9dfb9f6",
				"parent": "ce2b03ba_6355_474a_adcc_e6f4d6f3c854",
				"pivot": [0, 13.02524, 0.45242],
				"rotation": [-1.59569, 0, 0],
				"cubes": [
					{"origin": [0, 13.02524, 0.45242], "size": [0, 0, 0], "uv": [0, 0]}
				]
			},
			{
				"name": "b80e4503_03db_45b2_8dc1_687c116948f6",
				"parent": "ce2b03ba_6355_474a_adcc_e6f4d6f3c854",
				"pivot": [-2.7268, 13.86239, -0.27268],
				"rotation": [-7.8, -13.1182, 120],
				"cubes": [
					{"origin": [-6.72679, 13.76239, -0.97268], "size": [4, 2, 2], "uv": [32, 20]}
				]
			},
			{
				"name": "c28bd4bc_e214_4ae8_9993_2e4f65e5b3d5",
				"parent": "ce2b03ba_6355_474a_adcc_e6f4d6f3c854",
				"pivot": [2.7268, 13.86239, -0.27268],
				"rotation": [-7.8, 13.12, -120],
				"mirror": true,
				"cubes": [
					{"origin": [2.7268, 13.76239, -0.97268], "size": [4, 2, 2], "uv": [44, 20]}
				]
			},
			{
				"name": "bdad1465_fcc1_4411_a0d4_20ce9e9905bc",
				"parent": "ce2b03ba_6355_474a_adcc_e6f4d6f3c854",
				"pivot": [0, 16.49829, -1.68152],
				"rotation": [7.48929, 0, 0],
				"cubes": [
					{"origin": [-1.5, 13.59829, -1.68152], "size": [3, 3, 2], "uv": [16, 26]}
				]
			},
			{
				"name": "b38ffeec_5a4c_42a4_98bb_20452f5dcd06",
				"parent": "ce2b03ba_6355_474a_adcc_e6f4d6f3c854",
				"pivot": [0, 14.95311, 1.18161],
				"rotation": [30.3, 0, 0],
				"cubes": [
					{"origin": [-1.5, 14.15311, 0.28161], "size": [3, 4, 1], "uv": [8, 33]}
				]
			},
			{
				"name": "8863abf4_b060_4d77_945f_92e90f7d39f3",
				"parent": "body",
				"pivot": [0, 16.22561, -0.18179],
				"cubes": [
					{"origin": [0, 16.22561, -0.18179], "size": [0, 0, 0], "uv": [0, 0]}
				]
			},
			{
				"name": "fc9085e5_0b47_402a_afbd_59f96e70b22a",
				"parent": "8863abf4_b060_4d77_945f_92e90f7d39f3",
				"pivot": [0, 14.04417, 0.27268],
				"cubes": [
					{"origin": [0, 14.04417, 0.27268], "size": [0, 0, 0], "uv": [0, 0]}
				]
			},
			{
				"name": "c6599ff6_f5db_4bc2_b02f_ce76ff03741a",
				"parent": "fc9085e5_0b47_402a_afbd_59f96e70b22a",
				"pivot": [0, 16.3165, -0.09089],
				"rotation": [-0.69, 0, 0],
				"cubes": [
					{"origin": [-1.5, 16.5165, -1.89089], "size": [3, 2, 2], "uv": [30, 27], "inflate": 0.01}
				]
			},
			{
				"name": "ebc6548b_b7b2_4801_9df8_1e239e6b3a0c",
				"parent": "fc9085e5_0b47_402a_afbd_59f96e70b22a",
				"pivot": [0.54536, 19.77044, 0.36357],
				"rotation": [-11.94, 0.83, -9.01],
				"cubes": [
					{"origin": [-1.95464, 16.77044, -1.13643], "size": [2, 3, 2], "uv": [16, 21]}
				]
			},
			{
				"name": "0ce4b8cf_cc7e_4cff_9085_fdf3ba433640",
				"parent": "fc9085e5_0b47_402a_afbd_59f96e70b22a",
				"pivot": [-0.54536, 19.77044, 0.36357],
				"rotation": [-11.94078, -0.83, 9.01],
				"mirror": true,
				"cubes": [
					{"origin": [-0.04536, 16.77044, -1.13643], "size": [2, 3, 2], "uv": [24, 21]}
				]
			},
			{
				"name": "97efb5a1_c0ca_4a81_9ee5_7fd7776ba6e5",
				"parent": "fc9085e5_0b47_402a_afbd_59f96e70b22a",
				"pivot": [-1.09072, 19.95223, -0.86349],
				"rotation": [-55.08593, 6, 0],
				"mirror": true,
				"cubes": [
					{"origin": [-1.79072, 17.45223, -1.41349], "size": [2, 3, 2], "uv": [16, 16]}
				]
			},
			{
				"name": "dca225ab_9842_4841_b2a0_7279b5935609",
				"parent": "fc9085e5_0b47_402a_afbd_59f96e70b22a",
				"pivot": [1.09072, 19.95223, -0.86349],
				"rotation": [-55.08593, -6, 0],
				"cubes": [
					{"origin": [-0.20928, 17.45223, -1.41349], "size": [2, 3, 2], "uv": [24, 16]}
				]
			},
			{
				"name": "8caffd7b_7ad6_47c1_819d_86d18989f738",
				"parent": "fc9085e5_0b47_402a_afbd_59f96e70b22a",
				"pivot": [0, 21.17929, 0.22496],
				"rotation": [0.20859, 0, 0],
				"cubes": [
					{"origin": [-1, 19.67929, -0.77504], "size": [2, 4, 2], "uv": [28, 41], "inflate": -0.2}
				]
			},
			{
				"name": "6aba2a06_b181_42b2_91be_b77b1c7ebc18",
				"parent": "fc9085e5_0b47_402a_afbd_59f96e70b22a",
				"pivot": [0, 18.86151, -0.09089],
				"rotation": [-2.04, 0, 0],
				"cubes": [
					{"origin": [-2, 19.16151, -0.99089], "size": [4, 2, 2], "uv": [48, 28]}
				]
			},
			{
				"name": "wingLeft",
				"parent": "6aba2a06_b181_42b2_91be_b77b1c7ebc18",
				"pivot": [0, 18.86151, -0.09089],
				"rotation": [0, 27.5, 0]
			},
			{
				"name": "86c3d655_6a5c_4b7c_b63f_531d91ed2094",
				"parent": "wingLeft",
				"pivot": [0.04537, 20.22272, 0.54434],
				"rotation": [1.02311, 8.27795, 10.93567],
				"mirror": true,
				"cubes": [
					{"origin": [-0.45463, 17.72272, 0.54434], "size": [1, 3, 4], "uv": [70, 28]}
				]
			},
			{
				"name": "696bcaba_9aed_496c_9f4e_a8f0e600ae3f",
				"parent": "86c3d655_6a5c_4b7c_b63f_531d91ed2094",
				"pivot": [0.04537, 20.22272, 3.72049],
				"rotation": [34.21, -4.53286, -0.1547],
				"mirror": true,
				"cubes": [
					{"origin": [-0.45463, 16.72272, 3.72049], "size": [1, 4, 3], "uv": [80, 5]}
				]
			},
			{
				"name": "b6a4beb3_c06e_411a_a4f3_d212d6752e69",
				"parent": "696bcaba_9aed_496c_9f4e_a8f0e600ae3f",
				"pivot": [0.04537, 20.22272, 5.98918],
				"rotation": [27.26, -17.31286, -0.1547],
				"mirror": true,
				"cubes": [
					{"origin": [-0.45463, 16.72272, 5.98918], "size": [1, 4, 3], "uv": [80, 16]}
				]
			},
			{
				"name": "3d07cc7e_bb87_4875_97ad_69337d7b8efd",
				"parent": "b6a4beb3_c06e_411a_a4f3_d212d6752e69",
				"pivot": [0.04537, 20.22272, 8.25786],
				"rotation": [25.95, -19.31286, -0.1547],
				"mirror": true,
				"cubes": [
					{"origin": [-0.45463, 16.72272, 8.25786], "size": [1, 4, 3], "uv": [80, 27]}
				]
			},
			{
				"name": "wingRight",
				"parent": "6aba2a06_b181_42b2_91be_b77b1c7ebc18",
				"pivot": [0, 18.86151, -0.09089],
				"rotation": [0, -32.5, 0]
			},
			{
				"name": "c67f1b67_fb0e_4152_a599_b0d0b1fccf5e",
				"parent": "wingRight",
				"pivot": [-0.04537, 20.22272, 0.54434],
				"rotation": [0.54653, -5.82309, -10.87716],
				"cubes": [
					{"origin": [-0.54537, 17.72272, 0.54434], "size": [1, 3, 4], "uv": [70, 28]}
				]
			},
			{
				"name": "8c017b4e_04ca_4299_9ae1_36aae6dd3be5",
				"parent": "c67f1b67_fb0e_4152_a599_b0d0b1fccf5e",
				"pivot": [-0.04537, 20.22272, 3.72049],
				"rotation": [34.21, 4.53286, 0.1547],
				"cubes": [
					{"origin": [-0.54537, 16.72272, 3.72049], "size": [1, 4, 3], "uv": [80, 5]}
				]
			},
			{
				"name": "39d7a0e6_820e_4ced_a4fd_234ecc4a7903",
				"parent": "8c017b4e_04ca_4299_9ae1_36aae6dd3be5",
				"pivot": [-0.04537, 20.22272, 5.98918],
				"rotation": [27.26, 17.31286, 0.1547],
				"cubes": [
					{"origin": [-0.54537, 16.72272, 5.98918], "size": [1, 4, 3], "uv": [80, 16]}
				]
			},
			{
				"name": "cd701971_0266_43dd_8333_d8c79c5fdd4d",
				"parent": "39d7a0e6_820e_4ced_a4fd_234ecc4a7903",
				"pivot": [-0.04537, 20.22272, 8.25786],
				"rotation": [25.95, 19.31286, 0.1547],
				"cubes": [
					{"origin": [-0.54537, 16.72272, 8.25786], "size": [1, 4, 3], "uv": [80, 27]}
				]
			},
			{
				"name": "d39c027a_465b_4309_a277_d046c40fe769",
				"parent": "fc9085e5_0b47_402a_afbd_59f96e70b22a",
				"pivot": [0, 18.58883, -1.63608],
				"rotation": [-17, 0, 0],
				"cubes": [
					{"origin": [-1.5, 18.28883, -1.64608], "size": [3, 3, 1], "uv": [56, 20], "inflate": 0.02}
				]
			},
			{
				"name": "85d85598_f55b_4490_8978_b2134c29c605",
				"parent": "fc9085e5_0b47_402a_afbd_59f96e70b22a",
				"pivot": [0.70511, 20.27597, -0.38542],
				"rotation": [-55.40513, -5, 0],
				"cubes": [
					{"origin": [-0.79489, 17.27597, -1.63542], "size": [3, 3, 3], "uv": [0, 55], "inflate": -0.2}
				]
			},
			{
				"name": "17bca1e1_c8a4_4f0e_9953_7b4b41d88ae3",
				"parent": "fc9085e5_0b47_402a_afbd_59f96e70b22a",
				"pivot": [-0.70511, 20.27597, -0.38542],
				"rotation": [-55.40513, 5, 0],
				"mirror": true,
				"cubes": [
					{"origin": [-2.20511, 17.27597, -1.63542], "size": [3, 3, 3], "uv": [12, 55], "inflate": -0.2}
				]
			},
			{
				"name": "37d43620_1c80_4147_8b75_5bbeaab7f04e",
				"parent": "fc9085e5_0b47_402a_afbd_59f96e70b22a",
				"pivot": [0, 17.67407, -0.46237],
				"rotation": [-3.19, 0, 0],
				"cubes": [
					{"origin": [-2, 16.17407, -2.06237], "size": [4, 3, 3], "uv": [108, 18], "inflate": 0.05}
				]
			},
			{
				"name": "c1770761_2ac0_4968_881f_3b569f14e96c",
				"parent": "body",
				"pivot": [0, 17.67553, -0.46237],
				"cubes": [
					{"origin": [0, 16.67553, -0.46237], "size": [1, 1, 1], "uv": [0, 0], "inflate": -0.9}
				]
			},
			{
				"name": "0457e6cf_e98f_4086_ac77_b68bf330c78d",
				"parent": "c1770761_2ac0_4968_881f_3b569f14e96c",
				"pivot": [0, 16.31432, -1.68746],
				"rotation": [-4.96, 0, 0],
				"cubes": [
					{"origin": [-2, 13.51432, -1.76246], "size": [4, 3, 2], "uv": [62, 27]}
				]
			},
			{
				"name": "b677b1ad_9925_4c08_bf37_718a7d65be85",
				"parent": "c1770761_2ac0_4968_881f_3b569f14e96c",
				"pivot": [0, 17.0403, 0.35435],
				"rotation": [49.68, 0, 0],
				"cubes": [
					{"origin": [-2, 14.0403, -1.14565], "size": [4, 3, 2], "uv": [64, 0]}
				]
			},
			{
				"name": "565f7371_e79d_420a_a929_0b738cb22c8e",
				"parent": "b677b1ad_9925_4c08_bf37_718a7d65be85",
				"pivot": [0, 14.49937, 0.35435],
				"rotation": [-14.974, 0, 0],
				"cubes": [
					{"origin": [-2.5, 11.49937, -0.14565], "size": [5, 4, 1], "uv": [76, 0]}
				]
			},
			{
				"name": "841c8d00_8950_451c_a56e_eca0bfcbbeb2",
				"parent": "565f7371_e79d_420a_a929_0b738cb22c8e",
				"pivot": [0, 11.77695, 0.35435],
				"rotation": [-20.11312, 0, 0],
				"cubes": [
					{"origin": [-3.5, 4.77695, -1.14565], "size": [7, 8, 2], "uv": [108, 24]}
				]
			},
			{
				"name": "a2d9f1fb_415d_4e96_9fe4_b37afd8aab11",
				"parent": "c1770761_2ac0_4968_881f_3b569f14e96c",
				"pivot": [-1.59715, 16.76805, -0.29903],
				"rotation": [-7.58, 0, 30],
				"cubes": [
					{"origin": [-1.59715, 13.76805, -1.79903], "size": [3, 3, 4], "uv": [98, 30]}
				]
			},
			{
				"name": "25374821_e6d2_44d7_85cb_d4216ebfde05",
				"parent": "a2d9f1fb_415d_4e96_9fe4_b37afd8aab11",
				"pivot": [-1.59715, 15.86058, 1.00773],
				"rotation": [-36.264, 4.02, 0],
				"cubes": [
					{"origin": [-1.59715, 13.86058, 1.00773], "size": [2, 3, 4], "uv": [64, 5]}
				]
			},
			{
				"name": "38837848_ab39_4a2a_876d_1c39cb3a7864",
				"parent": "25374821_e6d2_44d7_85cb_d4216ebfde05",
				"pivot": [-1.59715, 16.31432, 3.86627],
				"rotation": [-25.40312, 13.39, -7.1126],
				"cubes": [
					{"origin": [-1.59715, 13.81432, 3.66627], "size": [2, 3, 8], "uv": [68, 5]}
				]
			},
			{
				"name": "edf93017_1024_4eea_bc2b_a4f77c3c43f9",
				"parent": "c1770761_2ac0_4968_881f_3b569f14e96c",
				"pivot": [1.59715, 16.76805, -0.29903],
				"rotation": [-7.58, 0, -30],
				"cubes": [
					{"origin": [-1.40285, 13.76805, -1.79903], "size": [3, 3, 4], "uv": [84, 30]}
				]
			},
			{
				"name": "de426189_749f_4ace_b5f1_c714a7d6fc67",
				"parent": "edf93017_1024_4eea_bc2b_a4f77c3c43f9",
				"pivot": [1.59715, 15.86058, 1.00773],
				"rotation": [-36.264, -4.02, 0],
				"cubes": [
					{"origin": [-0.40285, 13.86058, 1.00773], "size": [2, 3, 4], "uv": [64, 16]}
				]
			},
			{
				"name": "0c47d7ad_f054_4868_be1b_d8f989272afc",
				"parent": "de426189_749f_4ace_b5f1_c714a7d6fc67",
				"pivot": [1.59715, 16.31432, 3.86627],
				"rotation": [-25.40312, -13.39, 7.1126],
				"cubes": [
					{"origin": [-0.40285, 13.81432, 3.66627], "size": [2, 3, 8], "uv": [68, 16]}
				]
			},
			{
				"name": "legLeft",
				"pivot": [1.59063, 14.04418, -0.00157],
				"mirror": true,
				"cubes": [
					{"origin": [0.89063, 6.84418, -1.30157], "size": [1, 7, 1], "uv": [4, 33]}
				]
			},
			{
				"name": "96a451f1_c14a_40df_a8d1_ba860c5a9f27",
				"parent": "legLeft",
				"pivot": [1.68152, 7.7271, 0.08569],
				"mirror": true,
				"cubes": [
					{"origin": [0.68152, 8.4271, -0.96431], "size": [0, 0, 0], "uv": [0, 0]}
				]
			},
			{
				"name": "edfdc9f1_97bb_4045_9600_6a4e160ba9ee",
				"parent": "96a451f1_c14a_40df_a8d1_ba860c5a9f27",
				"pivot": [2.0451, 0.81922, 0.66741],
				"mirror": true,
				"cubes": [
					{"origin": [0.9451, -0.18078, -2.33259], "size": [2, 1, 4], "uv": [36, 27]}
				]
			},
			{
				"name": "c78281d6_d443_4f37_85e2_b67beab26735",
				"parent": "96a451f1_c14a_40df_a8d1_ba860c5a9f27",
				"pivot": [1.68152, 7.7271, 0.08569],
				"rotation": [5, 9, -1.72],
				"mirror": true,
				"cubes": [
					{"origin": [0.68152, -0.4729, -0.96431], "size": [2, 9, 2], "uv": [14, 41], "inflate": -0.08}
				]
			},
			{
				"name": "3ab76e22_5883_4747_807b_f3b453a577ff",
				"parent": "c78281d6_d443_4f37_85e2_b67beab26735",
				"pivot": [1.68152, 6.18192, 0.59469],
				"rotation": [26.74617, 0, 0],
				"mirror": true,
				"cubes": [
					{"origin": [0.68152, 5.78192, 0.49469], "size": [2, 2, 1], "uv": [22, 41], "inflate": -0.08}
				]
			},
			{
				"name": "7fd4de1a_6ee2_42a9_a360_dfb2e6c07c12",
				"parent": "c78281d6_d443_4f37_85e2_b67beab26735",
				"pivot": [1.68152, 6.40915, 0.59469],
				"rotation": [-11.18146, 0, 0],
				"mirror": true,
				"cubes": [
					{"origin": [0.68152, 1.40915, 0.59469], "size": [2, 5, 1], "uv": [22, 44], "inflate": -0.08}
				]
			},
			{
				"name": "cdbc6b74_8f67_4167_83b2_89efea99fc4a",
				"parent": "legLeft",
				"pivot": [0.72715, 12.81712, 0.87101],
				"rotation": [-1.1, -1.29, 5],
				"mirror": true,
				"cubes": [
					{"origin": [1.72715, 7.16712, -1.52899], "size": [1, 7, 2], "uv": [46, 32]}
				]
			},
			{
				"name": "ae6142f6_2967_46f1_8971_fb8ba8fed437",
				"parent": "legLeft",
				"pivot": [0.72715, 12.81712, 0.87101],
				"rotation": [-1.1, -1.29, 5],
				"mirror": true,
				"cubes": [
					{"origin": [1.72715, 7.16712, -1.52899], "size": [1, 7, 2], "uv": [46, 32]}
				]
			},
			{
				"name": "12b22dc8_46f9_460b_b867_2d26ad09ba6f",
				"parent": "legLeft",
				"pivot": [1.59063, 14.04418, -0.00157],
				"rotation": [0, 5.25, -4.83],
				"cubes": [
					{"origin": [0.29063, 6.84418, -1.30157], "size": [1, 7, 2], "uv": [40, 32]}
				]
			},
			{
				"name": "70e9867d_7afe_4405_bce2_8e6c0a40425f",
				"parent": "legLeft",
				"pivot": [1.31795, 8.77237, -0.656],
				"rotation": [-10.09, -4.41, 4],
				"mirror": true,
				"cubes": [
					{"origin": [1.41795, 7.77237, -0.806], "size": [1, 7, 2], "uv": [52, 32]}
				]
			},
			{
				"name": "ac3263a4_06c3_4390_83dc_b97e2afa3991",
				"parent": "legLeft",
				"pivot": [1.31795, 8.77237, -0.656],
				"rotation": [-9.45, -2.52, -2.61],
				"mirror": true,
				"cubes": [
					{"origin": [0.91795, 7.77237, -0.806], "size": [1, 7, 2], "uv": [58, 32]}
				]
			},
			{
				"name": "99d9841f_4115_4a9d_a659_07bf43edce90",
				"parent": "legLeft",
				"pivot": [1.59063, 10.77727, -0.00157],
				"cubes": [
					{"origin": [0.54063, 9.77727, -1.50157], "size": [2, 1, 3], "uv": [64, 40]}
				]
			},
			{
				"name": "legRight",
				"pivot": [-1.59063, 14.04418, -0.00157],
				"cubes": [
					{"origin": [-1.99063, 6.84418, -1.30157], "size": [1, 7, 1], "uv": [0, 33]}
				]
			},
			{
				"name": "177199cc_31da_41a5_a831_04e27e13653a",
				"parent": "legRight",
				"pivot": [-1.68152, 7.7271, 0.08569],
				"cubes": [
					{"origin": [-2.68152, 8.4271, -0.96431], "size": [0, 0, 0], "uv": [0, 0]}
				]
			},
			{
				"name": "c2fb5f07_55ad_409b_a423_cb1721960f77",
				"parent": "177199cc_31da_41a5_a831_04e27e13653a",
				"pivot": [-2.0451, 0.81922, 0.66741],
				"cubes": [
					{"origin": [-2.9451, -0.18078, -2.33259], "size": [2, 1, 4], "uv": [22, 27]}
				]
			},
			{
				"name": "7a5c3ce8_ba81_48a4_8ea4_5c49e1b0c43e",
				"parent": "177199cc_31da_41a5_a831_04e27e13653a",
				"pivot": [-1.68152, 7.7271, 0.08569],
				"rotation": [5, -9, 1.72],
				"cubes": [
					{"origin": [-2.68152, -0.4729, -0.96431], "size": [2, 9, 2], "uv": [0, 41], "inflate": -0.08}
				]
			},
			{
				"name": "b8e4e775_bd1f_4199_a16a_6859498b8809",
				"parent": "7a5c3ce8_ba81_48a4_8ea4_5c49e1b0c43e",
				"pivot": [-1.68152, 6.18192, 0.59469],
				"rotation": [26.74617, 0, 0],
				"cubes": [
					{"origin": [-2.68152, 5.78192, 0.49469], "size": [2, 2, 1], "uv": [8, 41], "inflate": -0.08}
				]
			},
			{
				"name": "200b4447_f08f_4705_b348_7d238d8eeba9",
				"parent": "7a5c3ce8_ba81_48a4_8ea4_5c49e1b0c43e",
				"pivot": [-1.68152, 6.40915, 0.59469],
				"rotation": [-11.18146, 0, 0],
				"cubes": [
					{"origin": [-2.68152, 1.40915, 0.59469], "size": [2, 5, 1], "uv": [8, 44], "inflate": -0.08}
				]
			},
			{
				"name": "bde4e71e_cd82_43e8_915d_44596905f94c",
				"parent": "legRight",
				"pivot": [-0.72715, 12.81712, 0.87101],
				"rotation": [-1.1, 1.29, -5],
				"cubes": [
					{"origin": [-2.72715, 7.16712, -1.52899], "size": [1, 7, 2], "uv": [22, 32]}
				]
			},
			{
				"name": "dcd645b3_a781_48ce_bd79_ded246af9702",
				"parent": "legRight",
				"pivot": [-0.72715, 12.81712, 0.87101],
				"rotation": [-1.1, 1.29, -5],
				"cubes": [
					{"origin": [-2.72715, 7.16712, -1.52899], "size": [1, 7, 2], "uv": [22, 32]}
				]
			},
			{
				"name": "ca570bc6_468c_4dc8_b116_e56db2b8e7d4",
				"parent": "legRight",
				"pivot": [-1.59063, 14.04418, -0.00157],
				"rotation": [0, -5.25, 4.83],
				"cubes": [
					{"origin": [-1.29063, 6.84418, -1.30157], "size": [1, 7, 2], "uv": [16, 32]}
				]
			},
			{
				"name": "596ee18f_6da7_43c1_aef5_ef373eba2b26",
				"parent": "legRight",
				"pivot": [-1.31795, 8.77237, -0.656],
				"rotation": [-10.09, 4.41, -4],
				"cubes": [
					{"origin": [-2.41795, 7.77237, -0.806], "size": [1, 7, 2], "uv": [28, 32]}
				]
			},
			{
				"name": "71eb85dc_c99b_48f9_85a7_80459ae1d112",
				"parent": "legRight",
				"pivot": [-1.31795, 8.77237, -0.656],
				"rotation": [-9.44966, 2.52, 2.61],
				"cubes": [
					{"origin": [-1.91795, 7.77237, -0.806], "size": [1, 7, 2], "uv": [34, 32]}
				]
			},
			{
				"name": "backpackPositioningBone",
				"pivot": [0, 20, 0]
			}
		]
	}
}