{
	"format_version": "1.10.0",
	"geometry.model": {
		"texturewidth": 128,
		"textureheight": 128,
		"visible_bounds_width": 3,
		"visible_bounds_height": 4,
		"visible_bounds_offset": [0, 1, 0],
		"bones": [
			{
				"name": "head",
				"pivot": [0, 22.58264, 0.01131],
				"cubes": [
					{"origin": [0, 22.58264, 0.01131], "size": [0, 0, 0], "uv": [0, 0]}
				]
			},
			{
				"name": "706cfd1b_4170_47f6_a544_a48f9e715b93",
				"parent": "head",
				"pivot": [0, 22.58264, 0.01131],
				"mirror": true,
				"cubes": [
					{"origin": [-4, 22.58264, -3.98869], "size": [8, 8, 8], "uv": [0, 0]},
					{"origin": [-4, 18.58264, -3.98869], "size": [8, 12, 8], "uv": [32, 0], "inflate": 0.3},
					{"origin": [-2, 25.78264, 4.01131], "size": [4, 4, 2], "uv": [72, 0]},
					{"origin": [-5, 26.58264, 0.21131], "size": [1, 3, 3], "uv": [56, 0]},
					{"origin": [4, 26.58264, 0.21131], "size": [1, 3, 3], "uv": [64, 0]}
				]
			},
			{
				"name": "b5e127c1_faeb_4ab3_b543_7fddaa7346bc",
				"parent": "706cfd1b_4170_47f6_a544_a48f9e715b93",
				"pivot": [0, 26.63264, 1.81131],
				"rotation": [12, 0, 0],
				"cubes": [
					{"origin": [-4, 20.63264, -0.08869], "size": [8, 6, 2], "uv": [80, 70]}
				]
			},
			{
				"name": "d6cbca19_eac8_4529_b052_00c252523323",
				"parent": "b5e127c1_faeb_4ab3_b543_7fddaa7346bc",
				"pivot": [0, 24.15764, 1.36131],
				"rotation": [12, 0, 0],
				"cubes": [
					{"origin": [-4.5, 20.15764, 0.36131], "size": [9, 4, 2], "uv": [78, 64]}
				]
			},
			{
				"name": "c0a7cbd7_9f8e_41ee_adc3_391bb1e380ab",
				"parent": "d6cbca19_eac8_4529_b052_00c252523323",
				"pivot": [0, 22.58263, 1.36131],
				"rotation": [6, 0, 0],
				"cubes": [
					{"origin": [-5.5, 19.58263, 0.36131], "size": [11, 3, 2], "uv": [51, 95]}
				]
			},
			{
				"name": "60b61224_a1d5_4280_b354_e09a5333d96b",
				"parent": "c0a7cbd7_9f8e_41ee_adc3_391bb1e380ab",
				"pivot": [0, 21.45763, 1.36131],
				"rotation": [-5, 0, 0],
				"cubes": [
					{"origin": [-6.5, 16.45763, 0.36131], "size": [13, 5, 2], "uv": [98, 91]}
				]
			},
			{
				"name": "cdb350b8_18d9_4392_bbc4_d0c41d526ab9",
				"parent": "60b61224_a1d5_4280_b354_e09a5333d96b",
				"pivot": [0, 19.43263, 1.36131],
				"rotation": [-8, 0, 0],
				"cubes": [
					{"origin": [-7, 9.43263, 0.36131], "size": [14, 10, 2], "uv": [51, 83]}
				]
			},
			{
				"name": "e4622297_2ce8_4698_8073_15110b2ac993",
				"parent": "cdb350b8_18d9_4392_bbc4_d0c41d526ab9",
				"pivot": [0, 15.15764, 1.36131],
				"rotation": [-10, 0, 0],
				"cubes": [
					{"origin": [-6, 8.15764, 0.36131], "size": [12, 7, 2], "uv": [51, 74]}
				]
			},
			{
				"name": "1a44fa86_2c31_41db_968e_f701b744493c",
				"parent": "e4622297_2ce8_4698_8073_15110b2ac993",
				"pivot": [0, 12.23264, 1.36131],
				"rotation": [-8, 0, 0],
				"cubes": [
					{"origin": [-5, 5.23263, 0.36131], "size": [10, 7, 2], "uv": [33, 101]}
				]
			},
			{
				"name": "f639030f_825a_468e_b279_c3a753304ea7",
				"parent": "1a44fa86_2c31_41db_968e_f701b744493c",
				"pivot": [0, 9.30763, 1.36131],
				"rotation": [-8, 0, 0],
				"cubes": [
					{"origin": [-3.5, 2.30763, 0.36131], "size": [7, 7, 2], "uv": [57, 100]}
				]
			},
			{
				"name": "93016a47_6d63_4173_a57d_0745e968d0bc",
				"parent": "706cfd1b_4170_47f6_a544_a48f9e715b93",
				"pivot": [1.8, 26.40764, 0.01131],
				"rotation": [0, 0, -17.18873],
				"cubes": [
					{"origin": [1.8, 16.40764, -4.98869], "size": [0, 10, 10], "uv": [80, 44]}
				]
			},
			{
				"name": "f55d3f98_a516_4fdc_b3f0_90932410a919",
				"parent": "706cfd1b_4170_47f6_a544_a48f9e715b93",
				"pivot": [-1.8, 26.40764, 0.01131],
				"rotation": [0, 0, 17.18873],
				"cubes": [
					{"origin": [-1.8, 16.40764, -4.98869], "size": [0, 10, 10], "uv": [80, 34]}
				]
			},
			{
				"name": "485d1fee_54b6_485a_a0a5_ae3cefea350a",
				"parent": "706cfd1b_4170_47f6_a544_a48f9e715b93",
				"pivot": [0, 23.93264, 1.81131],
				"rotation": [8.62301, 0, 0.05729]
			},
			{
				"name": "9c7521dd_76f0_4645_bafa_fdcb9da3394c",
				"parent": "485d1fee_54b6_485a_a0a5_ae3cefea350a",
				"pivot": [0, 21.23264, 1.81131],
				"rotation": [-1.17178, 0, 0.17178]
			},
			{
				"name": "9e81e619_bd51_49cd_bcc7_cabff08b2e30",
				"parent": "9c7521dd_76f0_4645_bafa_fdcb9da3394c",
				"pivot": [0, 18.53264, 1.81131],
				"rotation": [15.81388, 0, 0.22894]
			},
			{
				"name": "5829af1e_48ba_4d2a_baa3_20c3f44872f8",
				"parent": "9e81e619_bd51_49cd_bcc7_cabff08b2e30",
				"pivot": [0, 16.28264, 1.76631],
				"rotation": [2.63585, 0, 0.22894]
			},
			{
				"name": "b05be397_fb42_4dec_8f9b_232cecf9259a",
				"parent": "706cfd1b_4170_47f6_a544_a48f9e715b93",
				"pivot": [-1.8, 25.05764, 0.77631],
				"rotation": [0, -89.99809, 0],
				"cubes": [
					{"origin": [-3.3, 23.55764, 0.77631], "size": [3, 3, 1], "uv": [100, 63]}
				]
			},
			{
				"name": "c35cef01_33cc_4e80_9f18_5ef83a21956e",
				"parent": "706cfd1b_4170_47f6_a544_a48f9e715b93",
				"pivot": [1.8, 25.05764, 0.77631],
				"rotation": [0, 89.99809, 0],
				"mirror": true,
				"cubes": [
					{"origin": [0.3, 23.55764, 0.77631], "size": [3, 3, 1], "uv": [100, 72]}
				]
			},
			{
				"name": "d2644497_0ec9_4b7d_a3df_9bb6527c6e76",
				"parent": "706cfd1b_4170_47f6_a544_a48f9e715b93",
				"pivot": [-1.8, 25.73264, 0.77631],
				"rotation": [0, -89.99809, 0],
				"cubes": [
					{"origin": [-3.3, 24.23264, 0.77631], "size": [3, 3, 1], "uv": [64, 18]}
				]
			},
			{
				"name": "1838765d_7f57_4b20_a342_247126d3124d",
				"parent": "d2644497_0ec9_4b7d_a3df_9bb6527c6e76",
				"pivot": [-1.8, 25.73264, 0.77631],
				"rotation": [13.50835, -7.75772, 25]
			},
			{
				"name": "a8b89010_44bd_42c0_8a2c_4ad9f7f91507",
				"parent": "1838765d_7f57_4b20_a342_247126d3124d",
				"pivot": [-1.8, 23.93264, 0.77631],
				"rotation": [19.90835, -7.75772, 7.83]
			},
			{
				"name": "79b12a6e_5289_4f80_be92_c4ab58e3f3e3",
				"parent": "d2644497_0ec9_4b7d_a3df_9bb6527c6e76",
				"pivot": [-1.8, 25.73264, 0.77631],
				"rotation": [13.50835, 7.24228, -13.04]
			},
			{
				"name": "1a9fe2c4_4cc0_4a83_afbc_aed2fd1109dd",
				"parent": "79b12a6e_5289_4f80_be92_c4ab58e3f3e3",
				"pivot": [-1.8, 23.93264, 0.77631],
				"rotation": [19.90835, 7.24228, -7.83]
			},
			{
				"name": "66e3e711_5018_4faa_9edc_fa33fb6cab11",
				"parent": "706cfd1b_4170_47f6_a544_a48f9e715b93",
				"pivot": [1.8, 25.73264, 0.77631],
				"rotation": [0, 89.99809, 0],
				"mirror": true,
				"cubes": [
					{"origin": [0.3, 24.23264, 0.77631], "size": [3, 3, 1], "uv": [72, 18]}
				]
			},
			{
				"name": "e6b6b317_4397_477e_b659_beb0c5e2d5c8",
				"parent": "66e3e711_5018_4faa_9edc_fa33fb6cab11",
				"pivot": [1.8, 25.73264, 0.77631],
				"rotation": [13.50835, 8.0148, -25]
			},
			{
				"name": "4b2ef849_d214_4a86_8636_3b5e6bea35a3",
				"parent": "e6b6b317_4397_477e_b659_beb0c5e2d5c8",
				"pivot": [1.8, 23.93264, 0.77631],
				"rotation": [19.90835, 8.0148, -7.83]
			},
			{
				"name": "df298a68_e5e7_42db_8f69_bb0100f7f780",
				"parent": "66e3e711_5018_4faa_9edc_fa33fb6cab11",
				"pivot": [1.8, 25.73264, 0.77631],
				"rotation": [13.50835, -6.9852, 13.04]
			},
			{
				"name": "b6c64856_ed01_4684_9a9f_7fabc40fae43",
				"parent": "df298a68_e5e7_42db_8f69_bb0100f7f780",
				"pivot": [1.8, 23.93264, 0.77631],
				"rotation": [19.90835, -6.9852, 7.83]
			},
			{
				"name": "82daf44f_1763_4bce_9821_cba3d68c4567",
				"parent": "706cfd1b_4170_47f6_a544_a48f9e715b93",
				"pivot": [0, 23.25764, 0.01131],
				"cubes": [
					{"origin": [-4.5, 27.25764, 4.01131], "size": [3, 3, 1], "uv": [64, 30]}
				]
			},
			{
				"name": "41d7e3d4_4ddc_45d0_abc0_26fcf1ad61f3",
				"parent": "706cfd1b_4170_47f6_a544_a48f9e715b93",
				"pivot": [0, 23.25764, 0.01131],
				"mirror": true,
				"cubes": [
					{"origin": [1.5, 27.25764, 4.01131], "size": [3, 3, 1], "uv": [72, 30]}
				]
			},
			{
				"name": "0f4a5c5f_170f_49b5_a5cd_05165e28f26c",
				"parent": "706cfd1b_4170_47f6_a544_a48f9e715b93",
				"pivot": [0, 18.98263, 0.01131],
				"cubes": [
					{"origin": [-2, 32.18264, 3.01131], "size": [4, 4, 2], "uv": [68, 24]}
				]
			},
			{
				"name": "b068960d_33b7_4b2b_ad44_c226190f7b28",
				"parent": "706cfd1b_4170_47f6_a544_a48f9e715b93",
				"pivot": [-2.025, 26.09264, 0.86631],
				"cubes": [
					{"origin": [-4.025, 16.59264, -0.13369], "size": [2, 10, 2], "uv": [96, 20]}
				]
			},
			{
				"name": "5939002d_4ee1_4e71_8601_55d58ca47395",
				"parent": "b068960d_33b7_4b2b_ad44_c226190f7b28",
				"pivot": [-2.475, 21.81764, 1.31631],
				"rotation": [-2.5871, 0, 0],
				"cubes": [
					{"origin": [-3.475, 11.81764, -0.68369], "size": [2, 10, 2], "uv": [104, 20]}
				]
			},
			{
				"name": "6909ec4a_47e6_4924_8c04_4d58a372e451",
				"parent": "706cfd1b_4170_47f6_a544_a48f9e715b93",
				"pivot": [2.025, 26.09264, 0.86631],
				"mirror": true,
				"cubes": [
					{"origin": [2.025, 16.59264, -0.13369], "size": [2, 10, 2], "uv": [112, 20]}
				]
			},
			{
				"name": "b038489c_36ff_4bc0_a1f4_85275705c8b9",
				"parent": "6909ec4a_47e6_4924_8c04_4d58a372e451",
				"pivot": [2.475, 21.81764, 1.31631],
				"rotation": [-2.5871, 0, 0],
				"mirror": true,
				"cubes": [
					{"origin": [1.475, 11.81764, -0.68369], "size": [2, 10, 2], "uv": [120, 20]}
				]
			},
			{
				"name": "153ecb13_24a8_4fd2_b1d1_e548c0c7caf3",
				"parent": "706cfd1b_4170_47f6_a544_a48f9e715b93",
				"pivot": [-1.35, 26.09264, 2.26131],
				"cubes": [
					{"origin": [-2.35, 16.59264, 1.76131], "size": [2, 10, 2], "uv": [96, 32]}
				]
			},
			{
				"name": "568d9e4c_56f2_49c9_9562_aa35926a526a",
				"parent": "153ecb13_24a8_4fd2_b1d1_e548c0c7caf3",
				"pivot": [-1.35, 21.81764, 2.93631],
				"rotation": [-2.5871, 0, 0],
				"cubes": [
					{"origin": [-2.35, 11.81764, 0.93631], "size": [2, 10, 2], "uv": [104, 32]}
				]
			},
			{
				"name": "c2afaadf_c7f3_4d63_9061_1272d7e01345",
				"parent": "706cfd1b_4170_47f6_a544_a48f9e715b93",
				"pivot": [1.35, 26.09264, 2.26131],
				"mirror": true,
				"cubes": [
					{"origin": [0.35, 16.59264, 1.76131], "size": [2, 10, 2], "uv": [112, 32]}
				]
			},
			{
				"name": "2316ea35_7033_439c_8c71_3b1fee5ba512",
				"parent": "c2afaadf_c7f3_4d63_9061_1272d7e01345",
				"pivot": [1.35, 21.81764, 2.93631],
				"rotation": [-2.5871, 0, 0],
				"mirror": true,
				"cubes": [
					{"origin": [0.35, 11.81764, 0.93631], "size": [2, 10, 2], "uv": [120, 32]}
				]
			},
			{
				"name": "0141d3cb_c971_43c0_a4a7_2fe2dd0f58e7",
				"parent": "706cfd1b_4170_47f6_a544_a48f9e715b93",
				"pivot": [-1.575, 26.85764, 0.86631],
				"cubes": [
					{"origin": [-5.575, 23.85764, -0.13369], "size": [4, 3, 2], "uv": [104, 44], "inflate": 0.1}
				]
			},
			{
				"name": "5ccde98d_e229_4d1b_9717_6430895bca7f",
				"parent": "706cfd1b_4170_47f6_a544_a48f9e715b93",
				"pivot": [1.575, 26.85764, 0.86631],
				"mirror": true,
				"cubes": [
					{"origin": [1.575, 23.85764, -0.13369], "size": [4, 3, 2], "uv": [116, 44], "inflate": 0.1}
				]
			},
			{
				"name": "23608e89_d7b2_439e_8fdf_d28a3fa294e2",
				"parent": "706cfd1b_4170_47f6_a544_a48f9e715b93",
				"pivot": [1.35, 26.85764, 1.58631],
				"rotation": [0, -89.99809, 0],
				"mirror": true,
				"cubes": [
					{"origin": [1.35, 23.85764, 0.58631], "size": [4, 3, 2], "uv": [116, 49], "inflate": 0.1}
				]
			},
			{
				"name": "d29b82ce_0640_4378_a0f4_0d16bf502794",
				"parent": "706cfd1b_4170_47f6_a544_a48f9e715b93",
				"pivot": [-1.35, 26.85764, 1.58631],
				"rotation": [0, 89.99809, 0],
				"cubes": [
					{"origin": [-5.35, 23.85764, 0.58631], "size": [4, 3, 2], "uv": [104, 49], "inflate": 0.1}
				]
			},
			{
				"name": "d0886dd5_6dad_44b8_bd31_816e20faef31",
				"parent": "706cfd1b_4170_47f6_a544_a48f9e715b93",
				"pivot": [0, 26.31764, 1.81131],
				"cubes": [
					{"origin": [-1.5, 24.81764, 1.81131], "size": [3, 3, 3], "uv": [78, 19]}
				]
			},
			{
				"name": "ed98cebf_5a0b_466e_97e0_ee9a8527c896",
				"parent": "706cfd1b_4170_47f6_a544_a48f9e715b93",
				"pivot": [0, 25.64264, 1.81131],
				"cubes": [
					{"origin": [-1.5, 16.64263, 1.81131], "size": [3, 9, 3], "uv": [68, 34]}
				]
			},
			{
				"name": "13e02b2b_83d4_4280_bb7c_5a8f47c3c47f",
				"parent": "ed98cebf_5a0b_466e_97e0_ee9a8527c896",
				"pivot": [0, 21.59264, 3.16131],
				"rotation": [-2.5871, 0, 0],
				"cubes": [
					{"origin": [-1.5, 12.59264, 0.16131], "size": [3, 9, 3], "uv": [68, 46]}
				]
			},
			{
				"name": "532d0041_4959_4288_b7f0_6eb7d40a7db4",
				"parent": "706cfd1b_4170_47f6_a544_a48f9e715b93",
				"pivot": [1.3275, 25.62014, -1.11369],
				"rotation": [10.43, 13.04, -12.76527],
				"mirror": true,
				"cubes": [
					{"origin": [-0.1725, 24.62014, -1.11369], "size": [5, 3, 2], "uv": [14, 61], "inflate": -0.01}
				]
			},
			{
				"name": "faae9bb1_c616_4182_a595_3b84a1a80dec",
				"parent": "532d0041_4959_4288_b7f0_6eb7d40a7db4",
				"pivot": [1.6875, 25.98014, -1.11369],
				"rotation": [-2.5, 7.5, -13.04],
				"mirror": true,
				"cubes": [
					{"origin": [0.4875, 24.78014, -1.71369], "size": [2, 2, 2], "uv": [26, 64]}
				]
			},
			{
				"name": "504621c6_e869_4557_8f9e_210e18ea5222",
				"parent": "532d0041_4959_4288_b7f0_6eb7d40a7db4",
				"pivot": [2.9025, 26.52014, -1.11369],
				"rotation": [0, 0, -57.5],
				"mirror": true,
				"cubes": [
					{"origin": [-2.0975, 26.52014, -1.11369], "size": [5, 3, 2], "uv": [14, 66]}
				]
			},
			{
				"name": "18b8d80e_5a76_47d9_9e9a_2cb0023d08e8",
				"parent": "706cfd1b_4170_47f6_a544_a48f9e715b93",
				"pivot": [-1.3275, 25.62014, -1.11369],
				"rotation": [10.43, -13.04, 12.76527],
				"cubes": [
					{"origin": [-4.8275, 24.62014, -1.11369], "size": [5, 3, 2], "uv": [0, 61], "inflate": -0.01}
				]
			},
			{
				"name": "a4d7baac_f5a0_4bba_b2b0_bec4222571a6",
				"parent": "18b8d80e_5a76_47d9_9e9a_2cb0023d08e8",
				"pivot": [-1.6875, 25.98014, -1.11369],
				"rotation": [-2.5, 7.5, 13.04],
				"cubes": [
					{"origin": [-2.4875, 24.78014, -1.71369], "size": [2, 2, 2], "uv": [20, 56]}
				]
			},
			{
				"name": "b0717164_0286_4dab_a0d6_2c618edcb6a3",
				"parent": "18b8d80e_5a76_47d9_9e9a_2cb0023d08e8",
				"pivot": [-2.9025, 26.52014, -1.11369],
				"rotation": [0, 0, 57.5],
				"cubes": [
					{"origin": [-2.9025, 26.52014, -1.11369], "size": [5, 3, 2], "uv": [0, 66]}
				]
			},
			{
				"name": "bdd94d34_396c_4b0f_8764_226d22942d54",
				"parent": "706cfd1b_4170_47f6_a544_a48f9e715b93",
				"pivot": [-1.125, 26.00264, -0.88869],
				"rotation": [7.72894, 0, -14],
				"cubes": [
					{"origin": [-2.625, 25.80264, -1.38869], "size": [3, 5, 2], "uv": [31, 81]}
				]
			},
			{
				"name": "01b74bd3_022d_4128_9ea9_9bf1134d71e6",
				"parent": "bdd94d34_396c_4b0f_8764_226d22942d54",
				"pivot": [-1.125, 28.25264, -0.88869],
				"rotation": [13.04, 0, 0],
				"cubes": [
					{"origin": [-2.625, 27.75264, -1.38869], "size": [3, 5, 2], "uv": [31, 74]}
				]
			},
			{
				"name": "cb346e1b_e292_486b_a6a6_c99ce122d7a1",
				"parent": "706cfd1b_4170_47f6_a544_a48f9e715b93",
				"pivot": [1.125, 26.00264, -0.88869],
				"rotation": [7.72894, 0, 14],
				"cubes": [
					{"origin": [-0.375, 25.80264, -1.38869], "size": [3, 5, 2], "uv": [41, 81]}
				]
			},
			{
				"name": "e64c990c_19f1_4269_9e78_a36d5c7eafca",
				"parent": "cb346e1b_e292_486b_a6a6_c99ce122d7a1",
				"pivot": [1.125, 28.25264, -0.88869],
				"rotation": [13.04, 0, 0],
				"cubes": [
					{"origin": [-0.375, 27.75264, -1.38869], "size": [3, 5, 2], "uv": [41, 74]}
				]
			},
			{
				"name": "_bink",
				"parent": "head",
				"pivot": [0, 22.58264, 0.01131],
				"cubes": [
					{"origin": [-4, 22.58264, -3.98869], "size": [8, 8, 0], "uv": [0, 0], "inflate": 0.001}
				]
			},
			{
				"name": "armLeft",
				"pivot": [1.72297, 21.28122, 0.47153],
				"rotation": [2.693, 0, -10.57816],
				"mirror": true,
				"cubes": [
					{"origin": [1.22297, 15.88122, -0.52847], "size": [2, 6, 2], "uv": [8, 16], "inflate": -0.2}
				]
			},
			{
				"name": "048c5597_1a73_48de_8768_8b0519138491",
				"parent": "armLeft",
				"pivot": [1.99646, 17.50898, 0.84875],
				"rotation": [-5.72958, 0, -18],
				"mirror": true,
				"cubes": [
					{"origin": [0.99646, 10.50898, -0.65125], "size": [2, 7, 2], "uv": [8, 24], "inflate": -0.25}
				]
			},
			{
				"name": "20994c6c_7578_4804_98c3_84c79d49b419",
				"parent": "048c5597_1a73_48de_8768_8b0519138491",
				"pivot": [1.72297, 13.8499, 0.09431]
			},
			{
				"name": "a167d68e_f28b_4f76_a912_633670f467e6",
				"parent": "048c5597_1a73_48de_8768_8b0519138491",
				"pivot": [3.91087, 9.21004, 5.37545],
				"rotation": [-44.82822, 0, 0]
			},
			{
				"name": "dfe07cb9_22ab_40bf_8706_d1cf3f7b0b66",
				"parent": "armLeft",
				"pivot": [1.72297, 21.28122, 0.47153],
				"rotation": [0, 0, -20],
				"cubes": [
					{"origin": [-0.57703, 17.53122, -1.02847], "size": [4, 5, 4], "uv": [112, 81]}
				]
			},
			{
				"name": "armLeftPositioningBone",
				"parent": "armLeft",
				"pivot": [3.72297, 11.78122, -0.27847]
			},
			{
				"name": "armRight",
				"pivot": [-1.72297, 21.28122, 0.47153],
				"rotation": [3.03657, 0, 10.57816],
				"cubes": [
					{"origin": [-3.22297, 15.88122, -0.52847], "size": [2, 6, 2], "uv": [0, 16], "inflate": -0.2}
				]
			},
			{
				"name": "8b82b6c9_d248_4046_bb53_4610ba65f1d6",
				"parent": "armRight",
				"pivot": [-1.99646, 17.50898, 0.84875],
				"rotation": [-5.72958, 0, 18],
				"cubes": [
					{"origin": [-2.99646, 10.50898, -0.65125], "size": [2, 7, 2], "uv": [0, 24], "inflate": -0.25}
				]
			},
			{
				"name": "c409612b_a2de_4812_b91f_4650ec3f4a2f",
				"parent": "8b82b6c9_d248_4046_bb53_4610ba65f1d6",
				"pivot": [-1.72297, 13.8499, 0.09431]
			},
			{
				"name": "c2186672_1335_4fde_a0a0_42975da05bc5",
				"parent": "8b82b6c9_d248_4046_bb53_4610ba65f1d6",
				"pivot": [-3.91087, 9.21004, 5.37545],
				"rotation": [-45.17178, 0, 0]
			},
			{
				"name": "341113d2_0e75_4e57_a2c6_d59712daf0c3",
				"parent": "armRight",
				"pivot": [-1.72297, 21.28122, 0.47153],
				"rotation": [0, 0, 20],
				"cubes": [
					{"origin": [-3.42297, 17.53122, -1.02847], "size": [4, 5, 4], "uv": [96, 81]}
				]
			},
			{
				"name": "armRightPositioningBone",
				"parent": "armRight",
				"pivot": [-3.97297, 11.78122, -0.27847]
			},
			{
				"name": "body",
				"pivot": [0, 13.62357, 0],
				"rotation": [-0.08591, 0, 0],
				"cubes": [
					{"origin": [0, 13.62357, 0], "size": [0, 0, 0], "uv": [0, 0]}
				]
			},
			{
				"name": "66f20799_c9dc_49f1_9576_9a85d96a0f62",
				"parent": "body",
				"pivot": [0, 14.56663, 0],
				"cubes": [
					{"origin": [0, 14.56663, 0], "size": [0, 0, 0], "uv": [0, 0]}
				]
			},
			{
				"name": "bc1433f3_d03c_43b0_9d1c_24b6f352fc15",
				"parent": "66f20799_c9dc_49f1_9576_9a85d96a0f62",
				"pivot": [0, 13.15204, -0.75445],
				"rotation": [4.53, -5, 25],
				"cubes": [
					{"origin": [-3, 13.15204, -1.25445], "size": [3, 3, 2], "uv": [6, 50]}
				]
			},
			{
				"name": "d336a0a3_7e8e_41a0_83bc_60d331649b2b",
				"parent": "66f20799_c9dc_49f1_9576_9a85d96a0f62",
				"pivot": [0, 13.15204, -0.75445],
				"rotation": [4.53, 5, -25],
				"mirror": true,
				"cubes": [
					{"origin": [0, 13.15204, -1.25445], "size": [3, 3, 2], "uv": [20, 50]}
				]
			},
			{
				"name": "6d44d836_5a39_4e34_bcef_f505cae2ff6f",
				"parent": "66f20799_c9dc_49f1_9576_9a85d96a0f62",
				"pivot": [-1.41459, 14.56663, 1.27313],
				"rotation": [13, -7.55, 16],
				"cubes": [
					{"origin": [-2.81459, 13.56663, -0.12687], "size": [3, 2, 2], "uv": [44, 24]}
				]
			},
			{
				"name": "39adc66a_6be4_4d7a_9a27_94301ca38553",
				"parent": "66f20799_c9dc_49f1_9576_9a85d96a0f62",
				"pivot": [1.41459, 14.56663, 1.27313],
				"rotation": [13, 7.55, -16],
				"mirror": true,
				"cubes": [
					{"origin": [-0.18541, 13.56663, -0.12687], "size": [3, 2, 2], "uv": [54, 24]}
				]
			},
			{
				"name": "2cafdb23_6e8d_45b5_a0d9_d72c5556cf55",
				"parent": "66f20799_c9dc_49f1_9576_9a85d96a0f62",
				"pivot": [0, 13.51357, 0.46729],
				"rotation": [-1.5871, 0, 0],
				"cubes": [
					{"origin": [0, 13.51357, 0.46729], "size": [0, 0, 0], "uv": [0, 0]}
				]
			},
			{
				"name": "70fe17a7_a1a6_4e46_8321_cb5f5affca1b",
				"parent": "66f20799_c9dc_49f1_9576_9a85d96a0f62",
				"pivot": [-2.82918, 14.37802, -0.28292],
				"rotation": [-7.8, -13.1182, 120],
				"cubes": [
					{"origin": [-6.82918, 14.27802, -0.98292], "size": [4, 2, 2], "uv": [32, 20]}
				]
			},
			{
				"name": "d0c95ad3_3bb3_46b1_9212_6bdfc4119f87",
				"parent": "66f20799_c9dc_49f1_9576_9a85d96a0f62",
				"pivot": [2.82918, 14.37802, -0.28292],
				"rotation": [-7.8, 13.12, -120],
				"mirror": true,
				"cubes": [
					{"origin": [2.82918, 14.27802, -0.98292], "size": [4, 2, 2], "uv": [44, 20]}
				]
			},
			{
				"name": "d5e1fa7b_f754_4eb9_927d_d0a898fd2ac2",
				"parent": "66f20799_c9dc_49f1_9576_9a85d96a0f62",
				"pivot": [0, 17.11289, -1.74466],
				"rotation": [7.48929, 0, 0],
				"cubes": [
					{"origin": [-1.5, 14.21289, -1.74466], "size": [3, 3, 2], "uv": [16, 26]}
				]
			},
			{
				"name": "54521770_f8a6_41ff_ac84_2c581d127121",
				"parent": "66f20799_c9dc_49f1_9576_9a85d96a0f62",
				"pivot": [0, 15.50969, 1.22598],
				"rotation": [30.3, 0, 0],
				"cubes": [
					{"origin": [-1.5, 14.70969, 0.32598], "size": [3, 4, 1], "uv": [8, 33]}
				]
			},
			{
				"name": "451a19a2_2b60_4971_b7ff_5db5da5c7a50",
				"parent": "66f20799_c9dc_49f1_9576_9a85d96a0f62",
				"pivot": [0, 15.74546, 0.89591],
				"rotation": [-5, 0, 0],
				"cubes": [
					{"origin": [0, 15.74546, 0.89591], "size": [0, 0, 0], "uv": [0, 0]}
				]
			},
			{
				"name": "7c21badc_dc4f_48b0_9fed_fc30ff894c92",
				"parent": "451a19a2_2b60_4971_b7ff_5db5da5c7a50",
				"pivot": [0, 15.74546, 0.89591],
				"rotation": [5.75, 0, 0],
				"cubes": [
					{"origin": [-1.5, 14.24546, 1.39591], "size": [3, 3, 3], "uv": [19, 74]}
				]
			},
			{
				"name": "58e15cc7_ddae_4f26_abdd_ba52ef97d2c9",
				"parent": "451a19a2_2b60_4971_b7ff_5db5da5c7a50",
				"pivot": [0, 15.74546, 0.89591],
				"rotation": [18, -1.3718, 0],
				"cubes": [
					{"origin": [-1, 14.99546, 0.89591], "size": [2, 2, 3], "uv": [41, 117]}
				]
			},
			{
				"name": "c5aa11cf_f554_4ffe_9d32_65ff4fc52030",
				"parent": "58e15cc7_ddae_4f26_abdd_ba52ef97d2c9",
				"pivot": [0, 15.74546, 2.54626],
				"rotation": [15.65, -1.3718, 0],
				"cubes": [
					{"origin": [-1.5, 14.49546, 2.54626], "size": [3, 3, 3], "uv": [38, 111]}
				]
			},
			{
				"name": "05d7ebbb_21a2_478c_85eb_86089f9041c1",
				"parent": "c5aa11cf_f554_4ffe_9d32_65ff4fc52030",
				"pivot": [0, 15.74546, 4.19662],
				"rotation": [18, -1.3718, 0],
				"cubes": [
					{"origin": [-3, 13.74546, 4.19662], "size": [6, 5, 5], "uv": [46, 118]}
				]
			},
			{
				"name": "4ab5c6a1_f406_4d1c_8d9d_581cd666186c",
				"parent": "05d7ebbb_21a2_478c_85eb_86089f9041c1",
				"pivot": [0, 15.74546, 7.96886],
				"rotation": [15, 10.31439, 0],
				"cubes": [
					{"origin": [-2, 14.24546, 7.46886], "size": [4, 4, 4], "uv": [29, 118]}
				]
			},
			{
				"name": "2e0e9b0e_47e3_420d_91be_c093766ed42b",
				"parent": "4ab5c6a1_f406_4d1c_8d9d_581cd666186c",
				"pivot": [0, 16.21699, 10.32651],
				"rotation": [10, 10.31439, 0],
				"cubes": [
					{"origin": [-1, 15.21699, 8.82651], "size": [2, 2, 4], "uv": [52, 111]}
				]
			},
			{
				"name": "40be7e9c_5cb5_4b77_96c0_340ec863cfe2",
				"parent": "2e0e9b0e_47e3_420d_91be_c093766ed42b",
				"pivot": [0, 16.21699, 11.7411],
				"rotation": [0, 10.31439, 0],
				"cubes": [
					{"origin": [-0.5, 15.71699, 11.7411], "size": [1, 1, 2], "uv": [48, 115]}
				]
			},
			{
				"name": "tail",
				"parent": "451a19a2_2b60_4971_b7ff_5db5da5c7a50",
				"pivot": [0, 15.74546, 0.89591]
			},
			{
				"name": "c099b0b6_a6c6_478d_9b72_a3e69f2c2f48",
				"parent": "tail",
				"pivot": [0, 15.74546, 0.89591],
				"rotation": [-1.4318, -0.1144, 0],
				"cubes": [
					{"origin": [-0.5, 15.24546, 0.84591], "size": [1, 1, 3], "uv": [0, 107]}
				]
			},
			{
				"name": "37d66294_218a_4d70_a32d_040d78728484",
				"parent": "c099b0b6_a6c6_478d_9b72_a3e69f2c2f48",
				"pivot": [0, 15.74546, 3.25356],
				"rotation": [-1.4318, -0.1144, 0],
				"cubes": [
					{"origin": [-0.5, 15.24546, 3.10356], "size": [1, 1, 3], "uv": [0, 111]}
				]
			},
			{
				"name": "af93ab4d_3e10_4246_904f_768edbc1ac0e",
				"parent": "37d66294_218a_4d70_a32d_040d78728484",
				"pivot": [0, 15.74546, 5.61121],
				"rotation": [24.84984, 1.02125, 0],
				"cubes": [
					{"origin": [-0.5, 15.24546, 5.56121], "size": [1, 1, 3], "uv": [28, 107]}
				]
			},
			{
				"name": "07098698_b849_4032_a8bb_8caa7af8df8e",
				"parent": "af93ab4d_3e10_4246_904f_768edbc1ac0e",
				"pivot": [0, 15.74546, 7.96886],
				"rotation": [24.84984, 1.02125, 0],
				"cubes": [
					{"origin": [-0.5, 15.24546, 7.91886], "size": [1, 1, 3], "uv": [28, 111]}
				]
			},
			{
				"name": "bcf2c97d_f5c1_43b2_b930_871e92a6f115",
				"parent": "07098698_b849_4032_a8bb_8caa7af8df8e",
				"pivot": [0, 15.74546, 10.32651],
				"rotation": [24.84984, 1.02125, 0],
				"cubes": [
					{"origin": [-0.5, 15.24546, 10.27651], "size": [1, 1, 3], "uv": [33, 114]}
				]
			},
			{
				"name": "e60d16e3_e670_407a_bb3b_cbed734322fd",
				"parent": "66f20799_c9dc_49f1_9576_9a85d96a0f62",
				"pivot": [0, 17.44768, 0.23105],
				"rotation": [14.32394, 14.32394, -45],
				"cubes": [
					{"origin": [-0.5, 16.94768, -0.68895], "size": [1, 1, 2], "uv": [26, 86]}
				]
			},
			{
				"name": "c9b4baaa_94a9_4632_870f_1da1d31f3303",
				"parent": "e60d16e3_e670_407a_bb3b_cbed734322fd",
				"pivot": [0, 17.44768, 0.62714],
				"rotation": [-2, 10, 45],
				"cubes": [
					{"origin": [-4, 15.44768, 0.62714], "size": [4, 4, 1], "uv": [0, 56]}
				]
			},
			{
				"name": "3d07f4ee_43e2_4acc_a15d_390243c9e5b2",
				"parent": "e60d16e3_e670_407a_bb3b_cbed734322fd",
				"pivot": [0, 17.44768, 0.62714],
				"rotation": [10, -2, -45],
				"mirror": true,
				"cubes": [
					{"origin": [-2, 13.44768, 0.62714], "size": [4, 4, 1], "uv": [10, 56]}
				]
			},
			{
				"name": "580b81b0_f772_4fc5_aede_d75cb1993802",
				"parent": "e60d16e3_e670_407a_bb3b_cbed734322fd",
				"pivot": [-0.16739, 17.44768, 0.85819],
				"rotation": [25, -7.83, 60]
			},
			{
				"name": "4fdd6cf3_dc4c_418c_ac56_b581e07fbfa1",
				"parent": "580b81b0_f772_4fc5_aede_d75cb1993802",
				"pivot": [-0.83697, 15.00987, 0.85819],
				"rotation": [-16, 0, -10]
			},
			{
				"name": "9f78a242_b0a6_4759_aa28_560662471408",
				"parent": "4fdd6cf3_dc4c_418c_ac56_b581e07fbfa1",
				"pivot": [-0.83697, 12.57206, 0.85819],
				"rotation": [-18, 0, -4]
			},
			{
				"name": "8822988b_1668_4a4f_b0d9_ff95901c11ca",
				"parent": "e60d16e3_e670_407a_bb3b_cbed734322fd",
				"pivot": [0, 17.22606, 0.85819],
				"rotation": [25, 7.83, 30]
			},
			{
				"name": "1e466ec5_ef7c_4b61_b692_43af30edc49f",
				"parent": "8822988b_1668_4a4f_b0d9_ff95901c11ca",
				"pivot": [0.66957, 14.78825, 0.85819],
				"rotation": [-16, 0, 10],
				"mirror": true
			},
			{
				"name": "49d1d23a_a2ac_479a_8d1b_4f88976bdc95",
				"parent": "1e466ec5_ef7c_4b61_b692_43af30edc49f",
				"pivot": [0.66957, 12.35044, 0.85819],
				"rotation": [-18, 0, 4],
				"mirror": true
			},
			{
				"name": "574fa6fb_c931_424f_83c4_ec967e606bd5",
				"parent": "66f20799_c9dc_49f1_9576_9a85d96a0f62",
				"pivot": [0, 16.7385, -0.4489],
				"rotation": [13, 0, 0],
				"cubes": [
					{"origin": [-4, 14.7385, -2.6989], "size": [8, 2, 5], "uv": [0, 83], "inflate": -0.1}
				]
			},
			{
				"name": "718d24b9_87a3_4fba_90be_f81031667054",
				"parent": "574fa6fb_c931_424f_83c4_ec967e606bd5",
				"pivot": [0, 16.07364, -0.4489],
				"rotation": [-5, 0, 0],
				"cubes": [
					{"origin": [-4.5, 14.07364, -3.1489], "size": [9, 2, 6], "uv": [0, 90], "inflate": 0.1}
				]
			},
			{
				"name": "2d6541d2_645e_42e5_bf04_86c0e164e227",
				"parent": "718d24b9_87a3_4fba_90be_f81031667054",
				"pivot": [0, 15.18716, -0.4489],
				"rotation": [-2.214, 0, 0],
				"cubes": [
					{"origin": [-4.5, 13.18716, -3.7989], "size": [9, 2, 7], "uv": [0, 98], "inflate": 0.3}
				]
			},
			{
				"name": "89ff584b_0b1a_498c_b4a0_f3267942ecf4",
				"parent": "2d6541d2_645e_42e5_bf04_86c0e164e227",
				"pivot": [0, 14.47798, -0.4489],
				"rotation": [-2.32822, 0, 0],
				"cubes": [
					{"origin": [-5, 12.47798, -4.1989], "size": [10, 2, 8], "uv": [0, 107], "inflate": 0.1}
				]
			},
			{
				"name": "60c2050a_0cc3_4adc_aa3f_f3c2a7bb3d47",
				"parent": "89ff584b_0b1a_498c_b4a0_f3267942ecf4",
				"pivot": [0, 13.41421, -0.4489],
				"rotation": [-2.41407, 0, 0],
				"cubes": [
					{"origin": [-5, 11.41421, -4.5489], "size": [10, 2, 9], "uv": [0, 117], "inflate": 0.3}
				]
			},
			{
				"name": "5da0c7a9_8b8a_47c3_907d_a3fe478a8d4f",
				"parent": "66f20799_c9dc_49f1_9576_9a85d96a0f62",
				"pivot": [0, 11.73745, 0],
				"rotation": [4.52, 0, 0],
				"cubes": [
					{"origin": [-4, 11.03745, -1], "size": [8, 1, 4], "uv": [30, 64]}
				]
			},
			{
				"name": "37d6ac78_2626_4135_a235_01fe44554639",
				"parent": "66f20799_c9dc_49f1_9576_9a85d96a0f62",
				"pivot": [0, 14.0951, -0.28292],
				"rotation": [-16.68, 0, 0],
				"cubes": [
					{"origin": [-4, 11.5951, -1.28292], "size": [8, 3, 3], "uv": [0, 71]}
				]
			},
			{
				"name": "450f0f95_a7f1_4e61_b8fd_a97ac50f9ccd",
				"parent": "66f20799_c9dc_49f1_9576_9a85d96a0f62",
				"pivot": [1.32028, 14.0951, 0],
				"rotation": [18.26, 2.61, 52.17],
				"cubes": [
					{"origin": [1.62028, 14.0951, -1], "size": [3, 2, 3], "uv": [49, 69]}
				]
			},
			{
				"name": "fbe32737_fadf_468f_9ff1_b1697aa709fe",
				"parent": "66f20799_c9dc_49f1_9576_9a85d96a0f62",
				"pivot": [1.41459, 14.37802, 0.75445],
				"rotation": [-20.87, -18.26, 54.78],
				"cubes": [
					{"origin": [1.71459, 14.37802, -0.74555], "size": [3, 2, 3], "uv": [61, 69]}
				]
			},
			{
				"name": "6204515f_1a87_43b0_9714_0a12f0156dbd",
				"parent": "66f20799_c9dc_49f1_9576_9a85d96a0f62",
				"pivot": [-1.32028, 14.0951, 0],
				"rotation": [18.26, -2.61, -52.17],
				"cubes": [
					{"origin": [-4.62028, 14.0951, -1], "size": [3, 2, 3], "uv": [25, 69]}
				]
			},
			{
				"name": "c854c12b_a7d5_4536_a0af_badd66b64cb2",
				"parent": "66f20799_c9dc_49f1_9576_9a85d96a0f62",
				"pivot": [-1.41459, 14.37802, 0.75445],
				"rotation": [-20.87, 18.26, -54.78],
				"cubes": [
					{"origin": [-4.71459, 14.37802, -0.74555], "size": [3, 2, 3], "uv": [37, 69]}
				]
			},
			{
				"name": "7d9e3ba4_3c96_4dd2_82cb_a8bbf129735c",
				"parent": "66f20799_c9dc_49f1_9576_9a85d96a0f62",
				"pivot": [0, 13.15204, 0.28292],
				"rotation": [-28.7, 0, 0],
				"cubes": [
					{"origin": [-4, 13.15204, 0.28292], "size": [8, 2, 3], "uv": [0, 77]}
				]
			},
			{
				"name": "9a31df14_e2e5_43ec_9278_3651a18cb1b8",
				"parent": "66f20799_c9dc_49f1_9576_9a85d96a0f62",
				"pivot": [0, 14.0951, 0.47153],
				"rotation": [-44.7, 0, 0],
				"cubes": [
					{"origin": [-3.5, 15.0951, 0.47153], "size": [7, 1, 3], "uv": [50, 64]}
				]
			},
			{
				"name": "484eceb4_27ff_45d4_baef_e014cdb6a998",
				"parent": "body",
				"pivot": [0, 16.82998, -0.18861],
				"cubes": [
					{"origin": [0, 16.82998, -0.18861], "size": [0, 0, 0], "uv": [0, 0]}
				]
			},
			{
				"name": "8af0a498_bd98_411d_8393_5b452a5b9035",
				"parent": "484eceb4_27ff_45d4_baef_e014cdb6a998",
				"pivot": [0, 14.56663, 0.28292],
				"cubes": [
					{"origin": [0, 14.56663, 0.28292], "size": [0, 0, 0], "uv": [0, 0]}
				]
			},
			{
				"name": "770fb07d_3826_49d0_a662_b29b784cce11",
				"parent": "8af0a498_bd98_411d_8393_5b452a5b9035",
				"pivot": [0, 16.92428, -0.09431],
				"rotation": [-0.69, 0, 0],
				"cubes": [
					{"origin": [-1.5, 17.12428, -1.89431], "size": [3, 2, 2], "uv": [30, 27], "inflate": 0.01}
				]
			},
			{
				"name": "c26b33ac_6a2f_4747_a1fa_857ffabf38a6",
				"parent": "8af0a498_bd98_411d_8393_5b452a5b9035",
				"pivot": [0.56584, 20.50791, 0.37722],
				"rotation": [-11.94, 0.83, -9.01],
				"cubes": [
					{"origin": [-1.93416, 17.50791, -1.12278], "size": [2, 3, 2], "uv": [16, 21]}
				]
			},
			{
				"name": "404b9809_446a_4039_8c7f_ac36f3515a35",
				"parent": "8af0a498_bd98_411d_8393_5b452a5b9035",
				"pivot": [-0.56584, 20.50791, 0.37722],
				"rotation": [-11.94078, -0.83, 9.01],
				"mirror": true,
				"cubes": [
					{"origin": [-0.06584, 17.50791, -1.12278], "size": [2, 3, 2], "uv": [24, 21]}
				]
			},
			{
				"name": "d2c5ae47_3800_47e9_9fca_bda3df015326",
				"parent": "8af0a498_bd98_411d_8393_5b452a5b9035",
				"pivot": [-1.13167, 20.69652, -0.89591],
				"rotation": [-55.17178, 6, 0],
				"mirror": true,
				"cubes": [
					{"origin": [-1.83167, 18.19652, -1.44591], "size": [2, 3, 2], "uv": [16, 16]}
				]
			},
			{
				"name": "bb9f16ce_c26d_4d07_b825_3c2b935aefae",
				"parent": "8af0a498_bd98_411d_8393_5b452a5b9035",
				"pivot": [1.13167, 20.69652, -0.89591],
				"rotation": [-55.17178, -6, 0],
				"cubes": [
					{"origin": [-0.16833, 18.19652, -1.44591], "size": [2, 3, 2], "uv": [24, 16]}
				]
			},
			{
				"name": "153fd5e9_4627_436e_bf26_70f64bad3a3b",
				"parent": "8af0a498_bd98_411d_8393_5b452a5b9035",
				"pivot": [0.73276, 21.04281, -0.40099],
				"rotation": [-55.40513, -5, 0],
				"cubes": [
					{"origin": [-0.76724, 18.04281, -1.65099], "size": [3, 3, 3], "uv": [27, 89], "inflate": -0.2},
					{"origin": [-0.76724, 18.04281, -1.65099], "size": [3, 3, 3], "uv": [39, 89], "inflate": -0.4}
				]
			},
			{
				"name": "f0163872_4c2d_4019_937d_29f43ec6cda8",
				"parent": "8af0a498_bd98_411d_8393_5b452a5b9035",
				"pivot": [-0.73276, 21.04281, -0.40099],
				"rotation": [-55.40513, 5, 0],
				"mirror": true,
				"cubes": [
					{"origin": [-2.23276, 18.04281, -1.65099], "size": [3, 3, 3], "uv": [27, 95], "inflate": -0.2},
					{"origin": [-2.23276, 18.04281, -1.65099], "size": [3, 3, 3], "uv": [39, 95], "inflate": -0.4}
				]
			},
			{
				"name": "f2457d06_fe83_4616_87ea_f1779cc653d8",
				"parent": "8af0a498_bd98_411d_8393_5b452a5b9035",
				"pivot": [0, 21.96965, 0.2335],
				"rotation": [0.18282, 0, 0],
				"cubes": [
					{"origin": [-1, 20.46965, -0.7665], "size": [2, 4, 2], "uv": [28, 41], "inflate": -0.2}
				]
			},
			{
				"name": "5cd6094d_1d9a_4627_a174_973bf13d280e",
				"parent": "8af0a498_bd98_411d_8393_5b452a5b9035",
				"pivot": [0, 19.56485, -0.09431],
				"rotation": [-2.04, 0, 0],
				"cubes": [
					{"origin": [-2, 19.86485, -0.99431], "size": [4, 2, 2], "uv": [48, 28]}
				]
			},
			{
				"name": "3cf25492_937d_46b7_a864_060fb58c2674",
				"parent": "8af0a498_bd98_411d_8393_5b452a5b9035",
				"pivot": [0, 19.28193, -1.69751],
				"rotation": [-17, 0, 0],
				"cubes": [
					{"origin": [-1.5, 18.98193, -1.70751], "size": [3, 3, 1], "uv": [56, 20], "inflate": 0.02}
				]
			},
			{
				"name": "e88c9fb4_d4be_4709_b083_98b9fb5cf873",
				"parent": "8af0a498_bd98_411d_8393_5b452a5b9035",
				"pivot": [0, 21.63958, 0.28292],
				"cubes": [
					{"origin": [-4.5, 16.63958, -1.71708], "size": [9, 5, 4], "uv": [102, 54]}
				]
			},
			{
				"name": "d4ccffc4_9281_42be_b68f_c167392e1641",
				"parent": "e88c9fb4_d4be_4709_b083_98b9fb5cf873",
				"pivot": [0, 21.16805, 0.28292],
				"rotation": [-17.35, 0, 0],
				"cubes": [
					{"origin": [-4, 15.91805, -1.71708], "size": [8, 5, 4], "uv": [104, 63]}
				]
			},
			{
				"name": "7921de68_94dc_4df0_b8a9_56f9d0c2c27b",
				"parent": "e88c9fb4_d4be_4709_b083_98b9fb5cf873",
				"pivot": [0, 21.35667, 0.56584],
				"rotation": [11.14, 0, 0],
				"cubes": [
					{"origin": [-4, 16.35667, -1.23416], "size": [8, 5, 4], "uv": [104, 72]}
				]
			},
			{
				"name": "legLeft",
				"pivot": [-1.65036, 14.56664, -0.00308],
				"cubes": [
					{"origin": [-2.05036, 7.36664, -1.30308], "size": [1, 7, 1], "uv": [0, 33]}
				]
			},
			{
				"name": "b115b70c_ca70_4cd7_89ae_f52cf841e329",
				"parent": "legLeft",
				"pivot": [-1.74466, 8.01237, 0.08745],
				"cubes": [
					{"origin": [-2.74466, 8.71237, -0.96255], "size": [0, 0, 0], "uv": [0, 0]}
				]
			},
			{
				"name": "59d46a81_b2c9_47fa_8455_19662f21a9ee",
				"parent": "b115b70c_ca70_4cd7_89ae_f52cf841e329",
				"pivot": [-2.12189, 0.84511, 0.69101],
				"cubes": [
					{"origin": [-3.02189, -0.15489, -2.30899], "size": [2, 1, 4], "uv": [22, 27]}
				]
			},
			{
				"name": "5f9fb67b_8bce_4454_a441_4b8c759c02ed",
				"parent": "b115b70c_ca70_4cd7_89ae_f52cf841e329",
				"pivot": [-1.74466, 8.01237, 0.08745],
				"rotation": [5, -9, 1.72],
				"cubes": [
					{"origin": [-2.74466, -0.18763, -0.96255], "size": [2, 9, 2], "uv": [0, 41], "inflate": -0.08}
				]
			},
			{
				"name": "3badc3ca_f7b3_463a_b8cf_036048fee908",
				"parent": "5f9fb67b_8bce_4454_a441_4b8c759c02ed",
				"pivot": [-1.74466, 6.40916, 0.61556],
				"rotation": [26.74617, 0, 0],
				"cubes": [
					{"origin": [-2.74466, 6.00916, 0.51556], "size": [2, 2, 1], "uv": [8, 41], "inflate": -0.08}
				]
			},
			{
				"name": "ee33400e_a53e_4a0d_aa49_f338c9d3f6a1",
				"parent": "5f9fb67b_8bce_4454_a441_4b8c759c02ed",
				"pivot": [-1.74466, 6.64493, 0.61556],
				"rotation": [-11.18146, 0, 0],
				"cubes": [
					{"origin": [-2.74466, 1.64493, 0.61556], "size": [2, 5, 1], "uv": [8, 44], "inflate": -0.08}
				]
			},
			{
				"name": "d5019184_601e_4162_b015_0c2b981c05bb",
				"parent": "legLeft",
				"pivot": [-0.75445, 13.2935, 0.90225],
				"rotation": [-1.1, 1.29, -5],
				"cubes": [
					{"origin": [-2.75445, 7.6435, -1.49775], "size": [1, 7, 2], "uv": [22, 32]}
				]
			},
			{
				"name": "96542770_2e5b_4f73_ae1b_002385711b77",
				"parent": "legLeft",
				"pivot": [-0.75445, 13.2935, 0.90225],
				"rotation": [-1.1, 1.29, -5],
				"cubes": [
					{"origin": [-2.75445, 7.6435, -1.49775], "size": [1, 7, 2], "uv": [22, 32]}
				]
			},
			{
				"name": "e10c7501_23e6_4942_8635_fbeb22cb1275",
				"parent": "legLeft",
				"pivot": [-1.65036, 14.56664, -0.00308],
				"rotation": [0, -5.25, 4.83],
				"cubes": [
					{"origin": [-1.35036, 7.36664, -1.30308], "size": [1, 7, 2], "uv": [16, 32]}
				]
			},
			{
				"name": "3b7991a0_fdcd_4edc_9c20_e05f6846dc62",
				"parent": "legLeft",
				"pivot": [-1.36744, 9.09688, -0.68209],
				"rotation": [-10.09, 4.41, -4],
				"cubes": [
					{"origin": [-2.46744, 8.09688, -0.83209], "size": [1, 7, 2], "uv": [28, 32]}
				]
			},
			{
				"name": "d63e160b_4d86_42bd_ad56_c292114c0067",
				"parent": "legLeft",
				"pivot": [-1.36744, 9.09688, -0.68209],
				"rotation": [-9.44966, 2.52, 2.61],
				"cubes": [
					{"origin": [-1.96744, 8.09688, -0.83209], "size": [1, 7, 2], "uv": [34, 32]}
				]
			},
			{
				"name": "legRight",
				"pivot": [1.65036, 14.56664, -0.00308],
				"mirror": true,
				"cubes": [
					{"origin": [0.95036, 7.36664, -1.30308], "size": [1, 7, 1], "uv": [4, 33]}
				]
			},
			{
				"name": "04c867bd_0704_4b14_b887_1791d99ee642",
				"parent": "legRight",
				"pivot": [1.74466, 8.01237, 0.08745],
				"mirror": true,
				"cubes": [
					{"origin": [0.74466, 8.71237, -0.96255], "size": [0, 0, 0], "uv": [0, 0]}
				]
			},
			{
				"name": "781c2e8f_7bbc_4282_bad0_70c72c664561",
				"parent": "04c867bd_0704_4b14_b887_1791d99ee642",
				"pivot": [2.12189, 0.84511, 0.69101],
				"mirror": true,
				"cubes": [
					{"origin": [1.02189, -0.15489, -2.30899], "size": [2, 1, 4], "uv": [36, 27]}
				]
			},
			{
				"name": "001303b8_44fe_46ba_9f35_4c2ea20860cd",
				"parent": "04c867bd_0704_4b14_b887_1791d99ee642",
				"pivot": [1.74466, 8.01237, 0.08745],
				"rotation": [5, 9, -1.72],
				"mirror": true,
				"cubes": [
					{"origin": [0.74466, -0.18763, -0.96255], "size": [2, 9, 2], "uv": [14, 41], "inflate": -0.08}
				]
			},
			{
				"name": "734cf391_b128_45fc_9260_f1f507ca3276",
				"parent": "001303b8_44fe_46ba_9f35_4c2ea20860cd",
				"pivot": [1.74466, 6.40916, 0.61556],
				"rotation": [26.74617, 0, 0],
				"mirror": true,
				"cubes": [
					{"origin": [0.74466, 6.00916, 0.51556], "size": [2, 2, 1], "uv": [22, 41], "inflate": -0.08}
				]
			},
			{
				"name": "e6bc08bb_59dc_4dc7_a479_6fc6459e05fa",
				"parent": "001303b8_44fe_46ba_9f35_4c2ea20860cd",
				"pivot": [1.74466, 6.64493, 0.61556],
				"rotation": [-11.18146, 0, 0],
				"mirror": true,
				"cubes": [
					{"origin": [0.74466, 1.64493, 0.61556], "size": [2, 5, 1], "uv": [22, 44], "inflate": -0.08}
				]
			},
			{
				"name": "903be905_574e_4c1d_b107_b4401ad2cab9",
				"parent": "legRight",
				"pivot": [0.75445, 13.2935, 0.90225],
				"rotation": [-1.1, -1.29, 5],
				"mirror": true,
				"cubes": [
					{"origin": [1.75445, 7.6435, -1.49775], "size": [1, 7, 2], "uv": [46, 32]}
				]
			},
			{
				"name": "c2ef9f3f_87f8_4c43_9ba3_7175398cd345",
				"parent": "legRight",
				"pivot": [0.75445, 13.2935, 0.90225],
				"rotation": [-1.1, -1.29, 5],
				"mirror": true,
				"cubes": [
					{"origin": [1.75445, 7.6435, -1.49775], "size": [1, 7, 2], "uv": [46, 32]}
				]
			},
			{
				"name": "e742b22d_93ba_485d_aa59_3d1a553671bb",
				"parent": "legRight",
				"pivot": [1.65036, 14.56664, -0.00308],
				"rotation": [0, 5.25, -4.83],
				"cubes": [
					{"origin": [0.35036, 7.36664, -1.30308], "size": [1, 7, 2], "uv": [40, 32]}
				]
			},
			{
				"name": "7624a57f_448e_4c92_b490_fd0c65608a42",
				"parent": "legRight",
				"pivot": [1.36744, 9.09688, -0.68209],
				"rotation": [-10.09, -4.41, 4],
				"mirror": true,
				"cubes": [
					{"origin": [1.46744, 8.09688, -0.83209], "size": [1, 7, 2], "uv": [52, 32]}
				]
			},
			{
				"name": "f19f6871_57cd_4b8d_b1c3_88422b9667c6",
				"parent": "legRight",
				"pivot": [1.36744, 9.09688, -0.68209],
				"rotation": [-9.45, -2.52, -2.61],
				"mirror": true,
				"cubes": [
					{"origin": [0.96744, 8.09688, -0.83209], "size": [1, 7, 2], "uv": [58, 32]}
				]
			},
			{
				"name": "backpackPositioningBone",
				"pivot": [0, 21, 0]
			}
		]
	}
}