{
	"format_version": "1.10.0",
	"geometry.model": {
		"texturewidth": 128,
		"textureheight": 64,
		"visible_bounds_width": 3,
		"visible_bounds_height": 4,
		"visible_bounds_offset": [0, 1, 0],
		"bones": [
			{
				"name": "head",
				"pivot": [0, 20.92867, 0.01667],
				"rotation": [1, 0, 0],
				"mirror": true,
				"cubes": [
					{"origin": [-4, 20.92867, -3.98333], "size": [8, 8, 8], "uv": [16, 0]},
					{"origin": [-4, 16.92867, -3.98333], "size": [8, 12, 8], "uv": [0, 44], "inflate": 0.3},
					{"origin": [-2, 24.12867, 4.01667], "size": [4, 4, 2], "uv": [32, 58]},
					{"origin": [-5, 24.92867, 0.21667], "size": [1, 3, 3], "uv": [32, 52]},
					{"origin": [4, 24.92867, 0.21667], "size": [1, 3, 3], "uv": [40, 52]}
				]
			},
			{
				"name": "c2abb551_b955_47f8_8636_ca09b3db7543",
				"parent": "head",
				"pivot": [2.8256, 26.93307, 0.01667],
				"rotation": [0, 0, -17.3972],
				"cubes": [
					{"origin": [2.8256, 16.93307, -4.98333], "size": [0, 10, 10], "uv": [52, 42]}
				]
			},
			{
				"name": "092583df_7304_4133_a027_b8e8950a1d2b",
				"parent": "head",
				"pivot": [-2.8256, 26.93307, 0.01667],
				"rotation": [0, 0, 17.3972],
				"cubes": [
					{"origin": [-2.8256, 16.93307, -4.98333], "size": [0, 10, 10], "uv": [32, 32]}
				]
			},
			{
				"name": "1d9058bd_ed62_40f1_9579_d84a099a4a5c",
				"parent": "head",
				"pivot": [-2.1192, 23.75427, 2.13587],
				"rotation": [40, 26.09, 24.07],
				"mirror": true,
				"cubes": [
					{"origin": [-4.1192, 21.75427, 1.13587], "size": [3, 3, 2], "uv": [118, 59]}
				]
			},
			{
				"name": "875921fd_c77d_48dc_b81f_520a12d030fc",
				"parent": "1d9058bd_ed62_40f1_9579_d84a099a4a5c",
				"pivot": [-2.93156, 22.94191, 2.13587],
				"rotation": [-7.83, 0, -13.04],
				"cubes": [
					{"origin": [-5.23156, 20.64191, 1.13587], "size": [3, 3, 2], "uv": [118, 59], "inflate": -0.05}
				]
			},
			{
				"name": "2bf58906_2a5d_45ca_95f9_589523731298",
				"parent": "875921fd_c77d_48dc_b81f_520a12d030fc",
				"pivot": [-3.84988, 22.02359, 2.13587],
				"rotation": [-10.43, 0, -18.26],
				"mirror": true,
				"cubes": [
					{"origin": [-6.14988, 19.72359, 1.13587], "size": [3, 3, 2], "uv": [118, 59], "inflate": -0.1}
				]
			},
			{
				"name": "65f8daff_94d6_4f54_aa98_575d3fa5622b",
				"parent": "2bf58906_2a5d_45ca_95f9_589523731298",
				"pivot": [-4.73288, 21.14059, 2.13587],
				"rotation": [-5, 0, -15.65],
				"cubes": [
					{"origin": [-7.03288, 18.84059, 1.13587], "size": [3, 3, 2], "uv": [118, 59], "inflate": -0.15}
				]
			},
			{
				"name": "9c8fff49_c5e5_4e84_a237_a2887c9f5579",
				"parent": "65f8daff_94d6_4f54_aa98_575d3fa5622b",
				"pivot": [-5.50992, 20.36355, 2.13587],
				"rotation": [-7.83, 0, -10.43],
				"mirror": true,
				"cubes": [
					{"origin": [-7.80992, 18.06355, 1.13587], "size": [3, 3, 2], "uv": [118, 59], "inflate": -0.2}
				]
			},
			{
				"name": "eb84fcb6_30cf_40e2_9778_47f27237d08a",
				"parent": "9c8fff49_c5e5_4e84_a237_a2887c9f5579",
				"pivot": [-6.181, 19.69247, 2.13587],
				"rotation": [-7.83, 0, -15.65],
				"cubes": [
					{"origin": [-8.481, 17.39247, 1.13587], "size": [3, 3, 2], "uv": [118, 59], "inflate": -0.25}
				]
			},
			{
				"name": "581ae0b5_ddf9_488e_8fb5_ee8dab63146e",
				"parent": "eb84fcb6_30cf_40e2_9778_47f27237d08a",
				"pivot": [-7.38188, 19.19799, 2.13587],
				"rotation": [-7.83, 15.65, -39.13],
				"cubes": [
					{"origin": [-7.38188, 17.19799, 0.13587], "size": [2, 2, 4], "uv": [61, 32]}
				]
			},
			{
				"name": "b3dcc184_e454_4cc5_9e35_530c58addd81",
				"parent": "eb84fcb6_30cf_40e2_9778_47f27237d08a",
				"pivot": [-7.27592, 18.59755, 2.13587],
				"rotation": [0, -20.32, 45],
				"cubes": [
					{"origin": [-8.77592, 17.59755, 1.13587], "size": [3, 2, 2], "uv": [18, 33]}
				]
			},
			{
				"name": "4c9c972f_f5aa_4a55_a6ec_a8a15f3f3bb5",
				"parent": "b3dcc184_e454_4cc5_9e35_530c58addd81",
				"pivot": [-7.27592, 17.78519, 2.13587],
				"rotation": [19.05, -24.76, -9.52],
				"cubes": [
					{"origin": [-8.77592, 15.78519, 0.63587], "size": [3, 3, 3], "uv": [106, 58]}
				]
			},
			{
				"name": "d1f56e59_104a_433c_b724_4da612c62016",
				"parent": "head",
				"pivot": [2.1192, 23.75427, 2.13587],
				"rotation": [40, -26.09, -24.07],
				"mirror": true,
				"cubes": [
					{"origin": [1.1192, 21.75427, 1.13587], "size": [3, 3, 2], "uv": [118, 59]}
				]
			},
			{
				"name": "5bcabfe7_b72a_4936_bb66_110b3178fc98",
				"parent": "d1f56e59_104a_433c_b724_4da612c62016",
				"pivot": [2.93156, 22.94191, 2.13587],
				"rotation": [-7.83, 0, 13.04],
				"cubes": [
					{"origin": [2.23156, 20.64191, 1.13587], "size": [3, 3, 2], "uv": [118, 59], "inflate": -0.05}
				]
			},
			{
				"name": "e69f75da_36e9_4942_9d4b_2b938a71065e",
				"parent": "5bcabfe7_b72a_4936_bb66_110b3178fc98",
				"pivot": [2.93156, 22.23551, 2.13587],
				"rotation": [-2.61, 7.83, -39.13],
				"cubes": [
					{"origin": [2.43156, 20.23551, 0.33587], "size": [2, 2, 4], "uv": [69, 35]}
				]
			},
			{
				"name": "841dd7f3_4268_4721_aa24_c79c871724bb",
				"parent": "5bcabfe7_b72a_4936_bb66_110b3178fc98",
				"pivot": [3.84988, 22.02359, 2.13587],
				"rotation": [-10.43, 0, 18.26],
				"mirror": true,
				"cubes": [
					{"origin": [3.14988, 19.72359, 1.13587], "size": [3, 3, 2], "uv": [118, 59], "inflate": -0.1}
				]
			},
			{
				"name": "0f6b3210_829c_49a4_88b0_d6db3529c96d",
				"parent": "841dd7f3_4268_4721_aa24_c79c871724bb",
				"pivot": [4.73288, 21.14059, 2.13587],
				"rotation": [-5, 0, 15.65],
				"cubes": [
					{"origin": [4.03288, 18.84059, 1.13587], "size": [3, 3, 2], "uv": [118, 59], "inflate": -0.15}
				]
			},
			{
				"name": "a873d8b8_b23d_4441_92bb_52ba737905c1",
				"parent": "0f6b3210_829c_49a4_88b0_d6db3529c96d",
				"pivot": [5.50992, 20.36355, 2.13587],
				"rotation": [-7.83, 0, 10.43],
				"mirror": true,
				"cubes": [
					{"origin": [4.80992, 18.06355, 1.13587], "size": [3, 3, 2], "uv": [118, 59], "inflate": -0.2}
				]
			},
			{
				"name": "b448fb82_584f_4a0c_9a77_e0a6404aff7d",
				"parent": "a873d8b8_b23d_4441_92bb_52ba737905c1",
				"pivot": [6.181, 19.69247, 2.13587],
				"rotation": [-7.83, 0, 15.65],
				"mirror": true,
				"cubes": [
					{"origin": [5.481, 17.39247, 1.13587], "size": [3, 3, 2], "uv": [118, 59], "inflate": -0.25}
				]
			},
			{
				"name": "6225ebb3_8901_4b13_8898_c32b920d6cb3",
				"parent": "b448fb82_584f_4a0c_9a77_e0a6404aff7d",
				"pivot": [7.27592, 18.59755, 2.13587],
				"rotation": [0, 20.32, -45],
				"cubes": [
					{"origin": [5.77592, 17.59755, 1.13587], "size": [3, 2, 2], "uv": [6, 37]}
				]
			},
			{
				"name": "af928a57_cc59_411e_839b_de1718aa37b3",
				"parent": "6225ebb3_8901_4b13_8898_c32b920d6cb3",
				"pivot": [7.27592, 17.78519, 2.13587],
				"rotation": [19.05, 24.76, 9.52],
				"cubes": [
					{"origin": [5.77592, 15.78519, 0.63587], "size": [3, 3, 3], "uv": [106, 58]}
				]
			},
			{
				"name": "9e086714_214e_4f1b_900d_d1963db9194b",
				"parent": "head",
				"pivot": [-1.27152, 26.57987, -1.39613],
				"rotation": [12.38, 15, -6.19],
				"cubes": [
					{"origin": [-2.45281, 28.54403, -1.03974], "size": [2, 6, 1], "uv": [29, 31]}
				]
			},
			{
				"name": "6277e414_27c6_47a7_951c_09b6bca29261",
				"parent": "9e086714_214e_4f1b_900d_d1963db9194b",
				"pivot": [-1.27152, 26.88892, -1.39613],
				"rotation": [25, -5, -28],
				"cubes": [
					{"origin": [-2.57152, 25.88892, -2.39613], "size": [2, 2, 1], "uv": [103, 35]}
				]
			},
			{
				"name": "f79ecc23_3bcd_4234_9426_c62c66fe6403",
				"parent": "head",
				"pivot": [1.27152, 26.57987, -1.39613],
				"rotation": [12.38, -15, 6.19],
				"cubes": [
					{"origin": [0.45281, 28.54403, -1.03974], "size": [2, 6, 1], "uv": [110, 30]}
				]
			},
			{
				"name": "fd2d034d_c8e4_4445_9a71_b21ecf307a55",
				"parent": "f79ecc23_3bcd_4234_9426_c62c66fe6403",
				"pivot": [1.27152, 26.88892, -1.39613],
				"rotation": [25, 5, 28],
				"cubes": [
					{"origin": [0.57152, 25.88892, -2.39613], "size": [2, 2, 1], "uv": [104, 32]}
				]
			},
			{
				"name": "_bink",
				"parent": "head",
				"pivot": [0, 20.92867, 0.01667],
				"cubes": [
					{"origin": [-4, 20.89849, -3.98447], "size": [8, 8, 0], "uv": [16, 44], "inflate": 0.001}
				]
			},
			{
				"name": "armLeft",
				"pivot": [1.98675, 19.61699, 0.22075],
				"rotation": [2.693, 0, -23.19929],
				"mirror": true,
				"cubes": [
					{"origin": [1.28978, 14.15793, -0.80084], "size": [2, 6, 2], "uv": [29, 16], "inflate": -0.2}
				]
			},
			{
				"name": "bfa6881a_71e9_4173_8bdb_201c25cc3ab1",
				"parent": "armLeft",
				"pivot": [2.23128, 14.83123, 0.64066],
				"rotation": [-5.72958, 0, -11.45916],
				"mirror": true,
				"cubes": [
					{"origin": [1.23128, 9.63123, -0.85934], "size": [2, 6, 2], "uv": [88, 21], "inflate": -0.25}
				]
			},
			{
				"name": "e6e52a39_2a57_4336_b108_336598163f22",
				"parent": "bfa6881a_71e9_4173_8bdb_201c25cc3ab1",
				"pivot": [1.78978, 12.62373, -0.24234]
			},
			{
				"name": "1bc2c465_b517_43c0_bca1_dcf9490fd753",
				"parent": "bfa6881a_71e9_4173_8bdb_201c25cc3ab1",
				"pivot": [5.32178, 3.83123, 6.64066],
				"rotation": [-44.82822, 0, 0]
			},
			{
				"name": "e7438d4c_0edd_4b99_b131_8547a32efb2d",
				"parent": "bfa6881a_71e9_4173_8bdb_201c25cc3ab1",
				"pivot": [2.23128, 12.00563, 0.19916],
				"cubes": [
					{"origin": [1.23128, 11.00563, -0.80084], "size": [2, 1, 2], "uv": [69, 5], "inflate": 0.15}
				]
			},
			{
				"name": "f825e3ff_3407_453e_b90a_183bdabd7496",
				"parent": "armLeft",
				"pivot": [1.78978, 17.39193, 0.19916],
				"cubes": [
					{"origin": [1.28978, 15.99193, -0.80084], "size": [2, 2, 2], "uv": [89, 5], "inflate": 0.1}
				]
			},
			{
				"name": "armLeftPositioningBone",
				"parent": "armLeft",
				"pivot": [2.98675, 10.61699, -0.27925]
			},
			{
				"name": "armRight",
				"pivot": [-1.98675, 19.61699, 0.22075],
				"rotation": [3.03657, 0, 23.19929],
				"cubes": [
					{"origin": [-3.28978, 14.15807, -0.80359], "size": [2, 6, 2], "uv": [0, 15], "inflate": -0.2}
				]
			},
			{
				"name": "274f3600_ad3a_4c30_b00c_3e6de023f35a",
				"parent": "armRight",
				"pivot": [-2.23128, 14.83137, 0.63791],
				"rotation": [-5.72958, 0, 11.45916],
				"cubes": [
					{"origin": [-3.23128, 9.63137, -0.86209], "size": [2, 6, 2], "uv": [118, 19], "inflate": -0.25}
				]
			},
			{
				"name": "5df62cb1_4ad4_4022_9a90_e6a5c4025087",
				"parent": "274f3600_ad3a_4c30_b00c_3e6de023f35a",
				"pivot": [-1.78978, 12.62387, -0.24509]
			},
			{
				"name": "0fe573db_270f_405f_b21b_e0f26efb7e79",
				"parent": "274f3600_ad3a_4c30_b00c_3e6de023f35a",
				"pivot": [-5.32178, 5.11837, 5.93591],
				"rotation": [-45.17178, 0, 0]
			},
			{
				"name": "211a9971_e377_4a52_ab14_d0dcb944d06e",
				"parent": "274f3600_ad3a_4c30_b00c_3e6de023f35a",
				"pivot": [-2.23128, 12.00577, 0.19641],
				"cubes": [
					{"origin": [-3.23128, 11.00577, -0.80359], "size": [2, 1, 2], "uv": [40, 5], "inflate": 0.15}
				]
			},
			{
				"name": "cb462c36_13df_4d5d_88a1_5dfc4d37299b",
				"parent": "armRight",
				"pivot": [-1.78978, 17.39207, 0.19641],
				"cubes": [
					{"origin": [-3.28978, 15.99207, -0.80359], "size": [2, 2, 2], "uv": [119, 3], "inflate": 0.1}
				]
			},
			{
				"name": "armRightPositioningBone",
				"parent": "armRight",
				"pivot": [-2.98675, 10.61699, -0.27925]
			},
			{
				"name": "body",
				"pivot": [0, 13.08169, 0],
				"rotation": [-0.15449, 0, 0],
				"cubes": [
					{"origin": [0, 13.08169, 0], "size": [0, 0, 0], "uv": [0, 0]}
				]
			},
			{
				"name": "4ed2935b_d632_4185_8219_3244bf8b0209",
				"parent": "body",
				"pivot": [0, 13.96469, 0],
				"cubes": [
					{"origin": [0, 13.96469, 0], "size": [0, 0, 0], "uv": [0, 0]}
				]
			},
			{
				"name": "185f42a5_bbe1_4699_9919_f9d20c4313d3",
				"parent": "4ed2935b_d632_4185_8219_3244bf8b0209",
				"pivot": [0, 11.75719, -0.7064],
				"rotation": [10, -5, 24.74],
				"cubes": [
					{"origin": [-3, 11.75719, -1.2064], "size": [3, 2, 3], "uv": [52, 0]}
				]
			},
			{
				"name": "f140a6b0_c57d_4bc3_b81a_dd706fc2b321",
				"parent": "4ed2935b_d632_4185_8219_3244bf8b0209",
				"pivot": [0, 11.75719, -0.7064],
				"rotation": [10, 5, -24.74],
				"mirror": true,
				"cubes": [
					{"origin": [0, 11.75719, -1.2064], "size": [3, 2, 3], "uv": [40, 0]}
				]
			},
			{
				"name": "6db70703_a4d7_446d_b8e5_56e72b739adb",
				"parent": "4ed2935b_d632_4185_8219_3244bf8b0209",
				"pivot": [-1.3245, 13.34659, 1.19205],
				"rotation": [13, -4, -6],
				"cubes": [
					{"origin": [-2.8245, 11.34659, 0.39205], "size": [3, 3, 2], "uv": [76, 0]}
				]
			},
			{
				"name": "23e88817_df05_4604_836c_11aeeb2f3db6",
				"parent": "4ed2935b_d632_4185_8219_3244bf8b0209",
				"pivot": [1.3245, 13.34659, 1.19205],
				"rotation": [13, 4, 6],
				"mirror": true,
				"cubes": [
					{"origin": [-0.1755, 11.34659, 0.39205], "size": [3, 3, 2], "uv": [86, 0]}
				]
			},
			{
				"name": "53832daa_80f4_4e77_ab9a_a0bd0b74d6b1",
				"parent": "4ed2935b_d632_4185_8219_3244bf8b0209",
				"pivot": [0, 12.9717, 0.43436],
				"rotation": [-1.57338, 0, 0],
				"cubes": [
					{"origin": [0, 12.9717, 0.43436], "size": [0, 0, 0], "uv": [0, 0]}
				]
			},
			{
				"name": "f98b9dbb_fe07_4b18_aa0a_d8f1e89ef2b3",
				"parent": "4ed2935b_d632_4185_8219_3244bf8b0209",
				"pivot": [-2.649, 13.61149, -0.7064],
				"rotation": [-7.83, -14.65, 116.11001],
				"cubes": [
					{"origin": [-5.649, 13.51149, -1.4064], "size": [3, 2, 3], "uv": [64, 0]}
				]
			},
			{
				"name": "830f399a_5eea_473a_85e5_4c306d5bc4cd",
				"parent": "4ed2935b_d632_4185_8219_3244bf8b0209",
				"pivot": [2.649, 13.61149, -0.7064],
				"rotation": [-7.83, 14.65, -116.11001],
				"mirror": true,
				"cubes": [
					{"origin": [2.649, 13.51149, -1.4064], "size": [3, 2, 3], "uv": [96, 0]}
				]
			},
			{
				"name": "11100051_b28d_4b3b_a49e_11505d4ed88c",
				"parent": "4ed2935b_d632_4185_8219_3244bf8b0209",
				"pivot": [0, 15.99559, -2.0309],
				"rotation": [12, 0, 0],
				"cubes": [
					{"origin": [-2, 12.99559, -2.0309], "size": [4, 3, 2], "uv": [108, 0]}
				]
			},
			{
				"name": "c8b14037_50e5_4637_89f1_1134bdcb8c4c",
				"parent": "4ed2935b_d632_4185_8219_3244bf8b0209",
				"pivot": [0, 13.96469, 1.766],
				"rotation": [30, 0, 0],
				"cubes": [
					{"origin": [-2, 13.76469, -0.034], "size": [4, 4, 2], "uv": [48, 5]}
				]
			},
			{
				"name": "ffb5a92e_eab5_4ead_9899_68f7801d99d0",
				"parent": "4ed2935b_d632_4185_8219_3244bf8b0209",
				"pivot": [0, 11.75719, -0.7064],
				"rotation": [10, -5, 24.74],
				"cubes": [
					{"origin": [-3, 11.75719, -1.2064], "size": [3, 2, 3], "uv": [52, 0]}
				]
			},
			{
				"name": "cd228add_9062_487f_aab6_07247bd61399",
				"parent": "4ed2935b_d632_4185_8219_3244bf8b0209",
				"pivot": [0, 11.75719, -0.7064],
				"rotation": [10, 5, -24.74],
				"mirror": true,
				"cubes": [
					{"origin": [0, 11.75719, -1.2064], "size": [3, 2, 3], "uv": [40, 0]}
				]
			},
			{
				"name": "8926f6d3_cf73_44c5_8ac0_b85b2035634c",
				"parent": "4ed2935b_d632_4185_8219_3244bf8b0209",
				"pivot": [0, 12.9717, 0.43436],
				"rotation": [-1.57338, 0, 0],
				"cubes": [
					{"origin": [0, 12.9717, 0.43436], "size": [0, 0, 0], "uv": [0, 0]}
				]
			},
			{
				"name": "196051d2_af9d_4329_ac13_7a24ad573126",
				"parent": "4ed2935b_d632_4185_8219_3244bf8b0209",
				"pivot": [-2.649, 13.61149, -0.7064],
				"rotation": [-7.83, -14.65, 116.11001],
				"cubes": [
					{"origin": [-5.649, 13.51149, -1.4064], "size": [3, 2, 3], "uv": [64, 0]}
				]
			},
			{
				"name": "0ebf1297_0334_4f40_b4f5_257021f5377d",
				"parent": "4ed2935b_d632_4185_8219_3244bf8b0209",
				"pivot": [2.649, 13.61149, -0.7064],
				"rotation": [-7.83, 14.65, -116.11001],
				"mirror": true,
				"cubes": [
					{"origin": [2.649, 13.51149, -1.4064], "size": [3, 2, 3], "uv": [96, 0]}
				]
			},
			{
				"name": "fc0a97c6_0c02_48b8_98ec_1c1e234259cb",
				"parent": "4ed2935b_d632_4185_8219_3244bf8b0209",
				"pivot": [0, 14.40619, 1.766],
				"rotation": [25, 0, 0],
				"cubes": [
					{"origin": [-1.5, 12.90619, 1.766], "size": [3, 3, 3], "uv": [16, 37]}
				]
			},
			{
				"name": "dfcb24d1_7388_4dc5_a70a_97b1ddc5e978",
				"parent": "4ed2935b_d632_4185_8219_3244bf8b0209",
				"pivot": [2.649, 13.52319, -0.5298],
				"rotation": [-2.61, 61.66, -39.13],
				"cubes": [
					{"origin": [1.649, 12.52319, -2.1298], "size": [2, 2, 4], "uv": [94, 5]}
				]
			},
			{
				"name": "1b5e7a06_b6f8_4703_9903_f19e4152b900",
				"parent": "4ed2935b_d632_4185_8219_3244bf8b0209",
				"pivot": [0, 15.28919, -0.1766],
				"rotation": [13, 0, 0],
				"cubes": [
					{"origin": [-3, 13.28919, -2.6266], "size": [6, 2, 5], "uv": [72, 5]}
				]
			},
			{
				"name": "f4e160aa_124f_40e8_9aa4_7d6a1982c1be",
				"parent": "1b5e7a06_b6f8_4703_9903_f19e4152b900",
				"pivot": [0, 14.62694, -0.1766],
				"rotation": [-5, 0, 0],
				"cubes": [
					{"origin": [-4, 12.62694, -2.8766], "size": [8, 2, 6], "uv": [42, 11]}
				]
			},
			{
				"name": "04d3dddc_1e74_4b32_8b9e_2413d41d5740",
				"parent": "f4e160aa_124f_40e8_9aa4_7d6a1982c1be",
				"pivot": [0, 13.74394, -0.1766],
				"rotation": [-0.5, 0, 0],
				"cubes": [
					{"origin": [-4.5, 11.74394, -3.6266], "size": [9, 2, 8], "uv": [86, 11]}
				]
			},
			{
				"name": "9636b8c5_1d46_43b9_aaaf_7c285f4937ef",
				"parent": "04d3dddc_1e74_4b32_8b9e_2413d41d5740",
				"pivot": [0, 12.86094, -0.1766],
				"rotation": [4, 0, 0],
				"cubes": [
					{"origin": [-5, 10.86094, -4.1266], "size": [10, 2, 9], "uv": [0, 16]}
				]
			},
			{
				"name": "afdf8ed2_6e59_4ac8_94ac_c5996ab161c6",
				"parent": "9636b8c5_1d46_43b9_aaaf_7c285f4937ef",
				"pivot": [0, 11.80134, -0.1766],
				"rotation": [5, 0, 0],
				"cubes": [
					{"origin": [-5.5, 9.80134, -4.4266], "size": [11, 2, 10], "uv": [28, 19]}
				]
			},
			{
				"name": "f3d31349_610b_4f59_88cb_9d09152529cb",
				"parent": "4ed2935b_d632_4185_8219_3244bf8b0209",
				"pivot": [-1.3245, 13.34659, 1.19205],
				"rotation": [13, -4, -6],
				"cubes": [
					{"origin": [-2.8245, 11.34659, 0.39205], "size": [3, 3, 2], "uv": [76, 0]}
				]
			},
			{
				"name": "508272fc_c5a7_4da0_936b_50a88a6cfd34",
				"parent": "4ed2935b_d632_4185_8219_3244bf8b0209",
				"pivot": [1.3245, 13.34659, 1.19205],
				"rotation": [13, 4, 6],
				"mirror": true,
				"cubes": [
					{"origin": [-0.1755, 11.34659, 0.39205], "size": [3, 3, 2], "uv": [86, 0]}
				]
			},
			{
				"name": "82018dab_eec4_4f73_bcde_1bfd2a4c4355",
				"parent": "body",
				"pivot": [0, 15.73069, -0.4415],
				"cubes": [
					{"origin": [0, 15.73069, -0.4415], "size": [0, 0, 0], "uv": [0, 0]}
				]
			},
			{
				"name": "a1ec14d0_a367_40b9_ab58_82d5c1e2feb9",
				"parent": "82018dab_eec4_4f73_bcde_1bfd2a4c4355",
				"pivot": [0, 13.61149, 0],
				"cubes": [
					{"origin": [0, 13.61149, 0], "size": [0, 0, 0], "uv": [0, 0]}
				]
			},
			{
				"name": "e3bc7465_4713_4352_be55_f86f5ccc53a5",
				"parent": "a1ec14d0_a367_40b9_ab58_82d5c1e2feb9",
				"pivot": [0, 15.99559, -0.7064],
				"cubes": [
					{"origin": [-2, 15.49559, -2.2064], "size": [4, 3, 2], "uv": [112, 10], "inflate": 0.01}
				]
			},
			{
				"name": "1f9dffc0_30b9_47ae_96fa_2dec75913c95",
				"parent": "e3bc7465_4713_4352_be55_f86f5ccc53a5",
				"pivot": [0, 17.76159, -2.0309],
				"rotation": [-6.87, 0, 0]
			},
			{
				"name": "6add999d_2992_4d65_a83f_3a6e665e18f5",
				"parent": "a1ec14d0_a367_40b9_ab58_82d5c1e2feb9",
				"pivot": [0.0883, 19.79249, 0],
				"rotation": [-10, 0, -16],
				"cubes": [
					{"origin": [-2.9117, 15.79249, -1.5], "size": [3, 4, 3], "uv": [70, 12]}
				]
			},
			{
				"name": "308065a0_5f6f_4dc0_8be3_40a8ea224a9c",
				"parent": "a1ec14d0_a367_40b9_ab58_82d5c1e2feb9",
				"pivot": [-0.0883, 19.79249, 0],
				"rotation": [-10, 0, 16],
				"mirror": true,
				"cubes": [
					{"origin": [-0.0883, 15.79249, -1.5], "size": [3, 4, 3], "uv": [82, 12]}
				]
			},
			{
				"name": "05ed19e5_321e_4b76_b882_fddcf7741499",
				"parent": "a1ec14d0_a367_40b9_ab58_82d5c1e2feb9",
				"pivot": [0, 19.79249, 0],
				"cubes": [
					{"origin": [-1, 18.29249, -1], "size": [2, 4, 2], "uv": [16, 0], "inflate": -0.15}
				]
			},
			{
				"name": "e94ecb1f_9434_4f82_8163_5232fce3f7bd",
				"parent": "a1ec14d0_a367_40b9_ab58_82d5c1e2feb9",
				"pivot": [0, 18.29139, -0.3532],
				"rotation": [-2.04, 0, 0],
				"cubes": [
					{"origin": [-2.5, 18.59139, -1.3532], "size": [5, 2, 3], "uv": [106, 5]}
				]
			},
			{
				"name": "bcd33d20_c1f0_4950_b27e_44fd4ec1842f",
				"parent": "a1ec14d0_a367_40b9_ab58_82d5c1e2feb9",
				"pivot": [0, 18.20309, -2.0309],
				"rotation": [-21.53, 0, 0],
				"cubes": [
					{"origin": [-2.5, 17.90309, -2.0309], "size": [5, 3, 3], "uv": [0, 9], "inflate": 0.01}
				]
			},
			{
				"name": "f0de17b2_c5af_4b8a_ba2e_c2036ca62c14",
				"parent": "a1ec14d0_a367_40b9_ab58_82d5c1e2feb9",
				"pivot": [0, 16.70199, 0.883],
				"rotation": [13.04, -23.8, 0],
				"cubes": [
					{"origin": [-1, 15.70199, 0.883], "size": [0, 2, 2], "uv": [0, 36]}
				]
			},
			{
				"name": "cc052643_1ccc_4ba3_9d02_76c525ceb92b",
				"parent": "a1ec14d0_a367_40b9_ab58_82d5c1e2feb9",
				"pivot": [0, 16.70199, 0.883],
				"rotation": [13.04, 23.8, 0],
				"mirror": true,
				"cubes": [
					{"origin": [1, 15.70199, 0.883], "size": [0, 2, 2], "uv": [0, 36]}
				]
			},
			{
				"name": "635b4e15_1b28_4ec3_8d51_cbd80d06a238",
				"parent": "a1ec14d0_a367_40b9_ab58_82d5c1e2feb9",
				"pivot": [0, 20.32229, 0],
				"rotation": [3, 0, 0],
				"cubes": [
					{"origin": [-2.5, 19.02229, -1.6], "size": [5, 2, 4], "uv": [60, 19], "inflate": 0.025}
				]
			},
			{
				"name": "963ef057_3c10_455c_8427_b03cd4efdeab",
				"parent": "635b4e15_1b28_4ec3_8d51_cbd80d06a238",
				"pivot": [-0.883, 20.14569, -1.4128],
				"rotation": [43.87, 10.43, 46.96],
				"cubes": [
					{"origin": [-1.383, 19.14569, -3.2128], "size": [1, 1, 2], "uv": [120, 0]}
				]
			},
			{
				"name": "4a4fa824_3014_4af5_8cba_4d524b621a95",
				"parent": "635b4e15_1b28_4ec3_8d51_cbd80d06a238",
				"pivot": [-0.2649, 19.96909, -1.4128],
				"rotation": [31.3, 10.43, 2.61],
				"cubes": [
					{"origin": [-0.7649, 18.96909, -3.2128], "size": [1, 1, 2], "uv": [102, 5]}
				]
			},
			{
				"name": "b6d49b12_f1d7_46a0_a976_268fa9e3a5d4",
				"parent": "a1ec14d0_a367_40b9_ab58_82d5c1e2feb9",
				"pivot": [-1.1479, 18.90949, -1.54525],
				"rotation": [-40, 10, 0],
				"cubes": [
					{"origin": [-2.0479, 17.40949, -2.09525], "size": [2, 2, 1], "uv": [49, 0]}
				]
			},
			{
				"name": "08b7a500_da8c_403d_8ca6_02b0c5675bc1",
				"parent": "a1ec14d0_a367_40b9_ab58_82d5c1e2feb9",
				"pivot": [1.1479, 18.90949, -1.54525],
				"rotation": [-40, -10, 0],
				"cubes": [
					{"origin": [0.0479, 17.40949, -2.09525], "size": [2, 2, 1], "uv": [61, 0]}
				]
			},
			{
				"name": "legLeft",
				"pivot": [1.3245, 12.7307, 0.16946],
				"mirror": true,
				"cubes": [
					{"origin": [0.3245, 6.5807, -1.33054], "size": [2, 7, 2], "uv": [0, 0]}
				]
			},
			{
				"name": "4fc18e13_fa41_4626_8494_f9dfa1f7bc3d",
				"parent": "legLeft",
				"pivot": [1.3245, 8.1742, -0.05129],
				"mirror": true,
				"cubes": [
					{"origin": [0.3245, -0.1258, -1.10129], "size": [2, 9, 2], "uv": [102, 21], "inflate": -0.08}
				]
			},
			{
				"name": "c7686d3c_7762_4b62_b708_5ac4a18929a2",
				"parent": "4fc18e13_fa41_4626_8494_f9dfa1f7bc3d",
				"pivot": [1.3245, 6.4965, 0.30191],
				"rotation": [22, 0, 0],
				"mirror": true,
				"cubes": [
					{"origin": [0.3245, 6.0965, 0.20191], "size": [2, 2, 1], "uv": [79, 12], "inflate": -0.08}
				]
			},
			{
				"name": "6c4e8e9b_535d_4f27_9a0f_4cad615faf4c",
				"parent": "4fc18e13_fa41_4626_8494_f9dfa1f7bc3d",
				"pivot": [1.3245, 6.62012, 0.30191],
				"rotation": [-8, 0, 0],
				"mirror": true,
				"cubes": [
					{"origin": [0.3245, 1.62012, 0.30191], "size": [2, 5, 1], "uv": [64, 11], "inflate": -0.08}
				]
			},
			{
				"name": "4a153ca0_c96f_4c65_94d7_e0779ebe2f90",
				"parent": "4fc18e13_fa41_4626_8494_f9dfa1f7bc3d",
				"pivot": [1.3245, 1.4634, 0.21361],
				"rotation": [3.31324, 0, 1],
				"mirror": true,
				"cubes": [
					{"origin": [0.33323, -0.03569, -2.01529], "size": [2, 1, 3], "uv": [112, 15]}
				]
			},
			{
				"name": "c2aa091f_59b9_4599_90b9_b9943964580a",
				"parent": "4fc18e13_fa41_4626_8494_f9dfa1f7bc3d",
				"pivot": [1.3245, 2.4347, -0.05129],
				"cubes": [
					{"origin": [0.3245, 1.4347, -1.05129], "size": [2, 1, 2], "uv": [119, 15], "inflate": 0.15}
				]
			},
			{
				"name": "9c200eda_c639_4e70_a12e_c69741d04c5c",
				"parent": "legLeft",
				"pivot": [1.3245, 8.5657, -0.71354],
				"rotation": [-11.26, 0, 4],
				"mirror": true,
				"cubes": [
					{"origin": [0.31752, 7.66354, -0.93302], "size": [2, 7, 2], "uv": [110, 21]}
				]
			},
			{
				"name": "b18580ff_619b_49e4_9826_12c70009f9d9",
				"parent": "legLeft",
				"pivot": [0.66225, 12.49505, 1.05246],
				"rotation": [0, -5, 5],
				"mirror": true,
				"cubes": [
					{"origin": [1.65357, 6.94467, -1.44678], "size": [1, 7, 2], "uv": [96, 21]}
				]
			},
			{
				"name": "legRight",
				"pivot": [-1.3245, 13.0817, 0.16946],
				"cubes": [
					{"origin": [-2.3245, 6.5817, -1.33054], "size": [2, 7, 2], "uv": [8, 0]}
				]
			},
			{
				"name": "9794efb0_cb30_4c21_a8a1_16c97722e8b0",
				"parent": "legRight",
				"pivot": [-1.3245, 8.2252, -0.05129],
				"cubes": [
					{"origin": [-2.3245, -0.0748, -1.10129], "size": [2, 9, 2], "uv": [0, 27], "inflate": -0.08}
				]
			},
			{
				"name": "2908f2f1_fe97_42bb_a17b_1c48cb5666f0",
				"parent": "9794efb0_cb30_4c21_a8a1_16c97722e8b0",
				"pivot": [-1.3245, 6.5475, 0.30191],
				"rotation": [22, 0, 0],
				"cubes": [
					{"origin": [-2.3245, 6.1475, 0.20191], "size": [2, 2, 1], "uv": [60, 25], "inflate": -0.08}
				]
			},
			{
				"name": "7458c41a_3a15_4ed1_8aef_856bc6bc5fdd",
				"parent": "9794efb0_cb30_4c21_a8a1_16c97722e8b0",
				"pivot": [-1.3245, 6.67112, 0.30191],
				"rotation": [-8, 0, 0],
				"cubes": [
					{"origin": [-2.3245, 1.67112, 0.30191], "size": [2, 5, 1], "uv": [16, 27], "inflate": -0.08}
				]
			},
			{
				"name": "fbd528f2_5dca_4e98_a719_33adebfafd62",
				"parent": "9794efb0_cb30_4c21_a8a1_16c97722e8b0",
				"pivot": [-1.3245, 1.5144, 0.21361],
				"rotation": [5, 0, -1],
				"cubes": [
					{"origin": [-2.33323, 0.01638, -2.02996], "size": [2, 1, 3], "uv": [115, 27]}
				]
			},
			{
				"name": "e5ef944a_57e5_4cd9_a2eb_e0e735a4b2ef",
				"parent": "9794efb0_cb30_4c21_a8a1_16c97722e8b0",
				"pivot": [-1.3245, 2.4857, -0.05129],
				"cubes": [
					{"origin": [-2.3245, 1.4857, -1.05129], "size": [2, 1, 2], "uv": [22, 29], "inflate": 0.15}
				]
			},
			{
				"name": "48b8f065_7831_4a85_970d_9dd95025b26a",
				"parent": "legRight",
				"pivot": [-1.3245, 8.6667, -0.71354],
				"rotation": [-11.26, 0, -4],
				"cubes": [
					{"origin": [-2.3245, 7.6667, -0.91354], "size": [2, 7, 2], "uv": [76, 26]}
				]
			},
			{
				"name": "ddf26632_6702_4173_b290_7fc83907a6cf",
				"parent": "legRight",
				"pivot": [-0.66225, 12.59605, 1.05246],
				"rotation": [0, 5, -5],
				"cubes": [
					{"origin": [-2.66225, 6.94605, -1.44754], "size": [1, 7, 2], "uv": [70, 25]}
				]
			},
			{
				"name": "3a1fb51a_0cd2_44f8_84ce_45d28b679f76",
				"parent": "legRight",
				"pivot": [-2.2075, 9.5497, 0.16946],
				"rotation": [0, 0, 16.78],
				"cubes": [
					{"origin": [-2.2075, 7.5497, -1.33054], "size": [0, 2, 3], "uv": [8, 27]}
				]
			},
			{
				"name": "backpackPositioningBone",
				"pivot": [0, 19.5, 0]
			}
		]
	}
}