{
	"format_version": "1.10.0",
	"geometry.model": {
		"texturewidth": 128,
		"textureheight": 64,
		"visible_bounds_width": 3,
		"visible_bounds_height": 4,
		"visible_bounds_offset": [0, 1, 0],
		"bones": [
			{
				"name": "head",
				"pivot": [0, 23.9, 0.006],
				"cubes": [
					{"origin": [0, 23.9, 0.006], "size": [0, 0, 0], "uv": [0, 0]}
				]
			},
			{
				"name": "bcf3ee62_000c_41a9_a8d1_dee87f483df1",
				"parent": "head",
				"pivot": [0, 23.9, 0.006],
				"cubes": [
					{"origin": [0, 26.9, 0.006], "size": [1, 1, 1], "uv": [77, 8], "inflate": -0.9},
					{"origin": [-4, 23.9, -3.994], "size": [8, 8, 8], "uv": [0, 0]},
					{"origin": [-4, 19.9, -3.994], "size": [8, 12, 8], "uv": [32, 0], "inflate": 0.3}
				]
			},
			{
				"name": "09e0eb1e_6c2b_4a31_aac9_d27913d6eb5d",
				"parent": "bcf3ee62_000c_41a9_a8d1_dee87f483df1",
				"pivot": [0, 25.7, 0.006]
			},
			{
				"name": "9c055be5_fa7f_4059_aa2e_f2ccf6b8675a",
				"parent": "bcf3ee62_000c_41a9_a8d1_dee87f483df1",
				"pivot": [0, 23.9, 0.006]
			},
			{
				"name": "d2eca491_d0bc_42b6_8666_4997fe016e7f",
				"parent": "bcf3ee62_000c_41a9_a8d1_dee87f483df1",
				"pivot": [0, 23.9, 0.006]
			},
			{
				"name": "af455eef_30a5_4365_8d6c_bf879c29d526",
				"parent": "bcf3ee62_000c_41a9_a8d1_dee87f483df1",
				"pivot": [0, 27.725, 1.806],
				"rotation": [5.15662, 0, 0]
			},
			{
				"name": "54c107c1_d2e8_4023_9b62_3497bc58c393",
				"parent": "bcf3ee62_000c_41a9_a8d1_dee87f483df1",
				"pivot": [-1.6875, 27.5, -1.821],
				"rotation": [-1.5, 7.5, 0]
			},
			{
				"name": "0540c226_f0f3_4d94_a941_77e6d0abff9d",
				"parent": "bcf3ee62_000c_41a9_a8d1_dee87f483df1",
				"pivot": [1.6875, 27.5, -1.821],
				"rotation": [-1.5, -7.5, 0]
			},
			{
				"name": "32a5c2e2_eb24_47f2_91af_3d2d4d080328",
				"parent": "bcf3ee62_000c_41a9_a8d1_dee87f483df1",
				"pivot": [3.8, 27.725, 0.006],
				"rotation": [0, 0, -17.18873],
				"cubes": [
					{"origin": [3.8, 17.725, -4.994], "size": [0, 10, 10], "uv": [88, 10]}
				]
			},
			{
				"name": "4c353d32_ce70_4231_a40e_842613d5059a",
				"parent": "bcf3ee62_000c_41a9_a8d1_dee87f483df1",
				"pivot": [0, 27.725, -1.93463],
				"rotation": [-2.5, 0, 0]
			},
			{
				"name": "a91de0dc_9259_47a2_ae83_75aa8ff03a7e",
				"parent": "bcf3ee62_000c_41a9_a8d1_dee87f483df1",
				"pivot": [1.575, 27.725, -1.812],
				"rotation": [-2.00535, 0, -0.09165]
			},
			{
				"name": "4678c5bc_5c7d_4983_b77a_9cc6d2fd42df",
				"parent": "bcf3ee62_000c_41a9_a8d1_dee87f483df1",
				"pivot": [-1.575, 27.725, -1.812],
				"rotation": [-2.00535, 0, 0.09165]
			},
			{
				"name": "8367881f_3da1_4988_a784_c998066a3020",
				"parent": "bcf3ee62_000c_41a9_a8d1_dee87f483df1",
				"pivot": [-1.575, 27.725, -1.82325],
				"rotation": [-2.57831, -3.72423, 0]
			},
			{
				"name": "36360700_f39a_4a7f_815f_48678edded74",
				"parent": "bcf3ee62_000c_41a9_a8d1_dee87f483df1",
				"pivot": [1.575, 27.725, -1.82325],
				"rotation": [-2.57831, -3.72423, 0]
			},
			{
				"name": "034f87d3_a0ab_41da_bdca_6f83ff3437cd",
				"parent": "bcf3ee62_000c_41a9_a8d1_dee87f483df1",
				"pivot": [-3.8, 27.725, 0.006],
				"rotation": [0, 0, 17.18873],
				"cubes": [
					{"origin": [-3.8, 17.725, -4.994], "size": [0, 10, 10], "uv": [88, 0]}
				]
			},
			{
				"name": "e9051843_caa7_44f4_bfd5_8e9d4a9d054b",
				"parent": "bcf3ee62_000c_41a9_a8d1_dee87f483df1",
				"pivot": [0, 23.9, 0.006]
			},
			{
				"name": "10db0d4a_f4fc_4b2a_bab7_01dae197709c",
				"parent": "bcf3ee62_000c_41a9_a8d1_dee87f483df1",
				"pivot": [0, 26.15, 1.806],
				"rotation": [37.24226, 0, 0],
				"cubes": [
					{"origin": [-4, 18.15, 0.806], "size": [8, 8, 1], "uv": [110, 21]}
				]
			},
			{
				"name": "91fbe761_340d_4604_b2be_1d4c60e9e9ef",
				"parent": "bcf3ee62_000c_41a9_a8d1_dee87f483df1",
				"pivot": [0, 27.365, -1.794],
				"rotation": [-9.13, 0, 9.66],
				"cubes": [
					{"origin": [-3, 22.365, -3.294], "size": [3, 6, 3], "uv": [76, 0]}
				]
			},
			{
				"name": "1db61bea_7ebe_4388_966e_08f5aa523b83",
				"parent": "bcf3ee62_000c_41a9_a8d1_dee87f483df1",
				"pivot": [-1.125, 27.23, -1.569],
				"rotation": [-5, 0, 3],
				"cubes": [
					{"origin": [-3.625, 22.23, -3.069], "size": [3, 6, 3], "uv": [64, 10]}
				]
			},
			{
				"name": "e14ad800_ae8b_4da9_a51c_26c1ded8c0e9",
				"parent": "bcf3ee62_000c_41a9_a8d1_dee87f483df1",
				"pivot": [-1.575, 27.05, -1.569],
				"rotation": [4, 0, -3.21],
				"cubes": [
					{"origin": [-4.075, 20.05, -2.569], "size": [3, 8, 2], "uv": [78, 17]}
				]
			},
			{
				"name": "265ba1d3_94df_4d58_89e3_e1154b125a1a",
				"parent": "bcf3ee62_000c_41a9_a8d1_dee87f483df1",
				"pivot": [0, 27.365, -1.794],
				"rotation": [-9.13, 0, -9.66],
				"mirror": true,
				"cubes": [
					{"origin": [0, 22.365, -3.294], "size": [3, 6, 3], "uv": [76, 0]}
				]
			},
			{
				"name": "85d837cd_6d76_4b51_8438_3978694a53c8",
				"parent": "bcf3ee62_000c_41a9_a8d1_dee87f483df1",
				"pivot": [1.125, 27.23, -1.569],
				"rotation": [-5, 0, -3],
				"mirror": true,
				"cubes": [
					{"origin": [0.625, 22.23, -3.069], "size": [3, 6, 3], "uv": [64, 10]}
				]
			},
			{
				"name": "2f1f0e08_bbce_4502_9f62_38b15a5abfb0",
				"parent": "bcf3ee62_000c_41a9_a8d1_dee87f483df1",
				"pivot": [1.575, 27.05, -1.569],
				"rotation": [4, 0, 3.21],
				"mirror": true,
				"cubes": [
					{"origin": [1.075, 20.05, -2.569], "size": [3, 8, 2], "uv": [78, 17]}
				]
			},
			{
				"name": "dcff6967_f644_4380_824a_4a2498bb5b16",
				"parent": "bcf3ee62_000c_41a9_a8d1_dee87f483df1",
				"pivot": [-1.4175, 26.1275, 0.006],
				"rotation": [18.00573, 0, 54.40951],
				"cubes": [
					{"origin": [-2.4175, 17.1275, 0.006], "size": [5, 9, 1], "uv": [64, 0]}
				]
			},
			{
				"name": "9fdf2c66_7474_4d12_89b5_3cefc6a9d5aa",
				"parent": "bcf3ee62_000c_41a9_a8d1_dee87f483df1",
				"pivot": [-0.945, 26.5325, 0.681],
				"rotation": [26.09688, 0, 37.2265],
				"cubes": [
					{"origin": [-1.945, 17.5325, 0.681], "size": [6, 9, 1], "uv": [64, 19]}
				]
			},
			{
				"name": "7559325e_1ddd_4caa_8fe3_f75e9bac761d",
				"parent": "bcf3ee62_000c_41a9_a8d1_dee87f483df1",
				"pivot": [1.4175, 26.1275, 0.006],
				"rotation": [18.00573, 0, -54.40951],
				"mirror": true,
				"cubes": [
					{"origin": [-2.5825, 17.1275, 0.006], "size": [5, 9, 1], "uv": [64, 0]}
				]
			},
			{
				"name": "1e00ee75_17d2_49af_9960_25dfd4886eec",
				"parent": "bcf3ee62_000c_41a9_a8d1_dee87f483df1",
				"pivot": [0.945, 26.5325, 0.681],
				"rotation": [26.09688, 0, -37.2265],
				"mirror": true,
				"cubes": [
					{"origin": [-4.055, 17.5325, 0.681], "size": [6, 9, 1], "uv": [64, 19]}
				]
			},
			{
				"name": "e1fa0cdf_b40c_488a_992b_02779f2a5d7d",
				"parent": "bcf3ee62_000c_41a9_a8d1_dee87f483df1",
				"pivot": [0, 26.825, 1.39245],
				"rotation": [-17, 0, 0],
				"cubes": [
					{"origin": [-2.5, 25.825, 1.39245], "size": [5, 8, 1], "uv": [0, 55]}
				]
			},
			{
				"name": "5484c896_e717_49a3_a26b_59379e9a554c",
				"parent": "bcf3ee62_000c_41a9_a8d1_dee87f483df1",
				"pivot": [-0.9, 26.645, 1.3605],
				"rotation": [-16, -5.22, -20.87],
				"cubes": [
					{"origin": [-3.4, 25.645, 1.3605], "size": [5, 8, 1], "uv": [12, 55]}
				]
			},
			{
				"name": "712a699f_7751_4905_be5e_62d340ed3b1e",
				"parent": "bcf3ee62_000c_41a9_a8d1_dee87f483df1",
				"pivot": [-1.8, 26.6, 1.401],
				"rotation": [-12.5, -10.43, -50],
				"cubes": [
					{"origin": [-4.3, 24.6, 1.401], "size": [5, 8, 1], "uv": [24, 55]}
				]
			},
			{
				"name": "761ff8cd_ed81_4fd7_a3ca_2915be790f8d",
				"parent": "bcf3ee62_000c_41a9_a8d1_dee87f483df1",
				"pivot": [0.9, 26.645, 1.3605],
				"rotation": [-16, 5.22, 20.87],
				"mirror": true,
				"cubes": [
					{"origin": [-1.6, 25.645, 1.3605], "size": [5, 8, 1], "uv": [12, 55]}
				]
			},
			{
				"name": "3bda1e8e_78c0_44dd_bb35_33e2fe02046e",
				"parent": "bcf3ee62_000c_41a9_a8d1_dee87f483df1",
				"pivot": [1.8, 26.6, 1.401],
				"rotation": [-12.5, 10.43, 50],
				"cubes": [
					{"origin": [-0.7, 24.6, 1.401], "size": [5, 8, 1], "uv": [24, 55]}
				]
			},
			{
				"name": "f9caae06_ce95_4c05_9f26_1aaea538717d",
				"parent": "bcf3ee62_000c_41a9_a8d1_dee87f483df1",
				"pivot": [-1.71, 25.4525, -0.669],
				"rotation": [7.55, 0, -6],
				"cubes": [
					{"origin": [-5.71, 23.9525, -1.169], "size": [4, 3, 1], "uv": [118, 37]}
				]
			},
			{
				"name": "be11cb17_99ed_4113_b8aa_126b75ed5f5a",
				"parent": "f9caae06_ce95_4c05_9f26_1aaea538717d",
				"pivot": [-3.285, 25.4525, -0.669],
				"rotation": [5, 0, 14],
				"cubes": [
					{"origin": [-8.285, 23.9525, -1.169], "size": [5, 3, 1], "uv": [62, 29]}
				]
			},
			{
				"name": "287b33ba_2ed6_4a8d_a232_702efd186a14",
				"parent": "bcf3ee62_000c_41a9_a8d1_dee87f483df1",
				"pivot": [1.71, 25.4525, -0.669],
				"rotation": [7.55, 0, 6.01],
				"mirror": true,
				"cubes": [
					{"origin": [1.71, 23.9525, -1.169], "size": [4, 3, 1], "uv": [118, 37]}
				]
			},
			{
				"name": "202999cc_eb24_491d_a4f6_446f90265068",
				"parent": "287b33ba_2ed6_4a8d_a232_702efd186a14",
				"pivot": [3.285, 25.4525, -0.669],
				"rotation": [5, 0, -14],
				"mirror": true,
				"cubes": [
					{"origin": [3.285, 23.9525, -1.169], "size": [5, 3, 1], "uv": [62, 29]}
				]
			},
			{
				"name": "_bink",
				"parent": "head",
				"pivot": [0, 23.9, 0.006],
				"cubes": [
					{"origin": [-4, 23.9, -3.994], "size": [8, 8, 0], "uv": [0, 0], "inflate": 0.001}
				]
			},
			{
				"name": "armLeft",
				"pivot": [1.827, 22.52, 0.5],
				"rotation": [2.95072, 0, -10.58229],
				"mirror": true,
				"cubes": [
					{"origin": [1.327, 17.12, -0.5], "size": [2, 6, 2], "uv": [8, 16], "inflate": -0.2},
					{"origin": [1.327, 17.12, -0.5], "size": [2, 3, 2], "uv": [56, 41], "inflate": 0.15}
				]
			},
			{
				"name": "0138d659_5baa_4836_b797_e0b898761f62",
				"parent": "armLeft",
				"pivot": [2.117, 18.52, 0.9],
				"rotation": [-5.72958, 0, -18],
				"mirror": true,
				"cubes": [
					{"origin": [1.117, 11.52, -0.6], "size": [2, 7, 2], "uv": [8, 24], "inflate": -0.25}
				]
			},
			{
				"name": "10e7b469_e66f_4743_ba4b_2d98d13a7c3a",
				"parent": "0138d659_5baa_4836_b797_e0b898761f62",
				"pivot": [1.827, 14.64, 0.1]
			},
			{
				"name": "5ace746f_fdbd_421b_852c_c68e8e4c3bbd",
				"parent": "0138d659_5baa_4836_b797_e0b898761f62",
				"pivot": [4.147, 9.72, 5.7],
				"rotation": [-45.08593, 0, 0]
			},
			{
				"name": "db9fc103_f39f_4abf_bb29_12e1ea338d15",
				"parent": "0138d659_5baa_4836_b797_e0b898761f62",
				"pivot": [2.117, 17.72, 0.5],
				"mirror": true,
				"cubes": [
					{"origin": [0.617, 13.72, -1], "size": [3, 5, 3], "uv": [76, 9], "inflate": -0.1}
				]
			},
			{
				"name": "f972619f_ab01_4e83_b1d5_996d7cfc1e85",
				"parent": "db9fc103_f39f_4abf_bb29_12e1ea338d15",
				"pivot": [2.407, 13.72, 0.5],
				"rotation": [0, 0, -9],
				"mirror": true,
				"cubes": [
					{"origin": [0.407, 11.72, -1], "size": [4, 4, 3], "uv": [114, 30], "inflate": 0.08}
				]
			},
			{
				"name": "192809b2_3c94_451c_90ea_acb7fa3c3e80",
				"parent": "f972619f_ab01_4e83_b1d5_996d7cfc1e85",
				"pivot": [2.871, 12.52, 0.5],
				"rotation": [0, 0, 12],
				"mirror": true,
				"cubes": [
					{"origin": [-0.129, 9.52, -1.5], "size": [5, 3, 4], "uv": [74, 27], "inflate": 0.035}
				]
			},
			{
				"name": "7b0dd19b_d6eb_4c9e_9a13_7e7c66a8bc57",
				"parent": "192809b2_3c94_451c_90ea_acb7fa3c3e80",
				"pivot": [3.161, 10.52, 0.5],
				"rotation": [0, 0, 12],
				"mirror": true,
				"cubes": [
					{"origin": [0.161, 7.52, 0], "size": [4, 3, 1], "uv": [118, 41], "inflate": 0.1}
				]
			},
			{
				"name": "6393614a_b3f0_42d8_bc9e_c973b539a167",
				"parent": "7b0dd19b_d6eb_4c9e_9a13_7e7c66a8bc57",
				"pivot": [2.001, 8.52, 0.5],
				"rotation": [0, 0, 12],
				"mirror": true,
				"cubes": [
					{"origin": [1.501, 5.52, 0], "size": [3, 3, 1], "uv": [104, 33], "inflate": 0.06}
				]
			},
			{
				"name": "c5004355_77a0_423e_b7a9_e468b8da2ce0",
				"parent": "6393614a_b3f0_42d8_bc9e_c973b539a167",
				"pivot": [2.291, 6.92, 0.5],
				"rotation": [0, 0, 12],
				"mirror": true,
				"cubes": [
					{"origin": [1.791, 3.92, 0], "size": [2, 3, 1], "uv": [98, 34], "inflate": 0.03}
				]
			},
			{
				"name": "43db1c53_9e62_42b1_8da6_40c0424cb706",
				"parent": "c5004355_77a0_423e_b7a9_e468b8da2ce0",
				"pivot": [2.291, 4.92, 0.5],
				"rotation": [0, 0, 12],
				"mirror": true,
				"cubes": [
					{"origin": [2.091, 2.92, 0], "size": [1, 2, 1], "uv": [124, 45]}
				]
			},
			{
				"name": "c5d29fda_a9dc_4f0f_b636_2aab31612add",
				"parent": "192809b2_3c94_451c_90ea_acb7fa3c3e80",
				"pivot": [3.161, 10.52, -0.46],
				"rotation": [-15, 0, 12],
				"mirror": true,
				"cubes": [
					{"origin": [0.161, 7.52, -0.96], "size": [4, 3, 1], "uv": [118, 41], "inflate": 0.1}
				]
			},
			{
				"name": "6eb1f028_f502_453e_9e44_5ddac42616e7",
				"parent": "c5d29fda_a9dc_4f0f_b636_2aab31612add",
				"pivot": [2.001, 8.52, -0.46],
				"rotation": [0, 0, 12],
				"mirror": true,
				"cubes": [
					{"origin": [1.501, 5.52, -0.96], "size": [3, 3, 1], "uv": [104, 33], "inflate": 0.06}
				]
			},
			{
				"name": "5766be29_c8d0_4ced_9526_00b63cced959",
				"parent": "6eb1f028_f502_453e_9e44_5ddac42616e7",
				"pivot": [2.291, 6.92, -0.46],
				"rotation": [0, 0, 12],
				"mirror": true,
				"cubes": [
					{"origin": [1.791, 3.92, -0.96], "size": [2, 3, 1], "uv": [98, 34], "inflate": 0.03}
				]
			},
			{
				"name": "e542d134_0635_42b4_99b1_7bab197e4a76",
				"parent": "5766be29_c8d0_4ced_9526_00b63cced959",
				"pivot": [2.291, 4.92, -0.46],
				"rotation": [0, 0, 12],
				"mirror": true,
				"cubes": [
					{"origin": [2.091, 2.92, -0.96], "size": [1, 2, 1], "uv": [124, 45]}
				]
			},
			{
				"name": "8a0c431e_8d82_4324_91ce_f8faa1ec788b",
				"parent": "192809b2_3c94_451c_90ea_acb7fa3c3e80",
				"pivot": [3.161, 10.52, 1.46],
				"rotation": [15, 0, 12],
				"mirror": true,
				"cubes": [
					{"origin": [0.161, 7.52, 0.96], "size": [4, 3, 1], "uv": [118, 41], "inflate": 0.1}
				]
			},
			{
				"name": "c48573d7_c59e_4512_935b_d45a8164c1d3",
				"parent": "8a0c431e_8d82_4324_91ce_f8faa1ec788b",
				"pivot": [2.001, 8.52, 1.46],
				"rotation": [0, 0, 12],
				"mirror": true,
				"cubes": [
					{"origin": [1.501, 5.52, 0.96], "size": [3, 3, 1], "uv": [104, 33], "inflate": 0.06}
				]
			},
			{
				"name": "0997f197_05c9_4e8f_afb6_5403250e8173",
				"parent": "c48573d7_c59e_4512_935b_d45a8164c1d3",
				"pivot": [2.291, 6.92, 1.46],
				"rotation": [0, 0, 12],
				"mirror": true,
				"cubes": [
					{"origin": [1.791, 3.92, 0.96], "size": [2, 3, 1], "uv": [98, 34], "inflate": 0.03}
				]
			},
			{
				"name": "31c7646c_6fdf_4624_992f_99f51cef4f6e",
				"parent": "0997f197_05c9_4e8f_afb6_5403250e8173",
				"pivot": [2.291, 4.92, 1.46],
				"rotation": [0, 0, 12],
				"mirror": true,
				"cubes": [
					{"origin": [2.091, 2.92, 0.96], "size": [1, 2, 1], "uv": [124, 45]}
				]
			},
			{
				"name": "armLeftPositioningBone",
				"parent": "armLeft",
				"pivot": [4.827, 9.52, -0.5]
			},
			{
				"name": "armRight",
				"pivot": [-1.827, 22.52, 0.5],
				"rotation": [2.95072, 0, 10.58229],
				"cubes": [
					{"origin": [-3.327, 17.12, -0.5], "size": [2, 6, 2], "uv": [0, 16], "inflate": -0.2},
					{"origin": [-3.327, 17.12, -0.5], "size": [2, 3, 2], "uv": [56, 41], "inflate": 0.15}
				]
			},
			{
				"name": "eb3eb61f_50b8_48ce_b813_98fd66136029",
				"parent": "armRight",
				"pivot": [-2.117, 18.52, 0.9],
				"rotation": [-5.72958, 0, 18],
				"cubes": [
					{"origin": [-3.117, 11.52, -0.6], "size": [2, 7, 2], "uv": [0, 24], "inflate": -0.25}
				]
			},
			{
				"name": "31adfc89_3916_407d_ba41_f7be887d938c",
				"parent": "eb3eb61f_50b8_48ce_b813_98fd66136029",
				"pivot": [-1.827, 14.64, 0.1]
			},
			{
				"name": "9e4e340e_2667_4878_9754_77e3e946430d",
				"parent": "eb3eb61f_50b8_48ce_b813_98fd66136029",
				"pivot": [-4.147, 9.72, 5.7],
				"rotation": [-45.08593, 0, 0]
			},
			{
				"name": "12bd8e18_2720_4dd5_a676_4d43a16f1d41",
				"parent": "eb3eb61f_50b8_48ce_b813_98fd66136029",
				"pivot": [-2.117, 17.72, 0.5],
				"cubes": [
					{"origin": [-3.617, 13.72, -1], "size": [3, 5, 3], "uv": [76, 9], "inflate": -0.1}
				]
			},
			{
				"name": "92162244_255a_44e1_8d4e_fdc04c8132f2",
				"parent": "12bd8e18_2720_4dd5_a676_4d43a16f1d41",
				"pivot": [-2.407, 13.72, 0.5],
				"rotation": [0, 0, 9],
				"cubes": [
					{"origin": [-4.407, 11.72, -1], "size": [4, 4, 3], "uv": [114, 30], "inflate": 0.08}
				]
			},
			{
				"name": "20e6efa5_2640_4377_9db1_e5a1689c22d9",
				"parent": "92162244_255a_44e1_8d4e_fdc04c8132f2",
				"pivot": [-2.871, 12.52, 0.5],
				"rotation": [0, 0, -12],
				"cubes": [
					{"origin": [-4.871, 9.52, -1.5], "size": [5, 3, 4], "uv": [74, 27], "inflate": 0.035}
				]
			},
			{
				"name": "512ef8ce_3e73_4546_88db_f82047da8069",
				"parent": "20e6efa5_2640_4377_9db1_e5a1689c22d9",
				"pivot": [-3.161, 10.52, 0.5],
				"rotation": [0, 0, -12],
				"cubes": [
					{"origin": [-4.161, 7.52, 0], "size": [4, 3, 1], "uv": [118, 41], "inflate": 0.1}
				]
			},
			{
				"name": "7de0a825_5e40_49c5_8fc8_6dd3ec2fb666",
				"parent": "512ef8ce_3e73_4546_88db_f82047da8069",
				"pivot": [-2.001, 8.52, 0.5],
				"rotation": [0, 0, -12],
				"cubes": [
					{"origin": [-4.501, 5.52, 0], "size": [3, 3, 1], "uv": [104, 33], "inflate": 0.06}
				]
			},
			{
				"name": "86174705_c1b7_4d92_96f3_c119124b012f",
				"parent": "7de0a825_5e40_49c5_8fc8_6dd3ec2fb666",
				"pivot": [-2.291, 6.92, 0.5],
				"rotation": [0, 0, -12],
				"cubes": [
					{"origin": [-3.791, 3.92, 0], "size": [2, 3, 1], "uv": [98, 34], "inflate": 0.03}
				]
			},
			{
				"name": "a692bb62_e36b_4c91_b05f_b35b21fb5d3c",
				"parent": "86174705_c1b7_4d92_96f3_c119124b012f",
				"pivot": [-2.291, 4.92, 0.5],
				"rotation": [0, 0, -12],
				"cubes": [
					{"origin": [-3.091, 2.92, 0], "size": [1, 2, 1], "uv": [124, 45]}
				]
			},
			{
				"name": "3c150a70_4e6c_479d_8536_b3443d449fbf",
				"parent": "20e6efa5_2640_4377_9db1_e5a1689c22d9",
				"pivot": [-3.161, 10.52, 1.46],
				"rotation": [15, 0, -12],
				"cubes": [
					{"origin": [-4.161, 7.52, 0.96], "size": [4, 3, 1], "uv": [118, 41], "inflate": 0.1}
				]
			},
			{
				"name": "70f592f8_8aef_465c_a51f_1b351e0d2f7c",
				"parent": "3c150a70_4e6c_479d_8536_b3443d449fbf",
				"pivot": [-2.001, 8.52, 1.46],
				"rotation": [0, 0, -12],
				"cubes": [
					{"origin": [-4.501, 5.52, 0.96], "size": [3, 3, 1], "uv": [104, 33], "inflate": 0.06}
				]
			},
			{
				"name": "5e1ea23f_1357_455e_ad9d_f791dd5981b6",
				"parent": "70f592f8_8aef_465c_a51f_1b351e0d2f7c",
				"pivot": [-2.291, 6.92, 1.46],
				"rotation": [0, 0, -12],
				"cubes": [
					{"origin": [-3.791, 3.92, 0.96], "size": [2, 3, 1], "uv": [98, 34], "inflate": 0.03}
				]
			},
			{
				"name": "7a82006d_a0bf_4702_90cb_23969b1093e9",
				"parent": "5e1ea23f_1357_455e_ad9d_f791dd5981b6",
				"pivot": [-2.291, 4.92, 1.46],
				"rotation": [0, 0, -12],
				"cubes": [
					{"origin": [-3.091, 2.92, 0.96], "size": [1, 2, 1], "uv": [124, 45]}
				]
			},
			{
				"name": "df1adb81_879c_41c6_918e_6b6e8a880aaf",
				"parent": "20e6efa5_2640_4377_9db1_e5a1689c22d9",
				"pivot": [-3.161, 10.52, -0.46],
				"rotation": [-15, 0, -12],
				"cubes": [
					{"origin": [-4.161, 7.52, -0.96], "size": [4, 3, 1], "uv": [118, 41], "inflate": 0.1}
				]
			},
			{
				"name": "df812eb1_49c5_4881_83e4_3bbdb065d4c4",
				"parent": "df1adb81_879c_41c6_918e_6b6e8a880aaf",
				"pivot": [-2.001, 8.52, -0.46],
				"rotation": [0, 0, -12],
				"cubes": [
					{"origin": [-4.501, 5.52, -0.96], "size": [3, 3, 1], "uv": [104, 33], "inflate": 0.06}
				]
			},
			{
				"name": "55179c77_3544_4cc8_ac6c_715ac98622df",
				"parent": "df812eb1_49c5_4881_83e4_3bbdb065d4c4",
				"pivot": [-2.291, 6.92, -0.46],
				"rotation": [0, 0, -12],
				"cubes": [
					{"origin": [-3.791, 3.92, -0.96], "size": [2, 3, 1], "uv": [98, 34], "inflate": 0.03}
				]
			},
			{
				"name": "aee009bd_fa8f_4171_8039_11a92aad4ba1",
				"parent": "55179c77_3544_4cc8_ac6c_715ac98622df",
				"pivot": [-2.291, 4.92, -0.46],
				"rotation": [0, 0, -12],
				"cubes": [
					{"origin": [-3.091, 2.92, -0.96], "size": [1, 2, 1], "uv": [124, 45]}
				]
			},
			{
				"name": "armRightPositioningBone",
				"parent": "armRight",
				"pivot": [-5.077, 8.52, -0.5]
			},
			{
				"name": "body",
				"pivot": [0, 14.4, 0],
				"rotation": [-0.04297, 0, 0],
				"cubes": [
					{"origin": [0, 14.4, 0], "size": [0, 0, 0], "uv": [0, 0]}
				]
			},
			{
				"name": "836d99bb_a6ef_4e7b_9d30_1a7cc2c819d6",
				"parent": "body",
				"pivot": [0, 15.4, 0],
				"cubes": [
					{"origin": [0, 15.4, 0], "size": [0, 0, 0], "uv": [0, 0]}
				]
			},
			{
				"name": "7470b4ac_c57a_4f51_a4fc_ac60ab1486bc",
				"parent": "836d99bb_a6ef_4e7b_9d30_1a7cc2c819d6",
				"pivot": [0, 13.9, -0.8],
				"rotation": [4.53, -5, 25],
				"cubes": [
					{"origin": [-3, 13.9, -1.3], "size": [3, 3, 2], "uv": [6, 50]}
				]
			},
			{
				"name": "6ea79a17_4a22_4c6b_9753_033d759c4a6f",
				"parent": "836d99bb_a6ef_4e7b_9d30_1a7cc2c819d6",
				"pivot": [0, 13.9, -0.8],
				"rotation": [4.53, 5, -25],
				"mirror": true,
				"cubes": [
					{"origin": [0, 13.9, -1.3], "size": [3, 3, 2], "uv": [20, 50]}
				]
			},
			{
				"name": "4885774e_5713_405d_adbc_636d19fe87ad",
				"parent": "836d99bb_a6ef_4e7b_9d30_1a7cc2c819d6",
				"pivot": [-1.5, 15.4, 1.35],
				"rotation": [13, -7.55, 16],
				"cubes": [
					{"origin": [-2.9, 14.4, -0.05], "size": [3, 2, 2], "uv": [44, 24]}
				]
			},
			{
				"name": "997a637b_fb67_48e7_85c9_7c6c7ba5033c",
				"parent": "836d99bb_a6ef_4e7b_9d30_1a7cc2c819d6",
				"pivot": [1.5, 15.4, 1.35],
				"rotation": [13, 7.55, -16],
				"mirror": true,
				"cubes": [
					{"origin": [-0.1, 14.4, -0.05], "size": [3, 2, 2], "uv": [54, 24]}
				]
			},
			{
				"name": "bb5010f8_d560_4829_b988_f9d05e2bfa53",
				"parent": "836d99bb_a6ef_4e7b_9d30_1a7cc2c819d6",
				"pivot": [0, 14.29, 0.49775],
				"rotation": [-1.59569, 0, 0],
				"cubes": [
					{"origin": [0, 14.29, 0.49775], "size": [0, 0, 0], "uv": [0, 0]}
				]
			},
			{
				"name": "ea7aea62_a1fb_4187_9742_a6e427437ff0",
				"parent": "836d99bb_a6ef_4e7b_9d30_1a7cc2c819d6",
				"pivot": [-3, 15.2, -0.3],
				"rotation": [-7.8, -13.1182, 120],
				"cubes": [
					{"origin": [-7, 15.1, -1], "size": [4, 2, 2], "uv": [32, 20]}
				]
			},
			{
				"name": "9d0f800f_18d7_4175_88ee_2f22492e971b",
				"parent": "836d99bb_a6ef_4e7b_9d30_1a7cc2c819d6",
				"pivot": [3, 15.2, -0.3],
				"rotation": [-7.8, 13.12, -120],
				"mirror": true,
				"cubes": [
					{"origin": [3, 15.1, -1], "size": [4, 2, 2], "uv": [44, 20]}
				]
			},
			{
				"name": "e0e17d77_20d4_46cc_b26e_18f11cb9d447",
				"parent": "836d99bb_a6ef_4e7b_9d30_1a7cc2c819d6",
				"pivot": [0, 18.1, -1.85],
				"rotation": [7.48929, 0, 0],
				"cubes": [
					{"origin": [-1.5, 15.2, -1.85], "size": [3, 3, 2], "uv": [16, 26]}
				]
			},
			{
				"name": "38486370_01cd_43f7_ae86_e3690769d811",
				"parent": "836d99bb_a6ef_4e7b_9d30_1a7cc2c819d6",
				"pivot": [0, 16.4, 1.3],
				"rotation": [30.3, 0, 0],
				"cubes": [
					{"origin": [-1.5, 15.6, 0.4], "size": [3, 4, 1], "uv": [8, 33]}
				]
			},
			{
				"name": "7d6ca3d9_7358_408f_ad2f_2a515499f79b",
				"parent": "836d99bb_a6ef_4e7b_9d30_1a7cc2c819d6",
				"pivot": [0, 17.4, 1.6],
				"rotation": [-20.87, 44.96792, 25],
				"cubes": [
					{"origin": [0, 15.9, 1.6], "size": [0, 3, 5], "uv": [112, 40]}
				]
			},
			{
				"name": "4c48076d_5406_438d_83f4_8746d031f3d6",
				"parent": "7d6ca3d9_7358_408f_ad2f_2a515499f79b",
				"pivot": [0, 17.4, 6.25],
				"rotation": [15.65, -18.44553, 0],
				"cubes": [
					{"origin": [0, 15.9, 6.25], "size": [0, 3, 7], "uv": [102, 23]}
				]
			},
			{
				"name": "ecf06df9_22a7_431d_a2df_65fa5dd94e0b",
				"parent": "836d99bb_a6ef_4e7b_9d30_1a7cc2c819d6",
				"pivot": [0, 17.4, 1.6],
				"rotation": [28.7, 44.38208, 25],
				"cubes": [
					{"origin": [0, 15.9, 1.6], "size": [0, 3, 4], "uv": [89, 30]}
				]
			},
			{
				"name": "d4e3a97e_9371_4de5_a4e6_4f98438d66e1",
				"parent": "ecf06df9_22a7_431d_a2df_65fa5dd94e0b",
				"pivot": [0, 17.4, 5.55],
				"rotation": [0, -18.07447, 0],
				"cubes": [
					{"origin": [0, 15.9, 5.55], "size": [0, 3, 4], "uv": [109, 33]}
				]
			},
			{
				"name": "ebc87c3a_b9dc_40cb_9a56_f0805eed42dc",
				"parent": "836d99bb_a6ef_4e7b_9d30_1a7cc2c819d6",
				"pivot": [0, 17.421, -0.476],
				"rotation": [13, 0, 0],
				"cubes": [
					{"origin": [-4, 15.421, -2.726], "size": [8, 2, 5], "uv": [77, 49], "inflate": -0.1}
				]
			},
			{
				"name": "5f9f2ae1_9c89_49b3_afa2_34ea34cca92d",
				"parent": "ebc87c3a_b9dc_40cb_9a56_f0805eed42dc",
				"pivot": [0, 16.5092, -0.476],
				"rotation": [-5, 0, 0],
				"cubes": [
					{"origin": [-4.5, 14.5092, -3.176], "size": [9, 2, 6], "uv": [36, 51], "inflate": 0.1}
				]
			},
			{
				"name": "54bbfd11_b6e8_4c71_90f9_19e7b3478818",
				"parent": "5f9f2ae1_9c89_49b3_afa2_34ea34cca92d",
				"pivot": [0, 14.9582, -0.476],
				"rotation": [-2.35682, 0, 0],
				"cubes": [
					{"origin": [-4.5, 12.9582, -3.826], "size": [9, 2, 7], "uv": [96, 49], "inflate": 0.3}
				]
			},
			{
				"name": "6cbb4d2b_4277_493a_bd37_98e9d07f4f06",
				"parent": "54bbfd11_b6e8_4c71_90f9_19e7b3478818",
				"pivot": [0, 14.2062, -0.476],
				"rotation": [-2.41407, 0, 0],
				"cubes": [
					{"origin": [-5, 12.2062, -4.226], "size": [10, 2, 8], "uv": [28, 41], "inflate": 0.1}
				]
			},
			{
				"name": "e41499fc_7954_47f7_a1bf_fb0d92f6dde1",
				"parent": "6cbb4d2b_4277_493a_bd37_98e9d07f4f06",
				"pivot": [0, 13.0782, -0.476],
				"rotation": [-2.45703, 0, 0],
				"cubes": [
					{"origin": [-5, 11.0782, -4.576], "size": [10, 2, 9], "uv": [74, 38], "inflate": 0.3}
				]
			},
			{
				"name": "3d6e3de6_0a57_44ed_87fc_363f71200142",
				"parent": "body",
				"pivot": [0, 17.8, -0.2],
				"cubes": [
					{"origin": [0, 17.8, -0.2], "size": [0, 0, 0], "uv": [0, 0]}
				]
			},
			{
				"name": "35f8ce0e_1a29_4ab0_bf6e_a840c975f6e4",
				"parent": "3d6e3de6_0a57_44ed_87fc_363f71200142",
				"pivot": [0, 15.4, 0.3],
				"cubes": [
					{"origin": [0, 15.4, 0.3], "size": [0, 0, 0], "uv": [0, 0]}
				]
			},
			{
				"name": "29665343_ab2a_4b99_80e8_73a81966fd4e",
				"parent": "35f8ce0e_1a29_4ab0_bf6e_a840c975f6e4",
				"pivot": [0, 17.9, -0.1],
				"rotation": [-0.69, 0, 0],
				"cubes": [
					{"origin": [-1.5, 18.1, -1.9], "size": [3, 2, 2], "uv": [30, 27], "inflate": 0.01}
				]
			},
			{
				"name": "cdd1a988_3490_401e_9e77_32917b991474",
				"parent": "35f8ce0e_1a29_4ab0_bf6e_a840c975f6e4",
				"pivot": [0.6, 21.7, 0.4],
				"rotation": [-11.94, 0.83, -9.01],
				"cubes": [
					{"origin": [-1.9, 18.7, -1.1], "size": [2, 3, 2], "uv": [16, 21]}
				]
			},
			{
				"name": "a7fba46e_a368_4d01_aa56_f3ec296f8bc4",
				"parent": "35f8ce0e_1a29_4ab0_bf6e_a840c975f6e4",
				"pivot": [-0.6, 21.7, 0.4],
				"rotation": [-11.94078, -0.83, 9.01],
				"mirror": true,
				"cubes": [
					{"origin": [-0.1, 18.7, -1.1], "size": [2, 3, 2], "uv": [24, 21]}
				]
			},
			{
				"name": "89c0b665_e3fd_4815_ba13_7def68f7d68a",
				"parent": "35f8ce0e_1a29_4ab0_bf6e_a840c975f6e4",
				"pivot": [-1.2, 21.9, -0.95],
				"rotation": [-55.08593, 6, 0],
				"mirror": true,
				"cubes": [
					{"origin": [-1.9, 19.4, -1.5], "size": [2, 3, 2], "uv": [16, 16]}
				]
			},
			{
				"name": "278d72ae_74b3_43db_8d1c_a0bcd7ac1d46",
				"parent": "35f8ce0e_1a29_4ab0_bf6e_a840c975f6e4",
				"pivot": [1.2, 21.9, -0.95],
				"rotation": [-55.08593, -6, 0],
				"cubes": [
					{"origin": [-0.1, 19.4, -1.5], "size": [2, 3, 2], "uv": [24, 16]}
				]
			},
			{
				"name": "05dc67bb_2145_4041_ad8f_0509540592f1",
				"parent": "35f8ce0e_1a29_4ab0_bf6e_a840c975f6e4",
				"pivot": [0, 22.65, 0.24773],
				"rotation": [0.20859, 0, 0],
				"cubes": [
					{"origin": [-1, 21.15, -0.75227], "size": [2, 4, 2], "uv": [28, 41], "inflate": -0.2}
				]
			},
			{
				"name": "481bfdb6_5fb8_4346_8178_da3b5e5e0fab",
				"parent": "35f8ce0e_1a29_4ab0_bf6e_a840c975f6e4",
				"pivot": [0, 20.7, -0.1],
				"rotation": [-2.04, 0, 0],
				"cubes": [
					{"origin": [-2, 21, -1], "size": [4, 2, 2], "uv": [48, 28]}
				]
			},
			{
				"name": "272cf787_47db_40e5_b9ea_ea4567f121c0",
				"parent": "481bfdb6_5fb8_4346_8178_da3b5e5e0fab",
				"pivot": [0, 23.3, -0.1],
				"rotation": [13.24, 0, 0],
				"cubes": [
					{"origin": [0, 23.3, -0.1], "size": [0, 0, 0], "uv": [0, 0]}
				]
			},
			{
				"name": "f4e0f945_0e25_43c6_a2c5_cfa049a08f1b",
				"parent": "272cf787_47db_40e5_b9ea_ea4567f121c0",
				"pivot": [0, 23.3, 0.6],
				"rotation": [19, -45, -13.75],
				"cubes": [
					{"origin": [-2.5, 22.8, -1.9], "size": [1, 1, 2], "uv": [30, 24], "inflate": 0.01}
				]
			},
			{
				"name": "abd9a971_9105_432f_aaa6_ffd72577614b",
				"parent": "272cf787_47db_40e5_b9ea_ea4567f121c0",
				"pivot": [-1.98, 23.67, -0.25],
				"rotation": [14, 24, 11],
				"cubes": [
					{"origin": [-1.98, 22.67, -1.25], "size": [2, 1, 1], "uv": [44, 28]}
				]
			},
			{
				"name": "22599bbf_2263_4980_bce4_2cc243acaa16",
				"parent": "272cf787_47db_40e5_b9ea_ea4567f121c0",
				"pivot": [0, 23.3, 0.6],
				"rotation": [19, -45, -13.75],
				"cubes": [
					{"origin": [-2.5, 22.8, -1.9], "size": [2, 1, 1], "uv": [34, 24]}
				]
			},
			{
				"name": "9296f647_d678_426b_96ca_5fe6d4b8661f",
				"parent": "272cf787_47db_40e5_b9ea_ea4567f121c0",
				"pivot": [1.98, 23.67, -0.25],
				"rotation": [14, -24, -11],
				"mirror": true,
				"cubes": [
					{"origin": [-0.02, 22.67, -1.25], "size": [2, 1, 1], "uv": [44, 28]}
				]
			},
			{
				"name": "e3e4cc47_38c2_4749_8ab3_3a0e99e42dab",
				"parent": "481bfdb6_5fb8_4346_8178_da3b5e5e0fab",
				"pivot": [0, 22.7, 0.2],
				"rotation": [9, 0, 0],
				"cubes": [
					{"origin": [-1.5, 22.6, 0.3], "size": [3, 1, 1], "uv": [8, 38]}
				]
			},
			{
				"name": "b1148a11_4466_4500_a246_7509e079dc4c",
				"parent": "481bfdb6_5fb8_4346_8178_da3b5e5e0fab",
				"pivot": [-1.5, 23.55, -0.55],
				"rotation": [31.3, -75, -28.7],
				"cubes": [
					{"origin": [-2, 22.55, -1.05], "size": [2, 1, 1], "uv": [112, 18]}
				]
			},
			{
				"name": "902cfb9d_8ecd_43f7_b04d_222e1fc6391a",
				"parent": "481bfdb6_5fb8_4346_8178_da3b5e5e0fab",
				"pivot": [1.5, 23.55, -0.55],
				"rotation": [31.3, 75, 28.7],
				"mirror": true,
				"cubes": [
					{"origin": [0, 22.55, -1.05], "size": [2, 1, 1], "uv": [112, 18]}
				]
			},
			{
				"name": "7d254b67_eb3c_4c4a_aaea_5fc268e803cd",
				"parent": "35f8ce0e_1a29_4ab0_bf6e_a840c975f6e4",
				"pivot": [0, 20.4, -1.8],
				"rotation": [-17, 0, 0],
				"cubes": [
					{"origin": [-1.5, 20.1, -1.81], "size": [3, 3, 1], "uv": [56, 20], "inflate": 0.02}
				]
			},
			{
				"name": "legLeft",
				"pivot": [1.75, 15.4, -0.00105],
				"mirror": true,
				"cubes": [
					{"origin": [1.05, 8.2, -1.30105], "size": [1, 7, 1], "uv": [4, 33]}
				]
			},
			{
				"name": "81f3a408_87ae_4c2c_87cf_708e32419d1b",
				"parent": "legLeft",
				"pivot": [1.85, 8.45, 0.09495],
				"mirror": true,
				"cubes": [
					{"origin": [0.85, 9.15, -0.95505], "size": [0, 0, 0], "uv": [0, 0]}
				]
			},
			{
				"name": "1fbb6082_1be7_439c_bd7a_2099b28d78de",
				"parent": "81f3a408_87ae_4c2c_87cf_708e32419d1b",
				"pivot": [2.25, 0.85, 0.73495],
				"mirror": true,
				"cubes": [
					{"origin": [1.15, -0.15, -2.26505], "size": [2, 1, 4], "uv": [36, 27]}
				]
			},
			{
				"name": "5ab7219b_5653_4517_9724_3be81cbf5c7b",
				"parent": "1fbb6082_1be7_439c_bd7a_2099b28d78de",
				"pivot": [2.175, 0.95, 1.13495],
				"cubes": [
					{"origin": [2.175, 0.95, 1.13495], "size": [0, 0, 0], "uv": [0, 0]}
				]
			},
			{
				"name": "585e5865_580b_4d42_8b4a_c1de58a51aec",
				"parent": "5ab7219b_5653_4517_9724_3be81cbf5c7b",
				"pivot": [2.175, 0.95, -0.62505],
				"rotation": [8, 0, 0],
				"mirror": true,
				"cubes": [
					{"origin": [1.675, -0.05, -3.62505], "size": [1, 1, 3], "uv": [94, 30]}
				]
			},
			{
				"name": "e5dd99cc_4cd2_4a57_9254_1d3d865f3e92",
				"parent": "585e5865_580b_4d42_8b4a_c1de58a51aec",
				"pivot": [2.175, 0.95, -0.62505],
				"rotation": [0, 0, 45],
				"mirror": true,
				"cubes": [
					{"origin": [1.975, 0.15, -3.62505], "size": [1, 1, 3], "uv": [103, 37]}
				]
			},
			{
				"name": "3b2e3d4c_b5e0_40b1_a6ab_2c166670efaf",
				"parent": "5ab7219b_5653_4517_9724_3be81cbf5c7b",
				"pivot": [2.96906, 0.66125, -0.46505],
				"rotation": [8, 10, 0],
				"mirror": true,
				"cubes": [
					{"origin": [2.46906, -0.33875, -3.46505], "size": [1, 1, 2], "uv": [0, 52]}
				]
			},
			{
				"name": "ad8d257a_a329_4e5e_a653_e51f2f404b52",
				"parent": "3b2e3d4c_b5e0_40b1_a6ab_2c166670efaf",
				"pivot": [2.96906, 0.66125, -0.46505],
				"rotation": [0, 0, 45],
				"mirror": true,
				"cubes": [
					{"origin": [2.76906, -0.13875, -3.46505], "size": [1, 1, 2], "uv": [0, 52]}
				]
			},
			{
				"name": "b0ebfbc2_96b1_42e9_ac31_613424aec599",
				"parent": "5ab7219b_5653_4517_9724_3be81cbf5c7b",
				"pivot": [1.38094, 0.66125, -0.46505],
				"rotation": [9, -10, 0],
				"mirror": true,
				"cubes": [
					{"origin": [0.88094, -0.33875, -3.46505], "size": [1, 1, 2], "uv": [0, 52]}
				]
			},
			{
				"name": "769b756b_24d2_4e05_a4b1_8a5b4367fd73",
				"parent": "b0ebfbc2_96b1_42e9_ac31_613424aec599",
				"pivot": [1.38094, 0.66125, -0.46505],
				"rotation": [0, 0, 45],
				"mirror": true,
				"cubes": [
					{"origin": [1.18094, -0.13875, -3.46505], "size": [1, 1, 2], "uv": [0, 52]}
				]
			},
			{
				"name": "136d0629_eb02_4088_8e1f_e7c8e2c2526e",
				"parent": "81f3a408_87ae_4c2c_87cf_708e32419d1b",
				"pivot": [1.85, 8.45, 0.09495],
				"rotation": [5, 9, -1.72],
				"mirror": true,
				"cubes": [
					{"origin": [0.85, 0.25, -0.95505], "size": [2, 9, 2], "uv": [14, 41], "inflate": -0.08}
				]
			},
			{
				"name": "26d38f3a_bd27_4c86_8d0e_d6ae8ce1964b",
				"parent": "136d0629_eb02_4088_8e1f_e7c8e2c2526e",
				"pivot": [1.85, 6.75, 0.65495],
				"rotation": [26.74617, 0, 0],
				"mirror": true,
				"cubes": [
					{"origin": [0.85, 6.35, 0.55495], "size": [2, 2, 1], "uv": [22, 41], "inflate": -0.08}
				]
			},
			{
				"name": "7da11f0d_8ae5_4ada_8641_72b739766609",
				"parent": "136d0629_eb02_4088_8e1f_e7c8e2c2526e",
				"pivot": [1.85, 7, 0.65495],
				"rotation": [-11.18146, 0, 0],
				"mirror": true,
				"cubes": [
					{"origin": [0.85, 2, 0.65495], "size": [2, 5, 1], "uv": [22, 44], "inflate": -0.08}
				]
			},
			{
				"name": "62453a04_0c91_43ee_b672_704972e24750",
				"parent": "81f3a408_87ae_4c2c_87cf_708e32419d1b",
				"pivot": [1.9375, 6.95, 0.49495],
				"rotation": [0, 8, 0],
				"mirror": true,
				"cubes": [
					{"origin": [0.4375, 5.95, -1.00505], "size": [3, 1, 3], "uv": [79, 34]}
				]
			},
			{
				"name": "b9ee884e_24d9_4cfb_a307_58717d6120bb",
				"parent": "legLeft",
				"pivot": [0.8, 14.05, 0.95895],
				"rotation": [-1.1, -1.29, 5],
				"mirror": true,
				"cubes": [
					{"origin": [1.8, 8.4, -1.44105], "size": [1, 7, 2], "uv": [46, 32]}
				]
			},
			{
				"name": "647e3ac9_1950_4593_af32_28909645baab",
				"parent": "legLeft",
				"pivot": [1.75, 15.4, -0.00105],
				"rotation": [0, 5.25, -4.83],
				"cubes": [
					{"origin": [0.45, 8.2, -1.30105], "size": [1, 7, 2], "uv": [40, 32]}
				]
			},
			{
				"name": "9a3cc5cc_dc30_4bfa_af53_7ec1a37cb05d",
				"parent": "legLeft",
				"pivot": [1.45, 9.6, -0.72105],
				"rotation": [-10.09, -4.41, 4],
				"mirror": true,
				"cubes": [
					{"origin": [1.55, 8.6, -0.87105], "size": [1, 7, 2], "uv": [52, 32]}
				]
			},
			{
				"name": "9a1b5efc_f764_4d3c_829d_ce68c344ac11",
				"parent": "legLeft",
				"pivot": [1.45, 9.6, -0.72105],
				"rotation": [-9.45, -2.52, -2.61],
				"mirror": true,
				"cubes": [
					{"origin": [1.05, 8.6, -0.87105], "size": [1, 7, 2], "uv": [58, 32]}
				]
			},
			{
				"name": "legRight",
				"pivot": [-1.75, 15.4, -0.00105],
				"cubes": [
					{"origin": [-2.15, 8.2, -1.30105], "size": [1, 7, 1], "uv": [0, 33]}
				]
			},
			{
				"name": "ce7d3ddb_00e7_42f8_944c_221f66b7cb5d",
				"parent": "legRight",
				"pivot": [-1.85, 8.45, 0.09495],
				"cubes": [
					{"origin": [-2.85, 9.15, -0.95505], "size": [0, 0, 0], "uv": [0, 0]}
				]
			},
			{
				"name": "ecfbf43e_5fe2_42c0_bca1_bd1bd7f5954e",
				"parent": "ce7d3ddb_00e7_42f8_944c_221f66b7cb5d",
				"pivot": [-2.25, 0.85, 0.73495],
				"cubes": [
					{"origin": [-3.15, -0.15, -2.26505], "size": [2, 1, 4], "uv": [22, 27]}
				]
			},
			{
				"name": "a5edb0c5_750c_465a_99f1_705b2e316097",
				"parent": "ecfbf43e_5fe2_42c0_bca1_bd1bd7f5954e",
				"pivot": [-2.175, 0.95, 1.13495],
				"cubes": [
					{"origin": [-2.175, 0.95, 1.13495], "size": [0, 0, 0], "uv": [0, 0]}
				]
			},
			{
				"name": "57151c6e_47eb_45ea_971b_a25f94a68e8e",
				"parent": "a5edb0c5_750c_465a_99f1_705b2e316097",
				"pivot": [-2.175, 0.95, -0.62505],
				"rotation": [8, 0, 0],
				"cubes": [
					{"origin": [-2.675, -0.05, -3.62505], "size": [1, 1, 3], "uv": [94, 30]}
				]
			},
			{
				"name": "b466f488_eec6_4b1b_ad39_c4f579dbb098",
				"parent": "57151c6e_47eb_45ea_971b_a25f94a68e8e",
				"pivot": [-2.175, 0.95, -0.62505],
				"rotation": [0, 0, 45],
				"cubes": [
					{"origin": [-2.375, 0.15, -3.62505], "size": [1, 1, 3], "uv": [103, 37]}
				]
			},
			{
				"name": "d0253716_d8f1_4a7c_bbe5_1b8f2938a349",
				"parent": "a5edb0c5_750c_465a_99f1_705b2e316097",
				"pivot": [-1.38094, 0.66125, -0.46505],
				"rotation": [8, 10, 0],
				"cubes": [
					{"origin": [-1.88094, -0.33875, -3.46505], "size": [1, 1, 2], "uv": [0, 52]}
				]
			},
			{
				"name": "9c351cb9_2352_4e3e_a827_24d1a6eec3ef",
				"parent": "d0253716_d8f1_4a7c_bbe5_1b8f2938a349",
				"pivot": [-1.38094, 0.66125, -0.46505],
				"rotation": [0, 0, 45],
				"cubes": [
					{"origin": [-1.58094, -0.13875, -3.46505], "size": [1, 1, 2], "uv": [0, 52]}
				]
			},
			{
				"name": "2db4997e_8b56_42a6_a059_cd6965d78f1a",
				"parent": "a5edb0c5_750c_465a_99f1_705b2e316097",
				"pivot": [-2.96906, 0.66125, -0.46505],
				"rotation": [9, -10, 0],
				"cubes": [
					{"origin": [-3.46906, -0.33875, -3.46505], "size": [1, 1, 2], "uv": [0, 52]}
				]
			},
			{
				"name": "af8076a1_6af0_4478_a503_4b1e86e55d80",
				"parent": "2db4997e_8b56_42a6_a059_cd6965d78f1a",
				"pivot": [-2.96906, 0.66125, -0.46505],
				"rotation": [0, 0, 45],
				"cubes": [
					{"origin": [-3.16906, -0.13875, -3.46505], "size": [1, 1, 2], "uv": [0, 52]}
				]
			},
			{
				"name": "4d50aaaa_a42c_4675_a42a_7dce827a47f9",
				"parent": "ce7d3ddb_00e7_42f8_944c_221f66b7cb5d",
				"pivot": [-1.85, 8.45, 0.09495],
				"rotation": [5, -9, 1.72],
				"cubes": [
					{"origin": [-2.85, 0.25, -0.95505], "size": [2, 9, 2], "uv": [0, 41], "inflate": -0.08}
				]
			},
			{
				"name": "1c7edc73_e5f7_43ec_a1c2_068a59530bf1",
				"parent": "4d50aaaa_a42c_4675_a42a_7dce827a47f9",
				"pivot": [-1.85, 6.75, 0.65495],
				"rotation": [26.74617, 0, 0],
				"cubes": [
					{"origin": [-2.85, 6.35, 0.55495], "size": [2, 2, 1], "uv": [8, 41], "inflate": -0.08}
				]
			},
			{
				"name": "0dd8b24e_ec1e_4fe1_8d2b_f8c7b38ff4fd",
				"parent": "4d50aaaa_a42c_4675_a42a_7dce827a47f9",
				"pivot": [-1.85, 7, 0.65495],
				"rotation": [-11.18146, 0, 0],
				"cubes": [
					{"origin": [-2.85, 2, 0.65495], "size": [2, 5, 1], "uv": [8, 44], "inflate": -0.08}
				]
			},
			{
				"name": "b9e4e38e_6959_4a19_b8ca_87adf6de1518",
				"parent": "ce7d3ddb_00e7_42f8_944c_221f66b7cb5d",
				"pivot": [-1.9375, 6.95, 0.49495],
				"rotation": [0, -8, 0],
				"cubes": [
					{"origin": [-3.4375, 5.95, -1.00505], "size": [3, 1, 3], "uv": [79, 34]}
				]
			},
			{
				"name": "d64621d7_cc3d_42ee_abc5_f0feba09f7c9",
				"parent": "legRight",
				"pivot": [-0.8, 14.05, 0.95895],
				"rotation": [-1.1, 1.29, -5],
				"cubes": [
					{"origin": [-2.8, 8.4, -1.44105], "size": [1, 7, 2], "uv": [22, 32]}
				]
			},
			{
				"name": "a6d85c9e_8eee_42b1_8926_24c368860ff9",
				"parent": "legRight",
				"pivot": [-1.75, 15.4, -0.00105],
				"rotation": [0, -5.25, 4.83],
				"cubes": [
					{"origin": [-1.45, 8.2, -1.30105], "size": [1, 7, 2], "uv": [16, 32]}
				]
			},
			{
				"name": "ff5cbe26_c973_4f05_a21b_0e40fa7b7743",
				"parent": "legRight",
				"pivot": [-1.45, 9.6, -0.72105],
				"rotation": [-10.09, 4.41, -4],
				"cubes": [
					{"origin": [-2.55, 8.6, -0.87105], "size": [1, 7, 2], "uv": [28, 32]}
				]
			},
			{
				"name": "5d006e94_20f6_4598_b038_9d1b5f4dc2bf",
				"parent": "legRight",
				"pivot": [-1.45, 9.6, -0.72105],
				"rotation": [-9.44966, 2.52, 2.61],
				"cubes": [
					{"origin": [-2.05, 8.6, -0.87105], "size": [1, 7, 2], "uv": [34, 32]}
				]
			},
			{
				"name": "backpackPositioningBone",
				"pivot": [0, 21, 0]
			}
		]
	}
}