{
	"format_version": "1.10.0",
	"geometry.model": {
		"texturewidth": 128,
		"textureheight": 64,
		"visible_bounds_width": 3,
		"visible_bounds_height": 4,
		"visible_bounds_offset": [0, 1, 0],
		"bones": [
			{
				"name": "head",
				"pivot": [0, 19.69596, 0.01047],
				"cubes": [
					{"origin": [0, 20.94596, 0.01047], "size": [0, 0, 0], "uv": [0, 0]}
				]
			},
			{
				"name": "431d48fa_d35d_4ae5_85c2_0960ff846f6e",
				"parent": "head",
				"pivot": [0, 20.94596, 0.01047],
				"cubes": [
					{"origin": [-4, 20.94596, -3.98953], "size": [8, 8, 8], "uv": [0, 0]},
					{"origin": [-4, 16.94596, -3.98953], "size": [8, 12, 8], "uv": [32, 0], "inflate": 0.3}
				]
			},
			{
				"name": "e886c81a_1efc_46b2_b1b3_b7d9b7a625d6",
				"parent": "431d48fa_d35d_4ae5_85c2_0960ff846f6e",
				"pivot": [1.68, 24.51596, 0.01047],
				"rotation": [0, 0, -17.18873],
				"cubes": [
					{"origin": [1.68, 14.51596, -4.98953], "size": [0, 10, 10], "uv": [88, 10]}
				]
			},
			{
				"name": "dd9db245_4960_4b90_a4b8_26066ada1e05",
				"parent": "431d48fa_d35d_4ae5_85c2_0960ff846f6e",
				"pivot": [-1.68, 24.51596, 0.01047],
				"rotation": [0, 0, 17.18873],
				"cubes": [
					{"origin": [-1.68, 14.51596, -4.98953], "size": [0, 10, 10], "uv": [88, 0]}
				]
			},
			{
				"name": "d174866e_7307_4f7d_9b76_791c41fc3efd",
				"parent": "431d48fa_d35d_4ae5_85c2_0960ff846f6e",
				"pivot": [0, 21.36596, 1.69047],
				"rotation": [22.31951, 0, 0]
			},
			{
				"name": "58964666_014b_45d9_aad2_6f95db110c54",
				"parent": "d174866e_7307_4f7d_9b76_791c41fc3efd",
				"pivot": [0, 19.68596, 1.69047],
				"rotation": [8.30789, 0, 0]
			},
			{
				"name": "68775b40_5af9_466a_a5a9_9c9e92ce600c",
				"parent": "431d48fa_d35d_4ae5_85c2_0960ff846f6e",
				"pivot": [1.68, 24.09596, 0.01047],
				"rotation": [0, 0, -40],
				"mirror": true,
				"cubes": [
					{"origin": [-1.32, 19.09596, -2.50953], "size": [3, 5, 3], "uv": [75, 55]}
				]
			},
			{
				"name": "b8fabff0_6a92_4c79_8948_0bb10d0c5dd4",
				"parent": "68775b40_5af9_466a_a5a9_9c9e92ce600c",
				"pivot": [1.68, 21.99596, 0.01047],
				"rotation": [0, 0, 44],
				"mirror": true,
				"cubes": [
					{"origin": [-2.32, 17.99596, -3.48953], "size": [4, 4, 4], "uv": [108, 20]}
				]
			},
			{
				"name": "bf0dadeb_8a3a_4c17_adf5_de83992c162a",
				"parent": "431d48fa_d35d_4ae5_85c2_0960ff846f6e",
				"pivot": [-1.68, 24.09596, 0.01047],
				"rotation": [0, 0, 40],
				"cubes": [
					{"origin": [-1.68, 19.09596, -2.50953], "size": [3, 5, 3], "uv": [75, 55]}
				]
			},
			{
				"name": "d2d617c5_696c_43bc_a30f_ba8acf0a290a",
				"parent": "bf0dadeb_8a3a_4c17_adf5_de83992c162a",
				"pivot": [-1.68, 21.99596, 0.01047],
				"rotation": [0, 0, -44],
				"cubes": [
					{"origin": [-1.68, 17.99596, -3.48953], "size": [4, 4, 4], "uv": [108, 20], "inflate": 0.001}
				]
			},
			{
				"name": "db489d27_2089_4442_a0bd_b5c65c19a81d",
				"parent": "431d48fa_d35d_4ae5_85c2_0960ff846f6e",
				"pivot": [0, 24.30596, -1.66953],
				"rotation": [-8.25, 0, 0],
				"cubes": [
					{"origin": [-4.5, 19.30596, -1.86953], "size": [9, 5, 2], "uv": [65, 0]}
				]
			},
			{
				"name": "da48d589_8e38_45b2_9c9f_f60ee020d5aa",
				"parent": "431d48fa_d35d_4ae5_85c2_0960ff846f6e",
				"pivot": [0, 24.30596, 1.69047],
				"rotation": [4.99141, 0, -0.00894],
				"cubes": [
					{"origin": [-4.5, 6.30596, 0.49047], "size": [9, 18, 2], "uv": [106, 28]}
				]
			},
			{
				"name": "b0885d47_a736_42a5_a651_3730e3148cb5",
				"parent": "da48d589_8e38_45b2_9c9f_f60ee020d5aa",
				"pivot": [0, 20.94596, 1.69047],
				"rotation": [-0.9, 0, 0],
				"cubes": [
					{"origin": [0, 20.94596, 1.69047], "size": [0, 0, 0], "uv": [0, 0]}
				]
			},
			{
				"name": "6491a9e4_133c_4d93_ba86_6794528e0346",
				"parent": "b0885d47_a736_42a5_a651_3730e3148cb5",
				"pivot": [0, 20.86196, 2.02647],
				"rotation": [27.97135, 0, -0.03438],
				"cubes": [
					{"origin": [-5, 10.86196, -1.97353], "size": [10, 12, 4], "uv": [40, 20]}
				]
			},
			{
				"name": "f66279b4_d027_41f6_af2b_80820a8bb525",
				"parent": "b0885d47_a736_42a5_a651_3730e3148cb5",
				"pivot": [0, 18.42596, 1.69047],
				"rotation": [28.47822, 0, -0.1775],
				"cubes": [
					{"origin": [-6, 4.42596, -0.80953], "size": [12, 14, 4], "uv": [0, 46]}
				]
			},
			{
				"name": "fd250431_7983_41eb_ba82_6ca7c1e17540",
				"parent": "b0885d47_a736_42a5_a651_3730e3148cb5",
				"pivot": [0, 16.74596, 1.69047],
				"rotation": [11.47338, 0, -2.52932],
				"cubes": [
					{"origin": [-7.5, 2.94596, 0.19047], "size": [15, 16, 4], "uv": [68, 30]}
				]
			},
			{
				"name": "591e1065_b6ae_4d70_88ea_51fd1c0f5b4c",
				"parent": "b0885d47_a736_42a5_a651_3730e3148cb5",
				"pivot": [0, 14.22596, 2.11047],
				"rotation": [11.52662, 0, 2.52932],
				"cubes": [
					{"origin": [-5, 2.22596, 1.11047], "size": [10, 12, 4], "uv": [4, 30]}
				]
			},
			{
				"name": "4182ee7f_b9a0_428b_921e_e7fd07c8d786",
				"parent": "b0885d47_a736_42a5_a651_3730e3148cb5",
				"pivot": [-1.89, 21.78596, 2.02647],
				"rotation": [7.79318, 0, 55.1489],
				"cubes": [
					{"origin": [-1.89, 12.78596, -1.97353], "size": [8, 11, 4], "uv": [64, 7]}
				]
			},
			{
				"name": "aa493dc3_577c_43a0_ba66_97b704124a6b",
				"parent": "b0885d47_a736_42a5_a651_3730e3148cb5",
				"pivot": [1.89, 21.78596, 2.02647],
				"rotation": [7.50682, 0, -55.1489],
				"mirror": true,
				"cubes": [
					{"origin": [-6.11, 12.78596, -1.97353], "size": [8, 11, 4], "uv": [64, 7]}
				]
			},
			{
				"name": "20641fb4_f672_434c_bc76_dba7f4c51279",
				"parent": "b0885d47_a736_42a5_a651_3730e3148cb5",
				"pivot": [-2.1, 20.10596, 1.48047],
				"rotation": [13.12338, 0, 42.47068],
				"cubes": [
					{"origin": [-2.1, 7.10596, -0.51953], "size": [12, 14, 4], "uv": [33, 36]}
				]
			},
			{
				"name": "5570c2e1_e99b_4943_854a_48a846092e12",
				"parent": "b0885d47_a736_42a5_a651_3730e3148cb5",
				"pivot": [2.1, 20.10596, 1.48047],
				"rotation": [13.12338, 0, -47.52932],
				"mirror": true,
				"cubes": [
					{"origin": [-9.9, 7.10596, -0.51953], "size": [12, 14, 4], "uv": [33, 36]}
				]
			},
			{
				"name": "_bink",
				"parent": "head",
				"pivot": [0, 20.94596, 0.01047],
				"cubes": [
					{"origin": [-4, 20.94596, -3.98953], "size": [8, 8, 0], "uv": [0, 0], "inflate": 0.001}
				]
			},
			{
				"name": "armLeft",
				"pivot": [1.34261, 19.7409, 0.43662],
				"rotation": [2.693, 0, -10.57816],
				"mirror": true,
				"cubes": [
					{"origin": [0.84261, 14.3409, -0.56338], "size": [2, 6, 2], "uv": [0, 16], "inflate": -0.2},
					{"origin": [0.84261, 15.0909, -0.56338], "size": [2, 3, 2], "uv": [31, 29], "inflate": 0.01}
				]
			},
			{
				"name": "5a41f625_ef5a_443d_ac5b_097e4861398d",
				"parent": "armLeft",
				"pivot": [1.67007, 16.24794, 0.78592],
				"rotation": [-5.72958, 0, -18],
				"mirror": true,
				"cubes": [
					{"origin": [0.67007, 9.24794, -0.71408], "size": [2, 7, 2], "uv": [8, 16], "inflate": -0.25}
				]
			},
			{
				"name": "armLeftPositioningBone",
				"parent": "armLeft",
				"pivot": [3.34261, 10.7409, -0.31338]
			},
			{
				"name": "armRight",
				"pivot": [-1.34261, 19.7409, 0.43662],
				"rotation": [3.03657, 0, 10.57816],
				"cubes": [
					{"origin": [-2.84261, 14.3409, -0.56338], "size": [2, 6, 2], "uv": [0, 16], "inflate": -0.2},
					{"origin": [-2.84261, 15.0909, -0.56338], "size": [2, 3, 2], "uv": [31, 29], "inflate": 0.01}
				]
			},
			{
				"name": "50910df9_4ea5_4fc5_84d6_7b2960c7b482",
				"parent": "armRight",
				"pivot": [-1.67007, 16.24794, 0.78592],
				"rotation": [-5.72958, 0, 18],
				"cubes": [
					{"origin": [-2.67007, 9.24794, -0.71408], "size": [2, 7, 2], "uv": [8, 16], "inflate": -0.25}
				]
			},
			{
				"name": "armRightPositioningBone",
				"parent": "armRight",
				"pivot": [-3.59261, 10.7409, -0.56338]
			},
			{
				"name": "body",
				"pivot": [0, 12.6502, 0],
				"rotation": [-0.08591, 0, 0],
				"cubes": [
					{"origin": [0, 12.6502, 0], "size": [0, 0, 0], "uv": [0, 0]}
				]
			},
			{
				"name": "d563cbba_f445_4e06_8165_ebb83ede7de6",
				"parent": "body",
				"pivot": [0, 13.52344, 0],
				"cubes": [
					{"origin": [0, 13.52344, 0], "size": [0, 0, 0], "uv": [0, 0]}
				]
			},
			{
				"name": "59cfc4f7_2347_4167_9423_891741533c0c",
				"parent": "d563cbba_f445_4e06_8165_ebb83ede7de6",
				"pivot": [0, 12.21358, -0.69859],
				"rotation": [4.53, -5, 25],
				"cubes": [
					{"origin": [-3, 12.21358, -1.19859], "size": [3, 3, 2], "uv": [74, 50]}
				]
			},
			{
				"name": "029929f5_1017_441a_87fd_68acbc1cde83",
				"parent": "d563cbba_f445_4e06_8165_ebb83ede7de6",
				"pivot": [0, 12.21358, -0.69859],
				"rotation": [4.53, 5, -25],
				"mirror": true,
				"cubes": [
					{"origin": [0, 12.21358, -1.19859], "size": [3, 3, 2], "uv": [74, 50]}
				]
			},
			{
				"name": "dcd4ef79_9353_4cf3_9dbb_802637caf8e3",
				"parent": "d563cbba_f445_4e06_8165_ebb83ede7de6",
				"pivot": [-1.30986, 13.52344, 1.17887],
				"rotation": [13, -7.55, 16],
				"cubes": [
					{"origin": [-2.70986, 12.52344, -0.22113], "size": [3, 2, 2], "uv": [94, 57]}
				]
			},
			{
				"name": "270b1793_b4db_4da9_a02f_7405621c6f50",
				"parent": "d563cbba_f445_4e06_8165_ebb83ede7de6",
				"pivot": [1.30986, 13.52344, 1.17887],
				"rotation": [13, 7.55, -16],
				"mirror": true,
				"cubes": [
					{"origin": [-0.29014, 12.52344, -0.22113], "size": [3, 2, 2], "uv": [94, 57]}
				]
			},
			{
				"name": "71f10a3d_6f7c_4a89_b6ad_994285f37c51",
				"parent": "d563cbba_f445_4e06_8165_ebb83ede7de6",
				"pivot": [0, 12.5402, 0.43269],
				"rotation": [-1.5871, 0, 0],
				"cubes": [
					{"origin": [0, 12.5402, 0.43269], "size": [0, 0, 0], "uv": [0, 0]}
				]
			},
			{
				"name": "ce5cc05e_d7f8_4c33_857d_56539747a322",
				"parent": "d563cbba_f445_4e06_8165_ebb83ede7de6",
				"pivot": [-2.61972, 13.34879, -0.26197],
				"rotation": [-7.8, -13.1182, 120],
				"cubes": [
					{"origin": [-6.61972, 13.24879, -0.96197], "size": [4, 2, 2], "uv": [108, 57]}
				]
			},
			{
				"name": "320ff25d_51cd_4ca6_8572_11bcfb30c172",
				"parent": "d563cbba_f445_4e06_8165_ebb83ede7de6",
				"pivot": [2.61972, 13.34879, -0.26197],
				"rotation": [-7.8, 13.12, -120],
				"mirror": true,
				"cubes": [
					{"origin": [2.61972, 13.24879, -0.96197], "size": [4, 2, 2], "uv": [108, 57]}
				]
			},
			{
				"name": "95b86da9_1453_4e29_b84e_32411efc2cfa",
				"parent": "d563cbba_f445_4e06_8165_ebb83ede7de6",
				"pivot": [0, 15.88118, -1.61549],
				"rotation": [7.48929, 0, 0],
				"cubes": [
					{"origin": [-1.5, 12.98118, -1.61549], "size": [3, 3, 2], "uv": [118, 59]}
				]
			},
			{
				"name": "e0e28a3b_b20d_464e_9145_89cbbae6ce59",
				"parent": "d563cbba_f445_4e06_8165_ebb83ede7de6",
				"pivot": [0, 14.39667, 1.13521],
				"rotation": [30.3, 0, 0],
				"cubes": [
					{"origin": [-1.5, 13.59667, 0.23521], "size": [3, 4, 1], "uv": [8, 25]}
				]
			},
			{
				"name": "c15ed169_eed5_46ef_803d_c880e75152fc",
				"parent": "d563cbba_f445_4e06_8165_ebb83ede7de6",
				"pivot": [0, 13.52344, 0],
				"cubes": [
					{"origin": [-3, 10.74843, -1.65], "size": [6, 3, 4], "uv": [68, 22], "inflate": 0.06},
					{"origin": [-3, 12.57344, -1.75], "size": [6, 2, 4], "uv": [68, 22], "inflate": -0.12}
				]
			},
			{
				"name": "75be202b_3599_45e8_b1e5_441768bec86a",
				"parent": "c15ed169_eed5_46ef_803d_c880e75152fc",
				"pivot": [-2.96901, 13.61076, 2.09578],
				"rotation": [26, -9.24, 22.62],
				"cubes": [
					{"origin": [-2.96901, 13.61076, 0.09577], "size": [3, 5, 2], "uv": [84, 50]}
				]
			},
			{
				"name": "e878127a_cbeb_458b_b6de_b6b7b17b31ce",
				"parent": "c15ed169_eed5_46ef_803d_c880e75152fc",
				"pivot": [2.96901, 13.61076, 2.09578],
				"rotation": [26, 9.24, -22.62],
				"mirror": true,
				"cubes": [
					{"origin": [-0.03099, 13.61076, 0.09577], "size": [3, 5, 2], "uv": [84, 50]}
				]
			},
			{
				"name": "50e60eba_47aa_4e4a_b1b9_5b605535feda",
				"parent": "body",
				"pivot": [0, 15.61921, -0.17465],
				"cubes": [
					{"origin": [0, 15.61921, -0.17465], "size": [0, 0, 0], "uv": [0, 0]}
				]
			},
			{
				"name": "a2c39bb3_70b7_49c7_9186_a3f615584ca3",
				"parent": "50e60eba_47aa_4e4a_b1b9_5b605535feda",
				"pivot": [0, 13.52344, 0.26197],
				"cubes": [
					{"origin": [0, 13.52344, 0.26197], "size": [0, 0, 0], "uv": [0, 0]}
				]
			},
			{
				"name": "3c9b8dec_3058_4e3c_a910_17ae5309271b",
				"parent": "a2c39bb3_70b7_49c7_9186_a3f615584ca3",
				"pivot": [0, 15.70653, -0.08732],
				"rotation": [-0.69, 0, 0],
				"cubes": [
					{"origin": [-1.5, 15.90653, -1.88732], "size": [3, 2, 2], "uv": [30, 25], "inflate": 0.01}
				]
			},
			{
				"name": "bfbe23ad_bc63_457c_9b22_8b549044750b",
				"parent": "a2c39bb3_70b7_49c7_9186_a3f615584ca3",
				"pivot": [0.52394, 19.02484, 0.3493],
				"rotation": [-11.94, 0.83, -9.01],
				"cubes": [
					{"origin": [-1.97606, 16.02484, -1.1507], "size": [2, 3, 2], "uv": [16, 21]}
				]
			},
			{
				"name": "0098d1f5_dba6_4cb2_b3b5_a45590b220b9",
				"parent": "a2c39bb3_70b7_49c7_9186_a3f615584ca3",
				"pivot": [-0.52394, 19.02484, 0.3493],
				"rotation": [-11.94078, -0.83, 9.01],
				"mirror": true,
				"cubes": [
					{"origin": [-0.02394, 16.02484, -1.1507], "size": [2, 3, 2], "uv": [16, 21]}
				]
			},
			{
				"name": "476c81fa_b930_4e98_975e_87f4f730d530",
				"parent": "a2c39bb3_70b7_49c7_9186_a3f615584ca3",
				"pivot": [-0.91166, 19.19949, -0.82958],
				"rotation": [-55.17178, 6, 0],
				"mirror": true,
				"cubes": [
					{"origin": [-1.61166, 16.69949, -1.37958], "size": [2, 3, 2], "uv": [16, 16]}
				]
			},
			{
				"name": "cb043867_009c_45e8_897e_f3bbc1169f5e",
				"parent": "a2c39bb3_70b7_49c7_9186_a3f615584ca3",
				"pivot": [0.91166, 19.19949, -0.82958],
				"rotation": [-55.17178, -6, 0],
				"cubes": [
					{"origin": [-0.38834, 16.69949, -1.37958], "size": [2, 3, 2], "uv": [24, 16]}
				]
			},
			{
				"name": "148e915c_ddcc_4234_ab5c_a16982868a8c",
				"parent": "a2c39bb3_70b7_49c7_9186_a3f615584ca3",
				"pivot": [0, 20.37836, 0.21604],
				"rotation": [0.21718, 0, 0],
				"cubes": [
					{"origin": [-1, 18.87836, -0.78396], "size": [2, 4, 2], "uv": [24, 21], "inflate": -0.2}
				]
			},
			{
				"name": "6ae4136a_50ef_4c1e_ac05_a19ec190ebf4",
				"parent": "a2c39bb3_70b7_49c7_9186_a3f615584ca3",
				"pivot": [0, 18.1516, -0.08732],
				"rotation": [-2.04, 0, 0],
				"cubes": [
					{"origin": [-2, 18.4516, -0.98732], "size": [4, 2, 2], "uv": [32, 20]}
				]
			},
			{
				"name": "92f8cf9d_21c7_4fda_91fe_3093d803951e",
				"parent": "a2c39bb3_70b7_49c7_9186_a3f615584ca3",
				"pivot": [0, 17.88963, -1.57183],
				"rotation": [-17, 0, 0],
				"cubes": [
					{"origin": [-1.5, 17.58963, -1.58183], "size": [3, 3, 1], "uv": [120, 20], "inflate": 0.01}
				]
			},
			{
				"name": "35d09bbe_d65d_4342_a611_1d5608059199",
				"parent": "a2c39bb3_70b7_49c7_9186_a3f615584ca3",
				"pivot": [0, 20.29104, -0.17465],
				"rotation": [5, 0, 0],
				"mirror": true,
				"cubes": [
					{"origin": [-2.5, 19.29104, -2.17465], "size": [5, 2, 4], "uv": [52, 58]},
					{"origin": [-2.5, 19.29104, -2.17465], "size": [5, 2, 4], "uv": [52, 58], "inflate": -0.4},
					{"origin": [-2.5, 19.29104, -2.17465], "size": [5, 2, 4], "uv": [52, 58], "inflate": -0.2}
				]
			},
			{
				"name": "legRight",
				"pivot": [-1.52817, 13.52344, -0.0045],
				"cubes": [
					{"origin": [-1.92817, 6.32344, -1.3045], "size": [1, 7, 1], "uv": [0, 24]}
				]
			},
			{
				"name": "c6e5bb6d_3630_4464_93e2_6b621b876ac2",
				"parent": "legRight",
				"pivot": [-1.61549, 7.45442, 0.07933],
				"cubes": [
					{"origin": [-2.61549, 8.15442, -0.97067], "size": [0, 0, 0], "uv": [0, 0]}
				]
			},
			{
				"name": "d6327b29_d756_473a_972c_2a2d9e320f54",
				"parent": "c6e5bb6d_3630_4464_93e2_6b621b876ac2",
				"pivot": [-1.96479, 0.8178, 0.63821],
				"cubes": [
					{"origin": [-2.86479, -0.1822, -2.36179], "size": [2, 1, 4], "uv": [100, 57]}
				]
			},
			{
				"name": "7de21a4d_cf32_4b56_a7c8_8e431428c278",
				"parent": "c6e5bb6d_3630_4464_93e2_6b621b876ac2",
				"pivot": [-1.61549, 7.45442, 0.07933],
				"rotation": [5, -9, 1.72],
				"cubes": [
					{"origin": [-2.61549, -0.74558, -0.97067], "size": [2, 9, 2], "uv": [66, 50], "inflate": -0.08}
				]
			},
			{
				"name": "11b236e8_174c_49c8_a3b7_29de02a93266",
				"parent": "7de21a4d_cf32_4b56_a7c8_8e431428c278",
				"pivot": [-1.61549, 5.96992, 0.6906],
				"rotation": [26.74617, 0, 0],
				"cubes": [
					{"origin": [-2.61549, 5.56992, 0.5906], "size": [2, 2, 1], "uv": [112, 61], "inflate": -0.08}
				]
			},
			{
				"name": "355844f2_2b74_49ad_be00_e9e460c3a471",
				"parent": "7de21a4d_cf32_4b56_a7c8_8e431428c278",
				"pivot": [-1.61549, 6.18823, 0.6906],
				"rotation": [-11.18146, 0, 0],
				"cubes": [
					{"origin": [-2.61549, 1.18823, 0.6906], "size": [2, 5, 1], "uv": [88, 57], "inflate": -0.08}
				]
			},
			{
				"name": "2dad84ba_7168_4837_b261_3ef609fa8d5b",
				"parent": "legRight",
				"pivot": [-0.69859, 12.34456, 0.83381],
				"rotation": [-1.1, 1.29, -5],
				"cubes": [
					{"origin": [-2.69859, 6.69456, -1.56619], "size": [1, 7, 2], "uv": [110, 48]}
				]
			},
			{
				"name": "9568c147_d825_4425_9972_7c99833ed1dd",
				"parent": "legRight",
				"pivot": [-0.69859, 12.34456, 0.83381],
				"rotation": [-1.1, 1.29, -5],
				"cubes": [
					{"origin": [-2.69859, 6.69456, -1.56619], "size": [1, 7, 2], "uv": [110, 48]}
				]
			},
			{
				"name": "ef2cfe44_df63_4e43_a568_d9bf7ac39183",
				"parent": "legRight",
				"pivot": [-1.52817, 13.52344, -0.0045],
				"rotation": [0, -5.25, 4.83],
				"cubes": [
					{"origin": [-1.22817, 6.32344, -1.3045], "size": [1, 7, 2], "uv": [104, 48]}
				]
			},
			{
				"name": "059fd00a_f199_4c09_8f41_f72f7a5c0bdd",
				"parent": "legRight",
				"pivot": [-1.2662, 8.45865, -0.63323],
				"rotation": [-10.09, 4.41, -4],
				"cubes": [
					{"origin": [-2.3662, 7.45865, -0.78323], "size": [1, 7, 2], "uv": [116, 48]}
				]
			},
			{
				"name": "be9f9466_a520_471f_a272_3385199955bf",
				"parent": "legRight",
				"pivot": [-1.2662, 8.45865, -0.63323],
				"rotation": [-9.44966, 2.52, 2.61],
				"cubes": [
					{"origin": [-1.8662, 7.45865, -0.78323], "size": [1, 7, 2], "uv": [122, 48]}
				]
			},
			{
				"name": "legLeft",
				"pivot": [1.52817, 13.52344, -0.0045],
				"mirror": true,
				"cubes": [
					{"origin": [0.82817, 6.32344, -1.3045], "size": [1, 7, 1], "uv": [4, 24]}
				]
			},
			{
				"name": "3566da81_5b8c_41a5_87c9_06c3a1260ea2",
				"parent": "legLeft",
				"pivot": [1.61549, 7.45442, 0.07933],
				"mirror": true,
				"cubes": [
					{"origin": [0.61549, 8.15442, -0.97067], "size": [0, 0, 0], "uv": [0, 0]}
				]
			},
			{
				"name": "8dd912c1_d579_4fd2_8d2a_4968e9bdb5f4",
				"parent": "3566da81_5b8c_41a5_87c9_06c3a1260ea2",
				"pivot": [1.96479, 0.8178, 0.63821],
				"mirror": true,
				"cubes": [
					{"origin": [0.86479, -0.1822, -2.36179], "size": [2, 1, 4], "uv": [100, 57]}
				]
			},
			{
				"name": "87a545ab_1cd7_4ead_92bd_011102e0c497",
				"parent": "3566da81_5b8c_41a5_87c9_06c3a1260ea2",
				"pivot": [1.61549, 7.45442, 0.07933],
				"rotation": [5, 9, -1.72],
				"mirror": true,
				"cubes": [
					{"origin": [0.61549, -0.74558, -0.97067], "size": [2, 9, 2], "uv": [66, 50], "inflate": -0.08}
				]
			},
			{
				"name": "c3f0099c_78e0_44a0_95a1_6ba73f1c0759",
				"parent": "87a545ab_1cd7_4ead_92bd_011102e0c497",
				"pivot": [1.61549, 5.96992, 0.6906],
				"rotation": [26.74617, 0, 0],
				"mirror": true,
				"cubes": [
					{"origin": [0.61549, 5.56992, 0.5906], "size": [2, 2, 1], "uv": [112, 61], "inflate": -0.08}
				]
			},
			{
				"name": "5f1cb726_c773_4985_a946_b60302f3e151",
				"parent": "87a545ab_1cd7_4ead_92bd_011102e0c497",
				"pivot": [1.61549, 6.18823, 0.6906],
				"rotation": [-11.18146, 0, 0],
				"mirror": true,
				"cubes": [
					{"origin": [0.61549, 1.18823, 0.6906], "size": [2, 5, 1], "uv": [88, 57], "inflate": -0.08}
				]
			},
			{
				"name": "317a2a75_2c8f_45ac_afac_76712c0c6064",
				"parent": "legLeft",
				"pivot": [0.69859, 12.34456, 0.83381],
				"rotation": [-1.1, -1.29, 5],
				"mirror": true,
				"cubes": [
					{"origin": [1.69859, 6.69456, -1.56619], "size": [1, 7, 2], "uv": [110, 48]}
				]
			},
			{
				"name": "1043e692_0793_4a2e_b7e7_f4d4a5a964a1",
				"parent": "legLeft",
				"pivot": [0.69859, 12.34456, 0.83381],
				"rotation": [-1.1, -1.29, 5],
				"mirror": true,
				"cubes": [
					{"origin": [1.69859, 6.69456, -1.56619], "size": [1, 7, 2], "uv": [110, 48]}
				]
			},
			{
				"name": "2d02502b_2849_4d36_b0d7_9bf5def20646",
				"parent": "legLeft",
				"pivot": [1.52817, 13.52344, -0.0045],
				"rotation": [0, 5.25, -4.83],
				"mirror": true,
				"cubes": [
					{"origin": [0.22817, 6.32344, -1.3045], "size": [1, 7, 2], "uv": [104, 48]}
				]
			},
			{
				"name": "03bcd6d6_719b_4b60_8272_fcde6d9086d5",
				"parent": "legLeft",
				"pivot": [1.2662, 8.45865, -0.63323],
				"rotation": [-10.09, -4.41, 4],
				"mirror": true,
				"cubes": [
					{"origin": [1.3662, 7.45865, -0.78323], "size": [1, 7, 2], "uv": [116, 48]}
				]
			},
			{
				"name": "68ee0b09_58fd_4a5e_92ec_c77118698886",
				"parent": "legLeft",
				"pivot": [1.2662, 8.45865, -0.63323],
				"rotation": [-9.45, -2.52, -2.61],
				"mirror": true,
				"cubes": [
					{"origin": [0.8662, 7.45865, -0.78323], "size": [1, 7, 2], "uv": [122, 48]}
				]
			},
			{
				"name": "backpackPositioningBone",
				"pivot": [0, 19, 0]
			}
		]
	}
}