{
	"format_version": "1.10.0",
	"geometry.model": {
		"texturewidth": 128,
		"textureheight": 64,
		"visible_bounds_width": 3,
		"visible_bounds_height": 4,
		"visible_bounds_offset": [0, 1, 0],
		"bones": [
			{
				"name": "head",
				"pivot": [0, 16, 0]
			},
			{
				"name": "04237330_2a86_422d_bb46_9a4ad46f3951",
				"parent": "head",
				"pivot": [0, 16, 0],
				"cubes": [
					{"origin": [-4, 16, -4], "size": [8, 8, 8], "uv": [0, 17]}
				]
			},
			{
				"name": "b6e92262_15c6_4a48_9dfe_d8d7292788ad",
				"parent": "04237330_2a86_422d_bb46_9a4ad46f3951",
				"pivot": [0, 16, 0],
				"cubes": [
					{"origin": [-1.5, 13.8, 4], "size": [3, 9, 3], "uv": [66, 17]}
				]
			},
			{
				"name": "616e2f5d_f0cc_4108_b280_58690fb266c1",
				"parent": "04237330_2a86_422d_bb46_9a4ad46f3951",
				"pivot": [0, 16, 0],
				"cubes": [
					{"origin": [-4, 12, 0], "size": [8, 4, 3], "uv": [24, 17]}
				]
			},
			{
				"name": "3b4237b7_075d_4a84_bc41_1a26bd6401f8",
				"parent": "04237330_2a86_422d_bb46_9a4ad46f3951",
				"pivot": [0, 16, 0],
				"cubes": [
					{"origin": [-5, 20, 0.2], "size": [1, 3, 3], "uv": [0, 17]}
				]
			},
			{
				"name": "6107e713_0070_48f0_926f_f996ec910f49",
				"parent": "04237330_2a86_422d_bb46_9a4ad46f3951",
				"pivot": [0, 16, 0],
				"cubes": [
					{"origin": [4.5, 14.8, 0.9], "size": [1, 8, 2], "uv": [84, 17]}
				]
			},
			{
				"name": "aa414889_d734_4e33_8425_9fe6b6ed43be",
				"parent": "04237330_2a86_422d_bb46_9a4ad46f3951",
				"pivot": [0, 16, 0],
				"cubes": [
					{"origin": [-2, 19.2, 4], "size": [4, 4, 2], "uv": [54, 17]}
				]
			},
			{
				"name": "5bd5ec24_8dab_4bc1_853c_b811de33c397",
				"parent": "04237330_2a86_422d_bb46_9a4ad46f3951",
				"pivot": [0, 16, 0],
				"cubes": [
					{"origin": [-5.5, 14.8, 0.9], "size": [1, 8, 2], "uv": [78, 17]}
				]
			},
			{
				"name": "19ac1805_6779_4b13_be1f_94d8eee00047",
				"parent": "04237330_2a86_422d_bb46_9a4ad46f3951",
				"pivot": [0, 16, 0],
				"cubes": [
					{"origin": [4, 20, 0.2], "size": [1, 3, 3], "uv": [46, 17]}
				]
			},
			{
				"name": "0337c7ad_93f8_4fcb_8e9e_2ea66b483dae",
				"parent": "04237330_2a86_422d_bb46_9a4ad46f3951",
				"pivot": [4, 22, -4],
				"rotation": [7.68682, 13.04, -10.51593],
				"cubes": [
					{"origin": [3.5, 17.5, -4], "size": [1, 5, 2], "uv": [98, 18]}
				]
			},
			{
				"name": "blink",
				"parent": "head",
				"pivot": [0, 16, 0],
				"cubes": [
					{"origin": [-4, 17, -4], "size": [8, 4, 0], "uv": [63, 29], "inflate": 0.001}
				]
			},
			{
				"name": "armLeft",
				"pivot": [3, 14.9, 0],
				"rotation": [-0.19157, 0, -34.36589],
				"cubes": [
					{"origin": [2.71776, 7.48728, -0.99862], "size": [2, 8, 2], "uv": [116, 0]}
				]
			},
			{
				"name": "d6ef4e54_4d6f_48f4_bfb5_2e3f53cdf563",
				"parent": "armLeft",
				"pivot": [3.71776, 13.48728, 0.00138],
				"cubes": [
					{"origin": [2.41776, 11.08728, -1.29862], "size": [3, 3, 3], "uv": [104, 18]}
				]
			},
			{
				"name": "3454b3db_e107_4887_90f3_42c12d0ace7b",
				"parent": "d6ef4e54_4d6f_48f4_bfb5_2e3f53cdf563",
				"pivot": [3.71776, 11.68728, 0.00138],
				"rotation": [-25, 0, 0],
				"cubes": [
					{"origin": [2.21776, 8.68728, -0.49862], "size": [3, 3, 3], "uv": [113, 21]}
				]
			},
			{
				"name": "9c2444d3_cddc_4e2e_bece_5af126fe5406",
				"parent": "3454b3db_e107_4887_90f3_42c12d0ace7b",
				"pivot": [3.71776, 10.68728, 1.80138],
				"rotation": [-37.29963, 0, 0],
				"cubes": [
					{"origin": [3.21776, 8.68728, 1.80138], "size": [1, 3, 4], "uv": [90, 22]}
				]
			},
			{
				"name": "5ebf8464_bb50_48bb_a79e_4eba08cda81f",
				"parent": "9c2444d3_cddc_4e2e_bece_5af126fe5406",
				"pivot": [3.71776, 9.68728, 5.30138],
				"rotation": [28.90037, 32, 0],
				"cubes": [
					{"origin": [3.21776, 8.18728, 5.30138], "size": [1, 4, 5], "uv": [41, 23]}
				]
			},
			{
				"name": "2a267323_ee37_4684_847e_e72b89195e1e",
				"parent": "5ebf8464_bb50_48bb_a79e_4eba08cda81f",
				"pivot": [3.71776, 8.68728, 9.30138],
				"rotation": [40, 0, 0],
				"cubes": [
					{"origin": [4.31776, 6.68728, 9.30138], "size": [0, 2, 2], "uv": [112, 8]}
				]
			},
			{
				"name": "armRight",
				"pivot": [-3, 15.15, 0],
				"rotation": [0.19157, 0, 34.36589],
				"cubes": [
					{"origin": [-4.57664, 7.53092, -1.00207], "size": [2, 8, 2], "uv": [116, 10]}
				]
			},
			{
				"name": "694308d4_2f17_482d_b586_9cd57439b609",
				"parent": "armRight",
				"pivot": [-3.57664, 13.53092, -0.00207],
				"cubes": [
					{"origin": [-5.27664, 11.13092, -1.30207], "size": [3, 3, 3], "uv": [53, 23]}
				]
			},
			{
				"name": "c5800aa2_6b78_4e18_ba1f_ab40ac0b0819",
				"parent": "694308d4_2f17_482d_b586_9cd57439b609",
				"pivot": [-3.57664, 11.73092, -0.00207],
				"rotation": [-25, 0, 0],
				"cubes": [
					{"origin": [-5.07664, 8.73092, -0.50207], "size": [3, 3, 3], "uv": [101, 24]}
				]
			},
			{
				"name": "499b4aeb_6a0b_4d9b_8ad9_8886c87dcc38",
				"parent": "c5800aa2_6b78_4e18_ba1f_ab40ac0b0819",
				"pivot": [-3.57664, 10.73092, 1.79793],
				"rotation": [-37.70037, 0, 0],
				"cubes": [
					{"origin": [-4.07664, 8.73092, 1.79793], "size": [1, 3, 4], "uv": [74, 27]}
				]
			},
			{
				"name": "03f33ecf_3a31_4438_bdad_7f71e65c293d",
				"parent": "499b4aeb_6a0b_4d9b_8ad9_8886c87dcc38",
				"pivot": [-3.57664, 9.73092, 5.29793],
				"rotation": [28.49963, -32, 0],
				"cubes": [
					{"origin": [-4.07664, 8.23092, 5.29793], "size": [1, 4, 5], "uv": [32, 27]}
				]
			},
			{
				"name": "3e919ccd_3916_44ca_94cc_f44e8bdc9bb7",
				"parent": "03f33ecf_3a31_4438_bdad_7f71e65c293d",
				"pivot": [-3.57664, 8.73092, 9.29793],
				"rotation": [40, 0, 0],
				"cubes": [
					{"origin": [-4.17664, 6.73092, 9.29793], "size": [0, 2, 2], "uv": [39, 24]}
				]
			},
			{
				"name": "body",
				"pivot": [0, 16, 0],
				"cubes": [
					{"origin": [-3, 9, -2], "size": [6, 7, 4], "uv": [92, 0]}
				]
			},
			{
				"name": "0f9bf392_4a80_4922_be52_eea496cdbb70",
				"parent": "body",
				"pivot": [0, 15, 2],
				"rotation": [-10.43, 0, 0],
				"cubes": [
					{"origin": [-5.5, 13, 1], "size": [11, 3, 2], "uv": [64, 38]}
				]
			},
			{
				"name": "c1845620_f3e6_428f_b924_7a8fba46a63e",
				"parent": "body",
				"pivot": [0, 13, 0],
				"cubes": [
					{"origin": [-3.5, 11.35, -2.5], "size": [7, 2, 5], "uv": [92, 11]}
				]
			},
			{
				"name": "e4d95e26_2695_4db1_9e4e_b55fcb02fd8f",
				"parent": "body",
				"pivot": [0, 15, -2],
				"rotation": [7.5, 0, 0],
				"cubes": [
					{"origin": [-1, 14, -4], "size": [2, 2, 2], "uv": [108, 0]}
				]
			},
			{
				"name": "bone3",
				"parent": "body",
				"pivot": [-1.25, 13.25, 5]
			},
			{
				"name": "bone2",
				"parent": "bone3",
				"pivot": [-5.25, 6.25, 5],
				"rotation": [0, 0, -45],
				"cubes": [
					{"origin": [-5.25, -1.75, 5], "size": [22, 16, 0], "uv": [46, 0], "inflate": 0.001}
				]
			},
			{
				"name": "bone",
				"parent": "bone3",
				"pivot": [4.75, 6.25, 5],
				"rotation": [0, 0, 45],
				"cubes": [
					{"origin": [-16.54289, -1.04289, 5.075], "size": [22, 16, 0], "uv": [0, 0], "inflate": 0.001}
				]
			},
			{
				"name": "body2",
				"parent": "body",
				"pivot": [0, 9, 0]
			},
			{
				"name": "7ee8f5c9_04dd_4142_8698_a4d11d372660",
				"parent": "body2",
				"pivot": [0, 9, 0],
				"cubes": [
					{"origin": [-3.5, 7.8, -2], "size": [7, 3, 4], "uv": [80, 30], "inflate": 0.01}
				]
			},
			{
				"name": "3050fa99_3d1e_4754_b609_faf538d89f6c",
				"parent": "7ee8f5c9_04dd_4142_8698_a4d11d372660",
				"pivot": [0, 10, -1.3],
				"rotation": [-37.14318, 0, 0],
				"cubes": [
					{"origin": [-3.5, 7, -2.3], "size": [7, 3, 4], "uv": [0, 33], "inflate": 0.09}
				]
			},
			{
				"name": "2e61d68c_1d8c_4548_a572_349a7b1f37eb",
				"parent": "7ee8f5c9_04dd_4142_8698_a4d11d372660",
				"pivot": [0, 10, 1.3],
				"rotation": [37.14318, 0, 0],
				"cubes": [
					{"origin": [-3.5, 7, -1.7], "size": [7, 3, 4], "uv": [18, 36], "inflate": 0.1}
				]
			},
			{
				"name": "legLeft",
				"pivot": [1.5, 9, 0],
				"cubes": [
					{"origin": [0, 0, -2], "size": [3, 9, 4], "uv": [109, 27]}
				]
			},
			{
				"name": "legRight",
				"pivot": [-1.5, 9, 0],
				"cubes": [
					{"origin": [-3, 0, -2], "size": [3, 9, 4], "uv": [49, 29]}
				]
			},
			{
				"name": "backpackPositioningBone",
				"pivot": [0, 15, 0]
			}
		]
	}
}