{
    "raygunq": {
        "sounds": [
            {
                "name": "pointblank:raygunq",
                "stream": false
            }
        ]
    },
    "hissload": {
        "sounds": [
            {
                "name": "pointblank:hissload",
                "stream": false
            }
        ]
    },
    "kar98kqboltback": {
        "sounds": [
            {
                "name": "pointblank:kar98kqboltback",
                "stream": false
            }
        ]
    },
    "kar98kqboltforward": {
        "sounds": [
            {
                "name": "pointblank:kar98kqboltforward",
                "stream": false
            }
        ]
    },
    "kar98kqclipin": {
        "sounds": [
            {
                "name": "pointblank:kar98kqclipin",
                "stream": false
            }
        ]
    },
    "kar98k_bolt_rechamber": {
        "sounds": [
            {
                "name": "pointblank:kar98k_bolt_rechamber",
                "stream": false
            }
        ]
    },
    "colt_m1911a1_fire": {
        "sounds": [
            {
                "name": "pointblank:colt_m1911a1_fire",
                "stream": false
            }
        ]
    },
    "m35q": {
        "sounds": [
            {
                "name": "pointblank:m35q",
                "stream": false
            }
        ]
    },
    "hiss": {
        "sounds": [
            {
                "name": "pointblank:hiss",
                "stream": false
            }
        ]
    }
}