{
	"format_version": "1.10.0",
	"geometry.model": {
		"texturewidth": 128,
		"textureheight": 128,
		"visible_bounds_width": 3,
		"visible_bounds_height": 4,
		"visible_bounds_offset": [0, 1, 0],
		"bones": [
			{
				"name": "head",
				"pivot": [0, 18, 0],
				"cubes": [
					{"origin": [-4, 18, -4], "size": [8, 9, 8], "uv": [0, 0]},
					{"origin": [-3.75, 18.5, -3.75], "size": [7.5, 8.75, 7.5], "uv": [0, 17]}
				]
			},
			{
				"name": "ahoge",
				"parent": "head",
				"pivot": [0, 26, 0]
			},
			{
				"name": "bone346",
				"parent": "ahoge",
				"pivot": [-0.75, 27.925, -2.625],
				"rotation": [37.31061, 15.09492, -8.95891],
				"cubes": [
					{"origin": [-0.925, 27.425, -2.775], "size": [0.35, 1, 0.5], "uv": [118, 121]}
				]
			},
			{
				"name": "bone345",
				"parent": "ahoge",
				"pivot": [-0.5, 27.375, -2],
				"rotation": [58.81061, 15.09492, -8.95891],
				"cubes": [
					{"origin": [-0.675, 26.35, -2.15], "size": [0.35, 1.525, 0.5], "uv": [118, 121]}
				]
			},
			{
				"name": "blink",
				"parent": "head",
				"pivot": [0, 18, 0],
				"cubes": [
					{"origin": [-4, 18, -4.001], "size": [8, 9, 0], "uv": [72, 0]}
				]
			},
			{
				"name": "bone389",
				"parent": "head",
				"pivot": [4.025, 24.3, 0]
			},
			{
				"name": "bone390",
				"parent": "bone389",
				"pivot": [4.025, 24.3, 0],
				"rotation": [0, 0, -10],
				"cubes": [
					{"origin": [3.525, 21.85, -3.85], "size": [1, 5.15, 7.85], "uv": [25, 10], "mirror": true}
				]
			},
			{
				"name": "bone391",
				"parent": "bone389",
				"pivot": [3.975, 19.85, 0],
				"rotation": [0, 0, 12.5],
				"cubes": [
					{"origin": [3.475, 17.975, -3.825], "size": [1, 4.175, 7.825], "uv": [34, 0], "mirror": true}
				]
			},
			{
				"name": "bone252",
				"parent": "head",
				"pivot": [-4.025, 24.3, 0]
			},
			{
				"name": "bone253",
				"parent": "bone252",
				"pivot": [-4.025, 24.3, 0],
				"rotation": [0, 0, 10],
				"cubes": [
					{"origin": [-4.525, 21.85, -3.85], "size": [1, 5.15, 7.85], "uv": [25, 10]}
				]
			},
			{
				"name": "bone254",
				"parent": "bone252",
				"pivot": [-3.975, 19.85, 0],
				"rotation": [0, 0, -12.5],
				"cubes": [
					{"origin": [-4.475, 17.975, -3.825], "size": [1, 4.175, 7.825], "uv": [34, 0]}
				]
			},
			{
				"name": "bone251",
				"parent": "head",
				"pivot": [4.025, 24.3, 0]
			},
			{
				"name": "bone177",
				"parent": "bone251",
				"pivot": [4.025, 24.3, 0],
				"rotation": [0, 0, -10]
			},
			{
				"name": "bone176",
				"parent": "bone251",
				"pivot": [3.975, 19.85, 0],
				"rotation": [0, 0, 12.5]
			},
			{
				"name": "bone182",
				"parent": "head",
				"pivot": [-1.225, 18.125, -0.3],
				"rotation": [-12.12694, -3.05401, 8.57449]
			},
			{
				"name": "bone183",
				"parent": "bone182",
				"pivot": [-1.7, 18.125, -0.3],
				"cubes": [
					{"origin": [-5.525, 19.25, -4.85], "size": [0.65, 3.875, 0.6], "uv": [122, 117]}
				]
			},
			{
				"name": "bone184",
				"parent": "bone182",
				"pivot": [-4.825, 17.4625, -5.1],
				"rotation": [-8.73393, 0.53211, 3.45936],
				"cubes": [
					{"origin": [-5.625, 17.05, -5.175], "size": [0.65, 2.35, 0.6], "uv": [122, 117]}
				]
			},
			{
				"name": "bone185",
				"parent": "bone182",
				"pivot": [-4.7, 15.2625, -5.2],
				"rotation": [-1.22901, -0.60801, -3.95359],
				"cubes": [
					{"origin": [-5.5, 14.85, -5.275], "size": [0.65, 2.35, 0.6], "uv": [122, 117]}
				]
			},
			{
				"name": "bone181",
				"parent": "head",
				"pivot": [-0.375, 17.7, 0],
				"rotation": [0, 0, 7.5]
			},
			{
				"name": "bone178",
				"parent": "bone181",
				"pivot": [-4.35, 20.7625, -4.25],
				"rotation": [0, 12.5, 0],
				"cubes": [
					{"origin": [-4.85, 18.825, -4.75], "size": [1, 3.875, 1], "uv": [12, 44]}
				]
			},
			{
				"name": "bone179",
				"parent": "bone181",
				"pivot": [-4.05, 17.0375, -4.825],
				"rotation": [-8.91083, 11.40276, 1.76563],
				"cubes": [
					{"origin": [-5.025, 16.625, -5.1], "size": [1, 2.35, 1], "uv": [62, 45]}
				]
			},
			{
				"name": "bone180",
				"parent": "bone181",
				"pivot": [-4.425, 15.6, -4.6],
				"rotation": [-1.23789, 6.89026, -4.11517],
				"cubes": [
					{"origin": [-4.925, 14.425, -5.1], "size": [1, 2.35, 1], "uv": [62, 42]}
				]
			},
			{
				"name": "bone347",
				"parent": "head",
				"pivot": [0.65, 18.6, 0.775],
				"rotation": [0, 0, -9.25]
			},
			{
				"name": "bone348",
				"parent": "bone347",
				"pivot": [4.625, 21.6625, -3.475],
				"rotation": [0, -12.5, 0],
				"cubes": [
					{"origin": [4.125, 19.725, -3.975], "size": [1, 2.925, 1], "uv": [62, 24]}
				]
			},
			{
				"name": "bone349",
				"parent": "bone347",
				"pivot": [4.325, 17.9375, -4.05],
				"rotation": [-8.91083, -11.40276, -1.76563],
				"cubes": [
					{"origin": [4.3, 17.525, -4.325], "size": [1, 2.35, 1], "uv": [6, 62]}
				]
			},
			{
				"name": "bone350",
				"parent": "bone347",
				"pivot": [4.7, 16.5, -3.825],
				"rotation": [-1.23789, -6.89026, 4.11517],
				"cubes": [
					{"origin": [4.2, 15.325, -4.325], "size": [1, 2.35, 1], "uv": [62, 5]}
				]
			},
			{
				"name": "bone235",
				"parent": "head",
				"pivot": [0.125, 18, 0.075],
				"rotation": [0, 0, -2.5]
			},
			{
				"name": "bone236",
				"parent": "bone235",
				"pivot": [4.1, 21.0625, -4.175],
				"rotation": [0, -12.5, 0],
				"cubes": [
					{"origin": [3.6, 19.125, -4.675], "size": [1, 7.3, 1], "uv": [17, 32]}
				]
			},
			{
				"name": "bone237",
				"parent": "bone235",
				"pivot": [3.8, 17.3375, -4.75],
				"rotation": [-8.91083, -11.40276, -1.76563],
				"cubes": [
					{"origin": [3.775, 16.925, -5.025], "size": [1, 2.35, 1], "uv": [29, 62]}
				]
			},
			{
				"name": "bone238",
				"parent": "bone235",
				"pivot": [4.175, 15.9, -4.525],
				"rotation": [-1.23789, -6.89026, 4.11517],
				"cubes": [
					{"origin": [3.675, 14.725, -5.025], "size": [1, 2.35, 1], "uv": [62, 27]}
				]
			},
			{
				"name": "bone234",
				"parent": "head",
				"pivot": [-0.475, 26.425, -4.65],
				"rotation": [-7.49294, -0.32621, 2.52136],
				"cubes": [
					{"origin": [-0.05, 26.425, -4.65], "size": [4.125, 1, 1], "uv": [21, 22]}
				]
			},
			{
				"name": "bone186",
				"parent": "head",
				"pivot": [0.475, 26.425, -4.65],
				"rotation": [-7.49294, 0.32621, -2.52136],
				"cubes": [
					{"origin": [-4.075, 26.425, -4.65], "size": [4.1, 1, 1], "uv": [24, 6]}
				]
			},
			{
				"name": "bone217",
				"parent": "head",
				"pivot": [-0.625, 24.525, -4.3],
				"rotation": [-2.1692, 7.29484, -11.52024]
			},
			{
				"name": "bone218",
				"parent": "bone217",
				"pivot": [0.4, 24.5, -4.5],
				"rotation": [2.86701, -5.07909, -15.22172],
				"cubes": [
					{"origin": [-0.325, 23.85, -5.125], "size": [0.575, 1.95, 0.475], "uv": [113, 120]}
				]
			},
			{
				"name": "bone219",
				"parent": "bone217",
				"pivot": [-0.075, 26.025, -4.625],
				"rotation": [-8.54109, -4.35312, -14.40611],
				"cubes": [
					{"origin": [-0.75, 25.5, -5.125], "size": [0.6, 1.525, 0.475], "uv": [113, 120]}
				]
			},
			{
				"name": "bone220",
				"parent": "bone217",
				"pivot": [0.375, 24.55, -4.5],
				"rotation": [4.10249, -4.14661, -30.49312],
				"cubes": [
					{"origin": [-0.475, 23.05, -5.125], "size": [0.6, 1.075, 0.475], "uv": [113, 120]}
				]
			},
			{
				"name": "bone221",
				"parent": "head",
				"pivot": [-0.275, 24.525, -3.975],
				"rotation": [-3.40778, 6.80709, -21.58468]
			},
			{
				"name": "bone222",
				"parent": "bone221",
				"pivot": [0.925, 24.5, -4.175],
				"rotation": [2.17827, -5.40967, -7.69746],
				"cubes": [
					{"origin": [0.025, 23.85, -5.025], "size": [0.925, 1.775, 0.925], "uv": [113, 118]}
				]
			},
			{
				"name": "bone223",
				"parent": "bone221",
				"pivot": [0.575, 25.6, -4.3],
				"rotation": [-9.50624, -1.18473, 5.36718],
				"cubes": [
					{"origin": [-0.275, 25.425, -5.025], "size": [0.95, 1.175, 0.925], "uv": [113, 118]}
				]
			},
			{
				"name": "bone225",
				"parent": "bone221",
				"pivot": [1.35, 21.9875, -4.5625],
				"rotation": [-3.38372, -4.75101, 49.79588],
				"cubes": [
					{"origin": [0.95, 21.825, -4.875], "size": [1.95, 0.925, 1], "uv": [113, 118]}
				]
			},
			{
				"name": "bone224",
				"parent": "bone221",
				"pivot": [0.725, 24.55, -4.175],
				"rotation": [4.10249, -4.14661, -30.49312],
				"cubes": [
					{"origin": [-0.3, 22.25, -5.025], "size": [0.95, 1.875, 0.925], "uv": [113, 118]}
				]
			},
			{
				"name": "bone247",
				"parent": "head",
				"pivot": [4.175, 24.875, -3.975],
				"rotation": [-6.96962, 3.06029, -61.31835]
			},
			{
				"name": "bone248",
				"parent": "bone247",
				"pivot": [5.2, 25.475, -4.25],
				"rotation": [10.06948, -4.22701, -12.60586],
				"cubes": [
					{"origin": [4.3, 23.8, -5.1], "size": [0.925, 1.975, 0.925], "uv": [112, 118]}
				]
			},
			{
				"name": "bone249",
				"parent": "bone247",
				"pivot": [5.175, 26.375, -4.3],
				"rotation": [-9.2994, -4.87733, -1.63161],
				"cubes": [
					{"origin": [4.325, 25.05, -4.875], "size": [0.95, 1.9, 0.925], "uv": [112, 118]}
				]
			},
			{
				"name": "bone250",
				"parent": "bone247",
				"pivot": [5.175, 24.9, -4.175],
				"rotation": [4.10249, -4.14661, -30.49312]
			},
			{
				"name": "bone243",
				"parent": "head",
				"pivot": [2.75, 24.8, -3.975],
				"rotation": [-5.03079, 5.71576, -36.38325]
			},
			{
				"name": "bone244",
				"parent": "bone243",
				"pivot": [3.925, 24.975, -4.25],
				"rotation": [9.43967, -5.49951, -5.1877],
				"cubes": [
					{"origin": [3.025, 22.55, -5.1], "size": [0.925, 2.725, 0.925], "uv": [119, 115]}
				]
			},
			{
				"name": "bone245",
				"parent": "bone243",
				"pivot": [3.75, 26.3, -4.3],
				"rotation": [-9.2994, -4.87733, -1.63161],
				"cubes": [
					{"origin": [2.9, 24.975, -4.875], "size": [0.95, 1.9, 0.925], "uv": [119, 115]}
				]
			},
			{
				"name": "bone246",
				"parent": "bone243",
				"pivot": [3.75, 24.825, -4.175],
				"rotation": [4.10249, -4.14661, -30.49312]
			},
			{
				"name": "bone239",
				"parent": "head",
				"pivot": [1.375, 25.125, -3.975],
				"rotation": [-4.01781, 6.46688, -26.85902]
			},
			{
				"name": "bone240",
				"parent": "bone239",
				"pivot": [2.55, 25.1, -4.175],
				"rotation": [1.93967, -5.49951, -5.1877],
				"cubes": [
					{"origin": [1.65, 24.45, -5.025], "size": [0.925, 1.2, 0.925], "uv": [113, 122]}
				]
			},
			{
				"name": "bone241",
				"parent": "bone239",
				"pivot": [2.375, 26.625, -4.3],
				"rotation": [-9.2994, -4.87733, -1.63161],
				"cubes": [
					{"origin": [1.525, 25.45, -4.875], "size": [0.95, 1.3, 0.925], "uv": [113, 122]}
				]
			},
			{
				"name": "bone242",
				"parent": "bone239",
				"pivot": [2.375, 25.15, -4.175],
				"rotation": [4.10249, -4.14661, -30.49312],
				"cubes": [
					{"origin": [1.35, 21.675, -5.025], "size": [0.95, 3.05, 0.925], "uv": [113, 122]}
				]
			},
			{
				"name": "bone203",
				"parent": "head",
				"pivot": [0.525, 24.8, -3.975],
				"rotation": [-4.01781, 6.46688, -26.85902]
			},
			{
				"name": "bone204",
				"parent": "bone203",
				"pivot": [1.7, 24.775, -4.175],
				"rotation": [1.93967, -5.49951, -5.1877],
				"cubes": [
					{"origin": [0.8, 24.125, -5.025], "size": [0.925, 1.95, 0.925], "uv": [115, 120]}
				]
			},
			{
				"name": "bone205",
				"parent": "bone203",
				"pivot": [1.525, 26.3, -4.3],
				"rotation": [-9.2994, -4.87733, -1.63161],
				"cubes": [
					{"origin": [0.675, 25.775, -5.025], "size": [0.95, 1.1, 0.925], "uv": [115, 120]}
				]
			},
			{
				"name": "bone216",
				"parent": "bone203",
				"pivot": [1.525, 24.825, -4.175],
				"rotation": [4.10249, -4.14661, -30.49312],
				"cubes": [
					{"origin": [0.5, 21.35, -5.025], "size": [0.95, 3.05, 0.925], "uv": [115, 120]}
				]
			},
			{
				"name": "bone212",
				"parent": "head",
				"pivot": [-1.275, 24.2, -3.975],
				"rotation": [-2.20116, 7.28531, -11.7721]
			},
			{
				"name": "bone213",
				"parent": "bone212",
				"pivot": [-0.25, 24.175, -4.175],
				"rotation": [2.86701, -5.07909, -15.22172],
				"cubes": [
					{"origin": [-1.175, 23.525, -5.025], "size": [0.95, 1.95, 0.925], "uv": [112, 115]}
				]
			},
			{
				"name": "bone214",
				"parent": "bone212",
				"pivot": [-0.725, 25.7, -4.3],
				"rotation": [-8.54109, -4.35312, -14.40611],
				"cubes": [
					{"origin": [-1.575, 25.175, -5.025], "size": [0.95, 1.525, 0.925], "uv": [112, 115]}
				]
			},
			{
				"name": "bone215",
				"parent": "bone212",
				"pivot": [-0.275, 24.225, -4.175],
				"rotation": [4.48059, -3.73472, -35.99069]
			},
			{
				"name": "bone228",
				"parent": "head",
				"pivot": [-1.725, 24.45, -3.875],
				"rotation": [-0.22999, 7.6054, 3.35276]
			},
			{
				"name": "bone229",
				"parent": "bone228",
				"pivot": [-0.875, 24.5, -4.075],
				"rotation": [4.6235, -3.55613, -38.23814],
				"cubes": [
					{"origin": [-1.275, 23.85, -4.925], "size": [0.875, 1.95, 0.925], "uv": [117, 117]}
				]
			},
			{
				"name": "bone230",
				"parent": "bone228",
				"pivot": [-1.725, 25.95, -4.15],
				"rotation": [-8.13272, -5.07855, -19.37006]
			},
			{
				"name": "bone231",
				"parent": "bone228",
				"pivot": [0.875, 23.0125, -4.6125],
				"rotation": [5.73576, -1.04887, -65.39708],
				"cubes": [
					{"origin": [0.5, 22.6, -4.65], "size": [0.6, 1.175, 0.275], "uv": [117, 117]}
				]
			},
			{
				"name": "bone232",
				"parent": "bone228",
				"pivot": [0.825, 22.9375, -4.6125],
				"rotation": [5.81727, -0.39396, -71.86455],
				"cubes": [
					{"origin": [0.525, 21.425, -4.625], "size": [0.525, 1.175, 0.225], "uv": [117, 117]}
				]
			},
			{
				"name": "bone233",
				"parent": "bone228",
				"pivot": [-0.9, 24.325, -4.075],
				"rotation": [4.90148, -3.16153, -42.97988],
				"cubes": [
					{"origin": [-1.175, 22.725, -4.925], "size": [0.75, 1.175, 0.625], "uv": [117, 117]}
				]
			},
			{
				"name": "bone206",
				"parent": "head",
				"pivot": [-1.925, 24.425, -3.875],
				"rotation": [2.39908, 7.22286, 23.51949]
			},
			{
				"name": "bone207",
				"parent": "bone206",
				"pivot": [-1.075, 24.475, -4.075],
				"rotation": [4.6235, -3.55613, -38.23814],
				"cubes": [
					{"origin": [-1.475, 23.825, -4.925], "size": [0.875, 1.95, 0.925], "uv": [115, 119]}
				]
			},
			{
				"name": "bone208",
				"parent": "bone206",
				"pivot": [-1.925, 25.925, -4.15],
				"rotation": [-8.13272, -5.07855, -19.37006]
			},
			{
				"name": "bone227",
				"parent": "bone206",
				"pivot": [0.675, 22.8125, -4.6125],
				"rotation": [5.27111, -2.49566, -50.45943],
				"cubes": [
					{"origin": [0.35, 23.1, -4.65], "size": [0.6, 1.025, 0.275], "uv": [115, 119]}
				]
			},
			{
				"name": "bone226",
				"parent": "bone206",
				"pivot": [0.675, 22.7625, -4.6125],
				"rotation": [5.51882, -1.88387, -56.93534],
				"cubes": [
					{"origin": [0.5, 22.175, -4.625], "size": [0.45, 1.175, 0.225], "uv": [115, 119]}
				]
			},
			{
				"name": "bone209",
				"parent": "bone206",
				"pivot": [-1.1, 24.3, -4.075],
				"rotation": [4.90148, -3.16153, -42.97988],
				"cubes": [
					{"origin": [-1.375, 23.25, -4.925], "size": [0.75, 0.625, 0.625], "uv": [115, 119]}
				]
			},
			{
				"name": "bone200",
				"parent": "head",
				"pivot": [-2.775, 24.125, -3.875],
				"rotation": [1.82225, 7.38868, 18.98572]
			},
			{
				"name": "bone211",
				"parent": "bone200",
				"pivot": [-1.925, 24.15, -4.075],
				"rotation": [-3.25543, -4.00104, -32.49286],
				"cubes": [
					{"origin": [-2.5, 23.975, -4.6], "size": [1.15, 1.5, 0.525], "uv": [116, 117]}
				]
			},
			{
				"name": "bone201",
				"parent": "bone200",
				"pivot": [-1.925, 24.15, -4.275],
				"rotation": [-3.59168, -3.70227, -27.49049],
				"cubes": [
					{"origin": [-2.275, 22.45, -4.925], "size": [0.55, 2.725, 0.525], "uv": [116, 117]}
				]
			},
			{
				"name": "bone202",
				"parent": "bone200",
				"pivot": [-2.775, 25.625, -4.15],
				"rotation": [-0.63272, -5.07855, -19.37006],
				"cubes": [
					{"origin": [-2.95, 24.925, -4.675], "size": [0.55, 1.7, 0.525], "uv": [116, 117]}
				]
			},
			{
				"name": "bone194",
				"parent": "head",
				"pivot": [-2.775, 24.25, -4.575],
				"rotation": [1.43102, 7.47386, 15.96152]
			},
			{
				"name": "bone195",
				"parent": "bone194",
				"pivot": [-2.525, 24.275, -4.775],
				"rotation": [-5.06344, -0.9762, 7.43656],
				"cubes": [
					{"origin": [-3.025, 23.45, -5.6], "size": [1, 1.85, 0.875], "uv": [114, 113]}
				]
			},
			{
				"name": "bone196",
				"parent": "bone194",
				"pivot": [-2.775, 25.75, -4.475],
				"rotation": [-28.13272, -5.07855, -19.37006],
				"cubes": [
					{"origin": [-3.175, 24.75, -5.175], "size": [1, 2, 0.875], "uv": [114, 113]}
				]
			},
			{
				"name": "bone199",
				"parent": "head",
				"pivot": [-3.1, 25.2, -5.075],
				"rotation": [1.75378, 9.84655, 10.15108]
			},
			{
				"name": "bone198",
				"parent": "bone199",
				"pivot": [-3.1, 25.2, -5.075],
				"rotation": [-15.6122, 3.41907, 59.77808],
				"cubes": [
					{"origin": [-3.475, 24.425, -5.5], "size": [0.75, 1.3, 0.7], "uv": [115, 122]}
				]
			},
			{
				"name": "bone197",
				"parent": "bone199",
				"pivot": [-3.8, 24.95, -5.375],
				"rotation": [-8.01895, 13.85991, 107.27072],
				"cubes": [
					{"origin": [-4.075, 24.175, -5.65], "size": [0.6, 1.15, 0.6], "uv": [115, 122]}
				]
			},
			{
				"name": "bone190",
				"parent": "head",
				"pivot": [-3.25, 23.975, -4.825],
				"rotation": [-4.6809, 6.65887, 10.99056]
			},
			{
				"name": "bone191",
				"parent": "bone190",
				"pivot": [-3.075, 23.975, -4.825],
				"rotation": [7.38733, 1.29876, -9.91615],
				"cubes": [
					{"origin": [-3.575, 23.425, -5.325], "size": [1, 1.575, 1.05], "uv": [43, 41]}
				]
			},
			{
				"name": "bone192",
				"parent": "bone190",
				"pivot": [-3.25, 25.675, -4.725],
				"rotation": [-15, 0, 0],
				"cubes": [
					{"origin": [-3.75, 24.675, -5.225], "size": [1, 2, 1.05], "uv": [62, 33]}
				]
			},
			{
				"name": "bone210",
				"parent": "bone190",
				"pivot": [-2.425, 21.65, -4.325],
				"rotation": [11.98035, 0.97372, -17.57444],
				"cubes": [
					{"origin": [-2.925, 21.5, -4.8], "size": [1.025, 2.175, 1.125], "uv": [62, 30]}
				]
			},
			{
				"name": "bone193",
				"parent": "bone190",
				"pivot": [-2.65, 22.45, -4.525],
				"rotation": [11.98035, 0.97372, -17.57444]
			},
			{
				"name": "bone189",
				"parent": "head",
				"pivot": [-3.875, 23.875, -4.425],
				"rotation": [2.62357, 12.88718, 5.10997]
			},
			{
				"name": "bone188",
				"parent": "bone189",
				"pivot": [-3.875, 23.875, -4.425],
				"rotation": [7.5, 0, 0],
				"cubes": [
					{"origin": [-4.375, 22.875, -4.925], "size": [1, 2, 1.05], "uv": [62, 36]}
				]
			},
			{
				"name": "bone187",
				"parent": "bone189",
				"pivot": [-3.875, 25.575, -4.325],
				"rotation": [-15, 0, 0],
				"cubes": [
					{"origin": [-4.375, 24.575, -4.825], "size": [1, 2, 1.05], "uv": [62, 39]}
				]
			},
			{
				"name": "bone260",
				"parent": "head",
				"pivot": [5.4, 20.15, -0.075],
				"rotation": [0, 0, -7.5]
			},
			{
				"name": "bone257",
				"parent": "bone260",
				"pivot": [5.4, 20.15, -0.075],
				"rotation": [5.39978, -29.57868, -30.84164],
				"cubes": [
					{"origin": [5.15, 20.225, -0.075], "size": [1.2, 2.075, 0.075], "uv": [40, 14]},
					{"origin": [4.9, 20.15, -0.075], "size": [0.275, 1.5, 0.075], "uv": [30, 123]}
				]
			},
			{
				"name": "bone256",
				"parent": "bone260",
				"pivot": [6.325, 21.05, 0.65],
				"rotation": [16.67433, -21.00826, -52.95439],
				"cubes": [
					{"origin": [6, 20.95, 0.65], "size": [1.525, 2.25, 0.075], "uv": [32, 22]}
				]
			},
			{
				"name": "bone259",
				"parent": "bone260",
				"pivot": [5.775, 22.25, 0.5],
				"rotation": [4.87498, -26.8247, -21.71215],
				"cubes": [
					{"origin": [4.775, 23.65, 0.45], "size": [3.4, 0.25, 0.15], "uv": [23, 125]}
				]
			},
			{
				"name": "bone262",
				"parent": "bone260",
				"pivot": [5.775, 21.425, 0.3],
				"rotation": [-24.73264, -8.55029, 54.92358],
				"cubes": [
					{"origin": [4.55, 21.25, 0.325], "size": [2.15, 0.2, 0.2], "uv": [27, 123]}
				]
			},
			{
				"name": "bone261",
				"parent": "bone260",
				"pivot": [5.775, 22.25, 0.5],
				"rotation": [-17.56554, -21.14819, 30.2551],
				"cubes": [
					{"origin": [4.6, 22.575, 0.475], "size": [2.65, 0.2, 0.15], "uv": [29, 123]}
				]
			},
			{
				"name": "bone264",
				"parent": "bone260",
				"pivot": [7.2625, 23.175, 0.5375],
				"rotation": [-5.46317, -26.71923, 0.99938],
				"cubes": [
					{"origin": [6.15, 22.9, 1.25], "size": [1.525, 1.175, 0.075], "uv": [39, 6]}
				]
			},
			{
				"name": "bone263",
				"parent": "bone260",
				"pivot": [5.775, 22.25, 0.5],
				"rotation": [4.74895, -26.84567, -21.43296],
				"cubes": [
					{"origin": [5.55, 23.325, 0.5], "size": [2.475, 0.4, 0.075], "uv": [7, 124]}
				]
			},
			{
				"name": "bone255",
				"parent": "bone260",
				"pivot": [5.775, 22.25, 0.5],
				"rotation": [-14.72547, -23.16735, 22.73536],
				"cubes": [
					{"origin": [4.775, 22.6, 0.5], "size": [2.4, 1, 0.075], "uv": [0, 73]}
				]
			},
			{
				"name": "bone265",
				"parent": "head",
				"pivot": [-5.4, 20.15, -0.075],
				"rotation": [0, 0, 7.5]
			},
			{
				"name": "bone266",
				"parent": "bone265",
				"pivot": [-5.4, 20.15, -0.075],
				"rotation": [5.39978, 29.57868, 30.84164],
				"cubes": [
					{"origin": [-6.35, 20.225, -0.075], "size": [1.2, 2.075, 0.075], "uv": [40, 14], "mirror": true},
					{"origin": [-5.175, 20.15, -0.075], "size": [0.275, 1.5, 0.075], "uv": [30, 123], "mirror": true}
				]
			},
			{
				"name": "bone267",
				"parent": "bone265",
				"pivot": [-6.325, 21.05, 0.65],
				"rotation": [16.67433, 21.00826, 52.95439],
				"cubes": [
					{"origin": [-7.525, 20.95, 0.65], "size": [1.525, 2.25, 0.075], "uv": [32, 22], "mirror": true}
				]
			},
			{
				"name": "bone268",
				"parent": "bone265",
				"pivot": [-5.775, 22.25, 0.5],
				"rotation": [4.87498, 26.8247, 21.71215],
				"cubes": [
					{"origin": [-8.175, 23.65, 0.45], "size": [3.4, 0.25, 0.15], "uv": [23, 125], "mirror": true}
				]
			},
			{
				"name": "bone269",
				"parent": "bone265",
				"pivot": [-5.775, 21.425, 0.3],
				"rotation": [-24.73264, 8.55029, -54.92358],
				"cubes": [
					{"origin": [-6.7, 21.25, 0.325], "size": [2.15, 0.2, 0.2], "uv": [27, 123], "mirror": true}
				]
			},
			{
				"name": "bone270",
				"parent": "bone265",
				"pivot": [-5.775, 22.25, 0.5],
				"rotation": [-17.56554, 21.14819, -30.2551],
				"cubes": [
					{"origin": [-7.25, 22.575, 0.475], "size": [2.65, 0.2, 0.15], "uv": [29, 123], "mirror": true}
				]
			},
			{
				"name": "bone271",
				"parent": "bone265",
				"pivot": [-7.2625, 23.175, 0.5375],
				"rotation": [-5.46317, 26.71923, -0.99938],
				"cubes": [
					{"origin": [-7.675, 22.9, 1.25], "size": [1.525, 1.175, 0.075], "uv": [39, 6], "mirror": true}
				]
			},
			{
				"name": "bone272",
				"parent": "bone265",
				"pivot": [-5.775, 22.25, 0.5],
				"rotation": [4.74895, 26.84567, 21.43296],
				"cubes": [
					{"origin": [-8.025, 23.325, 0.5], "size": [2.475, 0.4, 0.075], "uv": [7, 124], "mirror": true}
				]
			},
			{
				"name": "bone273",
				"parent": "bone265",
				"pivot": [-5.775, 22.25, 0.5],
				"rotation": [-14.72547, 23.16735, -22.73536],
				"cubes": [
					{"origin": [-7.175, 22.6, 0.5], "size": [2.4, 1, 0.075], "uv": [0, 73], "mirror": true}
				]
			},
			{
				"name": "bone277",
				"parent": "head",
				"pivot": [0, 9.575, 8.225],
				"rotation": [3.5, 0, 0],
				"cubes": [
					{"origin": [-4, 7.2, 7.725], "size": [8, 4.775, 1], "uv": [40, 26]}
				]
			},
			{
				"name": "bone276",
				"parent": "head",
				"pivot": [0, 14.175, 7.475],
				"rotation": [16, 0, 0],
				"cubes": [
					{"origin": [-4, 11.8, 6.975], "size": [8, 4.775, 1], "uv": [43, 0]}
				]
			},
			{
				"name": "bone275",
				"parent": "head",
				"pivot": [0, 18.4, 5.625],
				"rotation": [31, 0, 0],
				"cubes": [
					{"origin": [-4, 16.025, 5.125], "size": [8, 4.775, 1], "uv": [43, 11]}
				]
			},
			{
				"name": "bone258",
				"parent": "head",
				"pivot": [0, 22.575, 4.175],
				"rotation": [5, 0, 0],
				"cubes": [
					{"origin": [-4, 20.2, 3.675], "size": [8, 6.875, 1], "uv": [16, 41]}
				]
			},
			{
				"name": "bone371",
				"parent": "head",
				"pivot": [-1.25, -6.375, 1.325]
			},
			{
				"name": "bone376",
				"parent": "bone371",
				"pivot": [4.01786, 22.1186, -3.96622],
				"rotation": [118.797, -3.11523, -90.4021]
			},
			{
				"name": "bone377",
				"parent": "bone376",
				"pivot": [4.00554, 22.21099, -3.67124],
				"rotation": [0, -134, 0],
				"cubes": [
					{"origin": [3.87123, 22.7386, -3.98538], "size": [0.18479, 0.18479, 1.07177], "uv": [6, 98]}
				]
			},
			{
				"name": "bone378",
				"parent": "bone376",
				"pivot": [4.22729, 22.21099, -4.04082],
				"rotation": [0, -100.5, 0],
				"cubes": [
					{"origin": [4.12993, 22.7386, -4.39192], "size": [0.14783, 0.18479, 1.07177], "uv": [6, 98]},
					{"origin": [4.20385, 22.7386, -4.02234], "size": [0.29566, 0.18479, 0.33262], "uv": [6, 98]}
				]
			},
			{
				"name": "bone379",
				"parent": "bone376",
				"pivot": [4.20881, 22.21099, -3.9669],
				"rotation": [0, 6, 0],
				"cubes": [
					{"origin": [4.14841, 22.7386, -4.50279], "size": [0.16631, 0.18479, 0.97938], "uv": [6, 98]}
				]
			},
			{
				"name": "bone380",
				"parent": "bone376",
				"pivot": [3.91315, 22.21099, -4.20713],
				"rotation": [0, -33.5, 0],
				"cubes": [
					{"origin": [3.90819, 22.7386, -4.5767], "size": [0.18479, 0.18479, 1.07177], "uv": [6, 98]}
				]
			},
			{
				"name": "bone381",
				"parent": "bone376",
				"pivot": [4.26424, 22.21099, -3.85603],
				"rotation": [0, -67, 0],
				"cubes": [
					{"origin": [4.14841, 22.7386, -4.20713], "size": [0.18479, 0.18479, 1.07177], "uv": [6, 98]}
				]
			},
			{
				"name": "bone382",
				"parent": "head",
				"pivot": [-0.525, -5.6, 1.625]
			},
			{
				"name": "bone383",
				"parent": "bone382",
				"pivot": [4.56615, 22.53686, -3.43657],
				"rotation": [132.99559, 7.6928, -110.18172]
			},
			{
				"name": "bone384",
				"parent": "bone383",
				"pivot": [4.55432, 22.62555, -3.15339],
				"rotation": [0, -134, 0],
				"cubes": [
					{"origin": [4.39138, 22.87706, -3.37697], "size": [0.1774, 0.1774, 0.9039], "uv": [6, 98]}
				]
			},
			{
				"name": "bone385",
				"parent": "bone383",
				"pivot": [4.76719, 22.62555, -3.50819],
				"rotation": [0, -100.5, 0],
				"cubes": [
					{"origin": [4.63974, 22.87706, -3.76724], "size": [0.14192, 0.1774, 1.0289], "uv": [6, 98]},
					{"origin": [4.7107, 22.87706, -3.41245], "size": [0.28383, 0.1774, 0.31931], "uv": [6, 98]}
				]
			},
			{
				"name": "bone386",
				"parent": "bone383",
				"pivot": [4.74946, 22.62555, -3.43723],
				"rotation": [0, 6, 0],
				"cubes": [
					{"origin": [4.65748, 22.87706, -3.99868], "size": [0.15966, 0.1774, 1.0652], "uv": [6, 98]}
				]
			},
			{
				"name": "bone387",
				"parent": "bone383",
				"pivot": [4.46562, 22.62555, -3.66784],
				"rotation": [0, -33.5, 0],
				"cubes": [
					{"origin": [4.42686, 22.87706, -3.99464], "size": [0.1774, 0.1774, 0.9539], "uv": [6, 98]}
				]
			},
			{
				"name": "bone388",
				"parent": "bone383",
				"pivot": [4.80267, 22.62555, -3.33079],
				"rotation": [0, -67, 0],
				"cubes": [
					{"origin": [4.65748, 22.87706, -3.58984], "size": [0.1774, 0.1774, 1.0039], "uv": [6, 98]}
				]
			},
			{
				"name": "bone370",
				"parent": "head",
				"pivot": [0.25, -5.675, 0.725]
			},
			{
				"name": "bone369",
				"parent": "bone370",
				"pivot": [4.8835, 20.285, -3.8795],
				"rotation": [122.27154, -7.49282, -92.82902]
			},
			{
				"name": "bone375",
				"parent": "bone369",
				"pivot": [4.87288, 20.36465, -3.62521],
				"rotation": [0, -134, 0],
				"cubes": [
					{"origin": [4.72951, 20.285, -3.89602], "size": [0.1593, 0.1593, 0.92394], "uv": [9, 112]}
				]
			},
			{
				"name": "bone374",
				"parent": "bone369",
				"pivot": [5.06404, 20.36465, -3.94381],
				"rotation": [0, -100.5, 0],
				"cubes": [
					{"origin": [4.95253, 20.285, -4.24648], "size": [0.12744, 0.1593, 0.92394], "uv": [9, 112]},
					{"origin": [5.01625, 20.285, -3.92788], "size": [0.25488, 0.1593, 0.28674], "uv": [9, 112]}
				]
			},
			{
				"name": "bone368",
				"parent": "bone369",
				"pivot": [5.04811, 20.36465, -3.88009],
				"rotation": [0, 6, 0],
				"cubes": [
					{"origin": [4.96846, 20.285, -4.34206], "size": [0.14337, 0.1593, 0.84429], "uv": [9, 112]}
				]
			},
			{
				"name": "bone372",
				"parent": "bone369",
				"pivot": [4.79323, 20.36465, -4.08718],
				"rotation": [0, -33.5, 0],
				"cubes": [
					{"origin": [4.76137, 20.285, -4.40578], "size": [0.1593, 0.1593, 0.92394], "uv": [9, 112]}
				]
			},
			{
				"name": "bone373",
				"parent": "bone369",
				"pivot": [5.0959, 20.36465, -3.78451],
				"rotation": [0, -67, 0],
				"cubes": [
					{"origin": [4.96846, 20.285, -4.08718], "size": [0.1593, 0.1593, 0.92394], "uv": [9, 112]}
				]
			},
			{
				"name": "armLeft",
				"pivot": [3, 17.5, 0],
				"rotation": [0, 0, -12.5],
				"cubes": [
					{"origin": [3, 8.5, -1], "size": [2, 8, 2], "uv": [46, 41]}
				]
			},
			{
				"name": "bone278",
				"parent": "armLeft",
				"pivot": [4, 10.25, 0]
			},
			{
				"name": "bone279",
				"parent": "bone278",
				"pivot": [4, 10.25, 0]
			},
			{
				"name": "bone280",
				"parent": "bone279",
				"pivot": [4, 10.25, 1.99863],
				"rotation": [3, 0, 0],
				"cubes": [
					{"origin": [2.9, 8.92274, 1.29863], "size": [2.1, 7.625, 0.525], "uv": [115, 72]}
				]
			},
			{
				"name": "bone281",
				"parent": "bone280",
				"pivot": [3, 10.19774, 1.99863],
				"rotation": [0, 0, 2.9959],
				"cubes": [
					{"origin": [2.225, 8.92274, 1.29763], "size": [1.3, 7.625, 0.525], "uv": [115, 72]}
				]
			},
			{
				"name": "bone282",
				"parent": "bone280",
				"pivot": [5, 10.19774, 1.99863],
				"rotation": [0, 0, -2.9959],
				"cubes": [
					{"origin": [4.55, 8.92274, 1.29963], "size": [1.15, 7.625, 0.525], "uv": [115, 72]}
				]
			},
			{
				"name": "bone283",
				"parent": "bone278",
				"pivot": [4, 10.25, 0],
				"rotation": [0, -90, 0]
			},
			{
				"name": "bone284",
				"parent": "bone283",
				"pivot": [4, 10.25, 1.99863],
				"rotation": [3, 0, 0],
				"cubes": [
					{"origin": [2.9, 8.92274, 1.29863], "size": [2.1, 7.625, 0.525], "uv": [120, 88]}
				]
			},
			{
				"name": "bone285",
				"parent": "bone284",
				"pivot": [3, 10.19774, 1.99863],
				"rotation": [0, 0, 2.9959],
				"cubes": [
					{"origin": [2.175, 8.92274, 1.29763], "size": [1, 7.625, 0.525], "uv": [120, 88]}
				]
			},
			{
				"name": "bone286",
				"parent": "bone284",
				"pivot": [5, 10.19774, 1.99863],
				"rotation": [0, 0, -2.9959],
				"cubes": [
					{"origin": [4.8, 8.92274, 1.29963], "size": [1, 7.625, 0.525], "uv": [120, 88]}
				]
			},
			{
				"name": "bone287",
				"parent": "bone278",
				"pivot": [4, 10.25, 0],
				"rotation": [0, -180, 0]
			},
			{
				"name": "bone288",
				"parent": "bone287",
				"pivot": [4, 10.25, 1.99863],
				"rotation": [3, 0, 0],
				"cubes": [
					{"origin": [2.9, 8.92274, 1.29863], "size": [2.1, 7.625, 0.525], "uv": [120, 88]}
				]
			},
			{
				"name": "bone289",
				"parent": "bone288",
				"pivot": [3, 10.19774, 1.99863],
				"rotation": [0, 0, 2.9959],
				"cubes": [
					{"origin": [2.2, 8.92274, -0.60237], "size": [1.075, 7.625, 2.425], "uv": [107, 101]}
				]
			},
			{
				"name": "bone290",
				"parent": "bone288",
				"pivot": [5, 10.19774, 1.99863],
				"rotation": [0, 0, -2.9959],
				"cubes": [
					{"origin": [4.65, 8.92274, 1.29963], "size": [1.15, 7.625, 0.525], "uv": [116, 88]}
				]
			},
			{
				"name": "bone291",
				"parent": "bone278",
				"pivot": [4, 10.25, 0],
				"rotation": [0, -270, 0]
			},
			{
				"name": "bone292",
				"parent": "bone291",
				"pivot": [4, 10.25, 1.99863],
				"rotation": [3, 0, 0],
				"cubes": [
					{"origin": [2.9, 8.92274, 1.29863], "size": [2.1, 7.625, 0.525], "uv": [115, 72]}
				]
			},
			{
				"name": "bone293",
				"parent": "bone292",
				"pivot": [3, 10.19774, 1.99863],
				"rotation": [0, 0, 2.9959],
				"cubes": [
					{"origin": [2.175, 8.92274, 0.79763], "size": [1.175, 7.625, 1.025], "uv": [91, 99]}
				]
			},
			{
				"name": "bone294",
				"parent": "bone292",
				"pivot": [5, 10.19774, 1.99863],
				"rotation": [0, 0, -2.9959]
			},
			{
				"name": "bone274",
				"parent": "armLeft",
				"pivot": [4, 10.25, 0]
			},
			{
				"name": "bone295",
				"parent": "bone274",
				"pivot": [4, 10.25, 0]
			},
			{
				"name": "bone296",
				"parent": "bone295",
				"pivot": [4, 10.25, 1.99863],
				"rotation": [3, 0, 0],
				"cubes": [
					{"origin": [2.9, 8.82274, 1.19863], "size": [2.1, 0.725, 0.725], "uv": [7, 112]}
				]
			},
			{
				"name": "bone297",
				"parent": "bone296",
				"pivot": [3, 10.19774, 1.99863],
				"rotation": [0, 0, 2.9959],
				"cubes": [
					{"origin": [2.075, 8.82274, 1.19763], "size": [0.925, 0.725, 0.725], "uv": [7, 112]}
				]
			},
			{
				"name": "bone298",
				"parent": "bone296",
				"pivot": [5, 10.19774, 1.99863],
				"rotation": [0, 0, -2.9959],
				"cubes": [
					{"origin": [4.9, 8.82274, 1.19963], "size": [1.025, 0.725, 0.725], "uv": [7, 112]}
				]
			},
			{
				"name": "bone299",
				"parent": "bone274",
				"pivot": [4, 10.25, 0],
				"rotation": [0, -90, 0]
			},
			{
				"name": "bone300",
				"parent": "bone299",
				"pivot": [4, 10.25, 1.99863],
				"rotation": [3, 0, 0],
				"cubes": [
					{"origin": [2.9, 8.82274, 1.19863], "size": [2.1, 0.725, 0.725], "uv": [7, 112]}
				]
			},
			{
				"name": "bone301",
				"parent": "bone300",
				"pivot": [3, 10.19774, 1.99863],
				"rotation": [0, 0, 2.9959],
				"cubes": [
					{"origin": [2.225, 8.82274, 1.19763], "size": [0.775, 0.725, 0.725], "uv": [7, 112]}
				]
			},
			{
				"name": "bone302",
				"parent": "bone300",
				"pivot": [5, 10.19774, 1.99863],
				"rotation": [0, 0, -2.9959],
				"cubes": [
					{"origin": [4.9, 8.82274, 1.19963], "size": [0.9, 0.725, 0.725], "uv": [7, 112]}
				]
			},
			{
				"name": "bone303",
				"parent": "bone274",
				"pivot": [4, 10.25, 0],
				"rotation": [0, -180, 0]
			},
			{
				"name": "bone304",
				"parent": "bone303",
				"pivot": [4, 10.25, 1.99863],
				"rotation": [3, 0, 0],
				"cubes": [
					{"origin": [2.9, 8.82274, 1.19863], "size": [2.1, 0.725, 0.725], "uv": [7, 112]}
				]
			},
			{
				"name": "bone305",
				"parent": "bone304",
				"pivot": [3, 10.19774, 1.99863],
				"rotation": [0, 0, 2.9959],
				"cubes": [
					{"origin": [2.075, 8.82274, 1.19763], "size": [1, 0.725, 0.725], "uv": [7, 112]}
				]
			},
			{
				"name": "bone306",
				"parent": "bone304",
				"pivot": [5, 10.19774, 1.99863],
				"rotation": [0, 0, -2.9959],
				"cubes": [
					{"origin": [4.9, 8.82274, 1.19963], "size": [1.025, 0.725, 0.725], "uv": [7, 112]}
				]
			},
			{
				"name": "bone307",
				"parent": "bone274",
				"pivot": [4, 10.25, 0],
				"rotation": [0, -270, 0]
			},
			{
				"name": "bone308",
				"parent": "bone307",
				"pivot": [4, 10.25, 1.99863],
				"rotation": [3, 0, 0],
				"cubes": [
					{"origin": [2.9, 8.82274, 1.19863], "size": [2.1, 0.725, 0.725], "uv": [7, 112]}
				]
			},
			{
				"name": "bone309",
				"parent": "bone308",
				"pivot": [3, 10.19774, 1.99863],
				"rotation": [0, 0, 2.9959],
				"cubes": [
					{"origin": [2.225, 8.82274, 1.19763], "size": [0.775, 0.725, 0.725], "uv": [7, 112]}
				]
			},
			{
				"name": "bone310",
				"parent": "bone308",
				"pivot": [5, 10.19774, 1.99863],
				"rotation": [0, 0, -2.9959],
				"cubes": [
					{"origin": [4.9, 8.82274, 1.19963], "size": [0.85, 0.725, 0.725], "uv": [7, 112]}
				]
			},
			{
				"name": "armRight",
				"pivot": [-3, 17.5, 0],
				"rotation": [0, 0, 12.5],
				"cubes": [
					{"origin": [-5, 8.5, -1], "size": [2, 8, 2], "uv": [46, 41], "mirror": true}
				]
			},
			{
				"name": "bone311",
				"parent": "armRight",
				"pivot": [-4, 10.25, 0]
			},
			{
				"name": "bone312",
				"parent": "bone311",
				"pivot": [-4, 10.25, 0]
			},
			{
				"name": "bone313",
				"parent": "bone312",
				"pivot": [-4, 10.25, 1.99863],
				"rotation": [3, 0, 0],
				"cubes": [
					{"origin": [-5, 8.92274, 1.29863], "size": [2.1, 7.625, 0.525], "uv": [115, 72], "mirror": true}
				]
			},
			{
				"name": "bone314",
				"parent": "bone313",
				"pivot": [-3, 10.19774, 1.99863],
				"rotation": [0, 0, -2.9959],
				"cubes": [
					{"origin": [-3.525, 8.92274, 1.29763], "size": [1.3, 7.625, 0.525], "uv": [115, 72], "mirror": true}
				]
			},
			{
				"name": "bone315",
				"parent": "bone313",
				"pivot": [-5, 10.19774, 1.99863],
				"rotation": [0, 0, 2.9959],
				"cubes": [
					{"origin": [-5.7, 8.92274, 1.29963], "size": [1.15, 7.625, 0.525], "uv": [115, 72], "mirror": true}
				]
			},
			{
				"name": "bone316",
				"parent": "bone311",
				"pivot": [-4, 10.25, 0],
				"rotation": [0, 90, 0]
			},
			{
				"name": "bone317",
				"parent": "bone316",
				"pivot": [-4, 10.25, 1.99863],
				"rotation": [3, 0, 0],
				"cubes": [
					{"origin": [-5, 8.92274, 1.29863], "size": [2.1, 7.625, 0.525], "uv": [120, 88], "mirror": true}
				]
			},
			{
				"name": "bone318",
				"parent": "bone317",
				"pivot": [-3, 10.19774, 1.99863],
				"rotation": [0, 0, -2.9959],
				"cubes": [
					{"origin": [-3.175, 8.92274, 1.29763], "size": [1, 7.625, 0.525], "uv": [120, 88], "mirror": true}
				]
			},
			{
				"name": "bone319",
				"parent": "bone317",
				"pivot": [-5, 10.19774, 1.99863],
				"rotation": [0, 0, 2.9959],
				"cubes": [
					{"origin": [-5.8, 8.92274, 1.29963], "size": [1, 7.625, 0.525], "uv": [120, 88], "mirror": true}
				]
			},
			{
				"name": "bone320",
				"parent": "bone311",
				"pivot": [-4, 10.25, 0],
				"rotation": [0, 180, 0]
			},
			{
				"name": "bone321",
				"parent": "bone320",
				"pivot": [-4, 10.25, 1.99863],
				"rotation": [3, 0, 0],
				"cubes": [
					{"origin": [-5, 8.92274, 1.29863], "size": [2.1, 7.625, 0.525], "uv": [120, 88], "mirror": true}
				]
			},
			{
				"name": "bone322",
				"parent": "bone321",
				"pivot": [-3, 10.19774, 1.99863],
				"rotation": [0, 0, -2.9959],
				"cubes": [
					{"origin": [-3.275, 8.92274, -0.60237], "size": [1.075, 7.625, 2.425], "uv": [107, 101], "mirror": true}
				]
			},
			{
				"name": "bone323",
				"parent": "bone321",
				"pivot": [-5, 10.19774, 1.99863],
				"rotation": [0, 0, 2.9959],
				"cubes": [
					{"origin": [-5.8, 8.92274, 1.29963], "size": [1.15, 7.625, 0.525], "uv": [116, 88], "mirror": true}
				]
			},
			{
				"name": "bone324",
				"parent": "bone311",
				"pivot": [-4, 10.25, 0],
				"rotation": [0, 270, 0]
			},
			{
				"name": "bone325",
				"parent": "bone324",
				"pivot": [-4, 10.25, 1.99863],
				"rotation": [3, 0, 0],
				"cubes": [
					{"origin": [-5, 8.92274, 1.29863], "size": [2.1, 7.625, 0.525], "uv": [115, 72], "mirror": true}
				]
			},
			{
				"name": "bone326",
				"parent": "bone325",
				"pivot": [-3, 10.19774, 1.99863],
				"rotation": [0, 0, -2.9959],
				"cubes": [
					{"origin": [-3.35, 8.92274, 0.79763], "size": [1.175, 7.625, 1.025], "uv": [91, 99], "mirror": true}
				]
			},
			{
				"name": "bone327",
				"parent": "bone325",
				"pivot": [-5, 10.19774, 1.99863],
				"rotation": [0, 0, 2.9959]
			},
			{
				"name": "bone328",
				"parent": "armRight",
				"pivot": [-4, 10.25, 0]
			},
			{
				"name": "bone329",
				"parent": "bone328",
				"pivot": [-4, 10.25, 0]
			},
			{
				"name": "bone330",
				"parent": "bone329",
				"pivot": [-4, 10.25, 1.99863],
				"rotation": [3, 0, 0],
				"cubes": [
					{"origin": [-5, 8.82274, 1.19863], "size": [2.1, 0.725, 0.725], "uv": [7, 112], "mirror": true}
				]
			},
			{
				"name": "bone331",
				"parent": "bone330",
				"pivot": [-3, 10.19774, 1.99863],
				"rotation": [0, 0, -2.9959],
				"cubes": [
					{"origin": [-3, 8.82274, 1.19763], "size": [0.925, 0.725, 0.725], "uv": [7, 112], "mirror": true}
				]
			},
			{
				"name": "bone332",
				"parent": "bone330",
				"pivot": [-5, 10.19774, 1.99863],
				"rotation": [0, 0, 2.9959],
				"cubes": [
					{"origin": [-5.925, 8.82274, 1.19963], "size": [1.025, 0.725, 0.725], "uv": [7, 112], "mirror": true}
				]
			},
			{
				"name": "bone333",
				"parent": "bone328",
				"pivot": [-4, 10.25, 0],
				"rotation": [0, 90, 0]
			},
			{
				"name": "bone334",
				"parent": "bone333",
				"pivot": [-4, 10.25, 1.99863],
				"rotation": [3, 0, 0],
				"cubes": [
					{"origin": [-5, 8.82274, 1.19863], "size": [2.1, 0.725, 0.725], "uv": [7, 112], "mirror": true}
				]
			},
			{
				"name": "bone335",
				"parent": "bone334",
				"pivot": [-3, 10.19774, 1.99863],
				"rotation": [0, 0, -2.9959],
				"cubes": [
					{"origin": [-3, 8.82274, 1.19763], "size": [0.775, 0.725, 0.725], "uv": [7, 112], "mirror": true}
				]
			},
			{
				"name": "bone336",
				"parent": "bone334",
				"pivot": [-5, 10.19774, 1.99863],
				"rotation": [0, 0, 2.9959],
				"cubes": [
					{"origin": [-5.8, 8.82274, 1.19963], "size": [0.9, 0.725, 0.725], "uv": [7, 112], "mirror": true}
				]
			},
			{
				"name": "bone337",
				"parent": "bone328",
				"pivot": [-4, 10.25, 0],
				"rotation": [0, 180, 0]
			},
			{
				"name": "bone338",
				"parent": "bone337",
				"pivot": [-4, 10.25, 1.99863],
				"rotation": [3, 0, 0],
				"cubes": [
					{"origin": [-5, 8.82274, 1.19863], "size": [2.1, 0.725, 0.725], "uv": [7, 112], "mirror": true}
				]
			},
			{
				"name": "bone339",
				"parent": "bone338",
				"pivot": [-3, 10.19774, 1.99863],
				"rotation": [0, 0, -2.9959],
				"cubes": [
					{"origin": [-3.075, 8.82274, 1.19763], "size": [1, 0.725, 0.725], "uv": [7, 112], "mirror": true}
				]
			},
			{
				"name": "bone340",
				"parent": "bone338",
				"pivot": [-5, 10.19774, 1.99863],
				"rotation": [0, 0, 2.9959],
				"cubes": [
					{"origin": [-5.925, 8.82274, 1.19963], "size": [1.025, 0.725, 0.725], "uv": [7, 112], "mirror": true}
				]
			},
			{
				"name": "bone341",
				"parent": "bone328",
				"pivot": [-4, 10.25, 0],
				"rotation": [0, 270, 0]
			},
			{
				"name": "bone342",
				"parent": "bone341",
				"pivot": [-4, 10.25, 1.99863],
				"rotation": [3, 0, 0],
				"cubes": [
					{"origin": [-5, 8.82274, 1.19863], "size": [2.1, 0.725, 0.725], "uv": [7, 112], "mirror": true}
				]
			},
			{
				"name": "bone343",
				"parent": "bone342",
				"pivot": [-3, 10.19774, 1.99863],
				"rotation": [0, 0, -2.9959],
				"cubes": [
					{"origin": [-3, 8.82274, 1.19763], "size": [0.775, 0.725, 0.725], "uv": [7, 112], "mirror": true}
				]
			},
			{
				"name": "bone344",
				"parent": "bone342",
				"pivot": [-5, 10.19774, 1.99863],
				"rotation": [0, 0, 2.9959],
				"cubes": [
					{"origin": [-5.75, 8.82274, 1.19963], "size": [0.85, 0.725, 0.725], "uv": [7, 112], "mirror": true}
				]
			},
			{
				"name": "body",
				"pivot": [0, 10.5, 0],
				"cubes": [
					{"origin": [-3, 8.999, -3], "size": [6, 9, 6], "uv": [22, 26]},
					{"origin": [-3.725, 8.774, -3.55], "size": [7.45, 1, 7.1], "uv": [54, 119]},
					{"origin": [-3.05, 18.024, -3.15], "size": [6.1, -0.5, 0.5], "uv": [94, 122]}
				]
			},
			{
				"name": "bone90",
				"parent": "body",
				"pivot": [0, 11.75, 0]
			},
			{
				"name": "bone91",
				"parent": "bone90",
				"pivot": [0, 11.75, 0]
			},
			{
				"name": "bone92",
				"parent": "bone91",
				"pivot": [0, 11.75, 3.98916],
				"rotation": [6, 0, 0],
				"cubes": [
					{"origin": [-2, 11.54208, 3.73916], "size": [4, 6, 0.25], "uv": [12, 48]}
				]
			},
			{
				"name": "bone93",
				"parent": "bone92",
				"pivot": [-2, 11.54208, 3.98916],
				"rotation": [0, 0, 5.96737],
				"cubes": [
					{"origin": [-4, 11.54208, 3.73816], "size": [2, 6, 0.25], "uv": [58, 48]}
				]
			},
			{
				"name": "bone94",
				"parent": "bone92",
				"pivot": [2, 11.54208, 3.98916],
				"rotation": [0, 0, -5.96737],
				"cubes": [
					{"origin": [2, 11.54208, 3.74016], "size": [2, 6, 0.25], "uv": [46, 58]}
				]
			},
			{
				"name": "bone95",
				"parent": "bone90",
				"pivot": [0, 11.75, 0],
				"rotation": [0, -90, 0]
			},
			{
				"name": "bone96",
				"parent": "bone95",
				"pivot": [0, 11.75, 3.98916],
				"rotation": [6, 0, 0],
				"cubes": [
					{"origin": [-2, 11.54208, 3.73916], "size": [4, 6, 0.25], "uv": [43, 16]}
				]
			},
			{
				"name": "bone97",
				"parent": "bone96",
				"pivot": [-2, 11.54208, 3.98916],
				"rotation": [0, 0, 5.96737],
				"cubes": [
					{"origin": [-4, 11.54208, 3.73816], "size": [2, 6, 0.25], "uv": [58, 42]}
				]
			},
			{
				"name": "bone98",
				"parent": "bone96",
				"pivot": [2, 11.54208, 3.98916],
				"rotation": [0, 0, -5.96737],
				"cubes": [
					{"origin": [2, 11.54208, 3.74016], "size": [2, 6, 0.25], "uv": [58, 36]}
				]
			},
			{
				"name": "bone99",
				"parent": "bone90",
				"pivot": [0, 11.75, 0],
				"rotation": [0, -180, 0]
			},
			{
				"name": "bone100",
				"parent": "bone99",
				"pivot": [0, 11.75, 3.98916],
				"rotation": [6, 0, 0]
			},
			{
				"name": "bone101",
				"parent": "bone100",
				"pivot": [-2, 11.54208, 3.98916],
				"rotation": [0, 0, 5.96737],
				"cubes": [
					{"origin": [-4, 11.39208, 3.76316], "size": [2, 5.5, 0.25], "uv": [61, 0]}
				]
			},
			{
				"name": "bone102",
				"parent": "bone100",
				"pivot": [2, 11.54208, 3.98916],
				"rotation": [0, 0, -5.96737],
				"cubes": [
					{"origin": [2, 11.41708, 3.74016], "size": [2, 5.5, 0.25], "uv": [21, 17]}
				]
			},
			{
				"name": "bone103",
				"parent": "bone90",
				"pivot": [0, 11.75, 0],
				"rotation": [0, -270, 0]
			},
			{
				"name": "bone104",
				"parent": "bone103",
				"pivot": [0, 11.75, 3.98916],
				"rotation": [6, 0, 0],
				"cubes": [
					{"origin": [-2, 11.54208, 3.73916], "size": [4, 6, 0.25], "uv": [9, 32]}
				]
			},
			{
				"name": "bone105",
				"parent": "bone104",
				"pivot": [-2, 11.54208, 3.98916],
				"rotation": [0, 0, 5.96737],
				"cubes": [
					{"origin": [-4, 11.54208, 3.73816], "size": [2, 6, 0.25], "uv": [58, 30]}
				]
			},
			{
				"name": "bone106",
				"parent": "bone104",
				"pivot": [2, 11.54208, 3.98916],
				"rotation": [0, 0, -5.96737],
				"cubes": [
					{"origin": [2, 11.54208, 3.74016], "size": [2, 6, 0.25], "uv": [58, 24]}
				]
			},
			{
				"name": "bone49",
				"parent": "body",
				"pivot": [0, 0, 0]
			},
			{
				"name": "bone2",
				"parent": "bone49",
				"pivot": [0, 0, 0]
			},
			{
				"name": "bone18",
				"parent": "bone2",
				"pivot": [0, 12.5, 0]
			},
			{
				"name": "bone27",
				"parent": "bone18",
				"pivot": [0, 12.6, -0.25],
				"rotation": [-175, 0, 180]
			},
			{
				"name": "bone28",
				"parent": "bone27",
				"pivot": [0, 10.8, 3.32051],
				"cubes": [
					{"origin": [-1.575, 9.35782, 3.04551], "size": [3.275, 6.7, 0], "uv": [34, 11]}
				]
			},
			{
				"name": "bone29",
				"parent": "bone28",
				"pivot": [-1.75, 10.45782, 3.32051],
				"rotation": [0, 0, 5.3511],
				"cubes": [
					{"origin": [-3.7, 9.35782, 3.04451], "size": [2.25, 6.7, 0], "uv": [58, 54]}
				]
			},
			{
				"name": "bone30",
				"parent": "bone28",
				"pivot": [2.825, 10.45782, 3.32051],
				"rotation": [0, 0, -4.85108],
				"cubes": [
					{"origin": [1.55, 9.45782, 3.04651], "size": [2.15, 6.75, 0], "uv": [50, 58]}
				]
			},
			{
				"name": "bone",
				"parent": "bone2",
				"pivot": [0, 4.725, -2.05],
				"rotation": [-22.5, 0, 0]
			},
			{
				"name": "bone14",
				"parent": "bone",
				"pivot": [0, 4.725, -2.05],
				"rotation": [0, -270, 0]
			},
			{
				"name": "bone50",
				"parent": "bone",
				"pivot": [0, 6.625, 0.4],
				"rotation": [139, 0, 180]
			},
			{
				"name": "bone51",
				"parent": "bone50",
				"pivot": [0, 6.625, 4.87051],
				"rotation": [10, 0, 0],
				"cubes": [
					{"origin": [-2.175, 10.53282, 4.62051], "size": [3.85, 1.75, 0], "uv": [62, 8]}
				]
			},
			{
				"name": "bone52",
				"parent": "bone51",
				"pivot": [-3.15, 11.40782, 4.54451],
				"rotation": [0.0951, -4.24846, 3.34641],
				"cubes": [
					{"origin": [-3.525, 10.60782, 4.54451], "size": [1.4, 1.7, 0], "uv": [52, 41]}
				]
			},
			{
				"name": "bone53",
				"parent": "bone51",
				"pivot": [2.675, 11.32032, 4.57151],
				"rotation": [0.10476, 2.74703, -2.09794],
				"cubes": [
					{"origin": [1.65, 10.55782, 4.57151], "size": [1.925, 1.75, 0], "uv": [52, 32]}
				]
			},
			{
				"name": "bone3",
				"parent": "bone2",
				"pivot": [0, 7.625, -0.075]
			},
			{
				"name": "bone4",
				"parent": "bone3",
				"pivot": [0, 7.725, -0.325],
				"rotation": [-175, 0, 180]
			},
			{
				"name": "bone5",
				"parent": "bone4",
				"pivot": [0, 5.925, 3.24551],
				"cubes": [
					{"origin": [-1.575, 6.48282, 2.97051], "size": [3.375, 1.4, 0], "uv": [50, 25]}
				]
			},
			{
				"name": "bone6",
				"parent": "bone5",
				"pivot": [-1.75, 5.58282, 3.24551],
				"rotation": [0, 0, 5.3511],
				"cubes": [
					{"origin": [-3.8, 6.50782, 2.96951], "size": [2.35, 1.375, 0], "uv": [62, 9]}
				]
			},
			{
				"name": "bone7",
				"parent": "bone5",
				"pivot": [2.825, 5.58282, 3.24551],
				"rotation": [0, 0, -4.85108],
				"cubes": [
					{"origin": [1.85, 6.58282, 2.97151], "size": [1.95, 1.35, 0], "uv": [52, 31]}
				]
			},
			{
				"name": "bone8",
				"parent": "bone3",
				"pivot": [0, 6.9, -0.075]
			},
			{
				"name": "bone9",
				"parent": "bone8",
				"pivot": [0, 7, -0.325],
				"rotation": [-175, 0, 180]
			},
			{
				"name": "bone15",
				"parent": "bone9",
				"pivot": [0, 5.2, 3.24551],
				"cubes": [
					{"origin": [-1.575, 6.00782, 2.87051], "size": [3.375, 0.8, 0.2], "uv": [5, 96]}
				]
			},
			{
				"name": "bone16",
				"parent": "bone15",
				"pivot": [-1.75, 4.85782, 3.24551],
				"rotation": [0, 0, 5.3511],
				"cubes": [
					{"origin": [-3.875, 6.03282, 2.86951], "size": [2.425, 0.775, 0.2], "uv": [5, 96]}
				]
			},
			{
				"name": "bone17",
				"parent": "bone15",
				"pivot": [2.825, 4.85782, 3.24551],
				"rotation": [0, 0, -4.85108],
				"cubes": [
					{"origin": [1.85, 6.10782, 2.87151], "size": [2, 0.85, 0.2], "uv": [5, 96]}
				]
			},
			{
				"name": "bone68",
				"parent": "bone49",
				"pivot": [0, 0, 0],
				"rotation": [0, 90, 0]
			},
			{
				"name": "bone69",
				"parent": "bone68",
				"pivot": [0, 12.5, 0]
			},
			{
				"name": "bone70",
				"parent": "bone69",
				"pivot": [0, 12.6, -0.25],
				"rotation": [-175, 0, 180]
			},
			{
				"name": "bone71",
				"parent": "bone70",
				"pivot": [0, 10.8, 3.32051],
				"cubes": [
					{"origin": [-1.575, 9.35782, 3.04551], "size": [3.275, 7.3, 0], "uv": [0, 17]}
				]
			},
			{
				"name": "bone72",
				"parent": "bone71",
				"pivot": [-1.75, 10.45782, 3.32051],
				"rotation": [0, 0, 5.3511],
				"cubes": [
					{"origin": [-3.7, 9.35782, 3.04451], "size": [2.25, 7.3, 0], "uv": [16, 54]}
				]
			},
			{
				"name": "bone73",
				"parent": "bone71",
				"pivot": [2.825, 10.45782, 3.32051],
				"rotation": [0, 0, -4.85108],
				"cubes": [
					{"origin": [1.55, 9.45782, 3.04651], "size": [2.15, 7.35, 0], "uv": [12, 54]}
				]
			},
			{
				"name": "bone74",
				"parent": "bone68",
				"pivot": [0, 4.725, -2.05],
				"rotation": [-22.5, 0, 0]
			},
			{
				"name": "bone75",
				"parent": "bone74",
				"pivot": [0, 4.725, -2.05],
				"rotation": [0, -270, 0]
			},
			{
				"name": "bone76",
				"parent": "bone74",
				"pivot": [0, 6.625, 0.4],
				"rotation": [139, 0, 180]
			},
			{
				"name": "bone77",
				"parent": "bone76",
				"pivot": [0, 6.625, 4.87051],
				"rotation": [10, 0, 0],
				"cubes": [
					{"origin": [-2.175, 10.53282, 4.62051], "size": [3.85, 1.75, 0], "uv": [9, 38]}
				]
			},
			{
				"name": "bone78",
				"parent": "bone77",
				"pivot": [-3.15, 11.40782, 4.54451],
				"rotation": [0.0951, -4.24846, 3.34641],
				"cubes": [
					{"origin": [-3.525, 10.60782, 4.54451], "size": [1.4, 1.7, 0], "uv": [0, 45]}
				]
			},
			{
				"name": "bone79",
				"parent": "bone77",
				"pivot": [2.675, 11.32032, 4.57151],
				"rotation": [0.10476, 2.74703, -2.09794],
				"cubes": [
					{"origin": [1.65, 10.55782, 4.57151], "size": [1.925, 1.75, 0], "uv": [0, 44]}
				]
			},
			{
				"name": "bone80",
				"parent": "bone68",
				"pivot": [0, 7.625, -0.075]
			},
			{
				"name": "bone81",
				"parent": "bone80",
				"pivot": [0, 7.725, -0.325],
				"rotation": [-175, 0, 180]
			},
			{
				"name": "bone82",
				"parent": "bone81",
				"pivot": [0, 5.925, 3.24551],
				"cubes": [
					{"origin": [-1.575, 6.48282, 2.97051], "size": [3.375, 1.4, 0], "uv": [33, 6]}
				]
			},
			{
				"name": "bone83",
				"parent": "bone82",
				"pivot": [-1.75, 5.58282, 3.24551],
				"rotation": [0, 0, 5.3511],
				"cubes": [
					{"origin": [-3.8, 6.50782, 2.96951], "size": [2.35, 1.375, 0], "uv": [40, 11]}
				]
			},
			{
				"name": "bone84",
				"parent": "bone82",
				"pivot": [2.825, 5.58282, 3.24551],
				"rotation": [0, 0, -4.85108],
				"cubes": [
					{"origin": [1.85, 6.58282, 2.97151], "size": [1.95, 1.35, 0], "uv": [43, 43]}
				]
			},
			{
				"name": "bone85",
				"parent": "bone80",
				"pivot": [0, 6.9, -0.075]
			},
			{
				"name": "bone86",
				"parent": "bone85",
				"pivot": [0, 7, -0.325],
				"rotation": [-175, 0, 180]
			},
			{
				"name": "bone87",
				"parent": "bone86",
				"pivot": [0, 5.2, 3.24551],
				"cubes": [
					{"origin": [-1.575, 6.00782, 2.87051], "size": [3.375, 0.8, 0.2], "uv": [0, 0]}
				]
			},
			{
				"name": "bone88",
				"parent": "bone87",
				"pivot": [-1.75, 4.85782, 3.24551],
				"rotation": [0, 0, 5.3511],
				"cubes": [
					{"origin": [-3.875, 6.03282, 2.86951], "size": [2.425, 0.775, 0.2], "uv": [0, 0]}
				]
			},
			{
				"name": "bone89",
				"parent": "bone87",
				"pivot": [2.825, 4.85782, 3.24551],
				"rotation": [0, 0, -4.85108],
				"cubes": [
					{"origin": [1.85, 6.10782, 2.87151], "size": [2, 0.85, 0.2], "uv": [0, 0]}
				]
			},
			{
				"name": "bone41",
				"parent": "bone49",
				"pivot": [0, 0, 0],
				"rotation": [0, 180, 0]
			},
			{
				"name": "bone42",
				"parent": "bone41",
				"pivot": [0, 12.5, 0]
			},
			{
				"name": "bone43",
				"parent": "bone42",
				"pivot": [0, 12.6, -0.25],
				"rotation": [-175, 0, 180]
			},
			{
				"name": "bone44",
				"parent": "bone43",
				"pivot": [0, 10.8, 3.32051],
				"cubes": [
					{"origin": [-1.575, 9.35782, 3.04551], "size": [3.275, 7.3, 0], "uv": [0, 32]}
				]
			},
			{
				"name": "bone45",
				"parent": "bone44",
				"pivot": [-1.75, 10.45782, 3.32051],
				"rotation": [0, 0, 5.3511],
				"cubes": [
					{"origin": [-3.7, 9.35782, 3.04451], "size": [2.25, 7.3, 0], "uv": [54, 38]}
				]
			},
			{
				"name": "bone46",
				"parent": "bone44",
				"pivot": [2.825, 10.45782, 3.32051],
				"rotation": [0, 0, -4.85108],
				"cubes": [
					{"origin": [1.55, 9.45782, 3.04651], "size": [2.15, 7.35, 0], "uv": [54, 31]}
				]
			},
			{
				"name": "bone47",
				"parent": "bone41",
				"pivot": [0, 4.725, -2.05],
				"rotation": [-22.5, 0, 0]
			},
			{
				"name": "bone48",
				"parent": "bone47",
				"pivot": [0, 4.725, -2.05],
				"rotation": [0, -270, 0]
			},
			{
				"name": "bone54",
				"parent": "bone47",
				"pivot": [0, 6.625, 0.4],
				"rotation": [139, 0, 180]
			},
			{
				"name": "bone55",
				"parent": "bone54",
				"pivot": [0, 6.625, 4.87051],
				"rotation": [10, 0, 0],
				"cubes": [
					{"origin": [-2.175, 10.53282, 4.62051], "size": [3.85, 1.75, 0], "uv": [40, 31]}
				]
			},
			{
				"name": "bone56",
				"parent": "bone55",
				"pivot": [-3.15, 11.40782, 4.54451],
				"rotation": [0.0951, -4.24846, 3.34641],
				"cubes": [
					{"origin": [-3.525, 10.60782, 4.54451], "size": [1.4, 1.7, 0], "uv": [9, 46]}
				]
			},
			{
				"name": "bone57",
				"parent": "bone55",
				"pivot": [2.675, 11.32032, 4.57151],
				"rotation": [0.10476, 2.74703, -2.09794],
				"cubes": [
					{"origin": [1.65, 10.55782, 4.57151], "size": [1.925, 1.75, 0], "uv": [0, 46]}
				]
			},
			{
				"name": "bone58",
				"parent": "bone41",
				"pivot": [0, 7.625, -0.075]
			},
			{
				"name": "bone59",
				"parent": "bone58",
				"pivot": [0, 7.725, -0.325],
				"rotation": [-175, 0, 180]
			},
			{
				"name": "bone60",
				"parent": "bone59",
				"pivot": [0, 5.925, 3.24551],
				"cubes": [
					{"origin": [-1.575, 6.48282, 2.97051], "size": [3.375, 1.4, 0], "uv": [16, 40]}
				]
			},
			{
				"name": "bone61",
				"parent": "bone60",
				"pivot": [-1.75, 5.58282, 3.24551],
				"rotation": [0, 0, 5.3511],
				"cubes": [
					{"origin": [-3.8, 6.50782, 2.96951], "size": [2.35, 1.375, 0], "uv": [33, 41]}
				]
			},
			{
				"name": "bone62",
				"parent": "bone60",
				"pivot": [2.825, 5.58282, 3.24551],
				"rotation": [0, 0, -4.85108],
				"cubes": [
					{"origin": [1.85, 6.58282, 2.97151], "size": [1.95, 1.35, 0], "uv": [9, 45]}
				]
			},
			{
				"name": "bone63",
				"parent": "bone58",
				"pivot": [0, 6.9, -0.075]
			},
			{
				"name": "bone64",
				"parent": "bone63",
				"pivot": [0, 7, -0.325],
				"rotation": [-175, 0, 180]
			},
			{
				"name": "bone65",
				"parent": "bone64",
				"pivot": [0, 5.2, 3.24551],
				"cubes": [
					{"origin": [-1.575, 6.00782, 2.87051], "size": [3.375, 0.8, 0.2], "uv": [0, 0]}
				]
			},
			{
				"name": "bone66",
				"parent": "bone65",
				"pivot": [-1.75, 4.85782, 3.24551],
				"rotation": [0, 0, 5.3511],
				"cubes": [
					{"origin": [-3.875, 6.03282, 2.86951], "size": [2.425, 0.775, 0.2], "uv": [0, 0]}
				]
			},
			{
				"name": "bone67",
				"parent": "bone65",
				"pivot": [2.825, 4.85782, 3.24551],
				"rotation": [0, 0, -4.85108],
				"cubes": [
					{"origin": [1.85, 6.10782, 2.87151], "size": [2, 0.85, 0.2], "uv": [0, 0]}
				]
			},
			{
				"name": "bone10",
				"parent": "bone49",
				"pivot": [0, 0, 0],
				"rotation": [0, -90, 0]
			},
			{
				"name": "bone11",
				"parent": "bone10",
				"pivot": [0, 12.5, 0]
			},
			{
				"name": "bone12",
				"parent": "bone11",
				"pivot": [0, 12.6, -0.25],
				"rotation": [-175, 0, 180]
			},
			{
				"name": "bone13",
				"parent": "bone12",
				"pivot": [0, 10.8, 3.32051],
				"cubes": [
					{"origin": [-1.575, 9.35782, 3.04551], "size": [3.275, 7.3, 0], "uv": [20, 48]}
				]
			},
			{
				"name": "bone19",
				"parent": "bone13",
				"pivot": [-1.75, 10.45782, 3.32051],
				"rotation": [0, 0, 5.3511],
				"cubes": [
					{"origin": [-3.7, 9.35782, 3.04451], "size": [2.25, 7.3, 0], "uv": [54, 52]}
				]
			},
			{
				"name": "bone20",
				"parent": "bone13",
				"pivot": [2.825, 10.45782, 3.32051],
				"rotation": [0, 0, -4.85108],
				"cubes": [
					{"origin": [1.55, 9.45782, 3.04651], "size": [2.15, 7.35, 0], "uv": [54, 45]}
				]
			},
			{
				"name": "bone21",
				"parent": "bone10",
				"pivot": [0, 4.725, -2.05],
				"rotation": [-22.5, 0, 0]
			},
			{
				"name": "bone22",
				"parent": "bone21",
				"pivot": [0, 4.725, -2.05],
				"rotation": [0, -270, 0]
			},
			{
				"name": "bone23",
				"parent": "bone21",
				"pivot": [0, 6.625, 0.4],
				"rotation": [139, 0, 180]
			},
			{
				"name": "bone24",
				"parent": "bone23",
				"pivot": [0, 6.625, 4.87051],
				"rotation": [10, 0, 0],
				"cubes": [
					{"origin": [-2.175, 10.53282, 4.62051], "size": [3.85, 1.75, 0], "uv": [50, 10]}
				]
			},
			{
				"name": "bone25",
				"parent": "bone24",
				"pivot": [-3.15, 11.40782, 4.54451],
				"rotation": [0.0951, -4.24846, 3.34641],
				"cubes": [
					{"origin": [-3.525, 10.60782, 4.54451], "size": [1.4, 1.7, 0], "uv": [46, 41]}
				]
			},
			{
				"name": "bone26",
				"parent": "bone24",
				"pivot": [2.675, 11.32032, 4.57151],
				"rotation": [0.10476, 2.74703, -2.09794],
				"cubes": [
					{"origin": [1.65, 10.55782, 4.57151], "size": [1.925, 1.75, 0], "uv": [46, 32]}
				]
			},
			{
				"name": "bone31",
				"parent": "bone10",
				"pivot": [0, 7.625, -0.075]
			},
			{
				"name": "bone32",
				"parent": "bone31",
				"pivot": [0, 7.725, -0.325],
				"rotation": [-175, 0, 180]
			},
			{
				"name": "bone33",
				"parent": "bone32",
				"pivot": [0, 5.925, 3.24551],
				"cubes": [
					{"origin": [-1.575, 6.48282, 2.97051], "size": [3.375, 1.4, 0], "uv": [50, 5]}
				]
			},
			{
				"name": "bone34",
				"parent": "bone33",
				"pivot": [-1.75, 5.58282, 3.24551],
				"rotation": [0, 0, 5.3511],
				"cubes": [
					{"origin": [-3.8, 6.50782, 2.96951], "size": [2.35, 1.375, 0], "uv": [9, 44]}
				]
			},
			{
				"name": "bone35",
				"parent": "bone33",
				"pivot": [2.825, 5.58282, 3.24551],
				"rotation": [0, 0, -4.85108],
				"cubes": [
					{"origin": [1.85, 6.58282, 2.97151], "size": [1.95, 1.35, 0], "uv": [46, 31]}
				]
			},
			{
				"name": "bone36",
				"parent": "bone31",
				"pivot": [0, 6.9, -0.075]
			},
			{
				"name": "bone37",
				"parent": "bone36",
				"pivot": [0, 7, -0.325],
				"rotation": [-175, 0, 180]
			},
			{
				"name": "bone38",
				"parent": "bone37",
				"pivot": [0, 5.2, 3.24551],
				"cubes": [
					{"origin": [-1.575, 6.00782, 2.87051], "size": [3.375, 0.8, 0.2], "uv": [0, 0]}
				]
			},
			{
				"name": "bone39",
				"parent": "bone38",
				"pivot": [-1.75, 4.85782, 3.24551],
				"rotation": [0, 0, 5.3511],
				"cubes": [
					{"origin": [-3.875, 6.03282, 2.86951], "size": [2.425, 0.775, 0.2], "uv": [0, 0]}
				]
			},
			{
				"name": "bone40",
				"parent": "bone38",
				"pivot": [2.825, 4.85782, 3.24551],
				"rotation": [0, 0, -4.85108],
				"cubes": [
					{"origin": [1.85, 6.10782, 2.87151], "size": [2, 0.85, 0.2], "uv": [0, 0]}
				]
			},
			{
				"name": "bone107",
				"parent": "body",
				"pivot": [0, 5.25, 0]
			},
			{
				"name": "bone108",
				"parent": "bone107",
				"pivot": [0, 5.25, 0]
			},
			{
				"name": "bone109",
				"parent": "bone108",
				"pivot": [0, 5.25, 3.98916],
				"rotation": [6, 0, 0],
				"cubes": [
					{"origin": [-2, 5.04208, 4.43916], "size": [4.7, 6.5, 0.25], "uv": [32, 0]}
				]
			},
			{
				"name": "bone110",
				"parent": "bone109",
				"pivot": [-2, 5.04208, 3.98916],
				"rotation": [0, 0, 5.96737],
				"cubes": [
					{"origin": [-4.7, 5.04208, 4.43816], "size": [2.7, 6.5, 0.25], "uv": [35, 96]}
				]
			},
			{
				"name": "bone111",
				"parent": "bone109",
				"pivot": [2, 5.04208, 3.98916],
				"rotation": [0, 0, -5.96737],
				"cubes": [
					{"origin": [2.6, 5.04208, 4.44016], "size": [2.1, 6.5, 0.25], "uv": [26, 96]}
				]
			},
			{
				"name": "bone112",
				"parent": "bone107",
				"pivot": [0, 5.25, 0],
				"rotation": [0, -90, 0]
			},
			{
				"name": "bone113",
				"parent": "bone112",
				"pivot": [0, 5.25, 3.98916],
				"rotation": [6, 0, 0],
				"cubes": [
					{"origin": [-1.95, 5.04208, 4.43916], "size": [4.7, 6.5, 0.25], "uv": [24, 0]}
				]
			},
			{
				"name": "bone114",
				"parent": "bone113",
				"pivot": [-2, 5.04208, 3.98916],
				"rotation": [0, 0, 5.96737],
				"cubes": [
					{"origin": [-4.7, 5.04208, 4.38816], "size": [2.9, 6.5, 0.3], "uv": [33, 96]}
				]
			},
			{
				"name": "bone115",
				"parent": "bone113",
				"pivot": [2, 5.04208, 3.98916],
				"rotation": [0, 0, -5.96737],
				"cubes": [
					{"origin": [2.6, 5.04208, 4.44016], "size": [2.1, 6.5, 0.25], "uv": [26, 96]}
				]
			},
			{
				"name": "bone116",
				"parent": "bone107",
				"pivot": [0, 5.25, 0],
				"rotation": [0, -180, 0]
			},
			{
				"name": "bone117",
				"parent": "bone116",
				"pivot": [0, 5.25, 3.98916],
				"rotation": [6, 0, 0]
			},
			{
				"name": "bone118",
				"parent": "bone117",
				"pivot": [-2, 5.04208, 3.98916],
				"rotation": [0, 0, 5.96737],
				"cubes": [
					{"origin": [-4.675, 5.04208, 4.43816], "size": [2, 6.5, 0.25], "uv": [0, 56]}
				]
			},
			{
				"name": "bone119",
				"parent": "bone117",
				"pivot": [2, 5.04208, 3.98916],
				"rotation": [0, 0, -5.96737],
				"cubes": [
					{"origin": [2.675, 5.04208, 4.19016], "size": [2, 6.5, 0.5], "uv": [26, 96]}
				]
			},
			{
				"name": "bone120",
				"parent": "bone107",
				"pivot": [0, 5.25, 0],
				"rotation": [0, -270, 0]
			},
			{
				"name": "bone121",
				"parent": "bone120",
				"pivot": [0, 5.25, 3.98916],
				"rotation": [6, 0, 0],
				"cubes": [
					{"origin": [-2, 5.04208, 4.43916], "size": [4.75, 6.5, 0.25], "uv": [0, 0]}
				]
			},
			{
				"name": "bone122",
				"parent": "bone121",
				"pivot": [-2, 5.04208, 3.98916],
				"rotation": [0, 0, 5.96737],
				"cubes": [
					{"origin": [-4.7, 5.04208, 4.43816], "size": [2.7, 6.5, 0.25], "uv": [25, 96]}
				]
			},
			{
				"name": "bone123",
				"parent": "bone121",
				"pivot": [2, 5.04208, 3.98916],
				"rotation": [0, 0, -5.96737],
				"cubes": [
					{"origin": [2.7, 5.04208, 4.44016], "size": [2, 6.5, 0.25], "uv": [25, 96]}
				]
			},
			{
				"name": "bone149",
				"parent": "body",
				"pivot": [0, 0, 0]
			},
			{
				"name": "bone148",
				"parent": "bone149",
				"pivot": [0, 0, 0]
			},
			{
				"name": "bone147",
				"parent": "bone148",
				"pivot": [-0.825, 17.325, 3.15],
				"rotation": [-120.07672, -2.16366, 175.67468],
				"cubes": [
					{"origin": [-1.75, 17.025, 2.275], "size": [1.3, 1.6, 1.5], "uv": [62, 64]}
				]
			},
			{
				"name": "bone146",
				"parent": "bone148",
				"pivot": [-2.65, 18.025, 5.15],
				"rotation": [165.94958, -2.16323, -179.56811],
				"cubes": [
					{"origin": [-5.35, 17.8, 4.45], "size": [2.725, 1.65, 1.475], "uv": [61, 18]}
				]
			},
			{
				"name": "bone145",
				"parent": "bone148",
				"pivot": [-3.925, 18.025, 4.825],
				"rotation": [165.91149, 7.65868, -179.44977],
				"cubes": [
					{"origin": [-5.275, 17.775, 4], "size": [1.475, 1.675, 1.6], "uv": [65, 0]}
				]
			},
			{
				"name": "bone144",
				"parent": "bone148",
				"pivot": [-2.85, 17.425, 3.15],
				"rotation": [-136.86475, 45.2302, 177.7042],
				"cubes": [
					{"origin": [-3.375, 17.375, 1.975], "size": [1.725, 1.6, 1.5], "uv": [65, 2]}
				]
			},
			{
				"name": "bone143",
				"parent": "bone148",
				"pivot": [-1.475, 17.35, 3.15],
				"rotation": [-122.55242, -1.85144, -178.59744],
				"cubes": [
					{"origin": [-2.15, 17.05, 2.275], "size": [2.725, 1.6, 1.5], "uv": [61, 20]}
				]
			},
			{
				"name": "bone142",
				"parent": "bone148",
				"pivot": [-3.725, 17.175, 2.95],
				"rotation": [-4.4758, 79.4899, 31.36412],
				"cubes": [
					{"origin": [-4.4, 16.875, 2.075], "size": [2.725, 1.6, 1.5], "uv": [61, 22]}
				]
			},
			{
				"name": "bone141",
				"parent": "bone148",
				"pivot": [-4.425, 17.975, 2.95],
				"rotation": [52.1333, 77.59917, 68.66159],
				"cubes": [
					{"origin": [-5.525, 17.675, 2.075], "size": [3.15, 1.6, 1.5], "uv": [50, 8]}
				]
			},
			{
				"name": "bone140",
				"parent": "bone148",
				"pivot": [-4.925, 18.175, 2.95],
				"rotation": [164.15694, 51.61162, -175.35484],
				"cubes": [
					{"origin": [-7.525, 17.75, 1.925], "size": [2.15, 1.85, 1.8], "uv": [24, 61]}
				]
			},
			{
				"name": "bone139",
				"parent": "bone148",
				"pivot": [-4.05, 17.5, 0.55],
				"rotation": [38.07076, 74.04208, 54.16869],
				"cubes": [
					{"origin": [-5.15, 17.2, -0.325], "size": [2.4, 1.35, 1.375], "uv": [0, 62]}
				]
			},
			{
				"name": "bone138",
				"parent": "bone148",
				"pivot": [-3.65, 17.5, -1.65],
				"rotation": [0, 77.5, 15],
				"cubes": [
					{"origin": [-4.75, 16.9, -2.25], "size": [3.1, 1.1, 1.1], "uv": [50, 23]}
				]
			},
			{
				"name": "bone124",
				"parent": "bone148",
				"pivot": [-2.25, 17.25, -3.5],
				"rotation": [0, 0, 15],
				"cubes": [
					{"origin": [-3.75, 16.5, -3.75], "size": [3, 1, 1], "uv": [55, 16]}
				]
			},
			{
				"name": "bone137",
				"parent": "bone149",
				"pivot": [0, 0, 0]
			},
			{
				"name": "bone136",
				"parent": "bone137",
				"pivot": [-1.85, 14.875, -3.625],
				"rotation": [0, -7, -85],
				"cubes": [
					{"origin": [-12.1, 14.125, -3.875], "size": [1, 1, 1], "uv": [3, 65]}
				]
			},
			{
				"name": "bone135",
				"parent": "bone137",
				"pivot": [-1.85, 14.875, -3.625],
				"rotation": [5, -7, -85],
				"cubes": [
					{"origin": [-9.35, 14.125, -3.875], "size": [1, 1, 1], "uv": [65, 4]}
				]
			},
			{
				"name": "bone134",
				"parent": "bone137",
				"pivot": [-1.85, 14.875, -3.625],
				"rotation": [-5, -7, -85],
				"cubes": [
					{"origin": [-8.35, 14.125, -3.875], "size": [1, 1, 1], "uv": [7, 65]}
				]
			},
			{
				"name": "bone133",
				"parent": "bone137",
				"pivot": [-1.85, 14.875, -3.625],
				"rotation": [5, -7, -85],
				"cubes": [
					{"origin": [-11.35, 14.125, -3.875], "size": [1, 1, 1], "uv": [18, 65]}
				]
			},
			{
				"name": "bone132",
				"parent": "bone137",
				"pivot": [-1.85, 14.875, -3.625],
				"rotation": [-5, -7, -85],
				"cubes": [
					{"origin": [-3.35, 14.125, -3.875], "size": [1, 1, 1], "uv": [22, 65]}
				]
			},
			{
				"name": "bone130",
				"parent": "bone137",
				"pivot": [-1.85, 14.875, -3.625],
				"rotation": [-7.5, -7, -85],
				"cubes": [
					{"origin": [-10.35, 14.125, -3.875], "size": [1, 1, 1], "uv": [28, 65]}
				]
			},
			{
				"name": "bone131",
				"parent": "bone137",
				"pivot": [-1.85, 14.875, -3.625],
				"rotation": [-9.68818, -7.42749, -87.48284],
				"cubes": [
					{"origin": [-2.35, 14.125, -3.875], "size": [1, 1, 1], "uv": [65, 26]}
				]
			},
			{
				"name": "bone129",
				"parent": "bone137",
				"pivot": [-1.85, 14.875, -3.625],
				"rotation": [0, -7, -85],
				"cubes": [
					{"origin": [-7.35, 14.125, -3.875], "size": [1, 1, 1], "uv": [65, 29]}
				]
			},
			{
				"name": "bone128",
				"parent": "bone137",
				"pivot": [-1.85, 14.875, -3.625],
				"rotation": [-7.5, -7, -85],
				"cubes": [
					{"origin": [-6.35, 14.125, -3.875], "size": [1, 1, 1], "uv": [65, 32]}
				]
			},
			{
				"name": "bone127",
				"parent": "bone137",
				"pivot": [-1.95, 14.875, -3.625],
				"rotation": [5.30082, -6.77554, -87.50801],
				"cubes": [
					{"origin": [-5.45, 14.125, -3.875], "size": [1, 1, 1], "uv": [65, 35]}
				]
			},
			{
				"name": "bone126",
				"parent": "bone137",
				"pivot": [-1.85, 14.875, -3.625],
				"rotation": [-12.5, -7, -85],
				"cubes": [
					{"origin": [-4.35, 14.125, -3.875], "size": [1, 1, 1], "uv": [65, 38]}
				]
			},
			{
				"name": "bone125",
				"parent": "bone137",
				"pivot": [-1.85, 14.875, -3.625],
				"rotation": [5, -7, -85],
				"cubes": [
					{"origin": [-1.35, 14.125, -3.875], "size": [1, 1, 1], "uv": [65, 41]}
				]
			},
			{
				"name": "bone351",
				"parent": "body",
				"pivot": [0, 5.25, 0]
			},
			{
				"name": "bone352",
				"parent": "bone351",
				"pivot": [0, 5.25, 0]
			},
			{
				"name": "bone353",
				"parent": "bone352",
				"pivot": [0, 5.25, 3.98916],
				"rotation": [6, 0, 0],
				"cubes": [
					{"origin": [-2.075, 4.59208, 4.16416], "size": [4.775, 1.05, 0.9], "uv": [3, 111]}
				]
			},
			{
				"name": "bone354",
				"parent": "bone353",
				"pivot": [-2, 5.04208, 3.98916],
				"rotation": [0, 0, 5.96737],
				"cubes": [
					{"origin": [-4.7, 4.59208, 4.16316], "size": [2.7, 1.05, 0.9], "uv": [6, 111]}
				]
			},
			{
				"name": "bone355",
				"parent": "bone353",
				"pivot": [2, 4.89208, 3.98916],
				"rotation": [0, 0, -5.96737],
				"cubes": [
					{"origin": [2.6, 4.51708, 4.16516], "size": [2.1, 1.05, 0.9], "uv": [6, 111]}
				]
			},
			{
				"name": "bone356",
				"parent": "bone351",
				"pivot": [0, 5.25, 0],
				"rotation": [0, -90, 0]
			},
			{
				"name": "bone357",
				"parent": "bone356",
				"pivot": [0, 5.25, 3.98916],
				"rotation": [6, 0, 0],
				"cubes": [
					{"origin": [-1.95, 4.66708, 4.16416], "size": [4.7, 1.05, 0.9], "uv": [3, 111]}
				]
			},
			{
				"name": "bone358",
				"parent": "bone357",
				"pivot": [-2, 5.04208, 3.98916],
				"rotation": [0, 0, 5.96737],
				"cubes": [
					{"origin": [-4.825, 4.66708, 4.16316], "size": [3.025, 1.05, 0.9], "uv": [6, 111]}
				]
			},
			{
				"name": "bone359",
				"parent": "bone357",
				"pivot": [2, 5.04208, 3.98916],
				"rotation": [0, 0, -5.96737],
				"cubes": [
					{"origin": [2.6, 4.59208, 4.16516], "size": [2.225, 1.05, 0.9], "uv": [6, 111]}
				]
			},
			{
				"name": "bone360",
				"parent": "bone351",
				"pivot": [0, 5.25, 0],
				"rotation": [0, -180, 0]
			},
			{
				"name": "bone361",
				"parent": "bone360",
				"pivot": [0, 5.25, 3.98916],
				"rotation": [6, 0, 0]
			},
			{
				"name": "bone362",
				"parent": "bone361",
				"pivot": [-2, 5.04208, 3.98916],
				"rotation": [0, 0, 5.96737],
				"cubes": [
					{"origin": [-4.675, 4.44208, 4.16316], "size": [2, 1.05, 0.9], "uv": [6, 111]}
				]
			},
			{
				"name": "bone363",
				"parent": "bone361",
				"pivot": [2, 5.04208, 3.98916],
				"rotation": [0, 0, -5.96737],
				"cubes": [
					{"origin": [2.675, 4.66708, 4.16516], "size": [2, 1.05, 0.9], "uv": [6, 111]}
				]
			},
			{
				"name": "bone364",
				"parent": "bone351",
				"pivot": [0, 5.25, 0],
				"rotation": [0, -270, 0]
			},
			{
				"name": "bone365",
				"parent": "bone364",
				"pivot": [0, 5.25, 3.98916],
				"rotation": [6, 0, 0],
				"cubes": [
					{"origin": [-2.125, 4.51708, 4.16416], "size": [4.875, 1.05, 0.9], "uv": [4, 112]}
				]
			},
			{
				"name": "bone366",
				"parent": "bone365",
				"pivot": [-2, 5.04208, 3.98916],
				"rotation": [0, 0, 5.96737],
				"cubes": [
					{"origin": [-4.825, 4.51708, 4.16316], "size": [2.825, 1.05, 0.9], "uv": [6, 111]}
				]
			},
			{
				"name": "bone367",
				"parent": "bone365",
				"pivot": [2, 5.04208, 3.98916],
				"rotation": [0, 0, -5.96737],
				"cubes": [
					{"origin": [2.7, 4.46708, 4.16516], "size": [2.125, 1.05, 0.9], "uv": [6, 111]}
				]
			},
			{
				"name": "bone150",
				"parent": "body",
				"pivot": [0, 0, 0]
			},
			{
				"name": "bone151",
				"parent": "bone150",
				"pivot": [0, 0, 0]
			},
			{
				"name": "bone152",
				"parent": "bone151",
				"pivot": [0.825, 17.325, 3.15],
				"rotation": [-120.07672, 2.16366, -175.67468],
				"cubes": [
					{"origin": [0.45, 17.025, 2.275], "size": [1.3, 1.6, 1.5], "uv": [50, 64]}
				]
			},
			{
				"name": "bone153",
				"parent": "bone151",
				"pivot": [2.65, 18.025, 5.15],
				"rotation": [165.94958, 2.16323, 179.56811],
				"cubes": [
					{"origin": [2.625, 17.8, 4.45], "size": [2.725, 1.65, 1.475], "uv": [18, 61]}
				]
			},
			{
				"name": "bone154",
				"parent": "bone151",
				"pivot": [3.925, 18.025, 4.825],
				"rotation": [165.91149, -7.65868, 179.44977],
				"cubes": [
					{"origin": [3.8, 17.775, 4], "size": [1.475, 1.675, 1.6], "uv": [46, 64]}
				]
			},
			{
				"name": "bone155",
				"parent": "bone151",
				"pivot": [2.85, 17.425, 3.15],
				"rotation": [-136.86475, -45.2302, -177.7042],
				"cubes": [
					{"origin": [1.65, 17.375, 1.975], "size": [1.725, 1.6, 1.5], "uv": [25, 64]}
				]
			},
			{
				"name": "bone156",
				"parent": "bone151",
				"pivot": [1.475, 17.35, 3.15],
				"rotation": [-122.55242, 1.85144, 178.59744],
				"cubes": [
					{"origin": [-0.575, 17.05, 2.275], "size": [2.725, 1.6, 1.5], "uv": [61, 14]}
				]
			},
			{
				"name": "bone157",
				"parent": "bone151",
				"pivot": [3.725, 17.175, 2.95],
				"rotation": [-4.4758, -79.4899, -31.36412],
				"cubes": [
					{"origin": [1.675, 16.875, 2.075], "size": [2.725, 1.6, 1.5], "uv": [61, 12]}
				]
			},
			{
				"name": "bone158",
				"parent": "bone151",
				"pivot": [4.425, 17.975, 2.95],
				"rotation": [52.1333, -77.59917, -68.66159],
				"cubes": [
					{"origin": [2.375, 17.675, 2.075], "size": [3.15, 1.6, 1.5], "uv": [50, 6]}
				]
			},
			{
				"name": "bone159",
				"parent": "bone151",
				"pivot": [4.925, 18.175, 2.95],
				"rotation": [164.15694, -51.61162, 175.35484],
				"cubes": [
					{"origin": [5.375, 17.75, 1.925], "size": [2.15, 1.85, 1.8], "uv": [61, 10]}
				]
			},
			{
				"name": "bone160",
				"parent": "bone151",
				"pivot": [4.05, 17.5, 0.55],
				"rotation": [38.07076, -74.04208, -54.16869],
				"cubes": [
					{"origin": [2.75, 17.2, -0.325], "size": [2.4, 1.35, 1.375], "uv": [28, 24]}
				]
			},
			{
				"name": "bone161",
				"parent": "bone151",
				"pivot": [3.65, 17.5, -1.65],
				"rotation": [0, -77.5, -15],
				"cubes": [
					{"origin": [1.65, 16.9, -2.25], "size": [3.1, 1.1, 1.1], "uv": [43, 5]}
				]
			},
			{
				"name": "bone162",
				"parent": "bone151",
				"pivot": [2.25, 17.25, -3.5],
				"rotation": [0, 0, -15],
				"cubes": [
					{"origin": [0.75, 16.5, -3.75], "size": [3, 1, 1], "uv": [0, 6]}
				]
			},
			{
				"name": "bone163",
				"parent": "bone150",
				"pivot": [0, 0, 0]
			},
			{
				"name": "bone164",
				"parent": "bone163",
				"pivot": [1.85, 14.875, -3.625],
				"rotation": [0, 7, 85],
				"cubes": [
					{"origin": [11.25, 14.125, -3.875], "size": [1, 1, 1], "uv": [0, 64]}
				]
			},
			{
				"name": "bone165",
				"parent": "bone163",
				"pivot": [1.85, 14.875, -3.625],
				"rotation": [5, 7, 85],
				"cubes": [
					{"origin": [8.35, 14.125, -3.875], "size": [1, 1, 1], "uv": [22, 63]}
				]
			},
			{
				"name": "bone166",
				"parent": "bone163",
				"pivot": [1.85, 14.875, -3.625],
				"rotation": [-5, 7, 85],
				"cubes": [
					{"origin": [7.35, 14.125, -3.875], "size": [1, 1, 1], "uv": [18, 63]}
				]
			},
			{
				"name": "bone167",
				"parent": "bone163",
				"pivot": [1.85, 14.875, -3.625],
				"rotation": [5, 7, 85],
				"cubes": [
					{"origin": [10.35, 14.125, -3.875], "size": [1, 1, 1], "uv": [63, 16]}
				]
			},
			{
				"name": "bone168",
				"parent": "bone163",
				"pivot": [1.85, 14.875, -3.625],
				"rotation": [-5, 7, 85],
				"cubes": [
					{"origin": [2.35, 14.125, -3.875], "size": [1, 1, 1], "uv": [62, 62]}
				]
			},
			{
				"name": "bone169",
				"parent": "bone163",
				"pivot": [1.85, 14.875, -3.625],
				"rotation": [-7.5, 7, 85],
				"cubes": [
					{"origin": [9.35, 14.125, -3.875], "size": [1, 1, 1], "uv": [62, 60]}
				]
			},
			{
				"name": "bone170",
				"parent": "bone163",
				"pivot": [1.85, 14.875, -3.625],
				"rotation": [-9.68818, 7.42749, 87.48284],
				"cubes": [
					{"origin": [1.35, 14.125, -3.875], "size": [1, 1, 1], "uv": [62, 58]}
				]
			},
			{
				"name": "bone171",
				"parent": "bone163",
				"pivot": [1.85, 14.875, -3.625],
				"rotation": [0, 7, 85],
				"cubes": [
					{"origin": [6.35, 14.125, -3.875], "size": [1, 1, 1], "uv": [62, 56]}
				]
			},
			{
				"name": "bone172",
				"parent": "bone163",
				"pivot": [1.85, 14.875, -3.625],
				"rotation": [-7.5, 7, 85],
				"cubes": [
					{"origin": [5.35, 14.125, -3.875], "size": [1, 1, 1], "uv": [62, 54]}
				]
			},
			{
				"name": "bone173",
				"parent": "bone163",
				"pivot": [1.95, 14.875, -3.625],
				"rotation": [5.30082, 6.77554, 87.50801],
				"cubes": [
					{"origin": [4.45, 14.125, -3.875], "size": [1, 1, 1], "uv": [62, 52]}
				]
			},
			{
				"name": "bone174",
				"parent": "bone163",
				"pivot": [1.85, 14.875, -3.625],
				"rotation": [-12.5, 7, 85],
				"cubes": [
					{"origin": [3.35, 14.125, -3.875], "size": [1, 1, 1], "uv": [62, 50]}
				]
			},
			{
				"name": "bone175",
				"parent": "bone163",
				"pivot": [1.85, 14.875, -3.625],
				"rotation": [5, 7, 85],
				"cubes": [
					{"origin": [0.35, 14.125, -3.875], "size": [1, 1, 1], "uv": [62, 48]}
				]
			},
			{
				"name": "legLeft",
				"pivot": [2, 9, 0],
				"cubes": [
					{"origin": [0.249, 0, -1.5], "size": [3, 9, 3], "uv": [0, 44]}
				]
			},
			{
				"name": "legRight",
				"pivot": [-2, 9, 0],
				"cubes": [
					{"origin": [-3.249, 0, -1.5], "size": [3, 9, 3], "uv": [34, 41]}
				]
			}
		]
	}
}