{
	"format_version": "1.10.0",
	"geometry.model": {
		"texturewidth": 128,
		"textureheight": 128,
		"visible_bounds_width": 4,
		"visible_bounds_height": 4,
		"visible_bounds_offset": [0, 1, 0],
		"bones": [
			{
				"name": "sittingHiddenSkirt",
				"pivot": [0, 0, 0]
			},
			{
				"name": "legRightExtraA",
				"parent": "sittingHiddenSkirt",
				"pivot": [6.975, 12.555, 9.765]
			},
			{
				"name": "1111",
				"parent": "legRightExtraA",
				"pivot": [6.882, 11.69475, 17.2887],
				"cubes": [
					{"origin": [5.859, 10.4625, 15.8565], "size": [0.651, 2.79, 2.79], "uv": [121, 64]},
					{"origin": [7.254, 10.4625, 15.8565], "size": [0.651, 2.79, 2.79], "uv": [121, 64]},
					{"origin": [6.51, 10.602, 15.996], "size": [0.744, 2.511, 2.511], "uv": [54, 119]},
					{"origin": [5.766, 5.0685, 16.647], "size": [2.232, 6.324, 2.139], "uv": [89, 73]},
					{"origin": [5.5335, 9.6255, 17.0655], "size": [2.697, 0.7905, 2.139], "uv": [119, 82]}
				]
			},
			{
				"name": "bone112",
				"parent": "1111",
				"pivot": [6.975, 9.951, 17.391],
				"cubes": [
					{"origin": [5.394, 10.3695, 16.089], "size": [2.976, 1.581, 3.2085], "uv": [0, 95]},
					{"origin": [5.394, 4.371, 17.019], "size": [2.976, 3.906, 2.2785], "uv": [95, 85]},
					{"origin": [5.394, 8.277, 16.089], "size": [2.976, 1.581, 3.2085], "uv": [94, 61]},
					{"origin": [5.394, 9.858, 16.089], "size": [2.976, 0.558, 1.302], "uv": [120, 46]}
				]
			},
			{
				"name": "bone113",
				"parent": "bone112",
				"pivot": [6.882, 11.904, 17.50725],
				"rotation": [-25, 0, 0],
				"cubes": [
					{"origin": [5.394, 11.346, 16.182], "size": [0.279, 1.3485, 2.9295], "uv": [120, 49]},
					{"origin": [8.091, 11.346, 16.182], "size": [0.279, 1.3485, 2.9295], "uv": [120, 49]}
				]
			},
			{
				"name": "bone114",
				"parent": "bone112",
				"pivot": [6.975, 5.2545, 18.4605],
				"rotation": [-57.5, 0, 0]
			},
			{
				"name": "bone115",
				"parent": "bone112",
				"pivot": [6.975, 7.3935, 18.135],
				"rotation": [-72.5, 0, 0],
				"cubes": [
					{"origin": [5.394, 5.7195, 16.6935], "size": [2.976, 1.86, 3.0225], "uv": [92, 92]}
				]
			},
			{
				"name": "bone116",
				"parent": "1111",
				"pivot": [6.882, 5.022, 17.8095],
				"rotation": [20, 0, 0],
				"cubes": [
					{"origin": [5.766, 3.1155, 16.74], "size": [2.232, 2.418, 1.2555], "uv": [0, 103]}
				]
			},
			{
				"name": "7",
				"parent": "1111",
				"pivot": [1.023, 0, 5.115]
			},
			{
				"name": "bone117",
				"parent": "7",
				"pivot": [7.3935, 3.04575, 18.6],
				"rotation": [-57.5, 0, 0],
				"cubes": [
					{"origin": [7.068, 2.8365, 17.7165], "size": [0.651, 1.023, 1.767], "uv": [117, 26]}
				]
			},
			{
				"name": "bone118",
				"parent": "bone117",
				"pivot": [7.3935, 2.67375, 19.2975],
				"rotation": [-57.5, 0, 0],
				"cubes": [
					{"origin": [7.068, 2.9295, 18.414], "size": [0.651, 0.558, 1.1625], "uv": [117, 26]}
				]
			},
			{
				"name": "8",
				"parent": "1111",
				"pivot": [0, 0, 5.115]
			},
			{
				"name": "bone119",
				"parent": "8",
				"pivot": [6.3705, 3.04575, 18.6],
				"rotation": [-57.5, 0, 0],
				"cubes": [
					{"origin": [6.045, 2.8365, 17.7165], "size": [0.651, 1.023, 1.767], "uv": [117, 26]}
				]
			},
			{
				"name": "bone120",
				"parent": "bone119",
				"pivot": [6.3705, 2.67375, 19.2975],
				"rotation": [-57.5, 0, 0],
				"cubes": [
					{"origin": [6.045, 2.9295, 18.414], "size": [0.651, 0.558, 1.1625], "uv": [117, 26]}
				]
			},
			{
				"name": "bone92",
				"parent": "legRightExtraA",
				"pivot": [0, 0, 5.58],
				"cubes": [
					{"origin": [5.115, 11.625, 7.905], "size": [2.79, 2.79, 2.79], "uv": [96, 65]},
					{"origin": [5.487, 11.253, 8.277], "size": [2.79, 2.79, 2.79], "uv": [59, 96]},
					{"origin": [5.9055, 10.9275, 8.7885], "size": [1.953, 2.046, 8.6025], "uv": [56, 74]},
					{"origin": [5.7195, 12.741, 10.7415], "size": [2.325, 1.395, 3.0225], "uv": [64, 84]},
					{"origin": [5.7195, 12.276, 15.624], "size": [2.325, 1.395, 2.418], "uv": [97, 45]}
				]
			},
			{
				"name": "bone93",
				"parent": "bone92",
				"pivot": [6.882, 13.0665, 14.43825],
				"rotation": [-12.5, 0, 0],
				"cubes": [
					{"origin": [5.7195, 12.55059, 13.53775], "size": [2.325, 1.395, 2.232], "uv": [97, 33]}
				]
			},
			{
				"name": "legRight",
				"parent": "sittingHiddenSkirt",
				"pivot": [-6.975, 12.555, -4.185]
			},
			{
				"name": "bone88",
				"parent": "legRight",
				"pivot": [0, 0, 0],
				"cubes": [
					{"origin": [-7.905, 11.625, -5.115], "size": [2.79, 2.79, 2.79], "uv": [66, 78]},
					{"origin": [-8.277, 11.253, -5.487], "size": [2.79, 2.79, 2.79], "uv": [66, 47]},
					{"origin": [-7.8585, 10.9275, -11.811], "size": [1.953, 2.046, 8.6025], "uv": [46, 72]},
					{"origin": [-8.0445, 12.741, -8.184], "size": [2.325, 1.395, 3.0225], "uv": [79, 21]},
					{"origin": [-8.0445, 12.276, -12.462], "size": [2.325, 1.395, 2.418], "uv": [97, 17]}
				]
			},
			{
				"name": "bone89",
				"parent": "bone88",
				"pivot": [-6.882, 13.0665, -8.85825],
				"rotation": [12.5, 0, 0],
				"cubes": [
					{"origin": [-8.0445, 12.55059, -10.18975], "size": [2.325, 1.395, 2.232], "uv": [16, 97]}
				]
			},
			{
				"name": "33333",
				"parent": "legRight",
				"pivot": [-6.882, 11.69475, -11.7087],
				"cubes": [
					{"origin": [-6.51, 10.4625, -13.0665], "size": [0.651, 2.79, 2.79], "uv": [121, 64]},
					{"origin": [-7.905, 10.4625, -13.0665], "size": [0.651, 2.79, 2.79], "uv": [121, 64]},
					{"origin": [-7.254, 10.602, -12.927], "size": [0.744, 2.511, 2.511], "uv": [32, 117]},
					{"origin": [-7.998, 5.0685, -13.206], "size": [2.232, 6.324, 2.139], "uv": [56, 72]},
					{"origin": [-8.2305, 9.6255, -13.6245], "size": [2.697, 0.7905, 2.139], "uv": [119, 86]}
				]
			},
			{
				"name": "bone94",
				"parent": "33333",
				"pivot": [-6.975, 9.951, -11.811],
				"cubes": [
					{"origin": [-8.37, 10.3695, -13.7175], "size": [2.976, 1.581, 3.2085], "uv": [91, 21]},
					{"origin": [-8.37, 4.371, -13.7175], "size": [2.976, 3.906, 2.2785], "uv": [46, 72]},
					{"origin": [-8.37, 8.277, -13.7175], "size": [2.976, 1.581, 3.2085], "uv": [91, 13]},
					{"origin": [-8.37, 9.858, -11.811], "size": [2.976, 0.558, 1.302], "uv": [116, 38]}
				]
			},
			{
				"name": "bone95",
				"parent": "bone94",
				"pivot": [-6.882, 11.904, -11.92725],
				"rotation": [25, 0, 0],
				"cubes": [
					{"origin": [-5.673, 11.346, -13.5315], "size": [0.279, 1.3485, 2.9295], "uv": [120, 49]},
					{"origin": [-8.37, 11.346, -13.5315], "size": [0.279, 1.3485, 2.9295], "uv": [120, 49]}
				]
			},
			{
				"name": "bone96",
				"parent": "bone94",
				"pivot": [-6.975, 5.2545, -12.8805],
				"rotation": [57.5, 0, 0]
			},
			{
				"name": "bone97",
				"parent": "bone94",
				"pivot": [-6.975, 7.3935, -12.555],
				"rotation": [72.5, 0, 0],
				"cubes": [
					{"origin": [-8.37, 5.7195, -14.136], "size": [2.976, 1.86, 3.0225], "uv": [90, 57]}
				]
			},
			{
				"name": "bone98",
				"parent": "33333",
				"pivot": [-6.882, 5.022, -12.2295],
				"rotation": [-20, 0, 0],
				"cubes": [
					{"origin": [-7.998, 3.1155, -12.4155], "size": [2.232, 2.418, 1.2555], "uv": [70, 102]}
				]
			},
			{
				"name": "3",
				"parent": "33333",
				"pivot": [-1.023, 0, 0.465]
			},
			{
				"name": "bone99",
				"parent": "3",
				"pivot": [-7.3935, 3.04575, -13.02],
				"rotation": [57.5, 0, 0],
				"cubes": [
					{"origin": [-7.719, 2.8365, -13.9035], "size": [0.651, 1.023, 1.767], "uv": [117, 26]}
				]
			},
			{
				"name": "bone100",
				"parent": "bone99",
				"pivot": [-7.3935, 2.67375, -13.7175],
				"rotation": [57.5, 0, 0],
				"cubes": [
					{"origin": [-7.719, 2.9295, -13.9965], "size": [0.651, 0.558, 1.1625], "uv": [117, 26]}
				]
			},
			{
				"name": "4",
				"parent": "33333",
				"pivot": [0, 0, 0.465]
			},
			{
				"name": "bone101",
				"parent": "4",
				"pivot": [-6.3705, 3.04575, -13.02],
				"rotation": [57.5, 0, 0],
				"cubes": [
					{"origin": [-6.696, 2.8365, -13.9035], "size": [0.651, 1.023, 1.767], "uv": [117, 26]}
				]
			},
			{
				"name": "bone102",
				"parent": "bone101",
				"pivot": [-6.3705, 2.67375, -13.7175],
				"rotation": [57.5, 0, 0],
				"cubes": [
					{"origin": [-6.696, 2.9295, -13.9965], "size": [0.651, 0.558, 1.1625], "uv": [117, 26]}
				]
			},
			{
				"name": "legLeftExtraA",
				"parent": "sittingHiddenSkirt",
				"pivot": [-6.975, 12.555, 9.765]
			},
			{
				"name": "bone90",
				"parent": "legLeftExtraA",
				"pivot": [0, 0, 5.58],
				"cubes": [
					{"origin": [-7.905, 11.625, 7.905], "size": [2.79, 2.79, 2.79], "uv": [96, 0]},
					{"origin": [-8.277, 11.253, 8.277], "size": [2.79, 2.79, 2.79], "uv": [95, 71]},
					{"origin": [-7.8585, 10.9275, 8.7885], "size": [1.953, 2.046, 8.6025], "uv": [74, 30]},
					{"origin": [-8.0445, 12.741, 10.7415], "size": [2.325, 1.395, 3.0225], "uv": [80, 40]},
					{"origin": [-8.0445, 12.276, 15.624], "size": [2.325, 1.395, 2.418], "uv": [32, 97]}
				]
			},
			{
				"name": "bone91",
				"parent": "bone90",
				"pivot": [-6.882, 13.0665, 14.43825],
				"rotation": [-12.5, 0, 0],
				"cubes": [
					{"origin": [-8.0445, 12.55059, 13.53775], "size": [2.325, 1.395, 2.232], "uv": [24, 97]}
				]
			},
			{
				"name": "22222",
				"parent": "legLeftExtraA",
				"pivot": [-6.882, 11.69475, 17.2887],
				"cubes": [
					{"origin": [-6.51, 10.4625, 15.8565], "size": [0.651, 2.79, 2.79], "uv": [121, 64]},
					{"origin": [-7.905, 10.4625, 15.8565], "size": [0.651, 2.79, 2.79], "uv": [121, 64]},
					{"origin": [-7.254, 10.602, 15.996], "size": [0.744, 2.511, 2.511], "uv": [60, 117]},
					{"origin": [-7.998, 5.0685, 16.647], "size": [2.232, 6.324, 2.139], "uv": [36, 89]},
					{"origin": [-8.2305, 9.6255, 17.0655], "size": [2.697, 0.7905, 2.139], "uv": [118, 84]}
				]
			},
			{
				"name": "bone103",
				"parent": "22222",
				"pivot": [-6.975, 9.951, 17.391],
				"cubes": [
					{"origin": [-8.37, 10.3695, 16.089], "size": [2.976, 1.581, 3.2085], "uv": [92, 81]},
					{"origin": [-8.37, 4.371, 17.019], "size": [2.976, 3.906, 2.2785], "uv": [81, 95]},
					{"origin": [-8.37, 8.277, 16.089], "size": [2.976, 1.581, 3.2085], "uv": [92, 41]},
					{"origin": [-8.37, 9.858, 16.089], "size": [2.976, 0.558, 1.302], "uv": [118, 50]}
				]
			},
			{
				"name": "bone104",
				"parent": "bone103",
				"pivot": [-6.882, 11.904, 17.50725],
				"rotation": [-25, 0, 0],
				"cubes": [
					{"origin": [-5.673, 11.346, 16.182], "size": [0.279, 1.3485, 2.9295], "uv": [120, 49]},
					{"origin": [-8.37, 11.346, 16.182], "size": [0.279, 1.3485, 2.9295], "uv": [120, 49]}
				]
			},
			{
				"name": "bone105",
				"parent": "bone103",
				"pivot": [-6.975, 5.2545, 18.4605],
				"rotation": [-57.5, 0, 0]
			},
			{
				"name": "bone106",
				"parent": "bone103",
				"pivot": [-6.975, 7.3935, 18.135],
				"rotation": [-72.5, 0, 0],
				"cubes": [
					{"origin": [-8.37, 5.7195, 16.6935], "size": [2.976, 1.86, 3.0225], "uv": [92, 37]}
				]
			},
			{
				"name": "bone107",
				"parent": "22222",
				"pivot": [-6.882, 5.022, 17.8095],
				"rotation": [20, 0, 0],
				"cubes": [
					{"origin": [-7.998, 3.1155, 16.74], "size": [2.232, 2.418, 1.2555], "uv": [76, 102]}
				]
			},
			{
				"name": "5",
				"parent": "22222",
				"pivot": [-1.023, 0, 5.115]
			},
			{
				"name": "bone108",
				"parent": "5",
				"pivot": [-7.3935, 3.04575, 18.6],
				"rotation": [-57.5, 0, 0],
				"cubes": [
					{"origin": [-7.719, 2.8365, 17.7165], "size": [0.651, 1.023, 1.767], "uv": [117, 26]}
				]
			},
			{
				"name": "bone109",
				"parent": "bone108",
				"pivot": [-7.3935, 2.67375, 19.2975],
				"rotation": [-57.5, 0, 0],
				"cubes": [
					{"origin": [-7.719, 2.9295, 18.414], "size": [0.651, 0.558, 1.1625], "uv": [117, 26]}
				]
			},
			{
				"name": "6",
				"parent": "22222",
				"pivot": [0, 0, 5.115]
			},
			{
				"name": "bone110",
				"parent": "6",
				"pivot": [-6.3705, 3.04575, 18.6],
				"rotation": [-57.5, 0, 0],
				"cubes": [
					{"origin": [-6.696, 2.8365, 17.7165], "size": [0.651, 1.023, 1.767], "uv": [117, 26]}
				]
			},
			{
				"name": "bone111",
				"parent": "bone110",
				"pivot": [-6.3705, 2.67375, 19.2975],
				"rotation": [-57.5, 0, 0],
				"cubes": [
					{"origin": [-6.696, 2.9295, 18.414], "size": [0.651, 0.558, 1.1625], "uv": [117, 26]}
				]
			},
			{
				"name": "legLeft",
				"parent": "sittingHiddenSkirt",
				"pivot": [6.975, 12.555, -4.185]
			},
			{
				"name": "bone70",
				"parent": "legLeft",
				"pivot": [0, 0, 0],
				"cubes": [
					{"origin": [5.115, 11.625, -5.115], "size": [2.79, 2.79, 2.79], "uv": [18, 65]},
					{"origin": [5.487, 11.253, -5.487], "size": [2.79, 2.79, 2.79], "uv": [8, 10]},
					{"origin": [5.9055, 10.9275, -11.811], "size": [1.953, 2.046, 8.6025], "uv": [36, 69]},
					{"origin": [5.7195, 12.741, -8.184], "size": [2.325, 1.395, 3.0225], "uv": [56, 47]},
					{"origin": [5.7195, 12.276, -12.462], "size": [2.325, 1.395, 2.418], "uv": [74, 4]}
				]
			},
			{
				"name": "bone78",
				"parent": "bone70",
				"pivot": [6.882, 13.0665, -8.85825],
				"rotation": [12.5, 0, 0],
				"cubes": [
					{"origin": [5.7195, 12.55059, -10.18975], "size": [2.325, 1.395, 2.232], "uv": [51, 47]}
				]
			},
			{
				"name": "44444",
				"parent": "legLeft",
				"pivot": [6.882, 11.69475, -11.7087],
				"cubes": [
					{"origin": [5.859, 10.4625, -13.0665], "size": [0.651, 2.79, 2.79], "uv": [121, 64]},
					{"origin": [7.254, 10.4625, -13.0665], "size": [0.651, 2.79, 2.79], "uv": [121, 64]},
					{"origin": [6.51, 10.602, -12.927], "size": [0.744, 2.511, 2.511], "uv": [31, 121]},
					{"origin": [5.766, 5.0685, -13.206], "size": [2.232, 6.324, 2.139], "uv": [24, 45]},
					{"origin": [5.5335, 9.6255, -13.6245], "size": [2.697, 0.7905, 2.139], "uv": [117, 81]}
				]
			},
			{
				"name": "bone80",
				"parent": "44444",
				"pivot": [6.975, 9.951, -11.811],
				"cubes": [
					{"origin": [5.394, 10.3695, -13.7175], "size": [2.976, 1.581, 3.2085], "uv": [90, 52]},
					{"origin": [5.394, 4.371, -13.7175], "size": [2.976, 3.906, 2.2785], "uv": [43, 56]},
					{"origin": [5.394, 8.277, -13.7175], "size": [2.976, 1.581, 3.2085], "uv": [90, 33]},
					{"origin": [5.394, 9.858, -11.811], "size": [2.976, 0.558, 1.302], "uv": [119, 45]}
				]
			},
			{
				"name": "bone87",
				"parent": "bone80",
				"pivot": [6.882, 11.904, -11.92725],
				"rotation": [25, 0, 0],
				"cubes": [
					{"origin": [5.394, 11.346, -13.5315], "size": [0.279, 1.3485, 2.9295], "uv": [120, 49]},
					{"origin": [8.091, 11.346, -13.5315], "size": [0.279, 1.3485, 2.9295], "uv": [120, 49]}
				]
			},
			{
				"name": "bone86",
				"parent": "bone80",
				"pivot": [6.975, 5.2545, -12.8805],
				"rotation": [57.5, 0, 0]
			},
			{
				"name": "bone81",
				"parent": "bone80",
				"pivot": [6.975, 7.3935, -12.555],
				"rotation": [72.5, 0, 0],
				"cubes": [
					{"origin": [5.394, 5.7195, -14.136], "size": [2.976, 1.86, 3.0225], "uv": [19, 85]}
				]
			},
			{
				"name": "bone85",
				"parent": "44444",
				"pivot": [6.882, 5.022, -12.2295],
				"rotation": [-20, 0, 0],
				"cubes": [
					{"origin": [5.766, 3.1155, -12.4155], "size": [2.232, 2.418, 1.2555], "uv": [64, 102]}
				]
			},
			{
				"name": "2",
				"parent": "44444",
				"pivot": [1.023, 0, 0.465]
			},
			{
				"name": "bone79",
				"parent": "2",
				"pivot": [7.3935, 3.04575, -13.02],
				"rotation": [57.5, 0, 0],
				"cubes": [
					{"origin": [7.068, 2.8365, -13.9035], "size": [0.651, 1.023, 1.767], "uv": [117, 26]}
				]
			},
			{
				"name": "bone84",
				"parent": "bone79",
				"pivot": [7.3935, 2.67375, -13.7175],
				"rotation": [57.5, 0, 0],
				"cubes": [
					{"origin": [7.068, 2.9295, -13.9965], "size": [0.651, 0.558, 1.1625], "uv": [117, 26]}
				]
			},
			{
				"name": "114514",
				"parent": "44444",
				"pivot": [0, 0, 0.465]
			},
			{
				"name": "bone82",
				"parent": "114514",
				"pivot": [6.3705, 3.04575, -13.02],
				"rotation": [57.5, 0, 0],
				"cubes": [
					{"origin": [6.045, 2.8365, -13.9035], "size": [0.651, 1.023, 1.767], "uv": [117, 26]}
				]
			},
			{
				"name": "bone83",
				"parent": "bone82",
				"pivot": [6.3705, 2.67375, -13.7175],
				"rotation": [57.5, 0, 0],
				"cubes": [
					{"origin": [6.045, 2.9295, -13.9965], "size": [0.651, 0.558, 1.1625], "uv": [117, 26]}
				]
			},
			{
				"name": "bone35",
				"parent": "sittingHiddenSkirt",
				"pivot": [0, 18.135, -4.743],
				"rotation": [10, 0, 0],
				"cubes": [
					{"origin": [-1.395, 20.925, -5.673], "size": [2.79, 0.93, 1.86], "uv": [68, 120]},
					{"origin": [-1.395, 19.065, -5.394], "size": [2.79, 1.86, 1.86], "uv": [44, 38]},
					{"origin": [-1.395, 14.415, -5.673], "size": [2.79, 4.65, 1.86], "uv": [10, 97]},
					{"origin": [-2.79, 14.415, -5.673], "size": [1.395, 7.44, 2.79], "uv": [92, 4]},
					{"origin": [1.395, 14.415, -5.673], "size": [1.395, 7.44, 2.325], "uv": [89, 86]}
				]
			},
			{
				"name": "bone41",
				"parent": "bone35",
				"pivot": [2.79, 18.135, -4.743],
				"cubes": [
					{"origin": [0.8835, 15.3915, -6.0915], "size": [1.023, 2.418, 2.418], "uv": [100, 24]},
					{"origin": [0.6975, 13.95, -6.1845], "size": [1.395, 1.674, 2.4645], "uv": [102, 6]},
					{"origin": [0.6975, 15.624, -5.9055], "size": [1.395, 2.511, 2.0925], "uv": [20, 100]}
				]
			},
			{
				"name": "bone40",
				"parent": "bone35",
				"pivot": [0, 18.135, -4.743],
				"cubes": [
					{"origin": [-1.9065, 15.3915, -6.0915], "size": [1.023, 2.418, 2.418], "uv": [14, 100]},
					{"origin": [-2.0925, 13.95, -6.1845], "size": [1.395, 1.674, 2.4645], "uv": [102, 2]},
					{"origin": [-2.0925, 15.624, -5.9055], "size": [1.395, 2.511, 2.0925], "uv": [6, 100]}
				]
			},
			{
				"name": "bone45",
				"parent": "sittingHiddenSkirt",
				"pivot": [-2.79, 19.53, 2.79],
				"rotation": [0, 90, 0]
			},
			{
				"name": "bone42",
				"parent": "bone45",
				"pivot": [-2.79, 18.135, -1.953],
				"rotation": [10, 0, 0],
				"cubes": [
					{"origin": [-4.185, 20.925, -2.883], "size": [2.79, 0.93, 1.86], "uv": [66, 118]},
					{"origin": [-4.185, 19.065, -2.604], "size": [2.79, 1.86, 1.86], "uv": [41, 22]},
					{"origin": [-4.185, 14.415, -2.883], "size": [2.79, 4.65, 1.86], "uv": [93, 96]},
					{"origin": [-5.58, 14.415, -2.883], "size": [1.395, 7.44, 1.86], "uv": [55, 96]},
					{"origin": [-1.395, 14.415, -2.883], "size": [1.395, 7.44, 1.86], "uv": [51, 96]}
				]
			},
			{
				"name": "bone43",
				"parent": "bone42",
				"pivot": [0, 18.135, -1.953],
				"cubes": [
					{"origin": [-1.9065, 15.3915, -3.3015], "size": [1.023, 2.418, 2.418], "uv": [99, 96]},
					{"origin": [-2.0925, 13.95, -3.3945], "size": [1.395, 1.674, 2.4645], "uv": [91, 101]},
					{"origin": [-2.0925, 15.624, -3.1155], "size": [1.395, 2.511, 2.0925], "uv": [99, 90]}
				]
			},
			{
				"name": "bone44",
				"parent": "bone42",
				"pivot": [-2.79, 18.135, -1.953],
				"cubes": [
					{"origin": [-4.6965, 15.3915, -3.3015], "size": [1.023, 2.418, 2.418], "uv": [99, 79]},
					{"origin": [-4.8825, 13.95, -3.3945], "size": [1.395, 1.674, 2.4645], "uv": [85, 101]},
					{"origin": [-4.8825, 15.624, -3.1155], "size": [1.395, 2.511, 2.0925], "uv": [99, 36]}
				]
			},
			{
				"name": "bone50",
				"parent": "bone45",
				"pivot": [-2.79, 18.135, 13.113],
				"rotation": [-10, 0, 0],
				"cubes": [
					{"origin": [-4.185, 20.925, 12.183], "size": [2.79, 0.93, 1.86], "uv": [82, 121]},
					{"origin": [-4.185, 19.065, 11.904], "size": [2.79, 1.86, 1.86], "uv": [40, 12]},
					{"origin": [-4.185, 14.415, 12.183], "size": [2.79, 4.65, 1.86], "uv": [57, 0]},
					{"origin": [-5.58, 14.415, 12.183], "size": [1.395, 7.44, 1.86], "uv": [47, 96]},
					{"origin": [-1.395, 14.415, 12.183], "size": [1.395, 7.44, 1.86], "uv": [43, 96]}
				]
			},
			{
				"name": "bone51",
				"parent": "bone50",
				"pivot": [0, 18.135, 13.113],
				"cubes": [
					{"origin": [-1.9065, 15.3915, 12.0435], "size": [1.023, 2.418, 2.418], "uv": [0, 99]},
					{"origin": [-2.0925, 13.95, 12.09], "size": [1.395, 1.674, 2.4645], "uv": [101, 83]},
					{"origin": [-2.0925, 15.624, 12.183], "size": [1.395, 2.511, 2.0925], "uv": [77, 98]}
				]
			},
			{
				"name": "bone52",
				"parent": "bone50",
				"pivot": [-2.79, 18.135, 13.113],
				"cubes": [
					{"origin": [-4.6965, 15.3915, 12.0435], "size": [1.023, 2.418, 2.418], "uv": [71, 98]},
					{"origin": [-4.8825, 13.95, 12.09], "size": [1.395, 1.674, 2.4645], "uv": [101, 73]},
					{"origin": [-4.8825, 15.624, 12.183], "size": [1.395, 2.511, 2.0925], "uv": [65, 98]}
				]
			},
			{
				"name": "bone46",
				"parent": "sittingHiddenSkirt",
				"pivot": [0, 19.53, 5.58],
				"rotation": [-180, 0, 180]
			},
			{
				"name": "bone47",
				"parent": "bone46",
				"pivot": [0, 18.135, 0.837],
				"rotation": [10, 0, 0],
				"cubes": [
					{"origin": [-1.395, 20.925, -0.093], "size": [2.79, 0.93, 1.86], "uv": [81, 118]},
					{"origin": [-1.395, 19.065, 0.186], "size": [2.79, 1.86, 1.86], "uv": [30, 9]},
					{"origin": [-1.395, 14.415, -0.093], "size": [2.79, 4.65, 1.86], "uv": [9, 19]},
					{"origin": [-2.79, 14.415, -0.093], "size": [1.395, 7.44, 1.86], "uv": [96, 25]},
					{"origin": [1.395, 14.415, -0.093], "size": [1.395, 7.44, 1.86], "uv": [89, 95]}
				]
			},
			{
				"name": "bone48",
				"parent": "bone47",
				"pivot": [2.79, 18.135, 0.837],
				"cubes": [
					{"origin": [0.8835, 15.3915, -0.5115], "size": [1.023, 2.418, 2.418], "uv": [98, 20]},
					{"origin": [0.6975, 13.95, -0.6045], "size": [1.395, 1.674, 2.4645], "uv": [101, 69]},
					{"origin": [0.6975, 15.624, -0.3255], "size": [1.395, 2.511, 2.0925], "uv": [98, 12]}
				]
			},
			{
				"name": "bone49",
				"parent": "bone47",
				"pivot": [0, 18.135, 0.837],
				"cubes": [
					{"origin": [-1.9065, 15.3915, -0.5115], "size": [1.023, 2.418, 2.418], "uv": [98, 8]},
					{"origin": [-2.0925, 13.95, -0.6045], "size": [1.395, 1.674, 2.4645], "uv": [101, 61]},
					{"origin": [-2.0925, 15.624, -0.3255], "size": [1.395, 2.511, 2.0925], "uv": [98, 4]}
				]
			},
			{
				"name": "body2",
				"pivot": [0, 19.53, 0],
				"cubes": [
					{"origin": [-5.4405, 25.203, -2.4645], "size": [10.881, 1.86, 11.16], "uv": [26, 0]},
					{"origin": [-4.2315, 26.97, -1.4415], "size": [8.463, 1.395, 8.463], "uv": [0, 45]}
				]
			},
			{
				"name": "bone191",
				"parent": "body2",
				"pivot": [-5.9985, 25.27441, 3.09059],
				"rotation": [0, 90, 45],
				"cubes": [
					{"origin": [-11.5785, 23.64691, 2.16059], "size": [11.16, 3.255, 1.86], "uv": [68, 9]}
				]
			},
			{
				"name": "bone192",
				"parent": "body2",
				"pivot": [5.9985, 25.27441, 3.09059],
				"rotation": [0, -90, -45],
				"cubes": [
					{"origin": [0.4185, 23.64691, 2.16059], "size": [11.16, 3.255, 1.86], "uv": [66, 62]}
				]
			},
			{
				"name": "bone193",
				"parent": "body2",
				"pivot": [0, 25.11, -3.162],
				"rotation": [-45, 0, 0],
				"cubes": [
					{"origin": [-5.487, 23.715, -4.092], "size": [10.974, 3.255, 1.86], "uv": [74, 0]}
				]
			},
			{
				"name": "bone194",
				"parent": "body2",
				"pivot": [0, 25.11, 9.3],
				"rotation": [45, 0, 0],
				"cubes": [
					{"origin": [-5.487, 23.715, 8.37], "size": [10.974, 3.255, 1.86], "uv": [0, 40]}
				]
			},
			{
				"name": "bone195",
				"parent": "body2",
				"pivot": [0, 0, 5.58],
				"rotation": [-180, 0, 180]
			},
			{
				"name": "bone196",
				"parent": "bone195",
				"pivot": [0, 27.435, 13.95],
				"rotation": [-40, 0, 0]
			},
			{
				"name": "bone197",
				"parent": "bone195",
				"pivot": [0, 24.831, 16.461],
				"rotation": [-90, 0, 0],
				"cubes": [
					{"origin": [0.93, 23.901, 15.531], "size": [1.86, 1.86, 2.5575], "uv": [101, 58]},
					{"origin": [-2.79, 23.901, 15.531], "size": [1.86, 1.86, 2.5575], "uv": [36, 101]}
				]
			},
			{
				"name": "bone198",
				"parent": "bone195",
				"pivot": [0, 27.807, 10.0905]
			},
			{
				"name": "bone199",
				"parent": "bone195",
				"pivot": [-2.79, 0, 8.37],
				"rotation": [0, 90, 0]
			},
			{
				"name": "bone200",
				"parent": "bone199",
				"pivot": [-2.79, 27.435, 16.74],
				"rotation": [-40, 0, 0],
				"cubes": [
					{"origin": [-1.86, 26.505, 15.81], "size": [1.86, 1.86, 4.65], "uv": [52, 84]},
					{"origin": [-1.953, 25.947, 15.81], "size": [2.046, 2.5575, 1.1625], "uv": [101, 55]},
					{"origin": [-5.673, 25.947, 15.81], "size": [2.046, 2.5575, 1.1625], "uv": [98, 100]},
					{"origin": [-5.58, 26.505, 15.81], "size": [1.86, 1.86, 4.65], "uv": [84, 33]}
				]
			},
			{
				"name": "bone201",
				"parent": "bone199",
				"pivot": [-2.79, 24.831, 19.251],
				"rotation": [-90, 0, 0],
				"cubes": [
					{"origin": [-1.86, 23.901, 18.321], "size": [1.86, 1.86, 2.5575], "uv": [81, 100]},
					{"origin": [-5.58, 23.901, 18.321], "size": [1.86, 1.86, 2.5575], "uv": [59, 100]}
				]
			},
			{
				"name": "bone202",
				"parent": "bone199",
				"pivot": [-2.79, 27.807, 12.8805],
				"cubes": [
					{"origin": [-1.86, 26.877, 11.9505], "size": [1.86, 1.86, 4.65], "uv": [7, 83]},
					{"origin": [-5.58, 26.877, 11.9505], "size": [1.86, 1.86, 4.65], "uv": [81, 4]}
				]
			},
			{
				"name": "bone203",
				"parent": "bone195",
				"pivot": [2.79, 0, 8.37],
				"rotation": [0, -90, 0]
			},
			{
				"name": "bone204",
				"parent": "bone203",
				"pivot": [2.79, 27.435, 16.74],
				"rotation": [-40, 0, 0],
				"cubes": [
					{"origin": [3.72, 26.505, 15.81], "size": [1.86, 1.86, 4.65], "uv": [74, 40]},
					{"origin": [3.627, 25.947, 15.81], "size": [2.046, 2.5575, 1.1625], "uv": [32, 100]},
					{"origin": [-0.093, 25.947, 15.81], "size": [2.046, 2.5575, 1.1625], "uv": [100, 28]},
					{"origin": [0, 26.505, 15.81], "size": [1.86, 1.86, 4.65], "uv": [74, 13]}
				]
			},
			{
				"name": "bone205",
				"parent": "bone203",
				"pivot": [2.79, 24.831, 19.251],
				"rotation": [-90, 0, 0],
				"cubes": [
					{"origin": [3.72, 23.901, 18.321], "size": [1.86, 1.86, 2.5575], "uv": [26, 100]},
					{"origin": [0, 23.901, 18.321], "size": [1.86, 1.86, 2.5575], "uv": [99, 41]}
				]
			},
			{
				"name": "bone206",
				"parent": "bone203",
				"pivot": [2.79, 27.807, 12.8805],
				"cubes": [
					{"origin": [3.72, 26.877, 11.9505], "size": [1.86, 1.86, 4.65], "uv": [19, 54]},
					{"origin": [0, 26.877, 11.9505], "size": [1.86, 1.86, 4.65], "uv": [31, 19]}
				]
			},
			{
				"name": "bone207",
				"parent": "bone195",
				"pivot": [0, 0, 11.16],
				"rotation": [-180, 0, 180]
			},
			{
				"name": "bone208",
				"parent": "bone207",
				"pivot": [0, 27.435, 19.53],
				"rotation": [-40, 0, 0],
				"cubes": [
					{"origin": [0.93, 26.505, 18.6], "size": [1.86, 1.86, 4.65], "uv": [28, 30]},
					{"origin": [0.837, 25.947, 18.6], "size": [2.046, 2.5575, 1.1625], "uv": [97, 52]},
					{"origin": [-2.883, 25.947, 18.6], "size": [2.046, 2.5575, 1.1625], "uv": [90, 61]},
					{"origin": [-2.79, 26.505, 18.6], "size": [1.86, 1.86, 4.65], "uv": [6, 30]}
				]
			},
			{
				"name": "bone209",
				"parent": "bone207",
				"pivot": [0, 24.831, 22.041],
				"rotation": [-90, 0, 0],
				"cubes": [
					{"origin": [0.93, 23.901, 21.111], "size": [1.86, 1.86, 2.5575], "uv": [31, 87]},
					{"origin": [-2.79, 23.901, 21.111], "size": [1.86, 1.86, 2.5575], "uv": [15, 75]}
				]
			},
			{
				"name": "bone210",
				"parent": "bone207",
				"pivot": [0, 27.807, 15.6705],
				"cubes": [
					{"origin": [0.93, 26.877, 14.7405], "size": [1.86, 1.86, 4.65], "uv": [22, 29]},
					{"origin": [-2.79, 26.877, 14.7405], "size": [1.86, 1.86, 4.65], "uv": [0, 29]}
				]
			},
			{
				"name": "bone211",
				"parent": "body2",
				"pivot": [0, 13.95, 0]
			},
			{
				"name": "bone212",
				"parent": "bone211",
				"pivot": [4.9755, 16.368, 2.9295],
				"rotation": [0, -90, 10]
			},
			{
				"name": "bone213",
				"parent": "bone211",
				"pivot": [-4.9755, 16.368, 2.9295],
				"rotation": [0, 90, -10]
			},
			{
				"name": "bone214",
				"parent": "bone211",
				"pivot": [0.2325, 16.368, 7.7655],
				"rotation": [-10, 0, 0]
			},
			{
				"name": "bone215",
				"parent": "bone211",
				"pivot": [0.2325, 16.368, 7.7655],
				"rotation": [-10, 0, 0],
				"cubes": [
					{"origin": [-5.58, 12.648, 4.9755], "size": [1.86, 7.44, 5.58], "uv": [69, 86]},
					{"origin": [3.72, 12.648, 4.9755], "size": [1.86, 7.44, 5.58], "uv": [85, 40]},
					{"origin": [-3.72, 14.043, 4.9755], "size": [7.44, 6.045, 5.58], "uv": [24, 56]},
					{"origin": [-3.72, 12.648, 4.9755], "size": [7.44, 6.045, 4.185], "uv": [66, 68]}
				]
			},
			{
				"name": "bone216",
				"parent": "bone215",
				"pivot": [-2.79, 13.60125, 9.6255],
				"rotation": [-45, 0, 0],
				"cubes": [
					{"origin": [-3.255, 12.6015, 8.5095], "size": [0.93, 1.9995, 1.395], "uv": [118, 99]},
					{"origin": [-1.86, 12.6015, 8.5095], "size": [0.93, 1.9995, 1.395], "uv": [117, 102]},
					{"origin": [-0.465, 12.6015, 8.5095], "size": [0.93, 1.9995, 1.395], "uv": [121, 100]},
					{"origin": [0.93, 12.6015, 8.5095], "size": [0.93, 1.9995, 1.395], "uv": [117, 100]},
					{"origin": [2.325, 12.6015, 8.5095], "size": [0.93, 1.9995, 1.395], "uv": [117, 99]}
				]
			},
			{
				"name": "bone217",
				"parent": "bone211",
				"pivot": [0.2325, 16.368, -2.1855],
				"rotation": [10, 0, 0],
				"cubes": [
					{"origin": [-5.58, 12.648, -4.9755], "size": [1.86, 7.44, 5.58], "uv": [24, 85]},
					{"origin": [3.72, 12.648, -4.9755], "size": [1.86, 7.44, 5.58], "uv": [12, 85]},
					{"origin": [-3.72, 14.043, -4.9755], "size": [7.44, 6.045, 5.58], "uv": [0, 54]},
					{"origin": [-3.72, 12.648, -3.5805], "size": [7.44, 6.045, 4.185], "uv": [22, 67]}
				]
			},
			{
				"name": "bone218",
				"parent": "bone217",
				"pivot": [-2.79, 13.60125, -4.0455],
				"rotation": [45, 0, 0],
				"cubes": [
					{"origin": [-3.255, 12.6015, -4.3245], "size": [0.93, 1.9995, 1.395], "uv": [34, 3]},
					{"origin": [-1.86, 12.6015, -4.3245], "size": [0.93, 1.9995, 1.395], "uv": [34, 2]},
					{"origin": [-0.465, 12.6015, -4.3245], "size": [0.93, 1.9995, 1.395], "uv": [34, 1]},
					{"origin": [0.93, 12.6015, -4.3245], "size": [0.93, 1.9995, 1.395], "uv": [26, 33]},
					{"origin": [2.325, 12.6015, -4.3245], "size": [0.93, 1.9995, 1.395], "uv": [4, 33]}
				]
			},
			{
				"name": "bone219",
				"parent": "bone211",
				"pivot": [-4.9755, 16.368, 2.9295],
				"rotation": [0, 90, -10],
				"cubes": [
					{"origin": [-1.023, 12.648, 0.1395], "size": [1.86, 7.44, 5.58], "uv": [57, 84]},
					{"origin": [-10.323, 12.648, 0.1395], "size": [1.86, 7.44, 5.58], "uv": [45, 84]},
					{"origin": [-8.463, 14.043, 0.1395], "size": [7.44, 6.045, 5.58], "uv": [51, 51]},
					{"origin": [-8.463, 12.648, 1.5345], "size": [7.44, 6.045, 4.185], "uv": [0, 65]}
				]
			},
			{
				"name": "bone220",
				"parent": "bone219",
				"pivot": [-1.953, 13.60125, 1.0695],
				"rotation": [45, 0, 0],
				"cubes": [
					{"origin": [-2.418, 12.6015, 0.7905], "size": [0.93, 1.9995, 1.395], "uv": [10, 28]},
					{"origin": [-3.813, 12.6015, 0.7905], "size": [0.93, 1.9995, 1.395], "uv": [26, 12]},
					{"origin": [-5.208, 12.6015, 0.7905], "size": [0.93, 1.9995, 1.395], "uv": [26, 11]},
					{"origin": [-6.603, 12.6015, 0.7905], "size": [0.93, 1.9995, 1.395], "uv": [26, 0]},
					{"origin": [-7.998, 12.6015, 0.7905], "size": [0.93, 1.9995, 1.395], "uv": [14, 18]}
				]
			},
			{
				"name": "bone221",
				"parent": "bone211",
				"pivot": [4.9755, 16.368, 2.9295],
				"rotation": [0, -90, 10],
				"cubes": [
					{"origin": [-0.837, 12.648, 0.1395], "size": [1.86, 7.44, 5.58], "uv": [84, 21]},
					{"origin": [8.463, 12.648, 0.1395], "size": [1.86, 7.44, 5.58], "uv": [0, 83]},
					{"origin": [1.023, 14.043, 0.1395], "size": [7.44, 6.045, 5.58], "uv": [32, 45]},
					{"origin": [1.023, 12.648, 1.5345], "size": [7.44, 6.045, 4.185], "uv": [48, 62]}
				]
			},
			{
				"name": "bone222",
				"parent": "bone221",
				"pivot": [1.953, 13.60125, 1.0695],
				"rotation": [45, 0, 0],
				"cubes": [
					{"origin": [1.488, 12.6015, 0.7905], "size": [0.93, 1.9995, 1.395], "uv": [14, 10]},
					{"origin": [2.883, 12.6015, 0.7905], "size": [0.93, 1.9995, 1.395], "uv": [14, 9]},
					{"origin": [4.278, 12.6015, 0.7905], "size": [0.93, 1.9995, 1.395], "uv": [14, 8]},
					{"origin": [5.673, 12.6015, 0.7905], "size": [0.93, 1.9995, 1.395], "uv": [8, 10]},
					{"origin": [7.068, 12.6015, 0.7905], "size": [0.93, 1.9995, 1.395], "uv": [8, 9]}
				]
			},
			{
				"name": "bone223",
				"parent": "bone211",
				"pivot": [0, 13.95, 0]
			},
			{
				"name": "bone224",
				"parent": "bone223",
				"pivot": [5.72337, 16.368, -3.10614],
				"rotation": [10, -45, 0],
				"cubes": [
					{"origin": [4.70037, 12.4155, -4.54764], "size": [2.232, 7.44, 2.511], "uv": [88, 64]}
				]
			},
			{
				"name": "bone225",
				"parent": "bone223",
				"pivot": [5.72337, 16.368, 8.68614],
				"rotation": [-10, 45, 0],
				"cubes": [
					{"origin": [4.70037, 12.4155, 7.15164], "size": [2.232, 7.44, 2.976], "uv": [81, 86]}
				]
			},
			{
				"name": "bone226",
				"parent": "bone211",
				"pivot": [0, 13.95, 0]
			},
			{
				"name": "bone227",
				"parent": "bone226",
				"pivot": [-5.72337, 16.368, -3.10614],
				"rotation": [10, 45, 0],
				"cubes": [
					{"origin": [-6.93237, 12.4155, -4.54764], "size": [2.232, 7.44, 2.976], "uv": [0, 44]}
				]
			},
			{
				"name": "bone228",
				"parent": "bone226",
				"pivot": [-5.72337, 16.368, 8.68614],
				"rotation": [-10, -45, 0],
				"cubes": [
					{"origin": [-6.93237, 12.4155, 7.15164], "size": [2.232, 7.44, 2.976], "uv": [26, 0]}
				]
			},
			{
				"name": "bone229",
				"parent": "body2",
				"pivot": [0, 26.691, 1.4415]
			},
			{
				"name": "bone230",
				"parent": "bone229",
				"pivot": [0, 12.18114, 1.60425],
				"cubes": [
					{"origin": [-3.86694, 26.691, -0.279], "size": [7.73388, 2.49854, 6.11196], "uv": [54, 39]},
					{"origin": [-1.40244, 29.3415, 0.744], "size": [2.80488, 2.49854, 4.34496], "uv": [0, 10]},
					{"origin": [-1.91394, 27.063, -0.279], "size": [3.82788, 2.49854, 6.11196], "uv": [79, 13]},
					{"origin": [-2.93694, 26.691, -1.209], "size": [5.87388, 2.49854, 7.97196], "uv": [57, 0]}
				]
			},
			{
				"name": "bone231",
				"parent": "bone230",
				"pivot": [0, 12.18114, 1.60425]
			},
			{
				"name": "bone232",
				"parent": "bone231",
				"pivot": [0, 12.67525, 2.89323],
				"rotation": [0, -45, 0],
				"cubes": [
					{"origin": [-0.83049, 26.691, -2.10319], "size": [1.33548, 2.49203, 2.77131], "uv": [97, 75]}
				]
			},
			{
				"name": "bone233",
				"parent": "bone231",
				"pivot": [0, 12.67525, 2.89323],
				"rotation": [0, 45, 0],
				"cubes": [
					{"origin": [-0.64449, 26.691, 4.79285], "size": [1.28898, 2.49203, 2.91081], "uv": [97, 56]}
				]
			},
			{
				"name": "bone234",
				"parent": "bone230",
				"pivot": [0, 12.18114, 1.60425]
			},
			{
				"name": "bone235",
				"parent": "bone234",
				"pivot": [0, 12.67525, 2.89323],
				"rotation": [0, 45, 0],
				"cubes": [
					{"origin": [-0.50499, 26.691, -2.10319], "size": [1.33548, 2.49203, 2.77131], "uv": [97, 48]}
				]
			},
			{
				"name": "bone236",
				"parent": "bone234",
				"pivot": [0, 12.67525, 2.89323],
				"rotation": [0, -45, 0],
				"cubes": [
					{"origin": [-0.64449, 26.691, 4.79285], "size": [1.28898, 2.49203, 2.91081], "uv": [36, 12]}
				]
			},
			{
				"name": "bone237",
				"parent": "bone230",
				"pivot": [0, 27.70777, 1.52148],
				"rotation": [37.5, 0, 0],
				"cubes": [
					{"origin": [-3.40194, 24.831, 0.744], "size": [6.80388, 5.38154, 3.22896], "uv": [74, 78]},
					{"origin": [-3.44844, 24.831, 2.604], "size": [0.06138, 5.38154, 1.36896], "uv": [14, 28]},
					{"origin": [3.38706, 24.831, 2.604], "size": [0.06138, 5.38154, 1.36896], "uv": [12, 28]}
				]
			},
			{
				"name": "bone238",
				"parent": "bone230",
				"pivot": [0, 30.40477, -0.57102],
				"rotation": [-90, 0, 0],
				"cubes": [
					{"origin": [-3.40194, 27.528, -1.3485], "size": [6.80388, 5.38154, 3.22896], "uv": [18, 77]}
				]
			},
			{
				"name": "bone239",
				"parent": "bone230",
				"pivot": [0, 28.07977, -3.36102],
				"rotation": [-30, 0, 0],
				"cubes": [
					{"origin": [-3.40194, 25.389, -4.9755], "size": [6.80388, 5.38154, 3.22896], "uv": [0, 75]},
					{"origin": [-3.44844, 25.389, -4.9755], "size": [0.06138, 5.38154, 1.36896], "uv": [14, 23]},
					{"origin": [3.38706, 25.389, -4.9755], "size": [0.06138, 5.38154, 1.36896], "uv": [2, 18]},
					{"origin": [-3.49494, 25.2495, -5.0685], "size": [1.13088, 1.98704, 0.76446], "uv": [0, 44]},
					{"origin": [2.41056, 25.2495, -5.0685], "size": [1.13088, 1.98704, 0.76446], "uv": [39, 22]}
				]
			},
			{
				"name": "bone240",
				"parent": "bone239",
				"pivot": [-3.41775, 30.35827, -4.29102],
				"rotation": [-60, 0, 0],
				"cubes": [
					{"origin": [3.38706, 29.946, -4.9755], "size": [0.06138, 5.38154, 1.36896], "uv": [0, 18]},
					{"origin": [-3.44844, 29.946, -4.9755], "size": [0.06138, 5.38154, 1.36896], "uv": [14, 3]}
				]
			},
			{
				"name": "bone241",
				"parent": "bone230",
				"pivot": [0, 27.42877, -5.73252],
				"rotation": [30, 0, 0],
				"cubes": [
					{"origin": [-3.40194, 24.552, -6.51], "size": [6.80388, 2.31254, 3.22896], "uv": [75, 55]},
					{"origin": [-3.49494, 25.854, -6.6495], "size": [1.13088, 1.01054, 0.85746], "uv": [100, 118]},
					{"origin": [2.41056, 25.854, -6.6495], "size": [1.13088, 1.01054, 0.85746], "uv": [26, 0]}
				]
			},
			{
				"name": "bone242",
				"parent": "body2",
				"pivot": [0, 19.53, 0],
				"cubes": [
					{"origin": [-2.79, 19.53, -5.58], "size": [5.58, 3.999, 16.74], "uv": [0, 0]},
					{"origin": [-2.79, 13.02, 0], "size": [5.58, 3.999, 5.58], "uv": [70, 47]},
					{"origin": [-6.3705, 19.53, -5.58], "size": [3.5805, 5.394, 16.74], "uv": [22, 24]},
					{"origin": [2.79, 19.53, -5.58], "size": [3.5805, 5.394, 16.74], "uv": [0, 19]},
					{"origin": [-8.37, 19.53, 0], "size": [16.74, 3.999, 5.58], "uv": [37, 14]},
					{"origin": [-8.37, 19.53, 5.58], "size": [16.74, 5.394, 3.627], "uv": [44, 30]},
					{"origin": [-8.37, 19.53, -3.627], "size": [16.74, 5.394, 3.627], "uv": [44, 22]}
				]
			},
			{
				"name": "bone243",
				"parent": "bone242",
				"pivot": [0, 19.53, 0]
			},
			{
				"name": "bone244",
				"parent": "bone243",
				"pivot": [0, 20.5995, 2.79],
				"rotation": [0, -45, 0],
				"cubes": [
					{"origin": [-1.395, 19.53, -7.6725], "size": [2.79, 5.394, 5.9985], "uv": [36, 79]}
				]
			},
			{
				"name": "bone245",
				"parent": "bone243",
				"pivot": [0, 20.5995, 2.79],
				"rotation": [0, 45, 0],
				"cubes": [
					{"origin": [-1.395, 19.53, 7.254], "size": [2.79, 5.394, 5.9985], "uv": [22, 19]}
				]
			},
			{
				"name": "bone246",
				"parent": "bone242",
				"pivot": [0, 19.53, 0]
			},
			{
				"name": "bone247",
				"parent": "bone246",
				"pivot": [0, 20.5995, 2.79],
				"rotation": [0, 45, 0],
				"cubes": [
					{"origin": [-1.395, 19.53, -7.6725], "size": [2.79, 5.394, 5.9985], "uv": [0, 19]}
				]
			},
			{
				"name": "bone248",
				"parent": "bone246",
				"pivot": [0, 20.5995, 2.79],
				"rotation": [0, -45, 0],
				"cubes": [
					{"origin": [-1.395, 19.53, 7.254], "size": [2.79, 5.394, 5.9985], "uv": [0, 0]}
				]
			},
			{
				"name": "bone69",
				"pivot": [0, -0.4185, 0]
			},
			{
				"name": "bone68",
				"parent": "bone69",
				"pivot": [0, 29.61427, -5.68602]
			},
			{
				"name": "bone65",
				"parent": "bone68",
				"pivot": [0, 29.61427, -5.68602],
				"rotation": [-90, 0, 0],
				"cubes": [
					{"origin": [1.68343, 28.80095, -6.59437], "size": [0.26907, 0.89103, 1.86798], "uv": [30, 118]},
					{"origin": [-1.94357, 28.80095, -6.59437], "size": [0.26907, 0.89103, 1.86798], "uv": [30, 118]},
					{"origin": [-1.99007, 28.89395, -6.50137], "size": [4.03557, 0.70503, 0.65898], "uv": [118, 65]}
				]
			},
			{
				"name": "bone66",
				"parent": "bone68",
				"pivot": [0, 29.38177, -5.96502],
				"rotation": [-75, 0, 0],
				"cubes": [
					{"origin": [-1.64857, 28.00457, -7.8986], "size": [3.29715, 2.516, 2.3806], "uv": [26, 12]},
					{"origin": [-1.18357, 30.14357, -7.4336], "size": [2.36715, 0.842, 1.4506], "uv": [48, 122]},
					{"origin": [-1.9371, 27.85078, -8.18712], "size": [3.87419, 0.55013, 2.95764], "uv": [117, 43]},
					{"origin": [-1.73205, 27.697, -7.98208], "size": [3.4641, 0.55013, 2.54755], "uv": [7, 0]}
				]
			},
			{
				"name": "bone62",
				"parent": "bone68",
				"pivot": [0, 28.21927, -4.01202],
				"rotation": [-30, 0, 0],
				"cubes": [
					{"origin": [1.66518, 27.35353, -6.36507], "size": [0.28733, 0.98375, 3.3762], "uv": [30, 118]},
					{"origin": [-1.96182, 27.35353, -6.36507], "size": [0.28733, 0.98375, 3.3762], "uv": [30, 118]}
				]
			},
			{
				"name": "_sittingHiddenSkirt",
				"pivot": [0, 0, 0]
			},
			{
				"name": "bone",
				"parent": "_sittingHiddenSkirt",
				"pivot": [0, 0, 0],
				"cubes": [
					{"origin": [5.115, 11.625, 7.905], "size": [2.79, 2.79, 2.79], "uv": [96, 65]}
				]
			},
			{
				"name": "legRightExtraA2",
				"parent": "bone",
				"pivot": [6.975, 12.555, 9.765],
				"rotation": [77.5, 45, 0]
			},
			{
				"name": "9",
				"parent": "legRightExtraA2",
				"pivot": [6.882, 11.69475, 17.2887],
				"rotation": [-62.5, 0, 0],
				"cubes": [
					{"origin": [5.859, 10.4625, 15.8565], "size": [0.651, 2.79, 2.79], "uv": [121, 64]},
					{"origin": [7.254, 10.4625, 15.8565], "size": [0.651, 2.79, 2.79], "uv": [121, 64]},
					{"origin": [6.51, 10.602, 15.996], "size": [0.744, 2.511, 2.511], "uv": [54, 119]},
					{"origin": [5.766, 5.0685, 16.647], "size": [2.232, 6.324, 2.139], "uv": [89, 73]},
					{"origin": [5.5335, 9.6255, 17.0655], "size": [2.697, 0.7905, 2.139], "uv": [119, 82]}
				]
			},
			{
				"name": "bone2",
				"parent": "9",
				"pivot": [6.975, 9.951, 17.391],
				"cubes": [
					{"origin": [5.394, 10.3695, 16.089], "size": [2.976, 1.581, 3.2085], "uv": [0, 95]},
					{"origin": [5.394, 4.371, 17.019], "size": [2.976, 3.906, 2.2785], "uv": [95, 85]},
					{"origin": [5.394, 8.277, 16.089], "size": [2.976, 1.581, 3.2085], "uv": [94, 61]},
					{"origin": [5.394, 9.858, 16.089], "size": [2.976, 0.558, 1.302], "uv": [120, 46]}
				]
			},
			{
				"name": "bone3",
				"parent": "bone2",
				"pivot": [6.882, 11.904, 17.50725],
				"rotation": [-25, 0, 0],
				"cubes": [
					{"origin": [5.394, 11.346, 16.182], "size": [0.279, 1.3485, 2.9295], "uv": [120, 49]},
					{"origin": [8.091, 11.346, 16.182], "size": [0.279, 1.3485, 2.9295], "uv": [120, 49]}
				]
			},
			{
				"name": "bone4",
				"parent": "bone2",
				"pivot": [6.975, 5.2545, 18.4605],
				"rotation": [-57.5, 0, 0]
			},
			{
				"name": "bone5",
				"parent": "bone2",
				"pivot": [6.975, 7.3935, 18.135],
				"rotation": [-72.5, 0, 0],
				"cubes": [
					{"origin": [5.394, 5.7195, 16.6935], "size": [2.976, 1.86, 3.0225], "uv": [92, 92]}
				]
			},
			{
				"name": "bone6",
				"parent": "9",
				"pivot": [6.882, 5.022, 17.8095],
				"rotation": [20, 0, 0],
				"cubes": [
					{"origin": [5.766, 3.1155, 16.74], "size": [2.232, 2.418, 1.2555], "uv": [0, 103]}
				]
			},
			{
				"name": "10",
				"parent": "9",
				"pivot": [1.023, 0, 5.115]
			},
			{
				"name": "bone7",
				"parent": "10",
				"pivot": [7.3935, 3.04575, 18.6],
				"rotation": [-57.5, 0, 0],
				"cubes": [
					{"origin": [7.068, 2.8365, 17.7165], "size": [0.651, 1.023, 1.767], "uv": [117, 26]}
				]
			},
			{
				"name": "bone8",
				"parent": "bone7",
				"pivot": [7.3935, 2.67375, 19.2975],
				"rotation": [-57.5, 0, 0],
				"cubes": [
					{"origin": [7.068, 2.9295, 18.414], "size": [0.651, 0.558, 1.1625], "uv": [117, 26]}
				]
			},
			{
				"name": "11",
				"parent": "9",
				"pivot": [0, 0, 5.115]
			},
			{
				"name": "bone9",
				"parent": "11",
				"pivot": [6.3705, 3.04575, 18.6],
				"rotation": [-57.5, 0, 0],
				"cubes": [
					{"origin": [6.045, 2.8365, 17.7165], "size": [0.651, 1.023, 1.767], "uv": [117, 26]}
				]
			},
			{
				"name": "bone10",
				"parent": "bone9",
				"pivot": [6.3705, 2.67375, 19.2975],
				"rotation": [-57.5, 0, 0],
				"cubes": [
					{"origin": [6.045, 2.9295, 18.414], "size": [0.651, 0.558, 1.1625], "uv": [117, 26]}
				]
			},
			{
				"name": "bone11",
				"parent": "legRightExtraA2",
				"pivot": [0, 0, 5.58],
				"cubes": [
					{"origin": [5.487, 11.253, 8.277], "size": [2.79, 2.79, 2.79], "uv": [59, 96]},
					{"origin": [5.9055, 10.9275, 8.7885], "size": [1.953, 2.046, 8.6025], "uv": [56, 74]},
					{"origin": [5.7195, 12.741, 10.7415], "size": [2.325, 1.395, 3.0225], "uv": [64, 84]},
					{"origin": [5.7195, 12.276, 15.624], "size": [2.325, 1.395, 2.418], "uv": [97, 45]}
				]
			},
			{
				"name": "bone12",
				"parent": "bone11",
				"pivot": [6.882, 13.0665, 14.43825],
				"rotation": [-12.5, 0, 0],
				"cubes": [
					{"origin": [5.7195, 12.55059, 13.53775], "size": [2.325, 1.395, 2.232], "uv": [97, 33]}
				]
			},
			{
				"name": "bone13",
				"parent": "_sittingHiddenSkirt",
				"pivot": [0, 0, 0],
				"cubes": [
					{"origin": [-7.905, 11.625, 7.905], "size": [2.79, 2.79, 2.79], "uv": [96, 65], "mirror": true}
				]
			},
			{
				"name": "legLeftExtraA3",
				"parent": "bone13",
				"pivot": [-6.975, 12.555, 9.765],
				"rotation": [77.5, -45, 0]
			},
			{
				"name": "12",
				"parent": "legLeftExtraA3",
				"pivot": [-6.882, 11.69475, 17.2887],
				"rotation": [-62.5, 0, 0],
				"cubes": [
					{"origin": [-6.51, 10.4625, 15.8565], "size": [0.651, 2.79, 2.79], "uv": [121, 64], "mirror": true},
					{"origin": [-7.905, 10.4625, 15.8565], "size": [0.651, 2.79, 2.79], "uv": [121, 64], "mirror": true},
					{"origin": [-7.254, 10.602, 15.996], "size": [0.744, 2.511, 2.511], "uv": [54, 119], "mirror": true},
					{"origin": [-7.998, 5.0685, 16.647], "size": [2.232, 6.324, 2.139], "uv": [89, 73], "mirror": true},
					{"origin": [-8.2305, 9.6255, 17.0655], "size": [2.697, 0.7905, 2.139], "uv": [119, 82], "mirror": true}
				]
			},
			{
				"name": "bone14",
				"parent": "12",
				"pivot": [-6.975, 9.951, 17.391],
				"cubes": [
					{"origin": [-8.37, 10.3695, 16.089], "size": [2.976, 1.581, 3.2085], "uv": [0, 95], "mirror": true},
					{"origin": [-8.37, 4.371, 17.019], "size": [2.976, 3.906, 2.2785], "uv": [95, 85], "mirror": true},
					{"origin": [-8.37, 8.277, 16.089], "size": [2.976, 1.581, 3.2085], "uv": [94, 61], "mirror": true},
					{"origin": [-8.37, 9.858, 16.089], "size": [2.976, 0.558, 1.302], "uv": [120, 46], "mirror": true}
				]
			},
			{
				"name": "bone15",
				"parent": "bone14",
				"pivot": [-6.882, 11.904, 17.50725],
				"rotation": [-25, 0, 0],
				"cubes": [
					{"origin": [-5.673, 11.346, 16.182], "size": [0.279, 1.3485, 2.9295], "uv": [120, 49], "mirror": true},
					{"origin": [-8.37, 11.346, 16.182], "size": [0.279, 1.3485, 2.9295], "uv": [120, 49], "mirror": true}
				]
			},
			{
				"name": "bone16",
				"parent": "bone14",
				"pivot": [-6.975, 5.2545, 18.4605],
				"rotation": [-57.5, 0, 0]
			},
			{
				"name": "bone17",
				"parent": "bone14",
				"pivot": [-6.975, 7.3935, 18.135],
				"rotation": [-72.5, 0, 0],
				"cubes": [
					{"origin": [-8.37, 5.7195, 16.6935], "size": [2.976, 1.86, 3.0225], "uv": [92, 92], "mirror": true}
				]
			},
			{
				"name": "bone18",
				"parent": "12",
				"pivot": [-6.882, 5.022, 17.8095],
				"rotation": [20, 0, 0],
				"cubes": [
					{"origin": [-7.998, 3.1155, 16.74], "size": [2.232, 2.418, 1.2555], "uv": [0, 103], "mirror": true}
				]
			},
			{
				"name": "13",
				"parent": "12",
				"pivot": [-1.023, 0, 5.115]
			},
			{
				"name": "bone19",
				"parent": "13",
				"pivot": [-7.3935, 3.04575, 18.6],
				"rotation": [-57.5, 0, 0],
				"cubes": [
					{"origin": [-7.719, 2.8365, 17.7165], "size": [0.651, 1.023, 1.767], "uv": [117, 26], "mirror": true}
				]
			},
			{
				"name": "bone20",
				"parent": "bone19",
				"pivot": [-7.3935, 2.67375, 19.2975],
				"rotation": [-57.5, 0, 0],
				"cubes": [
					{"origin": [-7.719, 2.9295, 18.414], "size": [0.651, 0.558, 1.1625], "uv": [117, 26], "mirror": true}
				]
			},
			{
				"name": "14",
				"parent": "12",
				"pivot": [0, 0, 5.115]
			},
			{
				"name": "bone21",
				"parent": "14",
				"pivot": [-6.3705, 3.04575, 18.6],
				"rotation": [-57.5, 0, 0],
				"cubes": [
					{"origin": [-6.696, 2.8365, 17.7165], "size": [0.651, 1.023, 1.767], "uv": [117, 26], "mirror": true}
				]
			},
			{
				"name": "bone22",
				"parent": "bone21",
				"pivot": [-6.3705, 2.67375, 19.2975],
				"rotation": [-57.5, 0, 0],
				"cubes": [
					{"origin": [-6.696, 2.9295, 18.414], "size": [0.651, 0.558, 1.1625], "uv": [117, 26], "mirror": true}
				]
			},
			{
				"name": "bone23",
				"parent": "legLeftExtraA3",
				"pivot": [0, 0, 5.58],
				"cubes": [
					{"origin": [-8.277, 11.253, 8.277], "size": [2.79, 2.79, 2.79], "uv": [59, 96], "mirror": true},
					{"origin": [-7.8585, 10.9275, 8.7885], "size": [1.953, 2.046, 8.6025], "uv": [56, 74], "mirror": true},
					{"origin": [-8.0445, 12.741, 10.7415], "size": [2.325, 1.395, 3.0225], "uv": [64, 84], "mirror": true},
					{"origin": [-8.0445, 12.276, 15.624], "size": [2.325, 1.395, 2.418], "uv": [97, 45], "mirror": true}
				]
			},
			{
				"name": "bone24",
				"parent": "bone23",
				"pivot": [-6.882, 13.0665, 14.43825],
				"rotation": [-12.5, 0, 0],
				"cubes": [
					{"origin": [-8.0445, 12.55059, 13.53775], "size": [2.325, 1.395, 2.232], "uv": [97, 33], "mirror": true}
				]
			},
			{
				"name": "bone25",
				"parent": "_sittingHiddenSkirt",
				"pivot": [0, 0, 5.4],
				"cubes": [
					{"origin": [5.115, 11.625, -5.295], "size": [2.79, 2.79, 2.79], "uv": [96, 65]}
				]
			},
			{
				"name": "legRightExtraA4",
				"parent": "bone25",
				"pivot": [6.975, 12.555, -4.365],
				"rotation": [-77.5, -45, 0]
			},
			{
				"name": "15",
				"parent": "legRightExtraA4",
				"pivot": [6.882, 11.69475, -11.8887],
				"rotation": [62.5, 0, 0],
				"cubes": [
					{"origin": [5.859, 10.4625, -13.2465], "size": [0.651, 2.79, 2.79], "uv": [121, 64]},
					{"origin": [7.254, 10.4625, -13.2465], "size": [0.651, 2.79, 2.79], "uv": [121, 64]},
					{"origin": [6.51, 10.602, -13.107], "size": [0.744, 2.511, 2.511], "uv": [54, 119]},
					{"origin": [5.766, 5.0685, -13.386], "size": [2.232, 6.324, 2.139], "uv": [89, 73]},
					{"origin": [5.5335, 9.6255, -13.8045], "size": [2.697, 0.7905, 2.139], "uv": [119, 82]}
				]
			},
			{
				"name": "bone26",
				"parent": "15",
				"pivot": [6.975, 9.951, -11.991],
				"cubes": [
					{"origin": [5.394, 10.3695, -13.8975], "size": [2.976, 1.581, 3.2085], "uv": [0, 95]},
					{"origin": [5.394, 4.371, -13.8975], "size": [2.976, 3.906, 2.2785], "uv": [95, 85]},
					{"origin": [5.394, 8.277, -13.8975], "size": [2.976, 1.581, 3.2085], "uv": [94, 61]},
					{"origin": [5.394, 9.858, -11.991], "size": [2.976, 0.558, 1.302], "uv": [120, 46]}
				]
			},
			{
				"name": "bone27",
				"parent": "bone26",
				"pivot": [6.882, 11.904, -12.10725],
				"rotation": [25, 0, 0],
				"cubes": [
					{"origin": [5.394, 11.346, -13.7115], "size": [0.279, 1.3485, 2.9295], "uv": [120, 49]},
					{"origin": [8.091, 11.346, -13.7115], "size": [0.279, 1.3485, 2.9295], "uv": [120, 49]}
				]
			},
			{
				"name": "bone28",
				"parent": "bone26",
				"pivot": [6.975, 5.2545, -13.0605],
				"rotation": [57.5, 0, 0]
			},
			{
				"name": "bone29",
				"parent": "bone26",
				"pivot": [6.975, 7.3935, -12.735],
				"rotation": [72.5, 0, 0],
				"cubes": [
					{"origin": [5.394, 5.7195, -14.316], "size": [2.976, 1.86, 3.0225], "uv": [92, 92]}
				]
			},
			{
				"name": "bone30",
				"parent": "15",
				"pivot": [6.882, 5.022, -12.4095],
				"rotation": [-20, 0, 0],
				"cubes": [
					{"origin": [5.766, 3.1155, -12.5955], "size": [2.232, 2.418, 1.2555], "uv": [0, 103]}
				]
			},
			{
				"name": "16",
				"parent": "15",
				"pivot": [1.023, 0, 0.285]
			},
			{
				"name": "bone31",
				"parent": "16",
				"pivot": [7.3935, 3.04575, -13.2],
				"rotation": [57.5, 0, 0],
				"cubes": [
					{"origin": [7.068, 2.8365, -14.0835], "size": [0.651, 1.023, 1.767], "uv": [117, 26]}
				]
			},
			{
				"name": "bone32",
				"parent": "bone31",
				"pivot": [7.3935, 2.67375, -13.8975],
				"rotation": [57.5, 0, 0],
				"cubes": [
					{"origin": [7.068, 2.9295, -14.1765], "size": [0.651, 0.558, 1.1625], "uv": [117, 26]}
				]
			},
			{
				"name": "17",
				"parent": "15",
				"pivot": [0, 0, 0.285]
			},
			{
				"name": "bone33",
				"parent": "17",
				"pivot": [6.3705, 3.04575, -13.2],
				"rotation": [57.5, 0, 0],
				"cubes": [
					{"origin": [6.045, 2.8365, -14.0835], "size": [0.651, 1.023, 1.767], "uv": [117, 26]}
				]
			},
			{
				"name": "bone34",
				"parent": "bone33",
				"pivot": [6.3705, 2.67375, -13.8975],
				"rotation": [57.5, 0, 0],
				"cubes": [
					{"origin": [6.045, 2.9295, -14.1765], "size": [0.651, 0.558, 1.1625], "uv": [117, 26]}
				]
			},
			{
				"name": "bone36",
				"parent": "legRightExtraA4",
				"pivot": [0, 0, -0.18],
				"cubes": [
					{"origin": [5.487, 11.253, -5.667], "size": [2.79, 2.79, 2.79], "uv": [59, 96]},
					{"origin": [5.9055, 10.9275, -11.991], "size": [1.953, 2.046, 8.6025], "uv": [56, 74]},
					{"origin": [5.7195, 12.741, -8.364], "size": [2.325, 1.395, 3.0225], "uv": [64, 84]},
					{"origin": [5.7195, 12.276, -12.642], "size": [2.325, 1.395, 2.418], "uv": [97, 45]}
				]
			},
			{
				"name": "bone37",
				"parent": "bone36",
				"pivot": [6.882, 13.0665, -9.03825],
				"rotation": [12.5, 0, 0],
				"cubes": [
					{"origin": [5.7195, 12.55059, -10.36975], "size": [2.325, 1.395, 2.232], "uv": [97, 33]}
				]
			},
			{
				"name": "bone38",
				"parent": "_sittingHiddenSkirt",
				"pivot": [0, 0, 5.4],
				"cubes": [
					{"origin": [-7.905, 11.625, -5.295], "size": [2.79, 2.79, 2.79], "uv": [96, 65], "mirror": true}
				]
			},
			{
				"name": "legRightExtraA3",
				"parent": "bone38",
				"pivot": [-6.975, 12.555, -4.365],
				"rotation": [-77.5, 45, 0]
			},
			{
				"name": "18",
				"parent": "legRightExtraA3",
				"pivot": [-6.882, 11.69475, -11.8887],
				"rotation": [62.5, 0, 0],
				"cubes": [
					{"origin": [-6.51, 10.4625, -13.2465], "size": [0.651, 2.79, 2.79], "uv": [121, 64], "mirror": true},
					{"origin": [-7.905, 10.4625, -13.2465], "size": [0.651, 2.79, 2.79], "uv": [121, 64], "mirror": true},
					{"origin": [-7.254, 10.602, -13.107], "size": [0.744, 2.511, 2.511], "uv": [54, 119], "mirror": true},
					{"origin": [-7.998, 5.0685, -13.386], "size": [2.232, 6.324, 2.139], "uv": [89, 73], "mirror": true},
					{"origin": [-8.2305, 9.6255, -13.8045], "size": [2.697, 0.7905, 2.139], "uv": [119, 82], "mirror": true}
				]
			},
			{
				"name": "bone39",
				"parent": "18",
				"pivot": [-6.975, 9.951, -11.991],
				"cubes": [
					{"origin": [-8.37, 10.3695, -13.8975], "size": [2.976, 1.581, 3.2085], "uv": [0, 95], "mirror": true},
					{"origin": [-8.37, 4.371, -13.8975], "size": [2.976, 3.906, 2.2785], "uv": [95, 85], "mirror": true},
					{"origin": [-8.37, 8.277, -13.8975], "size": [2.976, 1.581, 3.2085], "uv": [94, 61], "mirror": true},
					{"origin": [-8.37, 9.858, -11.991], "size": [2.976, 0.558, 1.302], "uv": [120, 46], "mirror": true}
				]
			},
			{
				"name": "bone53",
				"parent": "bone39",
				"pivot": [-6.882, 11.904, -12.10725],
				"rotation": [25, 0, 0],
				"cubes": [
					{"origin": [-5.673, 11.346, -13.7115], "size": [0.279, 1.3485, 2.9295], "uv": [120, 49], "mirror": true},
					{"origin": [-8.37, 11.346, -13.7115], "size": [0.279, 1.3485, 2.9295], "uv": [120, 49], "mirror": true}
				]
			},
			{
				"name": "bone54",
				"parent": "bone39",
				"pivot": [-6.975, 5.2545, -13.0605],
				"rotation": [57.5, 0, 0]
			},
			{
				"name": "bone55",
				"parent": "bone39",
				"pivot": [-6.975, 7.3935, -12.735],
				"rotation": [72.5, 0, 0],
				"cubes": [
					{"origin": [-8.37, 5.7195, -14.316], "size": [2.976, 1.86, 3.0225], "uv": [92, 92], "mirror": true}
				]
			},
			{
				"name": "bone56",
				"parent": "18",
				"pivot": [-6.882, 5.022, -12.4095],
				"rotation": [-20, 0, 0],
				"cubes": [
					{"origin": [-7.998, 3.1155, -12.5955], "size": [2.232, 2.418, 1.2555], "uv": [0, 103], "mirror": true}
				]
			},
			{
				"name": "19",
				"parent": "18",
				"pivot": [-1.023, 0, 0.285]
			},
			{
				"name": "bone57",
				"parent": "19",
				"pivot": [-7.3935, 3.04575, -13.2],
				"rotation": [57.5, 0, 0],
				"cubes": [
					{"origin": [-7.719, 2.8365, -14.0835], "size": [0.651, 1.023, 1.767], "uv": [117, 26], "mirror": true}
				]
			},
			{
				"name": "bone58",
				"parent": "bone57",
				"pivot": [-7.3935, 2.67375, -13.8975],
				"rotation": [57.5, 0, 0],
				"cubes": [
					{"origin": [-7.719, 2.9295, -14.1765], "size": [0.651, 0.558, 1.1625], "uv": [117, 26], "mirror": true}
				]
			},
			{
				"name": "20",
				"parent": "18",
				"pivot": [0, 0, 0.285]
			},
			{
				"name": "bone59",
				"parent": "20",
				"pivot": [-6.3705, 3.04575, -13.2],
				"rotation": [57.5, 0, 0],
				"cubes": [
					{"origin": [-6.696, 2.8365, -14.0835], "size": [0.651, 1.023, 1.767], "uv": [117, 26], "mirror": true}
				]
			},
			{
				"name": "bone123",
				"parent": "bone59",
				"pivot": [-6.3705, 2.67375, -13.8975],
				"rotation": [57.5, 0, 0],
				"cubes": [
					{"origin": [-6.696, 2.9295, -14.1765], "size": [0.651, 0.558, 1.1625], "uv": [117, 26], "mirror": true}
				]
			},
			{
				"name": "bone124",
				"parent": "legRightExtraA3",
				"pivot": [0, 0, -0.18],
				"cubes": [
					{"origin": [-8.277, 11.253, -5.667], "size": [2.79, 2.79, 2.79], "uv": [59, 96], "mirror": true},
					{"origin": [-7.8585, 10.9275, -11.991], "size": [1.953, 2.046, 8.6025], "uv": [56, 74], "mirror": true},
					{"origin": [-8.0445, 12.741, -8.364], "size": [2.325, 1.395, 3.0225], "uv": [64, 84], "mirror": true},
					{"origin": [-8.0445, 12.276, -12.642], "size": [2.325, 1.395, 2.418], "uv": [97, 45], "mirror": true}
				]
			},
			{
				"name": "bone125",
				"parent": "bone124",
				"pivot": [-6.882, 13.0665, -9.03825],
				"rotation": [12.5, 0, 0],
				"cubes": [
					{"origin": [-8.0445, 12.55059, -10.36975], "size": [2.325, 1.395, 2.232], "uv": [97, 33], "mirror": true}
				]
			},
			{
				"name": "bone60",
				"parent": "_sittingHiddenSkirt",
				"pivot": [0, 17.135, -7.743],
				"rotation": [40, 0, 0],
				"cubes": [
					{"origin": [-1.395, 19.33132, -9.17116], "size": [2.79, 0.93, 2.335], "uv": [68, 120]},
					{"origin": [-2.47, 13.98132, -6.87116], "size": [4.94, 5.73, 3.985], "uv": [4, 117]},
					{"origin": [-1.395, 17.47132, -8.89216], "size": [2.79, 1.86, 1.86], "uv": [44, 38]},
					{"origin": [-1.395, 12.82132, -9.17116], "size": [2.79, 4.65, 1.86], "uv": [10, 97]},
					{"origin": [-2.79, 12.82132, -9.17116], "size": [1.395, 7.44, 2.365], "uv": [92, 4]},
					{"origin": [1.395, 12.82132, -9.17116], "size": [1.395, 7.44, 2.325], "uv": [89, 86]}
				]
			},
			{
				"name": "bone61",
				"parent": "bone60",
				"pivot": [2.79, 17.135, -7.743],
				"cubes": [
					{"origin": [0.8835, 13.79782, -9.58966], "size": [1.023, 2.418, 2.418], "uv": [100, 24]},
					{"origin": [0.6975, 12.35632, -9.68266], "size": [1.395, 1.674, 2.4645], "uv": [102, 6]},
					{"origin": [0.6975, 14.03032, -9.40366], "size": [1.395, 2.511, 2.0925], "uv": [20, 100]}
				]
			},
			{
				"name": "bone63",
				"parent": "bone60",
				"pivot": [0, 17.135, -7.743],
				"cubes": [
					{"origin": [-1.9065, 13.79782, -9.58966], "size": [1.023, 2.418, 2.418], "uv": [14, 100]},
					{"origin": [-2.0925, 12.35632, -9.68266], "size": [1.395, 1.674, 2.4645], "uv": [102, 2]},
					{"origin": [-2.0925, 14.03032, -9.40366], "size": [1.395, 2.511, 2.0925], "uv": [6, 100]}
				]
			},
			{
				"name": "bone64",
				"parent": "_sittingHiddenSkirt",
				"pivot": [0, 18.11641, 13.11703],
				"rotation": [-40, 0, 0],
				"cubes": [
					{"origin": [-1.395, 19.64189, 12.93753], "size": [2.79, 0.93, 2.335], "uv": [68, 120]},
					{"origin": [-2.47, 14.29189, 8.98753], "size": [4.94, 5.73, 3.985], "uv": [4, 117]},
					{"origin": [-1.395, 17.78189, 13.13353], "size": [2.79, 1.86, 1.86], "uv": [44, 38]},
					{"origin": [-1.395, 13.13189, 13.41253], "size": [2.79, 4.65, 1.86], "uv": [10, 97]},
					{"origin": [-2.79, 13.13189, 12.90753], "size": [1.395, 7.44, 2.365], "uv": [92, 4]},
					{"origin": [1.395, 13.13189, 12.94753], "size": [1.395, 7.44, 2.325], "uv": [89, 86]}
				]
			},
			{
				"name": "bone67",
				"parent": "bone64",
				"pivot": [2.79, 17.44558, 13.84437],
				"cubes": [
					{"origin": [0.8835, 14.10839, 13.27303], "size": [1.023, 2.418, 2.418], "uv": [100, 24]},
					{"origin": [0.6975, 12.66689, 13.31953], "size": [1.395, 1.674, 2.4645], "uv": [102, 6]},
					{"origin": [0.6975, 14.34089, 13.41253], "size": [1.395, 2.511, 2.0925], "uv": [20, 100]}
				]
			},
			{
				"name": "bone71",
				"parent": "bone64",
				"pivot": [0, 17.44558, 13.84437],
				"cubes": [
					{"origin": [-1.9065, 14.10839, 13.27303], "size": [1.023, 2.418, 2.418], "uv": [14, 100]},
					{"origin": [-2.0925, 12.66689, 13.31953], "size": [1.395, 1.674, 2.4645], "uv": [102, 2]},
					{"origin": [-2.0925, 14.34089, 13.41253], "size": [1.395, 2.511, 2.0925], "uv": [6, 100]}
				]
			},
			{
				"name": "bone75",
				"parent": "_sittingHiddenSkirt",
				"pivot": [-2.75, 0, 2.5],
				"rotation": [0, 90, 0]
			},
			{
				"name": "bone72",
				"parent": "bone75",
				"pivot": [-2.75, 18.11641, 15.61703],
				"rotation": [-40, 0, 0],
				"cubes": [
					{"origin": [-4.145, 19.64189, 15.43753], "size": [2.79, 0.93, 2.335], "uv": [68, 120]},
					{"origin": [-5.22, 14.29189, 11.48753], "size": [4.94, 5.73, 3.985], "uv": [4, 117]},
					{"origin": [-4.145, 17.78189, 15.63353], "size": [2.79, 1.86, 1.86], "uv": [44, 38]},
					{"origin": [-4.145, 13.13189, 15.91253], "size": [2.79, 4.65, 1.86], "uv": [10, 97]},
					{"origin": [-5.54, 13.13189, 15.40753], "size": [1.395, 7.44, 2.365], "uv": [92, 4]},
					{"origin": [-1.355, 13.13189, 15.44753], "size": [1.395, 7.44, 2.325], "uv": [89, 86]}
				]
			},
			{
				"name": "bone73",
				"parent": "bone72",
				"pivot": [0.04, 17.44558, 16.34437],
				"cubes": [
					{"origin": [-1.8665, 14.10839, 15.77303], "size": [1.023, 2.418, 2.418], "uv": [100, 24]},
					{"origin": [-2.0525, 12.66689, 15.81953], "size": [1.395, 1.674, 2.4645], "uv": [102, 6]},
					{"origin": [-2.0525, 14.34089, 15.91253], "size": [1.395, 2.511, 2.0925], "uv": [20, 100]}
				]
			},
			{
				"name": "bone74",
				"parent": "bone72",
				"pivot": [-2.75, 17.44558, 16.34437],
				"cubes": [
					{"origin": [-4.6565, 14.10839, 15.77303], "size": [1.023, 2.418, 2.418], "uv": [14, 100]},
					{"origin": [-4.8425, 12.66689, 15.81953], "size": [1.395, 1.674, 2.4645], "uv": [102, 2]},
					{"origin": [-4.8425, 14.34089, 15.91253], "size": [1.395, 2.511, 2.0925], "uv": [6, 100]}
				]
			},
			{
				"name": "bone76",
				"parent": "bone75",
				"pivot": [-2.75, 18.11641, -4.61703],
				"rotation": [40, 0, 0],
				"cubes": [
					{"origin": [-4.145, 19.64189, -6.77253], "size": [2.79, 0.93, 2.335], "uv": [68, 120]},
					{"origin": [-5.22, 14.29189, -4.47253], "size": [4.94, 5.73, 3.985], "uv": [4, 117]},
					{"origin": [-4.145, 17.78189, -6.49353], "size": [2.79, 1.86, 1.86], "uv": [44, 38]},
					{"origin": [-4.145, 13.13189, -6.77253], "size": [2.79, 4.65, 1.86], "uv": [10, 97]},
					{"origin": [-5.54, 13.13189, -6.77253], "size": [1.395, 7.44, 2.365], "uv": [92, 4]},
					{"origin": [-1.355, 13.13189, -6.77253], "size": [1.395, 7.44, 2.325], "uv": [89, 86]}
				]
			},
			{
				"name": "bone77",
				"parent": "bone76",
				"pivot": [0.04, 17.44558, -5.34437],
				"cubes": [
					{"origin": [-1.8665, 14.10839, -7.19103], "size": [1.023, 2.418, 2.418], "uv": [100, 24]},
					{"origin": [-2.0525, 12.66689, -7.28403], "size": [1.395, 1.674, 2.4645], "uv": [102, 6]},
					{"origin": [-2.0525, 14.34089, -7.00503], "size": [1.395, 2.511, 2.0925], "uv": [20, 100]}
				]
			},
			{
				"name": "bone121",
				"parent": "bone76",
				"pivot": [-2.75, 17.44558, -5.34437],
				"cubes": [
					{"origin": [-4.6565, 14.10839, -7.19103], "size": [1.023, 2.418, 2.418], "uv": [14, 100]},
					{"origin": [-4.8425, 12.66689, -7.28403], "size": [1.395, 1.674, 2.4645], "uv": [102, 2]},
					{"origin": [-4.8425, 14.34089, -7.00503], "size": [1.395, 2.511, 2.0925], "uv": [6, 100]}
				]
			}
		]
	}
}