{
	"format_version": "1.10.0",
	"geometry.model": {
		"texturewidth": 128,
		"textureheight": 128,
		"visible_bounds_width": 3,
		"visible_bounds_height": 4,
		"visible_bounds_offset": [0, 1, 0],
		"bones": [
			{
				"name": "head",
				"pivot": [0, 18, 0],
				"cubes": [
					{"origin": [-3.5, 18, -4], "size": [7, 7.5, 8], "uv": [0, 0]},
					{"origin": [-3.25, 18.75, -3.75], "size": [6.5, 7, 7.5], "uv": [0, 15]}
				]
			},
			{
				"name": "bone174",
				"parent": "head",
				"pivot": [0, 14.45, 5.15],
				"rotation": [10, 0, 0],
				"cubes": [
					{"origin": [-3.75, 10.7, 4.65], "size": [7.5, 7.5, 1], "uv": [22, 0]}
				]
			},
			{
				"name": "bone79",
				"parent": "head",
				"pivot": [0, 21.725, 4.175],
				"rotation": [5, 0, 0],
				"cubes": [
					{"origin": [-3.75, 17.975, 3.675], "size": [7.5, 7.5, 1], "uv": [37, 7]}
				]
			},
			{
				"name": "blink",
				"parent": "head",
				"pivot": [0, 18, 0],
				"cubes": [
					{"origin": [-3.5, 18, -4.001], "size": [7, 7.5, 0], "uv": [37, 37]}
				]
			},
			{
				"name": "bone94",
				"parent": "head",
				"pivot": [-2.125, 25.625, -4.5],
				"rotation": [-2.5, 0, -7.5]
			},
			{
				"name": "bone95",
				"parent": "bone94",
				"pivot": [-2.125, 24.375, -4.5],
				"rotation": [-14.99127, 0.51754, 1.9319],
				"cubes": [
					{"origin": [-2.625, 23.7, -5.075], "size": [1, 1.425, 1], "uv": [61, 55]}
				]
			},
			{
				"name": "bone96",
				"parent": "bone94",
				"pivot": [-2.2, 22.7, -4.5],
				"rotation": [10, 0, 2.5],
				"cubes": [
					{"origin": [-2.7, 20.875, -5.025], "size": [1, 3.1, 1], "uv": [59, 51]}
				]
			},
			{
				"name": "bone91",
				"parent": "head",
				"pivot": [-3.2, 25.425, -4.5],
				"rotation": [-2.5, 0, -15]
			},
			{
				"name": "bone92",
				"parent": "bone91",
				"pivot": [-3.2, 24.175, -4.5],
				"rotation": [-14.99127, 0.51754, 1.9319],
				"cubes": [
					{"origin": [-3.7, 23.425, -5.075], "size": [1, 1.5, 1], "uv": [61, 57]}
				]
			},
			{
				"name": "bone93",
				"parent": "bone91",
				"pivot": [-3.375, 22.575, -4.5],
				"rotation": [9.96271, -0.86717, 7.42442],
				"cubes": [
					{"origin": [-3.875, 19.6, -5.025], "size": [1, 4.175, 1], "uv": [58, 0]}
				]
			},
			{
				"name": "bone189",
				"parent": "head",
				"pivot": [-0.025, 25.575, -4.5],
				"rotation": [-2.49762, 0.10901, -0.00238]
			},
			{
				"name": "bone190",
				"parent": "bone189",
				"pivot": [0.125, 24.575, -4.5],
				"rotation": [0.13949, -2.06428, -7.73076],
				"cubes": [
					{"origin": [-0.125, 22.85, -4.825], "size": [0.5, 2.5, 0.5], "uv": [120, 68]}
				]
			},
			{
				"name": "bone191",
				"parent": "bone189",
				"pivot": [0.125, 22.65, -4.5],
				"rotation": [9.91615, -1.29876, 9.88733],
				"cubes": [
					{"origin": [0.05, 21.05, -4.775], "size": [0.5, 2.075, 0.5], "uv": [122, 71]}
				]
			},
			{
				"name": "bone150",
				"parent": "head",
				"pivot": [-0.025, 25.575, -4.5],
				"rotation": [-2.38443, 0.75155, 14.98436]
			},
			{
				"name": "bone151",
				"parent": "bone150",
				"pivot": [0.125, 24.575, -4.5],
				"rotation": [0.13949, -2.06428, -7.73076],
				"cubes": [
					{"origin": [-0.375, 22.85, -5.075], "size": [1, 2.5, 1], "uv": [61, 7]}
				]
			},
			{
				"name": "bone152",
				"parent": "bone150",
				"pivot": [0.125, 22.65, -4.5],
				"rotation": [9.91615, -1.29876, 9.88733],
				"cubes": [
					{"origin": [-0.2, 20.3, -5.025], "size": [1, 2.825, 1], "uv": [61, 4]}
				]
			},
			{
				"name": "bone160",
				"parent": "head",
				"pivot": [2.925, 25.675, -4.5],
				"rotation": [-2.55926, -12.59694, -4.44387]
			},
			{
				"name": "bone161",
				"parent": "bone160",
				"pivot": [2.925, 24.425, -4.5],
				"rotation": [-14.99127, 0.51754, 1.9319],
				"cubes": [
					{"origin": [2.425, 23.675, -5.075], "size": [1, 1.5, 1], "uv": [16, 35]}
				]
			},
			{
				"name": "bone162",
				"parent": "bone160",
				"pivot": [2.85, 22.75, -4.5],
				"rotation": [10, 0, 2.5],
				"cubes": [
					{"origin": [2.35, 20.325, -5.025], "size": [1, 3.625, 1], "uv": [38, 0]}
				]
			},
			{
				"name": "bone156",
				"parent": "head",
				"pivot": [1.675, 25.475, -4.5],
				"rotation": [-2.38443, -0.75155, -19.98436]
			},
			{
				"name": "bone157",
				"parent": "bone156",
				"pivot": [1.675, 24.225, -4.5],
				"rotation": [-14.99127, 0.51754, 1.9319],
				"cubes": [
					{"origin": [1.175, 23.475, -5.075], "size": [1, 1.5, 1], "uv": [42, 27]}
				]
			},
			{
				"name": "bone158",
				"parent": "bone156",
				"pivot": [1.6, 22.55, -4.5],
				"rotation": [10, 0, 2.5],
				"cubes": [
					{"origin": [1.1, 21.625, -5.025], "size": [1, 2.125, 1], "uv": [56, 60]}
				]
			},
			{
				"name": "bone153",
				"parent": "head",
				"pivot": [-0.325, 25.475, -4.5],
				"rotation": [-1.82892, -1.70471, -45.47279]
			},
			{
				"name": "bone154",
				"parent": "bone153",
				"pivot": [-0.325, 24.225, -4.5],
				"rotation": [-14.99127, 0.51754, 1.9319],
				"cubes": [
					{"origin": [-0.825, 23.475, -5.075], "size": [1.25, 1.5, 1], "uv": [43, 44]}
				]
			},
			{
				"name": "bone155",
				"parent": "bone153",
				"pivot": [-0.4, 22.55, -4.5],
				"rotation": [10, 0, 2.5],
				"cubes": [
					{"origin": [-0.9, 21.625, -5.025], "size": [1.25, 2.125, 1], "uv": [60, 60]}
				]
			},
			{
				"name": "bone147",
				"parent": "head",
				"pivot": [-0.625, 25.675, -4.5],
				"rotation": [-2.16541, -1.2497, -32.47638]
			},
			{
				"name": "bone148",
				"parent": "bone147",
				"pivot": [-0.625, 24.425, -4.5],
				"rotation": [-14.99127, 0.51754, 1.9319],
				"cubes": [
					{"origin": [-1.125, 23.675, -5.075], "size": [1, 1.5, 1], "uv": [8, 47]}
				]
			},
			{
				"name": "bone149",
				"parent": "bone147",
				"pivot": [-0.275, 22.95, -4.5],
				"rotation": [8.88927, 4.59902, -24.64233],
				"cubes": [
					{"origin": [-0.775, 22.025, -5.025], "size": [1, 2.125, 1], "uv": [35, 61]}
				]
			},
			{
				"name": "bone88",
				"parent": "head",
				"pivot": [-1.25, 25.775, -4.5],
				"rotation": [-2.5, 0, -2.5]
			},
			{
				"name": "bone89",
				"parent": "bone88",
				"pivot": [-1.25, 24.525, -4.5],
				"rotation": [-14.99127, 0.51754, 1.9319],
				"cubes": [
					{"origin": [-1.75, 23.775, -5.075], "size": [1, 1.5, 1], "uv": [62, 0]}
				]
			},
			{
				"name": "bone159",
				"parent": "bone88",
				"pivot": [-1.15, 22.85, -4.5],
				"rotation": [9.76758, -2.15393, 14.81594],
				"cubes": [
					{"origin": [-1.85, 22.55, -5.025], "size": [1, 1.5, 1], "uv": [38, 27]}
				]
			},
			{
				"name": "bone90",
				"parent": "bone88",
				"pivot": [-1.15, 22.85, -4.5],
				"rotation": [9.76758, -2.15393, 14.81594],
				"cubes": [
					{"origin": [-1.65, 19.55, -5.025], "size": [1, 4.5, 1], "uv": [52, 58]}
				]
			},
			{
				"name": "bone168",
				"parent": "head",
				"pivot": [3.625, 23.925, -4.5],
				"rotation": [0, 0, -0.75]
			},
			{
				"name": "bone169",
				"parent": "bone168",
				"pivot": [3.625, 23.925, -4.425],
				"cubes": [
					{"origin": [2.9, 21.925, -4.475], "size": [1, 3.5, 1], "uv": [15, 29]}
				]
			},
			{
				"name": "bone170",
				"parent": "bone168",
				"pivot": [3.7, 20, -4.5],
				"rotation": [-2.5, 0, -2.5],
				"cubes": [
					{"origin": [2.975, 18, -4.525], "size": [1, 4, 1], "uv": [53, 10]}
				]
			},
			{
				"name": "bone171",
				"parent": "bone168",
				"pivot": [3.75, 19.925, -4.75],
				"rotation": [-2.5, 0, 0]
			},
			{
				"name": "bone172",
				"parent": "bone171",
				"pivot": [3.75, 19.925, -4.675],
				"cubes": [
					{"origin": [3.125, 17.925, -4.55], "size": [0.875, 0.9, 0.9], "uv": [120, 71]}
				]
			},
			{
				"name": "bone173",
				"parent": "bone171",
				"pivot": [3.825, 16, -4.75],
				"rotation": [-2.5, 0, -2.5],
				"cubes": [
					{"origin": [3.2, 14, -4.6], "size": [0.875, 4, 0.9], "uv": [121, 70]}
				]
			},
			{
				"name": "bone87",
				"parent": "head",
				"pivot": [-3.525, 23.925, -4.5],
				"rotation": [0, 0, 2]
			},
			{
				"name": "bone81",
				"parent": "bone87",
				"pivot": [-3.525, 23.925, -4.425],
				"cubes": [
					{"origin": [-3.8, 21.925, -4.475], "size": [1, 3.5, 1], "uv": [60, 28]}
				]
			},
			{
				"name": "bone80",
				"parent": "bone87",
				"pivot": [-3.6, 20, -4.5],
				"rotation": [-2.5, 0, 2.5],
				"cubes": [
					{"origin": [-3.875, 18, -4.525], "size": [1, 4, 1], "uv": [59, 34]}
				]
			},
			{
				"name": "bone165",
				"parent": "bone87",
				"pivot": [-3.65, 19.925, -4.75],
				"rotation": [-2.5, 0, 0]
			},
			{
				"name": "bone166",
				"parent": "bone165",
				"pivot": [-3.65, 19.925, -4.675],
				"cubes": [
					{"origin": [-3.9, 17.925, -4.55], "size": [0.875, 0.9, 0.9], "uv": [121, 71]}
				]
			},
			{
				"name": "bone167",
				"parent": "bone165",
				"pivot": [-3.725, 16, -4.75],
				"rotation": [-2.5, 0, 2.5],
				"cubes": [
					{"origin": [-3.975, 14, -4.6], "size": [0.875, 4, 0.9], "uv": [117, 71]}
				]
			},
			{
				"name": "bone164",
				"parent": "head",
				"pivot": [1.55, 25.15, -4.325],
				"rotation": [-14.94548, 1.29256, 4.83045],
				"cubes": [
					{"origin": [-0.45, 24.65, -4.825], "size": [4, 1, 1], "uv": [19, 19]}
				]
			},
			{
				"name": "bone163",
				"parent": "head",
				"pivot": [-1.55, 25.15, -4.325],
				"rotation": [-14.94548, -1.29256, -4.83045],
				"cubes": [
					{"origin": [-3.55, 24.65, -4.825], "size": [4, 1, 1], "uv": [26, 21]}
				]
			},
			{
				"name": "bone178",
				"parent": "head",
				"pivot": [-4.425, 18, 0]
			},
			{
				"name": "bone179",
				"parent": "bone178",
				"pivot": [-3.825, 18, 0],
				"rotation": [0, 0, -5],
				"cubes": [
					{"origin": [-3.9, 18, -2.25], "size": [1, 2.75, 4.75], "uv": [9, 29]},
					{"origin": [-3.9, 17.75, 2.25], "size": [1, 3, 1.75], "uv": [19, 15]},
					{"origin": [-3.9, 18.25, -3.5], "size": [1, 2.5, 1.75], "uv": [22, 37]}
				]
			},
			{
				"name": "bone180",
				"parent": "bone178",
				"pivot": [-3.975, 22.725, 0],
				"rotation": [0, 0, 4.75],
				"cubes": [
					{"origin": [-3.975, 20.675, -3.5], "size": [1, 4.8, 7.5], "uv": [23, 8]}
				]
			},
			{
				"name": "bone177",
				"parent": "head",
				"pivot": [4.425, 18, 0]
			},
			{
				"name": "bone175",
				"parent": "bone177",
				"pivot": [3.95, 18, 0],
				"rotation": [0, 0, 2.5],
				"cubes": [
					{"origin": [3.025, 18, -2.25], "size": [1, 2.75, 4.75], "uv": [38, 0]},
					{"origin": [3.025, 17.75, 2.25], "size": [1, 3, 1.75], "uv": [9, 29]},
					{"origin": [3.025, 18.25, -3.5], "size": [1, 2.5, 1.75], "uv": [47, 60]}
				]
			},
			{
				"name": "bone176",
				"parent": "bone177",
				"pivot": [3.975, 22.725, 0],
				"rotation": [0, 0, -4.75],
				"cubes": [
					{"origin": [2.975, 20.675, -3.5], "size": [1, 4.8, 7.5], "uv": [0, 29]}
				]
			},
			{
				"name": "bone127",
				"parent": "head",
				"pivot": [3.6875, 23.3875, -0.8]
			},
			{
				"name": "bone128",
				"parent": "bone127",
				"pivot": [3.6875, 23.3875, -0.8],
				"rotation": [0, 0, -92],
				"cubes": [
					{"origin": [2.05, 22.875, -1.3], "size": [3.275, 1.025, 1], "uv": [113, 111], "mirror": true}
				]
			},
			{
				"name": "bone132",
				"parent": "bone127",
				"pivot": [-0.3625, 26.1625, -1.175],
				"rotation": [55, 0, 0],
				"cubes": [
					{"origin": [-2.5, 25.65, -1.675], "size": [1.275, 1.025, 1], "uv": [56, 115], "mirror": true},
					{"origin": [1.5, 25.65, -1.675], "size": [1.275, 1.025, 1], "uv": [56, 115], "mirror": true},
					{"origin": [-0.5, 25.65, -1.675], "size": [1.275, 1.025, 1], "uv": [56, 115], "mirror": true}
				]
			},
			{
				"name": "bone131",
				"parent": "bone127",
				"pivot": [1.6375, 25.9625, -0.925],
				"rotation": [30, 0, 0],
				"cubes": [
					{"origin": [-3.25, 25.45, -1.425], "size": [0.775, 1.025, 1], "uv": [56, 115], "mirror": true},
					{"origin": [0.75, 25.45, -1.425], "size": [0.775, 1.025, 1], "uv": [56, 115], "mirror": true},
					{"origin": [-1.25, 25.45, -1.425], "size": [0.775, 1.025, 1], "uv": [56, 115], "mirror": true},
					{"origin": [2.75, 25.45, -1.425], "size": [0.775, 1.025, 1], "uv": [56, 115], "mirror": true}
				]
			},
			{
				"name": "bone129",
				"parent": "bone127",
				"pivot": [0, 18, 0],
				"cubes": [
					{"origin": [0, 24.95, -1.3], "size": [3.275, 1.025, 1], "uv": [113, 111], "mirror": true}
				]
			},
			{
				"name": "bone130",
				"parent": "bone127",
				"pivot": [3.3375, 25.15, -0.8],
				"rotation": [0, 0, 47.5],
				"cubes": [
					{"origin": [2.7, 24.65, -1.3], "size": [1.275, 1.025, 1], "uv": [113, 111], "mirror": true}
				]
			},
			{
				"name": "bone126",
				"parent": "head",
				"pivot": [-3.6875, 23.3875, -0.8]
			},
			{
				"name": "bone123",
				"parent": "bone126",
				"pivot": [-3.6875, 23.3875, -0.8],
				"rotation": [0, 0, 92],
				"cubes": [
					{"origin": [-5.325, 22.875, -1.3], "size": [3.275, 1.025, 1], "uv": [113, 111]}
				]
			},
			{
				"name": "bone257",
				"parent": "bone126",
				"pivot": [-1.6375, 25.9625, -0.55],
				"rotation": [35, 0, 0],
				"cubes": [
					{"origin": [-3.275, 25.45, -0.475], "size": [6.8, 1.025, 0.425], "uv": [113, 111]}
				]
			},
			{
				"name": "bone121",
				"parent": "bone126",
				"pivot": [0, 18, 0],
				"cubes": [
					{"origin": [-3.275, 24.95, -1.3], "size": [3.275, 1.025, 1], "uv": [113, 111]}
				]
			},
			{
				"name": "bone122",
				"parent": "bone126",
				"pivot": [-3.3375, 25.15, -0.8],
				"rotation": [0, 0, -47.5],
				"cubes": [
					{"origin": [-3.975, 24.65, -1.3], "size": [1.275, 1.025, 1], "uv": [113, 111]}
				]
			},
			{
				"name": "bone258",
				"parent": "head",
				"pivot": [3.95, 22, -0.625],
				"rotation": [0, 0, 15]
			},
			{
				"name": "bone259",
				"parent": "bone258",
				"pivot": [4, 21.75, -0.825],
				"rotation": [0, 0, -17.5]
			},
			{
				"name": "bone260",
				"parent": "bone259",
				"pivot": [4.375, 21.45, -1.6375],
				"rotation": [-57.5, 0, 0],
				"cubes": [
					{"origin": [4.375, 21.075, -2.2], "size": [0.025, 0.2, 0.975], "uv": [113, 113]}
				]
			},
			{
				"name": "bone261",
				"parent": "bone259",
				"pivot": [4.375, 21.775, -1.4875],
				"rotation": [22.5, 0, 0],
				"cubes": [
					{"origin": [4.375, 21.9, -2.175], "size": [0.025, 0.2, 1.375], "uv": [113, 113]}
				]
			},
			{
				"name": "bone262",
				"parent": "bone259",
				"pivot": [4.375, 21, -1.4125],
				"rotation": [40, 0, 0],
				"cubes": [
					{"origin": [4.375, 21.075, -1.725], "size": [0.025, 0.2, 1.175], "uv": [113, 113]}
				]
			},
			{
				"name": "bone263",
				"parent": "bone259",
				"pivot": [4.375, 20.75, -0.9125],
				"rotation": [80, 0, 0],
				"cubes": [
					{"origin": [4.375, 20.825, -2.15], "size": [0.025, 0.2, 2.1], "uv": [113, 113]}
				]
			},
			{
				"name": "bone264",
				"parent": "bone258",
				"pivot": [4, 21.75, -0.825],
				"rotation": [0, 0, -17.5]
			},
			{
				"name": "bone265",
				"parent": "bone264",
				"pivot": [4.375, 21.45, -0.0125],
				"rotation": [57.5, 0, 0],
				"cubes": [
					{"origin": [4.375, 21.075, -0.425], "size": [0.025, 0.2, 0.975], "uv": [113, 113]}
				]
			},
			{
				"name": "bone266",
				"parent": "bone264",
				"pivot": [4.375, 21.775, -0.1625],
				"rotation": [-22.5, 0, 0],
				"cubes": [
					{"origin": [4.375, 21.9, -0.85], "size": [0.025, 0.2, 1.375], "uv": [113, 113]}
				]
			},
			{
				"name": "bone267",
				"parent": "bone264",
				"pivot": [4.375, 21, -0.2375],
				"rotation": [-40, 0, 0],
				"cubes": [
					{"origin": [4.375, 21.075, -1.1], "size": [0.025, 0.2, 1.175], "uv": [113, 113]}
				]
			},
			{
				"name": "bone268",
				"parent": "bone264",
				"pivot": [4.3, 21.875, -0.825],
				"rotation": [-47.5, 0, 0],
				"cubes": [
					{"origin": [4.275, 21.475, -1.225], "size": [0.225, 0.8, 0.8], "uv": [91, 114]}
				]
			},
			{
				"name": "bone269",
				"parent": "bone264",
				"pivot": [4.375, 20.75, -0.7625],
				"rotation": [-80, 0, 0],
				"cubes": [
					{"origin": [4.375, 20.825, -1.625], "size": [0.025, 0.2, 2.1], "uv": [113, 113]}
				]
			},
			{
				"name": "bone277",
				"parent": "bone258",
				"pivot": [-3.65, 20, -0.625],
				"rotation": [0, 0, -30]
			},
			{
				"name": "bone278",
				"parent": "bone277",
				"pivot": [-3.7, 19.75, -0.825],
				"rotation": [0, 0, 17.5]
			},
			{
				"name": "bone279",
				"parent": "bone278",
				"pivot": [-4.075, 19.45, -1.6375],
				"rotation": [-57.5, 0, 0],
				"cubes": [
					{"origin": [-4.1, 19.075, -2.2], "size": [0.025, 0.2, 0.975], "uv": [113, 113], "mirror": true}
				]
			},
			{
				"name": "bone280",
				"parent": "bone278",
				"pivot": [-4.075, 19.775, -1.4875],
				"rotation": [22.5, 0, 0],
				"cubes": [
					{"origin": [-4.1, 19.9, -2.175], "size": [0.025, 0.2, 1.375], "uv": [113, 113], "mirror": true}
				]
			},
			{
				"name": "bone281",
				"parent": "bone278",
				"pivot": [-4.075, 19, -1.4125],
				"rotation": [40, 0, 0],
				"cubes": [
					{"origin": [-4.1, 19.075, -1.725], "size": [0.025, 0.2, 1.175], "uv": [113, 113], "mirror": true}
				]
			},
			{
				"name": "bone282",
				"parent": "bone278",
				"pivot": [-4.075, 18.75, -0.9125],
				"rotation": [80, 0, 0],
				"cubes": [
					{"origin": [-4.1, 18.825, -2.15], "size": [0.025, 0.2, 2.1], "uv": [113, 113], "mirror": true}
				]
			},
			{
				"name": "bone283",
				"parent": "bone277",
				"pivot": [-3.7, 19.75, -0.825],
				"rotation": [0, 0, 17.5]
			},
			{
				"name": "bone284",
				"parent": "bone283",
				"pivot": [-4.075, 19.45, -0.0125],
				"rotation": [57.5, 0, 0],
				"cubes": [
					{"origin": [-4.1, 19.075, -0.425], "size": [0.025, 0.2, 0.975], "uv": [113, 113], "mirror": true}
				]
			},
			{
				"name": "bone285",
				"parent": "bone283",
				"pivot": [-4.075, 19.775, -0.1625],
				"rotation": [-22.5, 0, 0],
				"cubes": [
					{"origin": [-4.1, 19.9, -0.85], "size": [0.025, 0.2, 1.375], "uv": [113, 113], "mirror": true}
				]
			},
			{
				"name": "bone286",
				"parent": "bone283",
				"pivot": [-4.075, 19, -0.2375],
				"rotation": [-40, 0, 0],
				"cubes": [
					{"origin": [-4.1, 19.075, -1.1], "size": [0.025, 0.2, 1.175], "uv": [113, 113], "mirror": true}
				]
			},
			{
				"name": "bone287",
				"parent": "bone283",
				"pivot": [-4, 19.875, -0.825],
				"rotation": [-47.5, 0, 0],
				"cubes": [
					{"origin": [-4.2, 19.475, -1.225], "size": [0.225, 0.8, 0.8], "uv": [91, 114], "mirror": true}
				]
			},
			{
				"name": "bone288",
				"parent": "bone283",
				"pivot": [-4.075, 18.75, -0.7625],
				"rotation": [-80, 0, 0],
				"cubes": [
					{"origin": [-4.1, 18.825, -1.625], "size": [0.025, 0.2, 2.1], "uv": [113, 113], "mirror": true}
				]
			},
			{
				"name": "armRight",
				"pivot": [-3, 17.5, 0],
				"rotation": [0, 0, 12.5],
				"cubes": [
					{"origin": [-5, 8.5, -1], "size": [2, 8, 2], "uv": [0, 40], "mirror": true},
					{"origin": [-5.075, 12.75, -1.05], "size": [2.15, 3.85, 2.1], "uv": [114, 121], "mirror": true}
				]
			},
			{
				"name": "bone199",
				"parent": "armRight",
				"pivot": [9.975, 19.6, 0],
				"rotation": [0, 0, 85]
			},
			{
				"name": "bone200",
				"parent": "bone199",
				"pivot": [12.975, 2.1, 0]
			},
			{
				"name": "bone201",
				"parent": "bone200",
				"pivot": [12.975, 2.1, 4.47051],
				"rotation": [10, 0, 0],
				"cubes": [
					{"origin": [11.9, 4.15782, 1.97051], "size": [1.8, 3.6, 0.225], "uv": [70, 115], "mirror": true}
				]
			},
			{
				"name": "bone202",
				"parent": "bone201",
				"pivot": [15.475, 1.75782, 4.47051],
				"rotation": [0, 0, -9.85108],
				"cubes": [
					{"origin": [13.9, 4.40782, 1.96951], "size": [1.6, 3.35, 0.225], "uv": [70, 115], "mirror": true}
				]
			},
			{
				"name": "bone203",
				"parent": "bone201",
				"pivot": [10.475, 1.75782, 4.47051],
				"rotation": [0, 0, 9.85108]
			},
			{
				"name": "bone204",
				"parent": "bone199",
				"pivot": [12.975, 2.1, 0],
				"rotation": [0, 90, 0]
			},
			{
				"name": "bone205",
				"parent": "bone204",
				"pivot": [12.975, 2.1, 4.47051],
				"rotation": [10, 0, 0]
			},
			{
				"name": "bone206",
				"parent": "bone205",
				"pivot": [15.475, 1.75782, 4.47051],
				"rotation": [0, 0, -9.85108]
			},
			{
				"name": "bone207",
				"parent": "bone205",
				"pivot": [10.475, 1.75782, 4.47051],
				"rotation": [0, 0, 9.85108]
			},
			{
				"name": "bone208",
				"parent": "bone199",
				"pivot": [12.975, 2.1, 0],
				"rotation": [0, 180, 0]
			},
			{
				"name": "bone209",
				"parent": "bone208",
				"pivot": [12.975, 2.1, 4.47051],
				"rotation": [10, 0, 0],
				"cubes": [
					{"origin": [12.15, 4.03282, 1.97051], "size": [1.95, 3.725, 0.225], "uv": [70, 115], "mirror": true}
				]
			},
			{
				"name": "bone210",
				"parent": "bone209",
				"pivot": [15.475, 1.75782, 4.47051],
				"rotation": [0, 0, -9.85108]
			},
			{
				"name": "bone211",
				"parent": "bone209",
				"pivot": [10.475, 1.75782, 4.47051],
				"rotation": [0, 0, 9.85108],
				"cubes": [
					{"origin": [10.475, 4.30782, 1.97151], "size": [1.575, 3.45, 0.225], "uv": [70, 115], "mirror": true}
				]
			},
			{
				"name": "bone212",
				"parent": "bone199",
				"pivot": [12.975, 2.1, 0],
				"rotation": [0, 270, 0]
			},
			{
				"name": "bone213",
				"parent": "bone212",
				"pivot": [12.975, 2.1, 3.82051],
				"rotation": [2.5, 0, 0],
				"cubes": [
					{"origin": [12.15, 3.68282, 1.57051], "size": [1.65, 4.075, 0.225], "uv": [70, 115], "mirror": true}
				]
			},
			{
				"name": "bone214",
				"parent": "bone213",
				"pivot": [13.925, 5.74532, 1.29451],
				"rotation": [0, 37.5, -9.85108],
				"cubes": [
					{"origin": [13.375, 3.73282, 1.29451], "size": [1.1, 4.025, 0.225], "uv": [70, 115], "mirror": true}
				]
			},
			{
				"name": "bone215",
				"parent": "bone213",
				"pivot": [12, 5.74532, 1.32151],
				"rotation": [0, -37.5, 9.85108],
				"cubes": [
					{"origin": [11.425, 3.73282, 1.32151], "size": [1.15, 4.025, 0.225], "uv": [70, 115], "mirror": true}
				]
			},
			{
				"name": "bone216",
				"parent": "armRight",
				"pivot": [-8.3, 21.425, -0.025]
			},
			{
				"name": "bone217",
				"parent": "bone216",
				"pivot": [-3.98736, 1.78284, 2.075],
				"rotation": [0, 270, 0]
			},
			{
				"name": "bone218",
				"parent": "bone217",
				"pivot": [-3.98736, 1.78284, 5.14356],
				"rotation": [10, 0, 0],
				"cubes": [
					{"origin": [-6.7028, 8.77813, 5.01856], "size": [1.124, 4.4184, 0.125], "uv": [117, 111], "mirror": true},
					{"origin": [-6.5028, 9.12813, 5.01856], "size": [0.724, 0.2184, 0.175], "uv": [59, 112], "mirror": true}
				]
			},
			{
				"name": "bone219",
				"parent": "bone218",
				"pivot": [-2.27136, 1.54797, 5.14356],
				"rotation": [0, 0, -9.85108],
				"cubes": [
					{"origin": [-4.3488, 9.21713, 5.01787], "size": [1.3948, 4.3434, 0.125], "uv": [117, 111], "mirror": true},
					{"origin": [-4.0238, 9.56713, 5.01787], "size": [0.7448, 0.2434, 0.175], "uv": [69, 116], "mirror": true}
				]
			},
			{
				"name": "bone220",
				"parent": "bone218",
				"pivot": [-5.70336, 1.54797, 5.14356],
				"rotation": [0, 0, 9.85108],
				"cubes": [
					{"origin": [-9.0096, 8.47713, 5.01925], "size": [1.0528, 4.4434, 0.125], "uv": [117, 111], "mirror": true},
					{"origin": [-8.7846, 8.85213, 5.01925], "size": [0.6028, 0.1934, 0.175], "uv": [67, 112], "mirror": true}
				]
			},
			{
				"name": "bone221",
				"parent": "bone216",
				"pivot": [-6.11236, 1.78284, 0.05],
				"rotation": [0, -180, 0]
			},
			{
				"name": "bone222",
				"parent": "bone221",
				"pivot": [-6.11236, 1.78284, 3.11856],
				"rotation": [10, 0, 0],
				"cubes": [
					{"origin": [-8.6278, 9.10313, 2.99356], "size": [0.724, 0.2184, 0.15], "uv": [63, 112], "mirror": true},
					{"origin": [-8.8278, 8.77813, 2.99356], "size": [1.124, 4.4184, 0.125], "uv": [117, 111], "mirror": true}
				]
			},
			{
				"name": "bone223",
				"parent": "bone222",
				"pivot": [-4.39636, 1.54797, 3.11856],
				"rotation": [0, 0, -9.85108],
				"cubes": [
					{"origin": [-6.4738, 9.21713, 2.99287], "size": [1.2948, 4.3684, 0.125], "uv": [117, 111], "mirror": true},
					{"origin": [-6.1488, 9.56713, 3.04287], "size": [0.7448, 0.2184, 0.125], "uv": [72, 112], "mirror": true},
					{"origin": [-6.1488, 9.56713, 3.04287], "size": [0.7448, 0.2184, 0.125], "uv": [72, 112], "mirror": true}
				]
			},
			{
				"name": "bone224",
				"parent": "bone222",
				"pivot": [-7.82836, 1.54797, 3.11856],
				"rotation": [0, 0, 9.85108],
				"cubes": [
					{"origin": [-11.2846, 8.47713, 2.99425], "size": [1.2028, 4.4434, 0.125], "uv": [117, 111], "mirror": true},
					{"origin": [-11.0846, 8.82713, 2.99425], "size": [0.8028, 0.2434, 0.15], "uv": [60, 115], "mirror": true}
				]
			},
			{
				"name": "bone225",
				"parent": "bone216",
				"pivot": [-3.98736, 1.78284, -2.05],
				"rotation": [0, 90, 0]
			},
			{
				"name": "bone226",
				"parent": "bone225",
				"pivot": [-3.98736, 1.78284, 1.01856],
				"rotation": [10, 0, 0],
				"cubes": [
					{"origin": [-6.9028, 8.77813, 0.89356], "size": [1.324, 4.4184, 0.125], "uv": [117, 111], "mirror": true},
					{"origin": [-6.5278, 9.07813, 0.86856], "size": [0.924, 0.2934, 0.175], "uv": [71, 116], "mirror": true}
				]
			},
			{
				"name": "bone227",
				"parent": "bone226",
				"pivot": [-2.27136, 1.54797, 1.01856],
				"rotation": [0, 0, -9.85108],
				"cubes": [
					{"origin": [-4.3488, 9.21713, 0.89287], "size": [1.3948, 4.4184, 0.125], "uv": [117, 111], "mirror": true},
					{"origin": [-3.9738, 9.54213, 0.89287], "size": [0.8198, 0.2684, 0.15], "uv": [68, 113], "mirror": true}
				]
			},
			{
				"name": "bone228",
				"parent": "bone226",
				"pivot": [-5.70336, 1.54797, 1.01856],
				"rotation": [0, 0, 9.85108],
				"cubes": [
					{"origin": [-9.1096, 8.47713, 0.89425], "size": [1.1528, 4.5184, 0.125], "uv": [117, 111], "mirror": true},
					{"origin": [-8.9096, 8.77713, 0.84425], "size": [0.8278, 0.2934, 0.2], "uv": [55, 114], "mirror": true}
				]
			},
			{
				"name": "bone229",
				"parent": "bone216",
				"pivot": [-1.91236, 1.78284, 0]
			},
			{
				"name": "bone230",
				"parent": "bone229",
				"pivot": [-1.91236, 1.78284, 3.06856],
				"rotation": [10, 0, 0],
				"cubes": [
					{"origin": [-4.8278, 8.77813, 2.94356], "size": [1.624, 4.4934, 0.125], "uv": [117, 111], "mirror": true},
					{"origin": [-4.4528, 9.07813, 2.94356], "size": [0.874, 0.2934, 0.15], "uv": [70, 114], "mirror": true}
				]
			},
			{
				"name": "bone231",
				"parent": "bone230",
				"pivot": [-0.19636, 1.54797, 3.06856],
				"rotation": [0, 0, -9.85108],
				"cubes": [
					{"origin": [-2.2738, 9.21713, 2.94287], "size": [1.3948, 4.4684, 0.125], "uv": [117, 111], "mirror": true},
					{"origin": [-1.9488, 9.51713, 2.94287], "size": [0.7948, 0.2934, 0.15], "uv": [69, 116], "mirror": true}
				]
			},
			{
				"name": "bone232",
				"parent": "bone230",
				"pivot": [-3.62836, 1.54797, 3.06856],
				"rotation": [0, 0, 9.85108],
				"cubes": [
					{"origin": [-7.0346, 8.47713, 2.94425], "size": [1.1528, 4.4184, 0.125], "uv": [117, 111], "mirror": true},
					{"origin": [-6.8596, 8.82713, 2.94425], "size": [0.8028, 0.2684, 0.15], "uv": [66, 114], "mirror": true}
				]
			},
			{
				"name": "bone233",
				"parent": "armRight",
				"pivot": [3.15, 0.6, 0],
				"rotation": [0, 0, -10]
			},
			{
				"name": "bone234",
				"parent": "bone233",
				"pivot": [-2.1, 16.35, 0],
				"rotation": [0, 0, 17.5]
			},
			{
				"name": "bone235",
				"parent": "bone234",
				"pivot": [-2.475, 16.05, -0.8125],
				"rotation": [-57.5, 0, 0],
				"cubes": [
					{"origin": [-2.5, 15.925, -1.125], "size": [0.025, 0.2, 0.725], "uv": [67, 115], "mirror": true}
				]
			},
			{
				"name": "bone236",
				"parent": "bone234",
				"pivot": [-2.475, 16.375, -0.6625],
				"rotation": [22.5, 0, 0],
				"cubes": [
					{"origin": [-2.5, 16.25, -1.1], "size": [0.025, 0.2, 1.125], "uv": [67, 115], "mirror": true}
				]
			},
			{
				"name": "bone237",
				"parent": "bone234",
				"pivot": [-2.475, 15.6, -0.5875],
				"rotation": [40, 0, 0],
				"cubes": [
					{"origin": [-2.5, 15.675, -0.65], "size": [0.025, 0.2, 0.925], "uv": [67, 115], "mirror": true}
				]
			},
			{
				"name": "bone238",
				"parent": "bone234",
				"pivot": [-2.475, 15.35, -0.0875],
				"rotation": [80, 0, 0],
				"cubes": [
					{"origin": [-2.5, 15.425, -0.825], "size": [0.025, 0.2, 1.6], "uv": [67, 115], "mirror": true}
				]
			},
			{
				"name": "bone239",
				"parent": "bone233",
				"pivot": [-2.1, 16.35, 0],
				"rotation": [0, 0, 17.5]
			},
			{
				"name": "bone240",
				"parent": "bone239",
				"pivot": [-2.475, 16.05, 0.8125],
				"rotation": [57.5, 0, 0],
				"cubes": [
					{"origin": [-2.5, 15.925, 0.4], "size": [0.025, 0.2, 0.725], "uv": [67, 115], "mirror": true}
				]
			},
			{
				"name": "bone241",
				"parent": "bone239",
				"pivot": [-2.475, 16.375, 0.6625],
				"rotation": [-22.5, 0, 0],
				"cubes": [
					{"origin": [-2.5, 16.25, -0.025], "size": [0.025, 0.2, 1.125], "uv": [67, 115], "mirror": true}
				]
			},
			{
				"name": "bone242",
				"parent": "bone239",
				"pivot": [-2.475, 15.6, 0.5875],
				"rotation": [-40, 0, 0],
				"cubes": [
					{"origin": [-2.5, 15.675, -0.275], "size": [0.025, 0.2, 0.925], "uv": [67, 115], "mirror": true}
				]
			},
			{
				"name": "bone243",
				"parent": "bone239",
				"pivot": [-2.4, 16.475, 0],
				"rotation": [-47.5, 0, 0],
				"cubes": [
					{"origin": [-2.6, 16.225, -0.25], "size": [0.225, 0.5, 0.5], "uv": [67, 115], "mirror": true}
				]
			},
			{
				"name": "bone244",
				"parent": "bone239",
				"pivot": [-2.475, 15.35, 0.0625],
				"rotation": [-80, 0, 0],
				"cubes": [
					{"origin": [-2.5, 15.425, -0.8], "size": [0.025, 0.2, 1.6], "uv": [67, 115], "mirror": true}
				]
			},
			{
				"name": "armLeft",
				"pivot": [3, 17.5, 0],
				"rotation": [0, 0, -12.5],
				"cubes": [
					{"origin": [3, 8.5, -1], "size": [2, 8, 2], "uv": [0, 40]},
					{"origin": [2.925, 12.75, -1.05], "size": [2.15, 3.85, 2.1], "uv": [114, 121]}
				]
			},
			{
				"name": "bone48",
				"parent": "armLeft",
				"pivot": [-9.975, 19.6, 0],
				"rotation": [0, 0, -85]
			},
			{
				"name": "bone49",
				"parent": "bone48",
				"pivot": [-12.975, 2.1, 0]
			},
			{
				"name": "bone50",
				"parent": "bone49",
				"pivot": [-12.975, 2.1, 4.47051],
				"rotation": [10, 0, 0],
				"cubes": [
					{"origin": [-13.7, 4.15782, 1.97051], "size": [1.8, 3.6, 0.225], "uv": [70, 115]}
				]
			},
			{
				"name": "bone51",
				"parent": "bone50",
				"pivot": [-15.475, 1.75782, 4.47051],
				"rotation": [0, 0, 9.85108],
				"cubes": [
					{"origin": [-15.5, 4.40782, 1.96951], "size": [1.6, 3.35, 0.225], "uv": [70, 115]}
				]
			},
			{
				"name": "bone52",
				"parent": "bone50",
				"pivot": [-10.475, 1.75782, 4.47051],
				"rotation": [0, 0, -9.85108]
			},
			{
				"name": "bone53",
				"parent": "bone48",
				"pivot": [-12.975, 2.1, 0],
				"rotation": [0, -90, 0]
			},
			{
				"name": "bone54",
				"parent": "bone53",
				"pivot": [-12.975, 2.1, 4.47051],
				"rotation": [10, 0, 0]
			},
			{
				"name": "bone55",
				"parent": "bone54",
				"pivot": [-15.475, 1.75782, 4.47051],
				"rotation": [0, 0, 9.85108]
			},
			{
				"name": "bone56",
				"parent": "bone54",
				"pivot": [-10.475, 1.75782, 4.47051],
				"rotation": [0, 0, -9.85108]
			},
			{
				"name": "bone57",
				"parent": "bone48",
				"pivot": [-12.975, 2.1, 0],
				"rotation": [0, -180, 0]
			},
			{
				"name": "bone58",
				"parent": "bone57",
				"pivot": [-12.975, 2.1, 4.47051],
				"rotation": [10, 0, 0],
				"cubes": [
					{"origin": [-14.1, 4.03282, 1.97051], "size": [1.95, 3.725, 0.225], "uv": [70, 115]}
				]
			},
			{
				"name": "bone59",
				"parent": "bone58",
				"pivot": [-15.475, 1.75782, 4.47051],
				"rotation": [0, 0, 9.85108]
			},
			{
				"name": "bone60",
				"parent": "bone58",
				"pivot": [-10.475, 1.75782, 4.47051],
				"rotation": [0, 0, -9.85108],
				"cubes": [
					{"origin": [-12.05, 4.30782, 1.97151], "size": [1.575, 3.45, 0.225], "uv": [70, 115]}
				]
			},
			{
				"name": "bone61",
				"parent": "bone48",
				"pivot": [-12.975, 2.1, 0],
				"rotation": [0, -270, 0]
			},
			{
				"name": "bone62",
				"parent": "bone61",
				"pivot": [-12.975, 2.1, 3.82051],
				"rotation": [2.5, 0, 0],
				"cubes": [
					{"origin": [-13.8, 3.68282, 1.57051], "size": [1.65, 4.075, 0.225], "uv": [70, 115]}
				]
			},
			{
				"name": "bone63",
				"parent": "bone62",
				"pivot": [-13.925, 5.74532, 1.29451],
				"rotation": [0, -37.5, 9.85108],
				"cubes": [
					{"origin": [-14.475, 3.73282, 1.29451], "size": [1.1, 4.025, 0.225], "uv": [70, 115]}
				]
			},
			{
				"name": "bone64",
				"parent": "bone62",
				"pivot": [-12, 5.74532, 1.32151],
				"rotation": [0, 37.5, -9.85108],
				"cubes": [
					{"origin": [-12.575, 3.73282, 1.32151], "size": [1.15, 4.025, 0.225], "uv": [70, 115]}
				]
			},
			{
				"name": "bone120",
				"parent": "armLeft",
				"pivot": [8.3, 21.425, -0.025]
			},
			{
				"name": "bone133",
				"parent": "bone120",
				"pivot": [3.98736, 1.78284, 2.075],
				"rotation": [0, -270, 0]
			},
			{
				"name": "bone134",
				"parent": "bone133",
				"pivot": [3.98736, 1.78284, 5.14356],
				"rotation": [10, 0, 0],
				"cubes": [
					{"origin": [5.5788, 8.77813, 5.01856], "size": [1.124, 4.4184, 0.125], "uv": [117, 111]},
					{"origin": [5.7788, 9.12813, 5.01856], "size": [0.724, 0.2184, 0.175], "uv": [59, 112]}
				]
			},
			{
				"name": "bone135",
				"parent": "bone134",
				"pivot": [2.27136, 1.54797, 5.14356],
				"rotation": [0, 0, 9.85108],
				"cubes": [
					{"origin": [2.954, 9.21713, 5.01787], "size": [1.3948, 4.3434, 0.125], "uv": [117, 111]},
					{"origin": [3.279, 9.56713, 5.01787], "size": [0.7448, 0.2434, 0.175], "uv": [69, 116]}
				]
			},
			{
				"name": "bone136",
				"parent": "bone134",
				"pivot": [5.70336, 1.54797, 5.14356],
				"rotation": [0, 0, -9.85108],
				"cubes": [
					{"origin": [7.9568, 8.47713, 5.01925], "size": [1.0528, 4.4434, 0.125], "uv": [117, 111]},
					{"origin": [8.1818, 8.85213, 5.01925], "size": [0.6028, 0.1934, 0.175], "uv": [67, 112]}
				]
			},
			{
				"name": "bone145",
				"parent": "bone120",
				"pivot": [6.11236, 1.78284, 0.05],
				"rotation": [0, 180, 0]
			},
			{
				"name": "bone146",
				"parent": "bone145",
				"pivot": [6.11236, 1.78284, 3.11856],
				"rotation": [10, 0, 0],
				"cubes": [
					{"origin": [7.9038, 9.10313, 2.99356], "size": [0.724, 0.2184, 0.15], "uv": [63, 112]},
					{"origin": [7.7038, 8.77813, 2.99356], "size": [1.124, 4.4184, 0.125], "uv": [117, 111]}
				]
			},
			{
				"name": "bone181",
				"parent": "bone146",
				"pivot": [4.39636, 1.54797, 3.11856],
				"rotation": [0, 0, 9.85108],
				"cubes": [
					{"origin": [5.179, 9.21713, 2.99287], "size": [1.2948, 4.3684, 0.125], "uv": [117, 111]},
					{"origin": [5.404, 9.56713, 3.04287], "size": [0.7448, 0.2184, 0.125], "uv": [72, 112]},
					{"origin": [5.404, 9.56713, 3.04287], "size": [0.7448, 0.2184, 0.125], "uv": [72, 112]}
				]
			},
			{
				"name": "bone182",
				"parent": "bone146",
				"pivot": [7.82836, 1.54797, 3.11856],
				"rotation": [0, 0, -9.85108],
				"cubes": [
					{"origin": [10.0818, 8.47713, 2.99425], "size": [1.2028, 4.4434, 0.125], "uv": [117, 111]},
					{"origin": [10.2818, 8.82713, 2.99425], "size": [0.8028, 0.2434, 0.15], "uv": [60, 115]}
				]
			},
			{
				"name": "bone141",
				"parent": "bone120",
				"pivot": [3.98736, 1.78284, -2.05],
				"rotation": [0, -90, 0]
			},
			{
				"name": "bone142",
				"parent": "bone141",
				"pivot": [3.98736, 1.78284, 1.01856],
				"rotation": [10, 0, 0],
				"cubes": [
					{"origin": [5.5788, 8.77813, 0.89356], "size": [1.324, 4.4184, 0.125], "uv": [117, 111]},
					{"origin": [5.6038, 9.07813, 0.86856], "size": [0.924, 0.2934, 0.175], "uv": [71, 116]}
				]
			},
			{
				"name": "bone143",
				"parent": "bone142",
				"pivot": [2.27136, 1.54797, 1.01856],
				"rotation": [0, 0, 9.85108],
				"cubes": [
					{"origin": [2.954, 9.21713, 0.89287], "size": [1.3948, 4.4184, 0.125], "uv": [117, 111]},
					{"origin": [3.154, 9.54213, 0.89287], "size": [0.8198, 0.2684, 0.15], "uv": [68, 113]}
				]
			},
			{
				"name": "bone144",
				"parent": "bone142",
				"pivot": [5.70336, 1.54797, 1.01856],
				"rotation": [0, 0, -9.85108],
				"cubes": [
					{"origin": [7.9568, 8.47713, 0.89425], "size": [1.1528, 4.5184, 0.125], "uv": [117, 111]},
					{"origin": [8.0818, 8.77713, 0.84425], "size": [0.8278, 0.2934, 0.2], "uv": [55, 114]}
				]
			},
			{
				"name": "bone137",
				"parent": "bone120",
				"pivot": [1.91236, 1.78284, 0]
			},
			{
				"name": "bone138",
				"parent": "bone137",
				"pivot": [1.91236, 1.78284, 3.06856],
				"rotation": [10, 0, 0],
				"cubes": [
					{"origin": [3.2038, 8.77813, 2.94356], "size": [1.624, 4.4934, 0.125], "uv": [117, 111]},
					{"origin": [3.5788, 9.07813, 2.94356], "size": [0.874, 0.2934, 0.15], "uv": [70, 114]}
				]
			},
			{
				"name": "bone139",
				"parent": "bone138",
				"pivot": [0.19636, 1.54797, 3.06856],
				"rotation": [0, 0, 9.85108],
				"cubes": [
					{"origin": [0.879, 9.21713, 2.94287], "size": [1.3948, 4.4684, 0.125], "uv": [117, 111]},
					{"origin": [1.154, 9.51713, 2.94287], "size": [0.7948, 0.2934, 0.15], "uv": [69, 116]}
				]
			},
			{
				"name": "bone140",
				"parent": "bone138",
				"pivot": [3.62836, 1.54797, 3.06856],
				"rotation": [0, 0, -9.85108],
				"cubes": [
					{"origin": [5.8818, 8.47713, 2.94425], "size": [1.1528, 4.4184, 0.125], "uv": [117, 111]},
					{"origin": [6.0568, 8.82713, 2.94425], "size": [0.8028, 0.2684, 0.15], "uv": [66, 114]}
				]
			},
			{
				"name": "bone253",
				"parent": "armLeft",
				"pivot": [-3.15, 0.6, 0],
				"rotation": [0, 0, 10]
			},
			{
				"name": "bone249",
				"parent": "bone253",
				"pivot": [2.1, 16.35, 0],
				"rotation": [0, 0, -17.5]
			},
			{
				"name": "bone250",
				"parent": "bone249",
				"pivot": [2.475, 16.05, -0.8125],
				"rotation": [-57.5, 0, 0],
				"cubes": [
					{"origin": [2.475, 15.925, -1.125], "size": [0.025, 0.2, 0.725], "uv": [67, 115]}
				]
			},
			{
				"name": "bone251",
				"parent": "bone249",
				"pivot": [2.475, 16.375, -0.6625],
				"rotation": [22.5, 0, 0],
				"cubes": [
					{"origin": [2.475, 16.25, -1.1], "size": [0.025, 0.2, 1.125], "uv": [67, 115]}
				]
			},
			{
				"name": "bone252",
				"parent": "bone249",
				"pivot": [2.475, 15.6, -0.5875],
				"rotation": [40, 0, 0],
				"cubes": [
					{"origin": [2.475, 15.675, -0.65], "size": [0.025, 0.2, 0.925], "uv": [67, 115]}
				]
			},
			{
				"name": "bone254",
				"parent": "bone249",
				"pivot": [2.475, 15.35, -0.0875],
				"rotation": [80, 0, 0],
				"cubes": [
					{"origin": [2.475, 15.425, -0.825], "size": [0.025, 0.2, 1.6], "uv": [67, 115]}
				]
			},
			{
				"name": "bone247",
				"parent": "bone253",
				"pivot": [2.1, 16.35, 0],
				"rotation": [0, 0, -17.5]
			},
			{
				"name": "bone246",
				"parent": "bone247",
				"pivot": [2.475, 16.05, 0.8125],
				"rotation": [57.5, 0, 0],
				"cubes": [
					{"origin": [2.475, 15.925, 0.4], "size": [0.025, 0.2, 0.725], "uv": [67, 115]}
				]
			},
			{
				"name": "bone245",
				"parent": "bone247",
				"pivot": [2.475, 16.375, 0.6625],
				"rotation": [-22.5, 0, 0],
				"cubes": [
					{"origin": [2.475, 16.25, -0.025], "size": [0.025, 0.2, 1.125], "uv": [67, 115]}
				]
			},
			{
				"name": "bone248",
				"parent": "bone247",
				"pivot": [2.475, 15.6, 0.5875],
				"rotation": [-40, 0, 0],
				"cubes": [
					{"origin": [2.475, 15.675, -0.275], "size": [0.025, 0.2, 0.925], "uv": [67, 115]}
				]
			},
			{
				"name": "bone255",
				"parent": "bone247",
				"pivot": [2.4, 16.475, 0],
				"rotation": [-47.5, 0, 0],
				"cubes": [
					{"origin": [2.375, 16.225, -0.25], "size": [0.225, 0.5, 0.5], "uv": [67, 115]}
				]
			},
			{
				"name": "bone256",
				"parent": "bone247",
				"pivot": [2.475, 15.35, 0.0625],
				"rotation": [-80, 0, 0],
				"cubes": [
					{"origin": [2.475, 15.425, -0.8], "size": [0.025, 0.2, 1.6], "uv": [67, 115]}
				]
			},
			{
				"name": "body",
				"pivot": [0, 10.5, 0],
				"cubes": [
					{"origin": [-2.15, 10.524, -3.2], "size": [4.525, 7.475, 6.275], "uv": [27, 113]},
					{"origin": [3.5, 10.524, -1.95], "size": [0.125, 7.225, 4.025], "uv": [98, 85]},
					{"origin": [-3.35, 10.524, -1.95], "size": [0.125, 7.225, 4.025], "uv": [98, 85], "mirror": true},
					{"origin": [-1.875, 10.524, 3.175], "size": [4.025, 7.225, 0.275], "uv": [98, 74], "mirror": true},
					{"origin": [-0.8, 14.274, -3.45], "size": [1.725, 2.7, 0.275], "uv": [113, 113]}
				]
			},
			{
				"name": "bone65",
				"parent": "body",
				"pivot": [0, 15.7, -3.15],
				"rotation": [-28.5, 0, 0],
				"cubes": [
					{"origin": [-2.05, 14.799, -4.05], "size": [4.3, 2.55, 1.725], "uv": [15, 121]}
				]
			},
			{
				"name": "bone84",
				"parent": "body",
				"pivot": [2.025, 13.7615, -3.3125]
			},
			{
				"name": "bone125",
				"parent": "bone84",
				"pivot": [-1.625, 13.7615, 3.4625],
				"rotation": [0, -45, 0],
				"cubes": [
					{"origin": [-3.775, 10.524, 3.375], "size": [1.9, 7.225, 0.275], "uv": [110, 113]}
				]
			},
			{
				"name": "bone124",
				"parent": "bone84",
				"pivot": [1.925, 13.7615, 3.3125],
				"rotation": [0, 45, 0],
				"cubes": [
					{"origin": [1.975, 10.524, 3.3], "size": [2.1, 7.225, 0.275], "uv": [110, 113], "mirror": true}
				]
			},
			{
				"name": "bone83",
				"parent": "bone84",
				"pivot": [1.925, 13.7615, -3.3125],
				"rotation": [0, -45, 0],
				"cubes": [
					{"origin": [1.975, 10.524, -3.575], "size": [2.1, 7.225, 0.275], "uv": [113, 113], "mirror": true}
				]
			},
			{
				"name": "bone82",
				"parent": "bone84",
				"pivot": [2.025, 13.7615, -3.3125],
				"cubes": [
					{"origin": [0.925, 10.524, -3.45], "size": [1.2, 6.5, 0.275], "uv": [113, 113], "mirror": true}
				]
			},
			{
				"name": "bone78",
				"parent": "body",
				"pivot": [-1.775, 13.7615, -3.3125],
				"rotation": [0, 45, 0],
				"cubes": [
					{"origin": [-3.775, 10.524, -3.575], "size": [1.95, 7.225, 0.275], "uv": [113, 113]}
				]
			},
			{
				"name": "bone77",
				"parent": "body",
				"pivot": [-1.775, 13.7615, -3.3125],
				"cubes": [
					{"origin": [-2, 10.524, -3.45], "size": [1.2, 6.5, 0.275], "uv": [113, 113]}
				]
			},
			{
				"name": "bone72",
				"parent": "body",
				"pivot": [0.0875, 11.5865, -3.275]
			},
			{
				"name": "bone73",
				"parent": "bone72",
				"pivot": [0.0875, 11.5865, -3.275],
				"rotation": [0, 0, -30],
				"cubes": [
					{"origin": [-1.15, 11.474, -3.375], "size": [2.275, 0.225, 0.2], "uv": [113, 113], "mirror": true}
				]
			},
			{
				"name": "bone74",
				"parent": "bone72",
				"pivot": [0.0375, 11.5865, -3.275],
				"rotation": [0, 0, 30],
				"cubes": [
					{"origin": [-1.1, 11.474, -3.375], "size": [2.275, 0.225, 0.2], "uv": [113, 113]}
				]
			},
			{
				"name": "bone68",
				"parent": "body",
				"pivot": [0.1375, 13.3865, -3.275]
			},
			{
				"name": "bone67",
				"parent": "bone68",
				"pivot": [0.1375, 13.3865, -3.275],
				"rotation": [0, 0, -30],
				"cubes": [
					{"origin": [-1.1, 13.274, -3.375], "size": [2.275, 0.225, 0.2], "uv": [113, 113], "mirror": true}
				]
			},
			{
				"name": "bone66",
				"parent": "bone68",
				"pivot": [0.0875, 13.3865, -3.275],
				"rotation": [0, 0, 30],
				"cubes": [
					{"origin": [-1.05, 13.274, -3.375], "size": [2.275, 0.225, 0.2], "uv": [113, 113]}
				]
			},
			{
				"name": "bone272",
				"parent": "body",
				"pivot": [-1.75, 10.225, 4.275]
			},
			{
				"name": "bone273",
				"parent": "bone272",
				"pivot": [-1.75, 10.225, 4.275],
				"rotation": [21.98133, 20.6286, 23.75605],
				"cubes": [
					{"origin": [-2.475, 10.35, 3.775], "size": [1.975, 1.25, 0.5], "uv": [54, 107], "mirror": true}
				]
			},
			{
				"name": "bone274",
				"parent": "bone272",
				"pivot": [-1.75, 10.225, 4.275],
				"rotation": [8.73997, 31.09548, -13.24846],
				"cubes": [
					{"origin": [-2.325, 9.475, 3.775], "size": [1.825, 1.25, 0.5], "uv": [54, 107], "mirror": true}
				]
			},
			{
				"name": "bone271",
				"parent": "body",
				"pivot": [1.75, 10.225, 4.275]
			},
			{
				"name": "bone76",
				"parent": "bone271",
				"pivot": [1.75, 10.225, 4.275],
				"rotation": [21.98133, -20.6286, -23.75605],
				"cubes": [
					{"origin": [0.5, 10.35, 3.775], "size": [1.975, 1.25, 0.5], "uv": [54, 107]}
				]
			},
			{
				"name": "bone75",
				"parent": "bone271",
				"pivot": [1.75, 10.225, 4.275],
				"rotation": [8.73997, -31.09548, 13.24846],
				"cubes": [
					{"origin": [0.5, 9.475, 3.775], "size": [1.825, 1.25, 0.5], "uv": [54, 107]}
				]
			},
			{
				"name": "bone276",
				"parent": "body",
				"pivot": [-0.25, 10.45, 4.025],
				"rotation": [22.2127, -2.68507, 12.2127],
				"cubes": [
					{"origin": [-0.775, 5.7, 3.525], "size": [0.85, 3.925, 0.225], "uv": [54, 107], "mirror": true}
				]
			},
			{
				"name": "bone275",
				"parent": "body",
				"pivot": [0.25, 10.45, 4.025],
				"rotation": [22.2127, 2.68507, -12.2127],
				"cubes": [
					{"origin": [-0.075, 5.7, 3.525], "size": [0.85, 3.925, 0.225], "uv": [54, 107]}
				]
			},
			{
				"name": "bone270",
				"parent": "body",
				"pivot": [0, 10.45, 4.025],
				"rotation": [12.5, 0, 0],
				"cubes": [
					{"origin": [-1.25, 9.45, 3.525], "size": [2.5, 2, 0.5], "uv": [54, 107]}
				]
			},
			{
				"name": "bone186",
				"parent": "body",
				"pivot": [2.5, 15.375, -3.25]
			},
			{
				"name": "bone104",
				"parent": "bone186",
				"pivot": [2.5, 15.375, -3.25],
				"rotation": [-26.05289, 15.4247, -11.48123],
				"cubes": [
					{"origin": [2, 14.5, -3.25], "size": [0.875, 0.525, 0.025], "uv": [60, 114]}
				]
			},
			{
				"name": "bone105",
				"parent": "bone186",
				"pivot": [2.35, 17.375, -3.325],
				"rotation": [-2.48917, 16.35978, 1.48138],
				"cubes": [
					{"origin": [1.85, 16.5, -3.325], "size": [0.875, 1.25, 0.025], "uv": [60, 114]}
				]
			},
			{
				"name": "bone185",
				"parent": "bone186",
				"pivot": [0.55, 15.375, -3.45],
				"rotation": [0.97637, 11.85831, 91.15982],
				"cubes": [
					{"origin": [0.975, 14.75, -3.375], "size": [0.575, 1.4, 0.025], "uv": [60, 114]}
				]
			},
			{
				"name": "bone184",
				"parent": "bone186",
				"pivot": [1.75, 15.375, -3.5],
				"rotation": [-0.68613, 9.38337, 80.98108],
				"cubes": [
					{"origin": [2.175, 14.75, -3.425], "size": [0.5, 1.75, 0.025], "uv": [60, 114]}
				]
			},
			{
				"name": "bone106",
				"parent": "bone186",
				"pivot": [2.5, 15.375, -3.425],
				"rotation": [-6.05289, 15.4247, -11.48123],
				"cubes": [
					{"origin": [2, 14.5, -3.425], "size": [0.875, 2.15, 0.025], "uv": [60, 114]}
				]
			},
			{
				"name": "bone107",
				"parent": "bone186",
				"pivot": [2.5, 15.375, -3.25],
				"rotation": [-26.05289, 15.4247, -11.48123],
				"cubes": [
					{"origin": [2, 14.775, -3.375], "size": [0.875, 0.525, 0.025], "uv": [60, 114]}
				]
			},
			{
				"name": "bone108",
				"parent": "bone186",
				"pivot": [2.5, 15.7, -3.25],
				"rotation": [-26.05289, 15.4247, -11.48123],
				"cubes": [
					{"origin": [1.95, 15.1, -3.375], "size": [0.875, 0.525, 0.025], "uv": [60, 114]}
				]
			},
			{
				"name": "bone119",
				"parent": "bone186",
				"pivot": [2.45, 16.275, -3.25],
				"rotation": [-26.05289, 15.4247, -11.48123],
				"cubes": [
					{"origin": [1.85, 15.675, -3.375], "size": [0.875, 0.525, 0.025], "uv": [60, 114]}
				]
			},
			{
				"name": "bone109",
				"parent": "bone186",
				"pivot": [2.45, 15.975, -3.25],
				"rotation": [-26.05289, 15.4247, -11.48123],
				"cubes": [
					{"origin": [1.9, 15.375, -3.375], "size": [0.875, 0.525, 0.025], "uv": [60, 114]}
				]
			},
			{
				"name": "bone183",
				"parent": "body",
				"pivot": [-2.5, 15.375, -3.25]
			},
			{
				"name": "bone187",
				"parent": "bone183",
				"pivot": [-2.5, 15.375, -3.25],
				"rotation": [-26.05289, -15.4247, 11.48123],
				"cubes": [
					{"origin": [-2.875, 14.5, -3.25], "size": [0.875, 0.525, 0.025], "uv": [63, 118], "mirror": true}
				]
			},
			{
				"name": "bone188",
				"parent": "bone183",
				"pivot": [-2.35, 17.375, -3.325],
				"rotation": [-2.48917, -16.35978, -1.48138],
				"cubes": [
					{"origin": [-2.725, 16.5, -3.325], "size": [0.875, 1.25, 0.025], "uv": [63, 118], "mirror": true}
				]
			},
			{
				"name": "bone192",
				"parent": "bone183",
				"pivot": [-0.55, 15.375, -3.45],
				"rotation": [0.97637, -11.85831, -91.15982],
				"cubes": [
					{"origin": [-1.55, 14.75, -3.375], "size": [0.575, 1.4, 0.025], "uv": [63, 118], "mirror": true}
				]
			},
			{
				"name": "bone193",
				"parent": "bone183",
				"pivot": [-1.75, 15.375, -3.5],
				"rotation": [-0.68613, -9.38337, -80.98108],
				"cubes": [
					{"origin": [-2.675, 14.75, -3.425], "size": [0.5, 1.75, 0.025], "uv": [63, 118], "mirror": true}
				]
			},
			{
				"name": "bone194",
				"parent": "bone183",
				"pivot": [-2.5, 15.375, -3.425],
				"rotation": [-6.05289, -15.4247, 11.48123],
				"cubes": [
					{"origin": [-2.875, 14.5, -3.425], "size": [0.875, 2.15, 0.025], "uv": [63, 118], "mirror": true}
				]
			},
			{
				"name": "bone195",
				"parent": "bone183",
				"pivot": [-2.5, 15.375, -3.25],
				"rotation": [-26.05289, -15.4247, 11.48123],
				"cubes": [
					{"origin": [-2.875, 14.775, -3.375], "size": [0.875, 0.525, 0.025], "uv": [63, 118], "mirror": true}
				]
			},
			{
				"name": "bone196",
				"parent": "bone183",
				"pivot": [-2.5, 15.7, -3.25],
				"rotation": [-26.05289, -15.4247, 11.48123],
				"cubes": [
					{"origin": [-2.825, 15.1, -3.375], "size": [0.875, 0.525, 0.025], "uv": [63, 118], "mirror": true}
				]
			},
			{
				"name": "bone197",
				"parent": "bone183",
				"pivot": [-2.45, 16.275, -3.25],
				"rotation": [-26.05289, -15.4247, 11.48123],
				"cubes": [
					{"origin": [-2.725, 15.675, -3.375], "size": [0.875, 0.525, 0.025], "uv": [63, 118], "mirror": true}
				]
			},
			{
				"name": "bone198",
				"parent": "bone183",
				"pivot": [-2.45, 15.975, -3.25],
				"rotation": [-26.05289, -15.4247, 11.48123],
				"cubes": [
					{"origin": [-2.775, 15.375, -3.375], "size": [0.875, 0.525, 0.025], "uv": [63, 118], "mirror": true}
				]
			},
			{
				"name": "bone116",
				"parent": "body",
				"pivot": [0, 17.45, -3.45],
				"rotation": [-22.5, 0, 0]
			},
			{
				"name": "bone112",
				"parent": "bone116",
				"pivot": [0, 0.45, -0.025]
			},
			{
				"name": "bone113",
				"parent": "bone112",
				"pivot": [-0.225, 16.75, -3.775],
				"rotation": [0, 0, -12.5],
				"cubes": [
					{"origin": [-0.025, 15.475, -3.525], "size": [0.6, 1.45, 0.025], "uv": [7, 122], "mirror": true}
				]
			},
			{
				"name": "bone114",
				"parent": "bone112",
				"pivot": [-0.15, 17.175, -3.775],
				"rotation": [0, 0, -62.5],
				"cubes": [
					{"origin": [0.125, 16.175, -3.575], "size": [0.6, 1.175, 0.025], "uv": [7, 122], "mirror": true}
				]
			},
			{
				"name": "bone115",
				"parent": "bone112",
				"pivot": [0.75, 16.65, -3.775],
				"rotation": [0, 0, -37.5],
				"cubes": [
					{"origin": [0.975, 16, -3.575], "size": [0.6, 1.05, 0.025], "uv": [7, 122], "mirror": true}
				]
			},
			{
				"name": "bone111",
				"parent": "bone116",
				"pivot": [0, 0.45, -0.025]
			},
			{
				"name": "bone71",
				"parent": "bone111",
				"pivot": [0.225, 16.75, -3.775],
				"rotation": [0, 0, 12.5],
				"cubes": [
					{"origin": [-0.575, 15.475, -3.525], "size": [0.6, 1.45, 0.025], "uv": [7, 122]}
				]
			},
			{
				"name": "bone70",
				"parent": "bone111",
				"pivot": [0.15, 17.175, -3.775],
				"rotation": [0, 0, 62.5],
				"cubes": [
					{"origin": [-0.725, 16.175, -3.575], "size": [0.6, 1.175, 0.025], "uv": [7, 122]}
				]
			},
			{
				"name": "bone110",
				"parent": "bone111",
				"pivot": [-0.75, 16.65, -3.775],
				"rotation": [0, 0, 37.5],
				"cubes": [
					{"origin": [-1.575, 16, -3.575], "size": [0.6, 1.05, 0.025], "uv": [7, 122]}
				]
			},
			{
				"name": "bone118",
				"parent": "bone111",
				"pivot": [-0.075, 16.075, -3.65],
				"rotation": [-12.5, 0, -12.5],
				"cubes": [
					{"origin": [0.125, 14.8, -3.4], "size": [0.6, 0.775, 0.025], "uv": [7, 122], "mirror": true}
				]
			},
			{
				"name": "bone117",
				"parent": "bone111",
				"pivot": [0.075, 16.075, -3.65],
				"rotation": [-12.5, 0, 12.5],
				"cubes": [
					{"origin": [-0.725, 14.8, -3.4], "size": [0.6, 0.775, 0.025], "uv": [7, 122]}
				]
			},
			{
				"name": "bone69",
				"parent": "bone116",
				"pivot": [0, 16.625, -3.875],
				"rotation": [0, 0, 45],
				"cubes": [
					{"origin": [-1, 16.625, -3.65], "size": [1, 1, 0.8], "uv": [7, 113]}
				]
			},
			{
				"name": "legLeft",
				"pivot": [2, 9, 0],
				"cubes": [
					{"origin": [0.249, 0, -1.5], "size": [3, 9, 3], "uv": [25, 37]},
					{"origin": [0.174, -0.25, -1.625], "size": [3.15, 2.5, 3.25], "uv": [113, 99], "mirror": true}
				]
			},
			{
				"name": "legRight",
				"pivot": [-2, 9, 0],
				"cubes": [
					{"origin": [-3.249, 0, -1.5], "size": [3, 9, 3], "uv": [13, 37]},
					{"origin": [-3.324, -0.25, -1.625], "size": [3.15, 2.5, 3.25], "uv": [113, 99]}
				]
			},
			{
				"name": "sittingRotationSkirt",
				"pivot": [0, 11.75, 0]
			},
			{
				"name": "bone",
				"parent": "sittingRotationSkirt",
				"pivot": [0, 2.25, 0]
			},
			{
				"name": "bone2",
				"parent": "bone",
				"pivot": [0, 2.25, 2.48337],
				"rotation": [18, 0, 0]
			},
			{
				"name": "bone3",
				"parent": "bone2",
				"pivot": [-0.5, 1.99263, 2.48337],
				"rotation": [0, 0, 7.39351],
				"cubes": [
					{"origin": [-2.7, 1.99263, 5.96939], "size": [2.7, 6.925, 0.025], "uv": [115, 114]}
				]
			},
			{
				"name": "bone4",
				"parent": "bone2",
				"pivot": [0.5, 1.99263, 2.48337],
				"rotation": [0, 0, -7.39351],
				"cubes": [
					{"origin": [-0.025, 1.99263, 5.97139], "size": [2.725, 6.925, 0.025], "uv": [115, 114]}
				]
			},
			{
				"name": "bone5",
				"parent": "sittingRotationSkirt",
				"pivot": [0, 2.25, 0],
				"rotation": [0, -45, 0]
			},
			{
				"name": "bone6",
				"parent": "bone5",
				"pivot": [0, 2.25, 2.48337],
				"rotation": [18, 0, 0],
				"cubes": [
					{"origin": [-0.95, 1.99263, 5.97039], "size": [1.9, 6.925, 0.025], "uv": [115, 114]}
				]
			},
			{
				"name": "bone7",
				"parent": "bone6",
				"pivot": [-0.5, 1.99263, 2.48337],
				"rotation": [0, 0, 7.39351],
				"cubes": [
					{"origin": [-2.7, 1.99263, 5.96939], "size": [1.9, 6.925, 0.025], "uv": [115, 114]}
				]
			},
			{
				"name": "bone8",
				"parent": "bone6",
				"pivot": [0.5, 1.99263, 2.48337],
				"rotation": [0, 0, -7.39351],
				"cubes": [
					{"origin": [0.8, 1.99263, 5.97139], "size": [1.9, 6.925, 0.025], "uv": [115, 114]}
				]
			},
			{
				"name": "bone9",
				"parent": "sittingRotationSkirt",
				"pivot": [0, 2.25, 0],
				"rotation": [0, -90, 0]
			},
			{
				"name": "bone10",
				"parent": "bone9",
				"pivot": [0, 2.25, 2.48337],
				"rotation": [18, 0, 0]
			},
			{
				"name": "bone11",
				"parent": "bone10",
				"pivot": [-0.5, 1.99263, 2.48337],
				"rotation": [0, 0, 7.39351],
				"cubes": [
					{"origin": [-2.7, 1.99263, 5.96939], "size": [2.75, 6.925, 0.025], "uv": [115, 114]}
				]
			},
			{
				"name": "bone12",
				"parent": "bone10",
				"pivot": [0.5, 1.99263, 2.48337],
				"rotation": [0, 0, -7.39351],
				"cubes": [
					{"origin": [0, 1.99263, 5.97139], "size": [2.7, 6.925, 0.025], "uv": [115, 114]}
				]
			},
			{
				"name": "bone13",
				"parent": "sittingRotationSkirt",
				"pivot": [0, 2.25, 0],
				"rotation": [0, -135, 0]
			},
			{
				"name": "bone14",
				"parent": "bone13",
				"pivot": [0, 2.25, 2.48337],
				"rotation": [18, 0, 0],
				"cubes": [
					{"origin": [-0.95, 1.99263, 5.97039], "size": [1.9, 6.925, 0.025], "uv": [115, 114]}
				]
			},
			{
				"name": "bone15",
				"parent": "bone14",
				"pivot": [-0.5, 1.99263, 2.48337],
				"rotation": [0, 0, 7.39351],
				"cubes": [
					{"origin": [-2.425, 1.99263, 5.96939], "size": [1.625, 6.925, 0.025], "uv": [115, 114]}
				]
			},
			{
				"name": "bone16",
				"parent": "bone14",
				"pivot": [0.5, 1.99263, 2.48337],
				"rotation": [0, 0, -7.39351],
				"cubes": [
					{"origin": [0.8, 1.99263, 5.97139], "size": [1.9, 6.925, 0.025], "uv": [115, 114]}
				]
			},
			{
				"name": "bone17",
				"parent": "sittingRotationSkirt",
				"pivot": [0, 2.25, 0],
				"rotation": [0, -180, 0]
			},
			{
				"name": "bone18",
				"parent": "bone17",
				"pivot": [0, 2.25, 2.48337],
				"rotation": [18, 0, 0],
				"cubes": [
					{"origin": [-1.2, 1.99263, 5.97039], "size": [2.4, 6.925, 0.025], "uv": [115, 114]}
				]
			},
			{
				"name": "bone19",
				"parent": "bone18",
				"pivot": [-0.5, 1.99263, 2.48337],
				"rotation": [0, 0, 7.39351],
				"cubes": [
					{"origin": [-2.425, 1.99263, 5.96939], "size": [1.375, 6.925, 0.025], "uv": [115, 114]}
				]
			},
			{
				"name": "bone20",
				"parent": "bone18",
				"pivot": [0.5, 1.99263, 2.48337],
				"rotation": [0, 0, -7.39351],
				"cubes": [
					{"origin": [1.05, 1.99263, 5.97139], "size": [1.4, 6.925, 0.025], "uv": [115, 114]}
				]
			},
			{
				"name": "bone21",
				"parent": "sittingRotationSkirt",
				"pivot": [0, 2.25, 0],
				"rotation": [0, -225, 0]
			},
			{
				"name": "bone22",
				"parent": "bone21",
				"pivot": [0, 2.25, 2.48337],
				"rotation": [18, 0, 0],
				"cubes": [
					{"origin": [-0.95, 1.99263, 5.97039], "size": [1.9, 6.925, 0.025], "uv": [115, 114]}
				]
			},
			{
				"name": "bone23",
				"parent": "bone22",
				"pivot": [-0.5, 1.99263, 2.48337],
				"rotation": [0, 0, 7.39351],
				"cubes": [
					{"origin": [-2.7, 1.99263, 5.96939], "size": [1.9, 6.925, 0.025], "uv": [115, 114]}
				]
			},
			{
				"name": "bone24",
				"parent": "bone22",
				"pivot": [0.5, 1.99263, 2.48337],
				"rotation": [0, 0, -7.39351],
				"cubes": [
					{"origin": [0.8, 1.99263, 5.97139], "size": [1.6, 6.925, 0.025], "uv": [115, 114]}
				]
			},
			{
				"name": "bone25",
				"parent": "sittingRotationSkirt",
				"pivot": [0, 2.25, 0],
				"rotation": [0, -270, 0]
			},
			{
				"name": "bone26",
				"parent": "bone25",
				"pivot": [0, 2.25, 2.48337],
				"rotation": [18, 0, 0]
			},
			{
				"name": "bone27",
				"parent": "bone26",
				"pivot": [-0.5, 1.99263, 2.48337],
				"rotation": [0, 0, 7.39351],
				"cubes": [
					{"origin": [-2.7, 1.99263, 5.96939], "size": [2.65, 6.925, 0.025], "uv": [115, 114]}
				]
			},
			{
				"name": "bone28",
				"parent": "bone26",
				"pivot": [0.5, 1.99263, 2.48337],
				"rotation": [0, 0, -7.39351],
				"cubes": [
					{"origin": [-0.1, 1.99263, 5.97139], "size": [2.8, 6.925, 0.025], "uv": [115, 114]}
				]
			},
			{
				"name": "bone29",
				"parent": "sittingRotationSkirt",
				"pivot": [0, 2.25, 0],
				"rotation": [0, -315, 0]
			},
			{
				"name": "bone30",
				"parent": "bone29",
				"pivot": [0, 2.25, 2.48337],
				"rotation": [18, 0, 0],
				"cubes": [
					{"origin": [-0.95, 1.99263, 5.97039], "size": [1.9, 6.925, 0.025], "uv": [115, 114]}
				]
			},
			{
				"name": "bone31",
				"parent": "bone30",
				"pivot": [-0.5, 1.99263, 2.48337],
				"rotation": [0, 0, 7.39351],
				"cubes": [
					{"origin": [-2.7, 1.99263, 5.96939], "size": [1.9, 6.925, 0.025], "uv": [115, 114]}
				]
			},
			{
				"name": "bone32",
				"parent": "bone30",
				"pivot": [0.5, 1.99263, 2.48337],
				"rotation": [0, 0, -7.39351],
				"cubes": [
					{"origin": [0.8, 1.99263, 5.97139], "size": [1.9, 6.925, 0.025], "uv": [115, 114]}
				]
			},
			{
				"name": "bone44",
				"parent": "sittingRotationSkirt",
				"pivot": [0.175, 10.3, -3.55],
				"rotation": [65, 0, 0]
			},
			{
				"name": "bone39",
				"parent": "bone44",
				"pivot": [0.025, 10.3, -6.125]
			},
			{
				"name": "bone40",
				"parent": "bone39",
				"pivot": [0.825, 10.3, -8.7],
				"rotation": [0, 62.5, 0],
				"cubes": [
					{"origin": [0.325, 10.3, -9.225], "size": [1, 0.075, 1.525], "uv": [63, 119], "mirror": true}
				]
			},
			{
				"name": "bone41",
				"parent": "bone39",
				"pivot": [1.85, 10.3, -7.975],
				"rotation": [0, 37.5, 0],
				"cubes": [
					{"origin": [1.35, 10.3, -8.5], "size": [1, 0.075, 1.525], "uv": [63, 119], "mirror": true}
				]
			},
			{
				"name": "bone42",
				"parent": "bone39",
				"pivot": [2.525, 10.3, -6.425],
				"rotation": [0, 10, 0],
				"cubes": [
					{"origin": [2.025, 10.3, -7.45], "size": [1, 0.075, 2.025], "uv": [63, 119], "mirror": true}
				]
			},
			{
				"name": "bone46",
				"parent": "bone39",
				"pivot": [2.525, 10.3, -4.625],
				"rotation": [0, -10, 0]
			},
			{
				"name": "bone47",
				"parent": "bone39",
				"pivot": [-0.225, 10.3, -3.8],
				"rotation": [0, -90, 0],
				"cubes": [
					{"origin": [-3.825, 10.3, -6.875], "size": [3.475, 0.025, 5.65], "uv": [63, 119], "mirror": true},
					{"origin": [-1.125, 10.3, -6.875], "size": [0.775, 0.025, 5.65], "uv": [63, 119], "mirror": true},
					{"origin": [-5.025, 10.3, -5.975], "size": [1.275, 0.025, 3.85], "uv": [63, 119], "mirror": true}
				]
			},
			{
				"name": "bone43",
				"parent": "bone39",
				"pivot": [2.525, 10.3, -4.625],
				"rotation": [0, -10, 0],
				"cubes": [
					{"origin": [2.025, 10.3, -5.65], "size": [1, 0.075, 2.025], "uv": [63, 119], "mirror": true}
				]
			},
			{
				"name": "bone38",
				"parent": "bone44",
				"pivot": [0, 10.3, -6.125]
			},
			{
				"name": "bone36",
				"parent": "bone38",
				"pivot": [-0.8, 10.3, -8.7],
				"rotation": [0, -62.5, 0],
				"cubes": [
					{"origin": [-1.3, 10.3, -9.225], "size": [1, 0.075, 1.525], "uv": [63, 119]}
				]
			},
			{
				"name": "bone35",
				"parent": "bone38",
				"pivot": [-1.825, 10.3, -7.975],
				"rotation": [0, -37.5, 0],
				"cubes": [
					{"origin": [-2.325, 10.3, -8.5], "size": [1, 0.075, 1.525], "uv": [63, 119]}
				]
			},
			{
				"name": "bone34",
				"parent": "bone38",
				"pivot": [-2.5, 10.3, -6.425],
				"rotation": [0, -10, 0],
				"cubes": [
					{"origin": [-3, 10.3, -7.45], "size": [1, 0.075, 2.025], "uv": [63, 119]}
				]
			},
			{
				"name": "bone45",
				"parent": "bone38",
				"pivot": [-2.5, 10.3, -4.625],
				"rotation": [0, 10, 0]
			},
			{
				"name": "bone33",
				"parent": "bone38",
				"pivot": [-2.5, 10.3, -4.625],
				"rotation": [0, 10, 0],
				"cubes": [
					{"origin": [-3, 10.3, -5.65], "size": [1, 0.075, 2.025], "uv": [63, 119]}
				]
			},
			{
				"name": "bone37",
				"parent": "bone44",
				"pivot": [0.55, 10.3, -8.975],
				"rotation": [0, -90, 0],
				"cubes": [
					{"origin": [0.175, 10.3, -9.1], "size": [0.875, 0.075, 1.25], "uv": [63, 119]}
				]
			},
			{
				"name": "bone85",
				"parent": "sittingRotationSkirt",
				"pivot": [0, 9.55, 0]
			},
			{
				"name": "bone86",
				"parent": "bone85",
				"pivot": [0, 9.55, 0],
				"cubes": [
					{"origin": [-1.575, 9.55, 2.86421], "size": [3.15, 1, 0.925], "uv": [58, 120]}
				]
			},
			{
				"name": "bone97",
				"parent": "bone85",
				"pivot": [0, 9.55, 0],
				"rotation": [0, -45, 0],
				"cubes": [
					{"origin": [-1.575, 9.55, 2.86421], "size": [3.15, 1, 0.925], "uv": [58, 120]}
				]
			},
			{
				"name": "bone98",
				"parent": "bone85",
				"pivot": [0, 9.55, 0],
				"rotation": [0, -90, 0],
				"cubes": [
					{"origin": [-1.575, 9.55, 2.86421], "size": [3.15, 1, 0.925], "uv": [58, 120]}
				]
			},
			{
				"name": "bone100",
				"parent": "bone85",
				"pivot": [-0.0375, 10.05, -3.16079],
				"rotation": [145, 0, 180],
				"cubes": [
					{"origin": [-2.875, 9.55, -3.73579], "size": [5.675, 1, 1.125], "uv": [58, 120]}
				]
			},
			{
				"name": "bone99",
				"parent": "bone85",
				"pivot": [0.2, 9.55, -1.15],
				"rotation": [-180, -65, -180],
				"cubes": [
					{"origin": [-0.85, 9.55, 1.71421], "size": [2.375, 1, 0.925], "uv": [58, 120], "mirror": true}
				]
			},
			{
				"name": "bone101",
				"parent": "bone85",
				"pivot": [-0.2, 9.55, -1.15],
				"rotation": [-180, 65, 180],
				"cubes": [
					{"origin": [-1.525, 9.55, 1.71421], "size": [2.375, 1, 0.925], "uv": [58, 120]}
				]
			},
			{
				"name": "bone102",
				"parent": "bone85",
				"pivot": [0, 9.55, 0],
				"rotation": [0, -270, 0],
				"cubes": [
					{"origin": [-1.575, 9.55, 2.86421], "size": [3.15, 1, 0.925], "uv": [58, 120]}
				]
			},
			{
				"name": "bone103",
				"parent": "bone85",
				"pivot": [0, 9.55, 0],
				"rotation": [0, -315, 0],
				"cubes": [
					{"origin": [-1.575, 9.55, 2.86421], "size": [3.15, 1, 0.925], "uv": [58, 120]}
				]
			}
		]
	}
}