{
	"format_version": "1.10.0",
	"geometry.model": {
		"texturewidth": 128,
		"textureheight": 128,
		"visible_bounds_width": 3,
		"visible_bounds_height": 5,
		"visible_bounds_offset": [0, 1.5, 0],
		"bones": [
			{
				"name": "head",
				"pivot": [0, 18, 0],
				"cubes": [
					{"origin": [7.75, 29, -7], "size": [1.25, 13, 14], "uv": [0, 54]},
					{"origin": [-8, 29, -7], "size": [16, 1.25, 14], "uv": [0, 39]},
					{"origin": [-8, 40.75, -7], "size": [16, 1.25, 14], "uv": [0, 24]},
					{"origin": [-8, 30, -6], "size": [16, 11, 13], "uv": [0, 0]},
					{"origin": [-9, 29, -7], "size": [1.25, 13, 14], "uv": [46, 40]}
				]
			},
			{
				"name": "bone15",
				"parent": "head",
				"pivot": [4.5, 43, 0],
				"rotation": [0, 0, -2.5],
				"cubes": [
					{"origin": [3.75, 41, -0.75], "size": [1.5, 5.25, 1.5], "uv": [42, 60]},
					{"origin": [3.5, 45.75, -1], "size": [2, 2.25, 2], "uv": [45, 4]}
				]
			},
			{
				"name": "bone14",
				"parent": "head",
				"pivot": [-4.5, 43, 0],
				"rotation": [0, 0, 2.5],
				"cubes": [
					{"origin": [-5.25, 41, -0.75], "size": [1.5, 5.25, 1.5], "uv": [65, 68]},
					{"origin": [-5.5, 45.75, -1], "size": [2, 2.25, 2], "uv": [30, 68]}
				]
			},
			{
				"name": "bone94",
				"parent": "head",
				"pivot": [0, 0, 0],
				"cubes": [
					{"origin": [-5.85, 30.425, -6.075], "size": [0.65, 0.925, 2.375], "uv": [48, 122.7]},
					{"origin": [-6.525, 32.3, -6.075], "size": [0.65, 1.275, 2.375], "uv": [48, 122.35]}
				]
			},
			{
				"name": "bone93",
				"parent": "head",
				"pivot": [0, 0, 0],
				"cubes": [
					{"origin": [4.775, 30.425, -6.075], "size": [0.65, 1.275, 2.375], "uv": [48, 122.35]},
					{"origin": [5.875, 32.85, -6.075], "size": [0.65, 1.275, 2.375], "uv": [48, 122.35]}
				]
			},
			{
				"name": "bone92",
				"parent": "head",
				"pivot": [3.225, 40, -6.25],
				"rotation": [0, 0, -5],
				"cubes": [
					{"origin": [2.725, 37.95, -6.1], "size": [1, 3.225, 0.35], "uv": [0, 0]}
				]
			},
			{
				"name": "bone71",
				"parent": "head",
				"pivot": [3.5, 40, -6.25],
				"rotation": [0, 0, 10],
				"cubes": [
					{"origin": [3, 39, -6.1], "size": [1, 2.175, 0.35], "uv": [12, 36]}
				]
			},
			{
				"name": "bone69",
				"parent": "head",
				"pivot": [7, 39.75, -6.25],
				"rotation": [0, 0, -26],
				"cubes": [
					{"origin": [7, 37.6, -6.1], "size": [1.1, 3.975, 0.35], "uv": [2, 34]},
					{"origin": [8.05, 38.725, -6.1], "size": [0.4, 2.3, 0.35], "uv": [0, 0]},
					{"origin": [6, 35.55, -6.1], "size": [1, 6.275, 0.35], "uv": [46, 24]}
				]
			},
			{
				"name": "bone72",
				"parent": "head",
				"pivot": [-7, 39.75, -6.25],
				"rotation": [0, 0, 26],
				"cubes": [
					{"origin": [-8.1, 37.6, -6.1], "size": [1.1, 3.975, 0.35], "uv": [0, 39]},
					{"origin": [-8.45, 38.725, -6.1], "size": [0.4, 2.3, 0.35], "uv": [0, 0]},
					{"origin": [-7, 35.55, -6.1], "size": [1, 6.275, 0.35], "uv": [46, 30]}
				]
			},
			{
				"name": "bone70",
				"parent": "head",
				"pivot": [0, 39.75, -6.25],
				"rotation": [0, 0, -15],
				"cubes": [
					{"origin": [-0.25, 37, -6.1], "size": [1.25, 4.525, 0.35], "uv": [0, 34]},
					{"origin": [-1.5, 38, -6.1], "size": [1.25, 3.525, 0.35], "uv": [2, 39]}
				]
			},
			{
				"name": "bone81",
				"parent": "head",
				"pivot": [0, 0.5, 0],
				"cubes": [
					{"origin": [-3, 29.6, -6.074], "size": [6, 4.75, 2.225], "uv": [36, 77]},
					{"origin": [-3, 33.675, -6.074], "size": [6, 0.9, 2.225], "uv": [59, 120]}
				]
			},
			{
				"name": "bone67",
				"parent": "bone81",
				"pivot": [-3.225, 32.15, -4.9625],
				"rotation": [0, 0, 5],
				"cubes": [
					{"origin": [-3.225, 29.75, -6.075], "size": [2.2, 4.825, 2.225], "uv": [16, 54]}
				]
			},
			{
				"name": "bone68",
				"parent": "bone81",
				"pivot": [3.225, 32.15, -4.9625],
				"rotation": [0, 0, -5],
				"cubes": [
					{"origin": [1.025, 29.75, -6.075], "size": [2.2, 4.825, 2.225], "uv": [62, 38]}
				]
			},
			{
				"name": "bone82",
				"parent": "head",
				"pivot": [0, 18, 0],
				"cubes": [
					{"origin": [-3.825, 35.24, -6.1], "size": [0.2, 2.525, 1], "uv": [86, 119], "mirror": true},
					{"origin": [-5.85, 35.24, -6.1], "size": [0.2, 2.525, 1], "uv": [91, 121], "mirror": true}
				]
			},
			{
				"name": "bone73",
				"parent": "bone82",
				"pivot": [0, 18, 0],
				"cubes": [
					{"origin": [-5.75, 35.4, -6.09], "size": [2, 2.35, 1], "uv": [33, 60]},
					{"origin": [-5.875, 35.24, -6.1], "size": [2.25, 0.275, 1], "uv": [87, 122]},
					{"origin": [-5.875, 37.615, -6.1], "size": [2.25, 0.275, 1], "uv": [87, 121]}
				]
			},
			{
				"name": "bone80",
				"parent": "bone82",
				"pivot": [-3.5, 38.45, -5.6],
				"rotation": [0, 0, 5],
				"cubes": [
					{"origin": [-8.275, 38.4, -6.125], "size": [6.575, 0.25, 1.025], "uv": [81, 121]}
				]
			},
			{
				"name": "bone75",
				"parent": "bone82",
				"pivot": [-9.475, 18, 0]
			},
			{
				"name": "bone78",
				"parent": "bone75",
				"pivot": [-6.2, 35.875, -5.6],
				"rotation": [0, 0, 30],
				"cubes": [
					{"origin": [-7.275, 35.675, -6.075], "size": [1.675, 1.075, 0.975], "uv": [45, 8]},
					{"origin": [-8.025, 35.5, -6.076], "size": [2.425, 0.275, 0.976], "uv": [83, 121]}
				]
			},
			{
				"name": "bone79",
				"parent": "bone75",
				"pivot": [-5.75, 36.575, -5.6],
				"rotation": [0, 0, -30],
				"cubes": [
					{"origin": [-6.825, 36.525, -6.075], "size": [1.7, 1.1, 0.975], "uv": [12, 42]},
					{"origin": [-7.375, 37.05, -6.075], "size": [0.875, 0.575, 0.975], "uv": [104, 118]},
					{"origin": [-7.575, 37.475, -6.076], "size": [2.425, 0.275, 0.976], "uv": [83, 121]}
				]
			},
			{
				"name": "bone76",
				"parent": "bone82",
				"pivot": [0, 18, 0]
			},
			{
				"name": "bone74",
				"parent": "bone76",
				"pivot": [-3.275, 35.875, -5.6],
				"rotation": [0, 0, -30],
				"cubes": [
					{"origin": [-3.875, 35.675, -6.075], "size": [1.675, 1.075, 0.975], "uv": [47, 8]},
					{"origin": [-3.875, 35.5, -6.076], "size": [2.425, 0.275, 0.976], "uv": [83, 121]}
				]
			},
			{
				"name": "bone77",
				"parent": "bone76",
				"pivot": [-3.725, 36.575, -5.6],
				"rotation": [0, 0, 30],
				"cubes": [
					{"origin": [-4.35, 36.525, -6.075], "size": [1.7, 1.1, 0.975], "uv": [46, 36]},
					{"origin": [-2.975, 37.05, -6.075], "size": [0.875, 0.575, 0.975], "uv": [104, 118]},
					{"origin": [-4.325, 37.475, -6.076], "size": [2.425, 0.275, 0.976], "uv": [83, 121]}
				]
			},
			{
				"name": "bone83",
				"parent": "head",
				"pivot": [0, 18, 0]
			},
			{
				"name": "bone84",
				"parent": "bone83",
				"pivot": [0, 18, 0],
				"cubes": [
					{"origin": [3.75, 35.4, -6.09], "size": [2, 2.35, 1], "uv": [16, 60]},
					{"origin": [3.625, 35.24, -6.1], "size": [2.25, 0.275, 1], "uv": [91, 121]},
					{"origin": [3.625, 35.24, -6.1], "size": [0.2, 2.525, 1], "uv": [86, 119]},
					{"origin": [5.65, 35.24, -6.1], "size": [0.2, 2.525, 1], "uv": [91, 121]},
					{"origin": [3.625, 37.615, -6.1], "size": [2.25, 0.275, 1], "uv": [91, 120]}
				]
			},
			{
				"name": "bone85",
				"parent": "bone83",
				"pivot": [3.5, 38.45, -5.6],
				"rotation": [0, 0, -5],
				"cubes": [
					{"origin": [1.7, 38.4, -6.125], "size": [6.575, 0.25, 1.025], "uv": [84, 124]}
				]
			},
			{
				"name": "bone86",
				"parent": "bone83",
				"pivot": [9.475, 18, 0]
			},
			{
				"name": "bone87",
				"parent": "bone86",
				"pivot": [6.2, 35.875, -5.6],
				"rotation": [0, 0, -30],
				"cubes": [
					{"origin": [5.6, 35.675, -6.075], "size": [1.675, 1.075, 0.975], "uv": [10, 42]},
					{"origin": [5.6, 35.5, -6.076], "size": [2.425, 0.275, 0.976], "uv": [93, 121]}
				]
			},
			{
				"name": "bone88",
				"parent": "bone86",
				"pivot": [5.75, 36.575, -5.6],
				"rotation": [0, 0, 30],
				"cubes": [
					{"origin": [5.125, 36.525, -6.075], "size": [1.7, 1.1, 0.975], "uv": [2, 42]},
					{"origin": [6.5, 37.05, -6.075], "size": [0.875, 0.575, 0.975], "uv": [104, 118]},
					{"origin": [5.15, 37.475, -6.076], "size": [2.425, 0.275, 0.976], "uv": [93, 121]}
				]
			},
			{
				"name": "bone89",
				"parent": "bone83",
				"pivot": [0, 18, 0]
			},
			{
				"name": "bone90",
				"parent": "bone89",
				"pivot": [3.275, 35.875, -5.6],
				"rotation": [0, 0, 30],
				"cubes": [
					{"origin": [2.2, 35.675, -6.075], "size": [1.675, 1.075, 0.975], "uv": [0, 42]},
					{"origin": [1.45, 35.5, -6.076], "size": [2.425, 0.275, 0.976], "uv": [93, 121]}
				]
			},
			{
				"name": "bone91",
				"parent": "bone89",
				"pivot": [3.725, 36.575, -5.6],
				"rotation": [0, 0, -30],
				"cubes": [
					{"origin": [2.65, 36.525, -6.075], "size": [1.7, 1.1, 0.975], "uv": [10, 37]},
					{"origin": [2.1, 37.05, -6.075], "size": [0.875, 0.575, 0.975], "uv": [104, 118]},
					{"origin": [1.9, 37.475, -6.076], "size": [2.425, 0.275, 0.976], "uv": [93, 121]}
				]
			},
			{
				"name": "bone16",
				"parent": "head",
				"pivot": [9.625, 35.5, 0],
				"rotation": [0, 0, 90]
			},
			{
				"name": "bone17",
				"parent": "bone16",
				"pivot": [9.625, 35.5, 0],
				"cubes": [
					{"origin": [7.45, 34.7, -0.08579], "size": [4.35, 1.8, 5.3], "uv": [75, 100]}
				]
			},
			{
				"name": "bone18",
				"parent": "bone16",
				"pivot": [9.625, 35.5, 0],
				"rotation": [0, -45, 0],
				"cubes": [
					{"origin": [7.45, 34.7, -0.08579], "size": [4.35, 1.8, 5.3], "uv": [100, 60]}
				]
			},
			{
				"name": "bone19",
				"parent": "bone16",
				"pivot": [9.625, 35.5, 0],
				"rotation": [0, -90, 0],
				"cubes": [
					{"origin": [7.45, 34.7, -0.08579], "size": [4.35, 1.8, 5.3], "uv": [100, 54]}
				]
			},
			{
				"name": "bone20",
				"parent": "bone16",
				"pivot": [9.625, 35.5, 0],
				"rotation": [0, -135, 0],
				"cubes": [
					{"origin": [7.45, 34.7, -0.08579], "size": [4.35, 1.8, 5.3], "uv": [100, 14]}
				]
			},
			{
				"name": "bone21",
				"parent": "bone16",
				"pivot": [9.625, 35.5, 0],
				"rotation": [0, -180, 0],
				"cubes": [
					{"origin": [7.45, 34.7, -0.08579], "size": [4.35, 1.8, 5.3], "uv": [99, 78]}
				]
			},
			{
				"name": "bone22",
				"parent": "bone16",
				"pivot": [9.625, 35.5, 0],
				"rotation": [0, -225, 0],
				"cubes": [
					{"origin": [7.45, 34.7, -0.08579], "size": [4.35, 1.8, 5.3], "uv": [45, 99]}
				]
			},
			{
				"name": "bone23",
				"parent": "bone16",
				"pivot": [9.625, 35.5, 0],
				"rotation": [0, -270, 0],
				"cubes": [
					{"origin": [7.45, 34.7, -0.08579], "size": [4.35, 1.8, 5.3], "uv": [99, 36]}
				]
			},
			{
				"name": "bone24",
				"parent": "bone16",
				"pivot": [9.625, 35.5, 0],
				"rotation": [0, -315, 0],
				"cubes": [
					{"origin": [7.45, 34.7, -0.08579], "size": [4.35, 1.8, 5.3], "uv": [27, 99]}
				]
			},
			{
				"name": "bone25",
				"parent": "head",
				"pivot": [-9.625, 35.5, 0],
				"rotation": [0, 0, -90]
			},
			{
				"name": "bone26",
				"parent": "bone25",
				"pivot": [-9.625, 35.5, 0],
				"cubes": [
					{"origin": [-11.8, 34.7, -0.08579], "size": [4.35, 1.8, 5.3], "uv": [98, 68]}
				]
			},
			{
				"name": "bone27",
				"parent": "bone25",
				"pivot": [-9.625, 35.5, 0],
				"rotation": [0, 45, 0],
				"cubes": [
					{"origin": [-11.8, 34.7, -0.08579], "size": [4.35, 1.8, 5.3], "uv": [88, 96]}
				]
			},
			{
				"name": "bone28",
				"parent": "bone25",
				"pivot": [-9.625, 35.5, 0],
				"rotation": [0, 90, 0],
				"cubes": [
					{"origin": [-11.8, 34.7, -0.08579], "size": [4.35, 1.8, 5.3], "uv": [96, 0]}
				]
			},
			{
				"name": "bone29",
				"parent": "bone25",
				"pivot": [-9.625, 35.5, 0],
				"rotation": [0, 135, 0],
				"cubes": [
					{"origin": [-11.8, 34.7, -0.08579], "size": [4.35, 1.8, 5.3], "uv": [75, 94]}
				]
			},
			{
				"name": "bone30",
				"parent": "bone25",
				"pivot": [-9.625, 35.5, 0],
				"rotation": [0, 180, 0],
				"cubes": [
					{"origin": [-11.8, 34.7, -0.08579], "size": [4.35, 1.8, 5.3], "uv": [45, 93]}
				]
			},
			{
				"name": "bone31",
				"parent": "bone25",
				"pivot": [-9.625, 35.5, 0],
				"rotation": [0, 225, 0],
				"cubes": [
					{"origin": [-11.8, 34.7, -0.08579], "size": [4.35, 1.8, 5.3], "uv": [27, 93]}
				]
			},
			{
				"name": "bone32",
				"parent": "bone25",
				"pivot": [-9.625, 35.5, 0],
				"rotation": [0, 270, 0],
				"cubes": [
					{"origin": [-11.8, 34.7, -0.08579], "size": [4.35, 1.8, 5.3], "uv": [92, 90]}
				]
			},
			{
				"name": "bone33",
				"parent": "bone25",
				"pivot": [-9.625, 35.5, 0],
				"rotation": [0, 315, 0],
				"cubes": [
					{"origin": [-11.8, 34.7, -0.08579], "size": [4.35, 1.8, 5.3], "uv": [91, 8]}
				]
			},
			{
				"name": "armRight",
				"pivot": [-4.075, 25.95, 0],
				"rotation": [22.5, 0, 35]
			},
			{
				"name": "bone35",
				"parent": "armRight",
				"pivot": [-1.075, 8.45, 0],
				"cubes": [
					{"origin": [-6.825, 17.95, -1.5], "size": [3.5, 8, 3], "uv": [46, 40], "mirror": true}
				]
			},
			{
				"name": "bone36",
				"parent": "bone35",
				"pivot": [-5.075, 18.425, -2.775],
				"rotation": [-80, 0, 0],
				"cubes": [
					{"origin": [-6.825, 14.425, -4.775], "size": [3.5, 8, 3.5], "uv": [0, 0], "mirror": true},
					{"origin": [-6.825, 13.175, -5.025], "size": [3.5, 6.25, 4], "uv": [0, 24], "mirror": true},
					{"origin": [-6.85, 12.925, -5.1], "size": [3.55, 1.5, 4.15], "uv": [58, 78], "mirror": true},
					{"origin": [-6.45, 11.875, -4.925], "size": [2.75, 2.55, 3.8], "uv": [40, 99], "mirror": true},
					{"origin": [-6.85, 15.1, -5.1], "size": [3.55, 0.825, 4.15], "uv": [113, 120], "mirror": true}
				]
			},
			{
				"name": "bone37",
				"parent": "bone36",
				"pivot": [-5.075, 11.725, -4.825],
				"rotation": [42.5, 0, 0],
				"cubes": [
					{"origin": [-6.45, 10.775, -6.725], "size": [2.75, 2.125, 3.125], "uv": [40, 93], "mirror": true}
				]
			},
			{
				"name": "bone38",
				"parent": "bone37",
				"pivot": [-5.075, 11.55, -6.35],
				"rotation": [47.5, 0, 0],
				"cubes": [
					{"origin": [-6.45, 10.6, -9.7], "size": [2.75, 2.125, 4.075], "uv": [89, 102], "mirror": true}
				]
			},
			{
				"name": "bone39",
				"parent": "bone36",
				"pivot": [-5.075, 11.725, -1.45],
				"rotation": [-35, 0, 0],
				"cubes": [
					{"origin": [-6.45, 10.775, -3.175], "size": [2.75, 2.125, 3.625], "uv": [78, 10], "mirror": true}
				]
			},
			{
				"name": "bone40",
				"parent": "bone39",
				"pivot": [-5.075, 11.55, 0.075],
				"rotation": [-47.5, 0, 0],
				"cubes": [
					{"origin": [-6.45, 10.6, -0.65], "size": [2.75, 2.125, 4.075], "uv": [33, 54], "mirror": true}
				]
			},
			{
				"name": "armRightPositioningBone",
				"parent": "armRight",
				"pivot": [-5.075, 16.95, -11]
			},
			{
				"name": "armLeft",
				"pivot": [4.075, 25.95, 0],
				"rotation": [22.5, 0, -35]
			},
			{
				"name": "bone6",
				"parent": "armLeft",
				"pivot": [1.075, 8.45, 0],
				"cubes": [
					{"origin": [3.325, 17.95, -1.5], "size": [3.5, 8, 3], "uv": [46, 40]}
				]
			},
			{
				"name": "bone8",
				"parent": "bone6",
				"pivot": [5.075, 18.425, -2.775],
				"rotation": [-80, 0, 0],
				"cubes": [
					{"origin": [3.325, 14.425, -4.775], "size": [3.5, 8, 3.5], "uv": [0, 0]},
					{"origin": [3.325, 13.175, -5.025], "size": [3.5, 6.25, 4], "uv": [0, 24]},
					{"origin": [3.3, 12.925, -5.1], "size": [3.55, 1.5, 4.15], "uv": [58, 78]},
					{"origin": [3.7, 11.875, -4.925], "size": [2.75, 2.55, 3.8], "uv": [40, 99]},
					{"origin": [3.3, 15.1, -5.1], "size": [3.55, 0.825, 4.15], "uv": [113, 120]}
				]
			},
			{
				"name": "bone9",
				"parent": "bone8",
				"pivot": [5.075, 11.725, -4.825],
				"rotation": [42.5, 0, 0],
				"cubes": [
					{"origin": [3.7, 10.775, -6.725], "size": [2.75, 2.125, 3.125], "uv": [40, 93]}
				]
			},
			{
				"name": "bone10",
				"parent": "bone9",
				"pivot": [5.075, 11.55, -6.35],
				"rotation": [47.5, 0, 0],
				"cubes": [
					{"origin": [3.7, 10.6, -9.7], "size": [2.75, 2.125, 4.075], "uv": [89, 102]}
				]
			},
			{
				"name": "bone11",
				"parent": "bone8",
				"pivot": [5.075, 11.725, -1.45],
				"rotation": [-35, 0, 0],
				"cubes": [
					{"origin": [3.7, 10.775, -3.175], "size": [2.75, 2.125, 3.625], "uv": [78, 10]}
				]
			},
			{
				"name": "bone34",
				"parent": "bone11",
				"pivot": [5.075, 11.55, 0.075],
				"rotation": [-47.5, 0, 0],
				"cubes": [
					{"origin": [3.7, 10.6, -0.65], "size": [2.75, 2.125, 4.075], "uv": [33, 54]}
				]
			},
			{
				"name": "armLeftPositioningBone",
				"parent": "armLeft",
				"pivot": [5.075, 16.95, -12]
			},
			{
				"name": "body",
				"pivot": [0, 13, 0],
				"cubes": [
					{"origin": [-6.425, 12.799, -4.5], "size": [12.85, 1, 9], "uv": [67, 58]},
					{"origin": [-6.5, 11.499, -4.5], "size": [13, 1, 9], "uv": [30, 67]},
					{"origin": [-6.35, 12.274, -4.275], "size": [12.7, 1, 8.55], "uv": [66, 69]},
					{"origin": [-5.5, 13.749, -4.5], "size": [11, 13.375, 9], "uv": [49, 15]},
					{"origin": [-5.3, 20.849, 4.375], "size": [10.6, 5.275, 0.325], "uv": [89, 31]},
					{"origin": [-3.35, 26.124, 4.375], "size": [6.7, 2.175, 0.325], "uv": [46, 51]},
					{"origin": [3.85, 21.424, 4.375], "size": [0.5, 4.7, 0.35], "uv": [65, 30]},
					{"origin": [-4.35, 21.424, 4.375], "size": [0.5, 4.7, 0.35], "uv": [65, 30]},
					{"origin": [-4.175, 21.424, 4.375], "size": [8.075, 0.475, 0.35], "uv": [65, 30]},
					{"origin": [-0.6, 18.724, -4.775], "size": [1.25, 1.875, 1], "uv": [10, 34]},
					{"origin": [-2.125, 27.074, -4.5], "size": [4.25, 1.5, 9], "uv": [16, 54]},
					{"origin": [-2.125, 27.074, -2.5], "size": [4.25, 2.25, 5], "uv": [89, 47]}
				]
			},
			{
				"name": "bone95",
				"parent": "body",
				"pivot": [3.95, 21.199, -4.425],
				"rotation": [0, 0, -7.5],
				"cubes": [
					{"origin": [3.1, 21.024, -4.55], "size": [1.95, 0.35, 0.25], "uv": [121, 104]},
					{"origin": [3.1, 20.524, -4.55], "size": [1.95, 0.35, 0.25], "uv": [121, 104]},
					{"origin": [3.1, 20.024, -4.55], "size": [1.95, 0.35, 0.25], "uv": [121, 104]}
				]
			},
			{
				"name": "bone66",
				"parent": "body",
				"pivot": [1.25, 23.074, -3.9125],
				"rotation": [0, 0, -45],
				"cubes": [
					{"origin": [-1.75, 21.324, -4.575], "size": [5, 3.75, 1.25], "uv": [0, 49]},
					{"origin": [2.95, 21.324, -4.625], "size": [0.475, 3.75, 1.3], "uv": [121.45, 119.95]},
					{"origin": [1.225, 24.824, -4.625], "size": [2.2, 0.5, 1.3], "uv": [118, 123.2]}
				]
			},
			{
				"name": "bone65",
				"parent": "body",
				"pivot": [-1.25, 23.074, -3.9125],
				"rotation": [0, 0, 45],
				"cubes": [
					{"origin": [-3.25, 21.324, -4.575], "size": [5, 3.75, 1.25], "uv": [13, 81]},
					{"origin": [-3.425, 21.324, -4.625], "size": [0.475, 3.75, 1.3], "uv": [117, 120]},
					{"origin": [-3.425, 24.824, -4.625], "size": [1.975, 0.5, 1.3], "uv": [118.45, 123.2]}
				]
			},
			{
				"name": "bone51",
				"parent": "body",
				"pivot": [0, 13, 0]
			},
			{
				"name": "bone50",
				"parent": "bone51",
				"pivot": [-2.6, 18.8865, -4.275],
				"rotation": [0, 0, 17.5],
				"cubes": [
					{"origin": [-3.3, 15.474, -4.676], "size": [1.25, 3.15, 0.9], "uv": [46, 40]}
				]
			},
			{
				"name": "bone48",
				"parent": "bone51",
				"pivot": [-1.125, 16.8865, -4.275],
				"rotation": [0, 0, 67.5],
				"cubes": [
					{"origin": [-1.825, 14.549, -4.675], "size": [1.25, 2.075, 0.9], "uv": [51, 2]}
				]
			},
			{
				"name": "bone49",
				"parent": "bone51",
				"pivot": [-1.375, 18.9365, -4.275],
				"rotation": [0, 0, 67.5],
				"cubes": [
					{"origin": [-2, 17.049, -4.675], "size": [1.25, 3.025, 0.9], "uv": [12, 49]}
				]
			},
			{
				"name": "bone100",
				"parent": "bone49",
				"pivot": [-0.95, 18.5615, -4.225],
				"rotation": [0, 0, -15],
				"cubes": [
					{"origin": [-1.35, 18.649, -4.676], "size": [0.8, 1.425, 0.9], "uv": [122, 112], "mirror": true}
				]
			},
			{
				"name": "bone47",
				"parent": "bone51",
				"pivot": [-1.125, 18.2615, -4.275],
				"rotation": [0, 0, 20],
				"cubes": [
					{"origin": [-2.2, 16.374, -4.675], "size": [1.7, 2.55, 0.9], "uv": [51, 4]}
				]
			},
			{
				"name": "bone7",
				"parent": "body",
				"pivot": [-5.67076, 19.426, 0],
				"rotation": [0, 0, -87.5],
				"cubes": [
					{"origin": [-11.34576, 18.926, -4.525], "size": [14, 1, 9.025], "uv": [45, 0]}
				]
			},
			{
				"name": "bone5",
				"parent": "body",
				"pivot": [5.67076, 19.426, 0],
				"rotation": [0, 0, 87.5],
				"cubes": [
					{"origin": [-2.65424, 18.926, -4.525], "size": [14, 1, 9.025], "uv": [62, 37]}
				]
			},
			{
				"name": "bone13",
				"parent": "body",
				"pivot": [-1.625, 28.424, 0],
				"rotation": [0, 0, -12.5],
				"cubes": [
					{"origin": [-5.875, 20.174, -4.5], "size": [3.825, 8.5, 8.975], "uv": [44, 77]},
					{"origin": [-5.875, 26.424, -4.7], "size": [2.575, 2.275, 9.4], "uv": [0, 81]},
					{"origin": [-4.85, 26.424, -4.725], "size": [0.525, 2.3, 9.45], "uv": [67, 24]},
					{"origin": [-4.625, 22.949, -4.7], "size": [1.325, 3.475, 9.05], "uv": [88, 78]}
				]
			},
			{
				"name": "bone57",
				"parent": "bone13",
				"pivot": [-2.6125, 20.549, 0],
				"rotation": [0, 0, -32.5],
				"cubes": [
					{"origin": [-2.75, 19.849, -4.725], "size": [0.275, 1.475, 9.1], "uv": [67, 24]}
				]
			},
			{
				"name": "bone46",
				"parent": "bone13",
				"pivot": [-3.2375, 21.599, 0],
				"rotation": [0, 0, -27.5],
				"cubes": [
					{"origin": [-3.4, 21.149, -4.725], "size": [0.325, 1.6, 9.1], "uv": [67, 24]}
				]
			},
			{
				"name": "bone45",
				"parent": "bone13",
				"pivot": [-4.0375, 23.449, 0],
				"rotation": [0, 0, -17.5],
				"cubes": [
					{"origin": [-4.225, 22.549, -4.725], "size": [0.375, 2.05, 9.1], "uv": [67, 24]}
				]
			},
			{
				"name": "bone44",
				"parent": "bone13",
				"pivot": [-4.4625, 25.374, 0],
				"rotation": [0, 0, -7],
				"cubes": [
					{"origin": [-4.675, 24.474, -4.725], "size": [0.425, 2.05, 9.1], "uv": [67, 24]}
				]
			},
			{
				"name": "bone43",
				"parent": "bone13",
				"pivot": [-3.8375, 21.524, 0],
				"rotation": [0, 0, -37.5],
				"cubes": [
					{"origin": [-3.875, 19.349, -4.7], "size": [0.7, 3.425, 9.05], "uv": [16, 55]}
				]
			},
			{
				"name": "bone42",
				"parent": "bone13",
				"pivot": [-3.4875, 21.724, 0],
				"rotation": [0, 0, -22.5],
				"cubes": [
					{"origin": [-3.525, 20.074, -4.7], "size": [0.7, 2.85, 9.05], "uv": [0, 83]}
				]
			},
			{
				"name": "bone41",
				"parent": "bone13",
				"pivot": [-4.8375, 25.499, 0],
				"rotation": [0, 0, -17.5],
				"cubes": [
					{"origin": [-5.55, 22.574, -4.7], "size": [1.375, 4.125, 9.05], "uv": [80, 10]}
				]
			},
			{
				"name": "bone52",
				"parent": "body",
				"pivot": [0, 13, 0]
			},
			{
				"name": "bone53",
				"parent": "bone52",
				"pivot": [2.6, 18.8865, -4.275],
				"rotation": [0, 0, -17.5],
				"cubes": [
					{"origin": [2.05, 15.474, -4.676], "size": [1.25, 3.15, 0.9], "uv": [12, 39]}
				]
			},
			{
				"name": "bone54",
				"parent": "bone52",
				"pivot": [1.125, 16.8865, -4.275],
				"rotation": [0, 0, -67.5],
				"cubes": [
					{"origin": [0.575, 14.549, -4.675], "size": [1.25, 2.075, 0.9], "uv": [51, 0]}
				]
			},
			{
				"name": "bone55",
				"parent": "bone52",
				"pivot": [1.375, 18.9365, -4.275],
				"rotation": [0, 0, -67.5],
				"cubes": [
					{"origin": [0.75, 17.049, -4.675], "size": [1.25, 3.025, 0.9], "uv": [10, 39]}
				]
			},
			{
				"name": "bone99",
				"parent": "bone55",
				"pivot": [0.95, 18.5615, -4.225],
				"rotation": [0, 0, 15],
				"cubes": [
					{"origin": [0.55, 18.649, -4.676], "size": [0.8, 1.425, 0.9], "uv": [122, 112]}
				]
			},
			{
				"name": "bone56",
				"parent": "bone52",
				"pivot": [1.125, 18.2615, -4.275],
				"rotation": [0, 0, -20],
				"cubes": [
					{"origin": [0.5, 16.374, -4.675], "size": [1.7, 2.55, 0.9], "uv": [45, 4]}
				]
			},
			{
				"name": "bone12",
				"parent": "body",
				"pivot": [1.625, 28.424, 0],
				"rotation": [0, 0, 12.5],
				"cubes": [
					{"origin": [2.05, 20.174, -4.5], "size": [3.825, 8.5, 8.975], "uv": [22, 77]},
					{"origin": [3.3, 26.424, -4.7], "size": [2.575, 2.275, 9.4], "uv": [76, 47]},
					{"origin": [4.325, 26.424, -4.725], "size": [0.525, 2.3, 9.45], "uv": [67, 24]},
					{"origin": [3.3, 22.949, -4.7], "size": [1.325, 3.475, 9.05], "uv": [77, 82]}
				]
			},
			{
				"name": "bone58",
				"parent": "bone12",
				"pivot": [2.6125, 20.549, 0],
				"rotation": [0, 0, 32.5],
				"cubes": [
					{"origin": [2.475, 19.849, -4.725], "size": [0.275, 1.475, 9.15], "uv": [67, 24]}
				]
			},
			{
				"name": "bone59",
				"parent": "bone12",
				"pivot": [3.2375, 21.599, 0],
				"rotation": [0, 0, 27.5],
				"cubes": [
					{"origin": [3.075, 21.149, -4.725], "size": [0.325, 1.6, 9.1], "uv": [67, 24]}
				]
			},
			{
				"name": "bone60",
				"parent": "bone12",
				"pivot": [4.0375, 23.449, 0],
				"rotation": [0, 0, 17.5],
				"cubes": [
					{"origin": [3.85, 22.549, -4.725], "size": [0.375, 2.05, 9.1], "uv": [67, 24]}
				]
			},
			{
				"name": "bone61",
				"parent": "bone12",
				"pivot": [4.4625, 25.374, 0],
				"rotation": [0, 0, 7],
				"cubes": [
					{"origin": [4.25, 24.474, -4.725], "size": [0.425, 2.05, 9.1], "uv": [67, 24]}
				]
			},
			{
				"name": "bone62",
				"parent": "bone12",
				"pivot": [3.8375, 21.524, 0],
				"rotation": [0, 0, 37.5],
				"cubes": [
					{"origin": [3.175, 19.349, -4.7], "size": [0.7, 3.425, 9.05], "uv": [45, 1]}
				]
			},
			{
				"name": "bone63",
				"parent": "bone12",
				"pivot": [3.4875, 21.724, 0],
				"rotation": [0, 0, 22.5],
				"cubes": [
					{"origin": [2.825, 20.074, -4.7], "size": [0.7, 2.85, 9.05], "uv": [58, 4]}
				]
			},
			{
				"name": "bone64",
				"parent": "bone12",
				"pivot": [4.8375, 25.499, 0],
				"rotation": [0, 0, 17.5],
				"cubes": [
					{"origin": [4.175, 22.574, -4.7], "size": [1.375, 4.125, 9.05], "uv": [66, 78]}
				]
			},
			{
				"name": "bone97",
				"parent": "body",
				"pivot": [0.25, 12.499, 5.875],
				"rotation": [7.24677, 10.21235, -54.3516],
				"cubes": [
					{"origin": [-0.075, 2.699, 5.575], "size": [0.65, 10.3, 0.6], "uv": [85, 117]}
				]
			},
			{
				"name": "bone98",
				"parent": "body",
				"pivot": [8.50335, 6.73418, 7.0311],
				"rotation": [-6.09072, 8.80348, -44.31282],
				"cubes": [
					{"origin": [8.17835, 6.24668, 6.7311], "size": [0.65, 0.975, 0.6], "uv": [88, 123]},
					{"origin": [7.72835, 5.27168, 6.5811], "size": [1.55, 1.375, 0.9], "uv": [2, 37]},
					{"origin": [8.70335, 4.67168, 6.7311], "size": [0.35, 0.625, 0.6], "uv": [105, 124]},
					{"origin": [7.90335, 4.67168, 6.7311], "size": [0.35, 0.625, 0.6], "uv": [105, 124]}
				]
			},
			{
				"name": "bone96",
				"parent": "body",
				"pivot": [0, 13.949, 4.675],
				"rotation": [42.5, 0, 0],
				"cubes": [
					{"origin": [-0.325, 12.149, 4.375], "size": [0.65, 2.3, 0.6], "uv": [85, 117]}
				]
			},
			{
				"name": "legLeft",
				"pivot": [4, 12, 0]
			},
			{
				"name": "bone2",
				"parent": "legLeft",
				"pivot": [2, 9, 0],
				"cubes": [
					{"origin": [2.749, 0, -4.5], "size": [4.75, 2, 6.5], "uv": [89, 23]}
				]
			},
			{
				"name": "bone",
				"parent": "bone2",
				"pivot": [4.999, 6, 0],
				"rotation": [0, 0, -2.5],
				"cubes": [
					{"origin": [2.749, 0.35, -1.75], "size": [3.95, 11.65, 3.5], "uv": [15, 93]}
				]
			},
			{
				"name": "legRight",
				"pivot": [-4, 12, 0]
			},
			{
				"name": "bone3",
				"parent": "legRight",
				"pivot": [-2, 9, 0],
				"cubes": [
					{"origin": [-7.499, 0, -4.5], "size": [4.75, 2, 6.5], "uv": [89, 23], "mirror": true}
				]
			},
			{
				"name": "bone4",
				"parent": "bone3",
				"pivot": [-4.999, 6, 0],
				"rotation": [0, 0, 2.5],
				"cubes": [
					{"origin": [-6.699, 0.35, -1.75], "size": [3.95, 11.65, 3.5], "uv": [15, 93], "mirror": true}
				]
			},
			{
				"name": "backpackPositioningBone",
				"pivot": [0, 27, 1.5]
			}
		]
	}
}