{
	"format_version": "1.10.0",
	"geometry.model": {
		"texturewidth": 128,
		"textureheight": 128,
		"visible_bounds_width": 3,
		"visible_bounds_height": 4,
		"visible_bounds_offset": [0, 1, 0],
		"bones": [
			{
				"name": "head",
				"pivot": [0, 18, 0],
				"cubes": [
					{"origin": [-3.5, 18, -4], "size": [7, 7.5, 8], "uv": [0, 0]},
					{"origin": [-3.25, 18.75, -3.75], "size": [6.5, 7, 7.5], "uv": [0, 15]}
				]
			},
			{
				"name": "bone174",
				"parent": "head",
				"pivot": [0, 14.45, 5.15],
				"rotation": [10, 0, 0],
				"cubes": [
					{"origin": [-3.75, 10.7, 4.65], "size": [7.5, 7.5, 1], "uv": [22, 0]}
				]
			},
			{
				"name": "bone79",
				"parent": "head",
				"pivot": [0, 21.725, 4.175],
				"rotation": [5, 0, 0],
				"cubes": [
					{"origin": [-3.75, 17.975, 3.675], "size": [7.5, 7.5, 1], "uv": [37, 7]}
				]
			},
			{
				"name": "blink",
				"parent": "head",
				"pivot": [0, 18, 0],
				"cubes": [
					{"origin": [-3.5, 18, -4.001], "size": [7, 7.5, 0], "uv": [37, 37]}
				]
			},
			{
				"name": "bone94",
				"parent": "head",
				"pivot": [-2.125, 25.625, -4.5],
				"rotation": [-2.5, 0, -7.5]
			},
			{
				"name": "bone95",
				"parent": "bone94",
				"pivot": [-2.125, 24.375, -4.5],
				"rotation": [-14.99127, 0.51754, 1.9319],
				"cubes": [
					{"origin": [-2.625, 23.7, -5.075], "size": [1, 1.425, 1], "uv": [61, 55]}
				]
			},
			{
				"name": "bone96",
				"parent": "bone94",
				"pivot": [-2.2, 22.7, -4.5],
				"rotation": [10, 0, 2.5],
				"cubes": [
					{"origin": [-2.7, 20.875, -5.025], "size": [1, 3.1, 1], "uv": [59, 51]}
				]
			},
			{
				"name": "bone91",
				"parent": "head",
				"pivot": [-3.2, 25.425, -4.5],
				"rotation": [-2.5, 0, -15]
			},
			{
				"name": "bone92",
				"parent": "bone91",
				"pivot": [-3.2, 24.175, -4.5],
				"rotation": [-14.99127, 0.51754, 1.9319],
				"cubes": [
					{"origin": [-3.7, 23.425, -5.075], "size": [1, 1.5, 1], "uv": [61, 57]}
				]
			},
			{
				"name": "bone93",
				"parent": "bone91",
				"pivot": [-3.375, 22.575, -4.5],
				"rotation": [9.96271, -0.86717, 7.42442],
				"cubes": [
					{"origin": [-3.875, 19.6, -5.025], "size": [1, 4.175, 1], "uv": [58, 0]}
				]
			},
			{
				"name": "bone189",
				"parent": "head",
				"pivot": [-0.025, 25.575, -4.5],
				"rotation": [-2.49762, 0.10901, -0.00238]
			},
			{
				"name": "bone190",
				"parent": "bone189",
				"pivot": [0.125, 24.575, -4.5],
				"rotation": [0.13949, -2.06428, -7.73076],
				"cubes": [
					{"origin": [-0.125, 22.85, -4.825], "size": [0.5, 2.5, 0.5], "uv": [120, 68]}
				]
			},
			{
				"name": "bone191",
				"parent": "bone189",
				"pivot": [0.125, 22.65, -4.5],
				"rotation": [9.91615, -1.29876, 9.88733],
				"cubes": [
					{"origin": [0.05, 21.05, -4.775], "size": [0.5, 2.075, 0.5], "uv": [122, 71]}
				]
			},
			{
				"name": "bone150",
				"parent": "head",
				"pivot": [-0.025, 25.575, -4.5],
				"rotation": [-2.38443, 0.75155, 14.98436]
			},
			{
				"name": "bone151",
				"parent": "bone150",
				"pivot": [0.125, 24.575, -4.5],
				"rotation": [0.13949, -2.06428, -7.73076],
				"cubes": [
					{"origin": [-0.375, 22.85, -5.075], "size": [1, 2.5, 1], "uv": [61, 7]}
				]
			},
			{
				"name": "bone152",
				"parent": "bone150",
				"pivot": [0.125, 22.65, -4.5],
				"rotation": [9.91615, -1.29876, 9.88733],
				"cubes": [
					{"origin": [-0.2, 20.3, -5.025], "size": [1, 2.825, 1], "uv": [61, 4]}
				]
			},
			{
				"name": "bone160",
				"parent": "head",
				"pivot": [2.925, 25.675, -4.5],
				"rotation": [-2.55926, -12.59694, -4.44387]
			},
			{
				"name": "bone161",
				"parent": "bone160",
				"pivot": [2.925, 24.425, -4.5],
				"rotation": [-14.99127, 0.51754, 1.9319],
				"cubes": [
					{"origin": [2.425, 23.675, -5.075], "size": [1, 1.5, 1], "uv": [16, 35]}
				]
			},
			{
				"name": "bone162",
				"parent": "bone160",
				"pivot": [2.85, 22.75, -4.5],
				"rotation": [10, 0, 2.5],
				"cubes": [
					{"origin": [2.35, 20.325, -5.025], "size": [1, 3.625, 1], "uv": [38, 0]}
				]
			},
			{
				"name": "bone156",
				"parent": "head",
				"pivot": [1.675, 25.475, -4.5],
				"rotation": [-2.38443, -0.75155, -19.98436]
			},
			{
				"name": "bone157",
				"parent": "bone156",
				"pivot": [1.675, 24.225, -4.5],
				"rotation": [-14.99127, 0.51754, 1.9319],
				"cubes": [
					{"origin": [1.175, 23.475, -5.075], "size": [1, 1.5, 1], "uv": [42, 27]}
				]
			},
			{
				"name": "bone158",
				"parent": "bone156",
				"pivot": [1.6, 22.55, -4.5],
				"rotation": [10, 0, 2.5],
				"cubes": [
					{"origin": [1.1, 21.625, -5.025], "size": [1, 2.125, 1], "uv": [56, 60]}
				]
			},
			{
				"name": "bone153",
				"parent": "head",
				"pivot": [-0.325, 25.475, -4.5],
				"rotation": [-1.82892, -1.70471, -45.47279]
			},
			{
				"name": "bone154",
				"parent": "bone153",
				"pivot": [-0.325, 24.225, -4.5],
				"rotation": [-14.99127, 0.51754, 1.9319],
				"cubes": [
					{"origin": [-0.825, 23.475, -5.075], "size": [1.25, 1.5, 1], "uv": [43, 44]}
				]
			},
			{
				"name": "bone155",
				"parent": "bone153",
				"pivot": [-0.4, 22.55, -4.5],
				"rotation": [10, 0, 2.5],
				"cubes": [
					{"origin": [-0.9, 21.625, -5.025], "size": [1.25, 2.125, 1], "uv": [60, 60]}
				]
			},
			{
				"name": "bone147",
				"parent": "head",
				"pivot": [-0.625, 25.675, -4.5],
				"rotation": [-2.16541, -1.2497, -32.47638]
			},
			{
				"name": "bone148",
				"parent": "bone147",
				"pivot": [-0.625, 24.425, -4.5],
				"rotation": [-14.99127, 0.51754, 1.9319],
				"cubes": [
					{"origin": [-1.125, 23.675, -5.075], "size": [1, 1.5, 1], "uv": [8, 47]}
				]
			},
			{
				"name": "bone149",
				"parent": "bone147",
				"pivot": [-0.275, 22.95, -4.5],
				"rotation": [8.88927, 4.59902, -24.64233],
				"cubes": [
					{"origin": [-0.775, 22.025, -5.025], "size": [1, 2.125, 1], "uv": [35, 61]}
				]
			},
			{
				"name": "bone88",
				"parent": "head",
				"pivot": [-1.25, 25.775, -4.5],
				"rotation": [-2.5, 0, -2.5]
			},
			{
				"name": "bone89",
				"parent": "bone88",
				"pivot": [-1.25, 24.525, -4.5],
				"rotation": [-14.99127, 0.51754, 1.9319],
				"cubes": [
					{"origin": [-1.75, 23.775, -5.075], "size": [1, 1.5, 1], "uv": [62, 0]}
				]
			},
			{
				"name": "bone159",
				"parent": "bone88",
				"pivot": [-1.15, 22.85, -4.5],
				"rotation": [9.76758, -2.15393, 14.81594],
				"cubes": [
					{"origin": [-1.85, 22.55, -5.025], "size": [1, 1.5, 1], "uv": [38, 27]}
				]
			},
			{
				"name": "bone90",
				"parent": "bone88",
				"pivot": [-1.15, 22.85, -4.5],
				"rotation": [9.76758, -2.15393, 14.81594],
				"cubes": [
					{"origin": [-1.65, 19.55, -5.025], "size": [1, 4.5, 1], "uv": [52, 58]}
				]
			},
			{
				"name": "bone168",
				"parent": "head",
				"pivot": [3.625, 23.925, -4.5],
				"rotation": [0, 0, -0.75]
			},
			{
				"name": "bone169",
				"parent": "bone168",
				"pivot": [3.625, 23.925, -4.425],
				"cubes": [
					{"origin": [2.9, 21.925, -4.475], "size": [1, 3.5, 1], "uv": [15, 29]}
				]
			},
			{
				"name": "bone170",
				"parent": "bone168",
				"pivot": [3.7, 20, -4.5],
				"rotation": [-2.5, 0, -2.5],
				"cubes": [
					{"origin": [2.975, 18, -4.525], "size": [1, 4, 1], "uv": [53, 10]}
				]
			},
			{
				"name": "bone171",
				"parent": "bone168",
				"pivot": [3.75, 19.925, -4.75],
				"rotation": [-2.5, 0, 0]
			},
			{
				"name": "bone172",
				"parent": "bone171",
				"pivot": [3.75, 19.925, -4.675],
				"cubes": [
					{"origin": [3.125, 17.925, -4.55], "size": [0.875, 0.9, 0.9], "uv": [120, 71]}
				]
			},
			{
				"name": "bone173",
				"parent": "bone171",
				"pivot": [3.825, 16, -4.75],
				"rotation": [-2.5, 0, -2.5],
				"cubes": [
					{"origin": [3.2, 14, -4.6], "size": [0.875, 4, 0.9], "uv": [121, 70]}
				]
			},
			{
				"name": "bone87",
				"parent": "head",
				"pivot": [-3.525, 23.925, -4.5],
				"rotation": [0, 0, 2]
			},
			{
				"name": "bone81",
				"parent": "bone87",
				"pivot": [-3.525, 23.925, -4.425],
				"cubes": [
					{"origin": [-3.8, 21.925, -4.475], "size": [1, 3.5, 1], "uv": [60, 28]}
				]
			},
			{
				"name": "bone80",
				"parent": "bone87",
				"pivot": [-3.6, 20, -4.5],
				"rotation": [-2.5, 0, 2.5],
				"cubes": [
					{"origin": [-3.875, 18, -4.525], "size": [1, 4, 1], "uv": [59, 34]}
				]
			},
			{
				"name": "bone165",
				"parent": "bone87",
				"pivot": [-3.65, 19.925, -4.75],
				"rotation": [-2.5, 0, 0]
			},
			{
				"name": "bone166",
				"parent": "bone165",
				"pivot": [-3.65, 19.925, -4.675],
				"cubes": [
					{"origin": [-3.9, 17.925, -4.55], "size": [0.875, 0.9, 0.9], "uv": [121, 71]}
				]
			},
			{
				"name": "bone167",
				"parent": "bone165",
				"pivot": [-3.725, 16, -4.75],
				"rotation": [-2.5, 0, 2.5],
				"cubes": [
					{"origin": [-3.975, 14, -4.6], "size": [0.875, 4, 0.9], "uv": [117, 71]}
				]
			},
			{
				"name": "bone164",
				"parent": "head",
				"pivot": [1.55, 25.15, -4.325],
				"rotation": [-14.94548, 1.29256, 4.83045],
				"cubes": [
					{"origin": [-0.45, 24.65, -4.825], "size": [4, 1, 1], "uv": [19, 19]}
				]
			},
			{
				"name": "bone163",
				"parent": "head",
				"pivot": [-1.55, 25.15, -4.325],
				"rotation": [-14.94548, -1.29256, -4.83045],
				"cubes": [
					{"origin": [-3.55, 24.65, -4.825], "size": [4, 1, 1], "uv": [26, 21]}
				]
			},
			{
				"name": "bone178",
				"parent": "head",
				"pivot": [-4.425, 18, 0]
			},
			{
				"name": "bone179",
				"parent": "bone178",
				"pivot": [-3.825, 18, 0],
				"rotation": [0, 0, -5],
				"cubes": [
					{"origin": [-3.9, 18, -2.25], "size": [1, 2.75, 4.75], "uv": [9, 29]},
					{"origin": [-3.9, 17.75, 2.25], "size": [1, 3, 1.75], "uv": [19, 15]},
					{"origin": [-3.9, 18.25, -3.5], "size": [1, 2.5, 1.75], "uv": [22, 37]}
				]
			},
			{
				"name": "bone180",
				"parent": "bone178",
				"pivot": [-3.975, 22.725, 0],
				"rotation": [0, 0, 4.75],
				"cubes": [
					{"origin": [-3.975, 20.675, -3.5], "size": [1, 4.8, 7.5], "uv": [23, 8]}
				]
			},
			{
				"name": "bone177",
				"parent": "head",
				"pivot": [4.425, 18, 0]
			},
			{
				"name": "bone175",
				"parent": "bone177",
				"pivot": [3.95, 18, 0],
				"rotation": [0, 0, 2.5],
				"cubes": [
					{"origin": [3.025, 18, -2.25], "size": [1, 2.75, 4.75], "uv": [38, 0]},
					{"origin": [3.025, 17.75, 2.25], "size": [1, 3, 1.75], "uv": [9, 29]},
					{"origin": [3.025, 18.25, -3.5], "size": [1, 2.5, 1.75], "uv": [47, 60]}
				]
			},
			{
				"name": "bone176",
				"parent": "bone177",
				"pivot": [3.975, 22.725, 0],
				"rotation": [0, 0, -4.75],
				"cubes": [
					{"origin": [2.975, 20.675, -3.5], "size": [1, 4.8, 7.5], "uv": [0, 29]}
				]
			},
			{
				"name": "bone447",
				"parent": "head",
				"pivot": [-4.25, 21.25, -1.275]
			},
			{
				"name": "bone184",
				"parent": "bone447",
				"pivot": [-4.25, 21.25, -1.275]
			},
			{
				"name": "bone182",
				"parent": "bone184",
				"pivot": [-3.65, 25.675, -1.25],
				"rotation": [0, 0, -45],
				"cubes": [
					{"origin": [-4.025, 25.425, -1.725], "size": [0.75, 0.25, 0.9], "uv": [113, 94]}
				]
			},
			{
				"name": "bone183",
				"parent": "bone184",
				"pivot": [-2.65, 25.925, -1.25],
				"cubes": [
					{"origin": [-3.35, 25.675, -1.725], "size": [3.35, 0.275, 0.9], "uv": [113, 95]}
				]
			},
			{
				"name": "bone181",
				"parent": "bone184",
				"pivot": [-4.25, 21.25, -1.275],
				"rotation": [0, 0, 5],
				"cubes": [
					{"origin": [-4.275, 22.5, -1.725], "size": [0.2, 2.925, 0.9], "uv": [109, 97]}
				]
			},
			{
				"name": "bone185",
				"parent": "bone447",
				"pivot": [4.25, 21.25, -1.275]
			},
			{
				"name": "bone186",
				"parent": "bone185",
				"pivot": [3.65, 25.675, -1.25],
				"rotation": [0, 0, 45],
				"cubes": [
					{"origin": [3.275, 25.425, -1.725], "size": [0.75, 0.25, 0.9], "uv": [111, 98]}
				]
			},
			{
				"name": "bone187",
				"parent": "bone185",
				"pivot": [2.65, 25.925, -1.25],
				"cubes": [
					{"origin": [0, 25.675, -1.725], "size": [3.375, 0.275, 0.9], "uv": [110, 104]}
				]
			},
			{
				"name": "bone188",
				"parent": "bone185",
				"pivot": [4.25, 21.25, -1.275],
				"rotation": [0, 0, -5],
				"cubes": [
					{"origin": [4.075, 22.5, -1.725], "size": [0.2, 2.925, 0.9], "uv": [114, 100]}
				]
			},
			{
				"name": "bone467",
				"parent": "head",
				"pivot": [0, 18, 0]
			},
			{
				"name": "bone468",
				"parent": "bone467",
				"pivot": [-4.2125, 21.4, -0.85]
			},
			{
				"name": "bone469",
				"parent": "bone468",
				"pivot": [-4.2125, 21.4, -0.85],
				"rotation": [-86.75, 0, 0],
				"cubes": [
					{"origin": [-4.375, 21.325, -0.875], "size": [0.325, 0.175, 1.4], "uv": [114, 123], "mirror": true}
				]
			},
			{
				"name": "bone470",
				"parent": "bone468",
				"pivot": [-4.2125, 22, -1.05],
				"rotation": [-74.25, 0, 0],
				"cubes": [
					{"origin": [-4.375, 21.925, -1.075], "size": [0.325, 0.175, 0.775], "uv": [114, 123], "mirror": true}
				]
			},
			{
				"name": "bone471",
				"parent": "bone467",
				"pivot": [0, 0, -1.45],
				"rotation": [3.25, 0, 0]
			},
			{
				"name": "bone472",
				"parent": "bone471",
				"pivot": [-4.2125, 21.775, 1.275],
				"rotation": [172.25, 0, 0],
				"cubes": [
					{"origin": [-4.375, 21.7, 1.75], "size": [0.325, 0.175, 1.025], "uv": [114, 123], "mirror": true}
				]
			},
			{
				"name": "bone473",
				"parent": "bone471",
				"pivot": [-4.2125, 22.25, 1.3],
				"rotation": [-145.25, 0, 0],
				"cubes": [
					{"origin": [-4.375, 22.225, 1.35], "size": [0.325, 0.15, 0.675], "uv": [114, 123], "mirror": true}
				]
			},
			{
				"name": "bone474",
				"parent": "bone471",
				"pivot": [-4.2125, 22.875, 1.4],
				"rotation": [-102.75, 0, 0],
				"cubes": [
					{"origin": [-4.375, 22.825, 1.625], "size": [0.325, 0.15, 0.55], "uv": [114, 123], "mirror": true}
				]
			},
			{
				"name": "bone475",
				"parent": "bone471",
				"pivot": [-4.2125, 22.875, 0.975],
				"rotation": [-34.5, 0, 0],
				"cubes": [
					{"origin": [-4.375, 22.8, 1], "size": [0.325, 0.15, 0.5], "uv": [114, 123], "mirror": true}
				]
			},
			{
				"name": "bone476",
				"parent": "bone471",
				"pivot": [-4.2125, 22.75, 0.55],
				"rotation": [10, 0, 0],
				"cubes": [
					{"origin": [-4.375, 22.675, 0.025], "size": [0.325, 0.15, 1.05], "uv": [114, 123], "mirror": true}
				]
			},
			{
				"name": "bone477",
				"parent": "bone467",
				"pivot": [0, 0, -0.95],
				"rotation": [-3.25, 0, 0]
			},
			{
				"name": "bone478",
				"parent": "bone477",
				"pivot": [-4.2125, 21.775, -3.675],
				"rotation": [-172.25, 0, 0],
				"cubes": [
					{"origin": [-4.375, 21.7, -5.175], "size": [0.325, 0.175, 1.025], "uv": [114, 123], "mirror": true}
				]
			},
			{
				"name": "bone479",
				"parent": "bone477",
				"pivot": [-4.2125, 22.25, -3.7],
				"rotation": [145.25, 0, 0],
				"cubes": [
					{"origin": [-4.375, 22.225, -4.425], "size": [0.325, 0.15, 0.675], "uv": [114, 123], "mirror": true}
				]
			},
			{
				"name": "bone480",
				"parent": "bone477",
				"pivot": [-4.2125, 22.875, -3.8],
				"rotation": [102.75, 0, 0],
				"cubes": [
					{"origin": [-4.375, 22.825, -4.575], "size": [0.325, 0.15, 0.55], "uv": [114, 123], "mirror": true}
				]
			},
			{
				"name": "bone481",
				"parent": "bone477",
				"pivot": [-4.2125, 22.875, -3.375],
				"rotation": [34.5, 0, 0],
				"cubes": [
					{"origin": [-4.375, 22.8, -3.9], "size": [0.325, 0.15, 0.5], "uv": [114, 123], "mirror": true}
				]
			},
			{
				"name": "bone482",
				"parent": "bone477",
				"pivot": [-4.2125, 22.75, -2.95],
				"rotation": [-10, 0, 0],
				"cubes": [
					{"origin": [-4.375, 22.675, -3.475], "size": [0.325, 0.15, 1.05], "uv": [114, 123], "mirror": true}
				]
			},
			{
				"name": "bone483",
				"parent": "bone467",
				"pivot": [-4.2125, 21.4, -1.575]
			},
			{
				"name": "bone484",
				"parent": "bone483",
				"pivot": [-4.2125, 21.4, -1.575],
				"rotation": [86.75, 0, 0],
				"cubes": [
					{"origin": [-4.375, 21.325, -2.95], "size": [0.325, 0.175, 1.4], "uv": [114, 123], "mirror": true}
				]
			},
			{
				"name": "bone485",
				"parent": "bone483",
				"pivot": [-4.2125, 22, -1.375],
				"rotation": [74.25, 0, 0],
				"cubes": [
					{"origin": [-4.375, 21.925, -2.125], "size": [0.325, 0.175, 0.775], "uv": [114, 123], "mirror": true}
				]
			},
			{
				"name": "bone486",
				"parent": "bone467",
				"pivot": [0.15, 0, 0],
				"cubes": [
					{"origin": [-4.525, 22.05, -1.55], "size": [0.625, 0.65, 0.65], "uv": [114, 123], "mirror": true}
				]
			},
			{
				"name": "bone466",
				"parent": "head",
				"pivot": [0, 18, 0]
			},
			{
				"name": "bone460",
				"parent": "bone466",
				"pivot": [4.2125, 21.4, -0.85]
			},
			{
				"name": "bone461",
				"parent": "bone460",
				"pivot": [4.2125, 21.4, -0.85],
				"rotation": [-86.75, 0, 0],
				"cubes": [
					{"origin": [4.05, 21.325, -0.875], "size": [0.325, 0.175, 1.4], "uv": [114, 123]}
				]
			},
			{
				"name": "bone462",
				"parent": "bone460",
				"pivot": [4.2125, 22, -1.05],
				"rotation": [-74.25, 0, 0],
				"cubes": [
					{"origin": [4.05, 21.925, -1.075], "size": [0.325, 0.175, 0.775], "uv": [114, 123]}
				]
			},
			{
				"name": "bone454",
				"parent": "bone466",
				"pivot": [0, 0, -1.45],
				"rotation": [3.25, 0, 0]
			},
			{
				"name": "bone455",
				"parent": "bone454",
				"pivot": [4.2125, 21.775, 1.275],
				"rotation": [172.25, 0, 0],
				"cubes": [
					{"origin": [4.05, 21.7, 1.75], "size": [0.325, 0.175, 1.025], "uv": [114, 123]}
				]
			},
			{
				"name": "bone456",
				"parent": "bone454",
				"pivot": [4.2125, 22.25, 1.3],
				"rotation": [-145.25, 0, 0],
				"cubes": [
					{"origin": [4.05, 22.225, 1.35], "size": [0.325, 0.15, 0.675], "uv": [114, 123]}
				]
			},
			{
				"name": "bone457",
				"parent": "bone454",
				"pivot": [4.2125, 22.875, 1.4],
				"rotation": [-102.75, 0, 0],
				"cubes": [
					{"origin": [4.05, 22.825, 1.625], "size": [0.325, 0.15, 0.55], "uv": [114, 123]}
				]
			},
			{
				"name": "bone458",
				"parent": "bone454",
				"pivot": [4.2125, 22.875, 0.975],
				"rotation": [-34.5, 0, 0],
				"cubes": [
					{"origin": [4.05, 22.8, 1], "size": [0.325, 0.15, 0.5], "uv": [114, 123]}
				]
			},
			{
				"name": "bone459",
				"parent": "bone454",
				"pivot": [4.2125, 22.75, 0.55],
				"rotation": [10, 0, 0],
				"cubes": [
					{"origin": [4.05, 22.675, 0.025], "size": [0.325, 0.15, 1.05], "uv": [114, 123]}
				]
			},
			{
				"name": "bone448",
				"parent": "bone466",
				"pivot": [0, 0, -0.95],
				"rotation": [-3.25, 0, 0]
			},
			{
				"name": "bone449",
				"parent": "bone448",
				"pivot": [4.2125, 21.775, -3.675],
				"rotation": [-172.25, 0, 0],
				"cubes": [
					{"origin": [4.05, 21.7, -5.175], "size": [0.325, 0.175, 1.025], "uv": [114, 123]}
				]
			},
			{
				"name": "bone450",
				"parent": "bone448",
				"pivot": [4.2125, 22.25, -3.7],
				"rotation": [145.25, 0, 0],
				"cubes": [
					{"origin": [4.05, 22.225, -4.425], "size": [0.325, 0.15, 0.675], "uv": [114, 123]}
				]
			},
			{
				"name": "bone451",
				"parent": "bone448",
				"pivot": [4.2125, 22.875, -3.8],
				"rotation": [102.75, 0, 0],
				"cubes": [
					{"origin": [4.05, 22.825, -4.575], "size": [0.325, 0.15, 0.55], "uv": [114, 123]}
				]
			},
			{
				"name": "bone452",
				"parent": "bone448",
				"pivot": [4.2125, 22.875, -3.375],
				"rotation": [34.5, 0, 0],
				"cubes": [
					{"origin": [4.05, 22.8, -3.9], "size": [0.325, 0.15, 0.5], "uv": [114, 123]}
				]
			},
			{
				"name": "bone453",
				"parent": "bone448",
				"pivot": [4.2125, 22.75, -2.95],
				"rotation": [-10, 0, 0],
				"cubes": [
					{"origin": [4.05, 22.675, -3.475], "size": [0.325, 0.15, 1.05], "uv": [114, 123]}
				]
			},
			{
				"name": "bone463",
				"parent": "bone466",
				"pivot": [4.2125, 21.4, -1.575]
			},
			{
				"name": "bone464",
				"parent": "bone463",
				"pivot": [4.2125, 21.4, -1.575],
				"rotation": [86.75, 0, 0],
				"cubes": [
					{"origin": [4.05, 21.325, -2.95], "size": [0.325, 0.175, 1.4], "uv": [114, 123]}
				]
			},
			{
				"name": "bone465",
				"parent": "bone463",
				"pivot": [4.2125, 22, -1.375],
				"rotation": [74.25, 0, 0],
				"cubes": [
					{"origin": [4.05, 21.925, -2.125], "size": [0.325, 0.175, 0.775], "uv": [114, 123]}
				]
			},
			{
				"name": "bone446",
				"parent": "bone466",
				"pivot": [-0.15, 0, 0],
				"cubes": [
					{"origin": [3.9, 22.05, -1.55], "size": [0.625, 0.65, 0.65], "uv": [114, 123]}
				]
			},
			{
				"name": "armLeft",
				"pivot": [3, 18, 0],
				"rotation": [0, 0, -12.5],
				"cubes": [
					{"origin": [3, 8.5, -1], "size": [2, 1, 2], "uv": [0, 40]},
					{"origin": [2.975, 9, -1.025], "size": [2.05, 2, 2.05], "uv": [35, 89]}
				]
			},
			{
				"name": "bone218",
				"parent": "armLeft",
				"pivot": [7.025, 28.75, 0]
			},
			{
				"name": "bone219",
				"parent": "bone218",
				"pivot": [4.025, 11.25, 0]
			},
			{
				"name": "bone220",
				"parent": "bone219",
				"pivot": [4.025, 11.25, 3.99935],
				"rotation": [5, 0, 0],
				"cubes": [
					{"origin": [3.275, 11.71388, 1.85528], "size": [1.5, 5.5, 0.05], "uv": [5, 110]}
				]
			},
			{
				"name": "bone221",
				"parent": "bone220",
				"pivot": [1.025, 11.21388, 3.99935],
				"rotation": [0, 0, 2.06972]
			},
			{
				"name": "bone222",
				"parent": "bone220",
				"pivot": [7.025, 11.21388, 3.99935],
				"rotation": [0, 0, -2.06972]
			},
			{
				"name": "bone223",
				"parent": "bone218",
				"pivot": [4.025, 11.25, 0],
				"rotation": [0, -45, 0]
			},
			{
				"name": "bone224",
				"parent": "bone223",
				"pivot": [4.025, 11.25, 3.99935],
				"rotation": [5, 0, 0],
				"cubes": [
					{"origin": [3.275, 11.71388, 1.85528], "size": [1.5, 5.5, 0.05], "uv": [5, 110]}
				]
			},
			{
				"name": "bone225",
				"parent": "bone224",
				"pivot": [1.025, 11.21388, 3.99935],
				"rotation": [0, 0, 2.06972]
			},
			{
				"name": "bone226",
				"parent": "bone224",
				"pivot": [7.025, 11.21388, 3.99935],
				"rotation": [0, 0, -2.06972]
			},
			{
				"name": "bone227",
				"parent": "bone218",
				"pivot": [4.025, 11.25, 0],
				"rotation": [0, -90, 0]
			},
			{
				"name": "bone228",
				"parent": "bone227",
				"pivot": [4.025, 11.25, 3.99935],
				"rotation": [5, 0, 0],
				"cubes": [
					{"origin": [3.275, 11.71388, 1.85528], "size": [1.5, 5.5, 0.05], "uv": [5, 110]}
				]
			},
			{
				"name": "bone229",
				"parent": "bone228",
				"pivot": [1.025, 11.21388, 3.99935],
				"rotation": [0, 0, 2.06972]
			},
			{
				"name": "bone230",
				"parent": "bone228",
				"pivot": [7.025, 11.21388, 3.99935],
				"rotation": [0, 0, -2.06972]
			},
			{
				"name": "bone231",
				"parent": "bone218",
				"pivot": [4.025, 11.25, 0],
				"rotation": [0, -135, 0]
			},
			{
				"name": "bone232",
				"parent": "bone231",
				"pivot": [4.025, 11.25, 3.99935],
				"rotation": [5, 0, 0],
				"cubes": [
					{"origin": [3.275, 11.71388, 1.85528], "size": [1.5, 5.5, 0.05], "uv": [5, 110]}
				]
			},
			{
				"name": "bone233",
				"parent": "bone232",
				"pivot": [1.025, 11.21388, 3.99935],
				"rotation": [0, 0, 2.06972]
			},
			{
				"name": "bone234",
				"parent": "bone232",
				"pivot": [7.025, 11.21388, 3.99935],
				"rotation": [0, 0, -2.06972]
			},
			{
				"name": "bone235",
				"parent": "bone218",
				"pivot": [4.025, 11.25, 0],
				"rotation": [0, -180, 0]
			},
			{
				"name": "bone236",
				"parent": "bone235",
				"pivot": [4.025, 11.25, 3.99935],
				"rotation": [5, 0, 0],
				"cubes": [
					{"origin": [3.275, 11.71388, 1.85528], "size": [1.5, 5.5, 0.05], "uv": [5, 110]}
				]
			},
			{
				"name": "bone237",
				"parent": "bone236",
				"pivot": [1.025, 11.21388, 3.99935],
				"rotation": [0, 0, 2.06972]
			},
			{
				"name": "bone238",
				"parent": "bone236",
				"pivot": [7.025, 11.21388, 3.99935],
				"rotation": [0, 0, -2.06972]
			},
			{
				"name": "bone239",
				"parent": "bone218",
				"pivot": [4.025, 11.25, 0],
				"rotation": [0, -225, 0]
			},
			{
				"name": "bone240",
				"parent": "bone239",
				"pivot": [4.025, 11.25, 3.99935],
				"rotation": [5, 0, 0],
				"cubes": [
					{"origin": [3.275, 11.71388, 1.85528], "size": [1.5, 5.5, 0.05], "uv": [5, 110]}
				]
			},
			{
				"name": "bone241",
				"parent": "bone240",
				"pivot": [1.025, 11.21388, 3.99935],
				"rotation": [0, 0, 2.06972]
			},
			{
				"name": "bone242",
				"parent": "bone240",
				"pivot": [7.025, 11.21388, 3.99935],
				"rotation": [0, 0, -2.06972]
			},
			{
				"name": "bone243",
				"parent": "bone218",
				"pivot": [4.025, 11.25, 0],
				"rotation": [0, -270, 0]
			},
			{
				"name": "bone244",
				"parent": "bone243",
				"pivot": [4.025, 11.25, 3.99935],
				"rotation": [5, 0, 0],
				"cubes": [
					{"origin": [3.275, 11.71388, 1.85528], "size": [1.5, 5.5, 0.05], "uv": [5, 110]}
				]
			},
			{
				"name": "bone245",
				"parent": "bone244",
				"pivot": [1.025, 11.21388, 3.99935],
				"rotation": [0, 0, 2.06972]
			},
			{
				"name": "bone246",
				"parent": "bone244",
				"pivot": [7.025, 11.21388, 3.99935],
				"rotation": [0, 0, -2.06972]
			},
			{
				"name": "bone247",
				"parent": "bone218",
				"pivot": [4.025, 11.25, 0],
				"rotation": [0, -315, 0]
			},
			{
				"name": "bone248",
				"parent": "bone247",
				"pivot": [4.025, 11.25, 3.99935],
				"rotation": [5, 0, 0],
				"cubes": [
					{"origin": [3.275, 11.71388, 1.85528], "size": [1.5, 5.5, 0.05], "uv": [5, 110]}
				]
			},
			{
				"name": "bone249",
				"parent": "bone248",
				"pivot": [1.025, 11.21388, 3.99935],
				"rotation": [0, 0, 2.06972]
			},
			{
				"name": "bone250",
				"parent": "bone248",
				"pivot": [7.025, 11.21388, 3.99935],
				"rotation": [0, 0, -2.06972]
			},
			{
				"name": "bone251",
				"parent": "armLeft",
				"pivot": [4, 8.075, 0],
				"rotation": [0, 0, -180]
			},
			{
				"name": "bone252",
				"parent": "bone251",
				"pivot": [4, 4.15, 0],
				"rotation": [20, 0, 0]
			},
			{
				"name": "bone253",
				"parent": "bone252",
				"pivot": [4, 3.825, 3.99935],
				"rotation": [-2.5, 0, 0],
				"cubes": [
					{"origin": [3.25, 3.78888, 1.85528], "size": [1.5, 2, 0.05], "uv": [5, 110]}
				]
			},
			{
				"name": "bone255",
				"parent": "bone253",
				"pivot": [7, 3.78888, 3.99935],
				"rotation": [0, 0, -2.06972]
			},
			{
				"name": "bone256",
				"parent": "bone251",
				"pivot": [4, 4.575, 0],
				"rotation": [0, -45, 0]
			},
			{
				"name": "bone257",
				"parent": "bone256",
				"pivot": [3.95, 5.275, 3.84935],
				"rotation": [12.75, 0, 0],
				"cubes": [
					{"origin": [3.25, 5.11388, 1.70528], "size": [1.4, 1.975, 0.05], "uv": [5, 110]}
				]
			},
			{
				"name": "bone259",
				"parent": "bone257",
				"pivot": [6.95, 5.23888, 3.84935],
				"rotation": [0, 0, -2.06972]
			},
			{
				"name": "bone260",
				"parent": "bone251",
				"pivot": [4, 4.575, 0],
				"rotation": [0, -90, 0]
			},
			{
				"name": "bone261",
				"parent": "bone260",
				"pivot": [4, 5.4, 3.92435],
				"rotation": [20, 0, 0],
				"cubes": [
					{"origin": [3.25, 5.36388, 1.78028], "size": [1.525, 2, 0.05], "uv": [5, 110]}
				]
			},
			{
				"name": "bone264",
				"parent": "bone251",
				"pivot": [4, 4.575, 0],
				"rotation": [0, -135, 0]
			},
			{
				"name": "bone265",
				"parent": "bone264",
				"pivot": [4, 5.175, 3.97435],
				"rotation": [15, 0, 0],
				"cubes": [
					{"origin": [3.4, 5.13888, 1.83028], "size": [1.375, 2, 0.05], "uv": [5, 110]}
				]
			},
			{
				"name": "bone266",
				"parent": "bone265",
				"pivot": [1, 5.13888, 3.97435],
				"rotation": [0, 0, 2.06972]
			},
			{
				"name": "bone268",
				"parent": "bone251",
				"pivot": [4, 4.5, 0.05],
				"rotation": [-170, 0, 180]
			},
			{
				"name": "bone269",
				"parent": "bone268",
				"pivot": [4, 4.5, 4.04935],
				"rotation": [5, 0, 0],
				"cubes": [
					{"origin": [3.1, 4.46388, 1.90528], "size": [1.7, 2, 0.05], "uv": [5, 110]}
				]
			},
			{
				"name": "bone270",
				"parent": "bone269",
				"pivot": [1, 4.46388, 4.04935],
				"rotation": [0, 0, 2.06972]
			},
			{
				"name": "bone272",
				"parent": "bone251",
				"pivot": [4.05, 4.225, -0.1],
				"rotation": [-162.5, 45, 180]
			},
			{
				"name": "bone273",
				"parent": "bone272",
				"pivot": [4.05, 3.975, 3.89935],
				"rotation": [-2.5, 0, 0],
				"cubes": [
					{"origin": [3.55, 3.93888, 1.75528], "size": [1.125, 2, 0.05], "uv": [5, 110]}
				]
			},
			{
				"name": "bone276",
				"parent": "bone251",
				"pivot": [3.75, 4.575, 0],
				"rotation": [0, 90, -7.5]
			},
			{
				"name": "bone277",
				"parent": "bone276",
				"pivot": [3.75, 4.575, 3.99935],
				"rotation": [5, 0, 0],
				"cubes": [
					{"origin": [3, 4.53888, 1.85528], "size": [1.5, 2, 0.05], "uv": [5, 110]}
				]
			},
			{
				"name": "bone278",
				"parent": "bone277",
				"pivot": [0.75, 4.53888, 3.99935],
				"rotation": [0, 0, 2.06972]
			},
			{
				"name": "bone279",
				"parent": "bone277",
				"pivot": [6.75, 4.53888, 3.99935],
				"rotation": [0, 0, -2.06972]
			},
			{
				"name": "bone280",
				"parent": "bone251",
				"pivot": [3.95, 4.5, -0.1],
				"rotation": [10, 45, 0]
			},
			{
				"name": "bone281",
				"parent": "bone280",
				"pivot": [3.95, 4.4, 3.89935],
				"rotation": [2.75, 0, 0],
				"cubes": [
					{"origin": [3.2, 4.36388, 1.75528], "size": [1.5, 2, 0.05], "uv": [5, 110]}
				]
			},
			{
				"name": "bone282",
				"parent": "bone281",
				"pivot": [0.95, 4.36388, 3.89935],
				"rotation": [0, 0, 2.06972]
			},
			{
				"name": "bone283",
				"parent": "bone281",
				"pivot": [6.95, 4.36388, 3.89935],
				"rotation": [0, 0, -2.06972]
			},
			{
				"name": "bone275",
				"parent": "armLeft",
				"pivot": [6.925, 35.05, 0]
			},
			{
				"name": "bone284",
				"parent": "bone275",
				"pivot": [3.925, 17.05, 0],
				"cubes": [
					{"origin": [2.925, 17.05, 0.01421], "size": [2, 0, 1.4], "uv": [11, 116]}
				]
			},
			{
				"name": "bone285",
				"parent": "bone275",
				"pivot": [3.925, 17.05, 0],
				"rotation": [0, -45, 0]
			},
			{
				"name": "bone286",
				"parent": "bone275",
				"pivot": [3.925, 17.05, 0],
				"rotation": [0, -90, 0],
				"cubes": [
					{"origin": [2.925, 17.05, 0.01421], "size": [2, 0, 1.4], "uv": [11, 116]}
				]
			},
			{
				"name": "bone287",
				"parent": "bone275",
				"pivot": [3.925, 17.05, 0],
				"rotation": [0, -135, 0]
			},
			{
				"name": "bone288",
				"parent": "bone275",
				"pivot": [3.925, 17.05, 0],
				"rotation": [0, -180, 0],
				"cubes": [
					{"origin": [2.925, 17.05, 0.01421], "size": [2, 0, 1.4], "uv": [11, 116]}
				]
			},
			{
				"name": "bone289",
				"parent": "bone275",
				"pivot": [3.925, 17.05, 0],
				"rotation": [0, -225, 0]
			},
			{
				"name": "bone290",
				"parent": "bone275",
				"pivot": [3.925, 17.05, 0],
				"rotation": [0, -270, 0],
				"cubes": [
					{"origin": [2.925, 17.05, 0.01421], "size": [2, 0, 1.4], "uv": [11, 116]}
				]
			},
			{
				"name": "bone291",
				"parent": "bone275",
				"pivot": [3.925, 17.05, 0],
				"rotation": [0, -315, 0]
			},
			{
				"name": "bone345",
				"parent": "armLeft",
				"pivot": [4.225, 14.025, 0],
				"rotation": [0, 0, 25]
			},
			{
				"name": "bone346",
				"parent": "bone345",
				"pivot": [4.225, 14.025, 0],
				"cubes": [
					{"origin": [2.875, 14.275, 1.73867], "size": [1.7, 0.5, 0.05], "uv": [100, 125]}
				]
			},
			{
				"name": "bone347",
				"parent": "bone345",
				"pivot": [4.225, 14.025, 0],
				"rotation": [0, -22.5, 0]
			},
			{
				"name": "bone348",
				"parent": "bone345",
				"pivot": [4.225, 14.025, 0],
				"rotation": [0, -45, 0]
			},
			{
				"name": "bone349",
				"parent": "bone345",
				"pivot": [4.225, 14.025, 0],
				"rotation": [0, -67.5, 0]
			},
			{
				"name": "bone350",
				"parent": "bone345",
				"pivot": [4.225, 14.025, 0],
				"rotation": [0, -90, 0]
			},
			{
				"name": "bone351",
				"parent": "bone345",
				"pivot": [4.225, 14.025, 0],
				"rotation": [0, -112.5, 0]
			},
			{
				"name": "bone352",
				"parent": "bone345",
				"pivot": [4.225, 14.025, 0],
				"rotation": [0, -135, 0]
			},
			{
				"name": "bone353",
				"parent": "bone345",
				"pivot": [4.225, 14.025, 0],
				"rotation": [0, -157.5, 0]
			},
			{
				"name": "bone354",
				"parent": "bone345",
				"pivot": [4.225, 14.025, 0],
				"rotation": [0, -180, 0],
				"cubes": [
					{"origin": [3.875, 14.275, 1.73867], "size": [1.7, 0.5, 0.05], "uv": [100, 125]}
				]
			},
			{
				"name": "bone355",
				"parent": "bone345",
				"pivot": [4.225, 14.025, 0],
				"rotation": [0, -202.5, 0],
				"cubes": [
					{"origin": [3.875, 14.275, 1.73867], "size": [0.7, 0.5, 0.05], "uv": [100, 125]}
				]
			},
			{
				"name": "bone356",
				"parent": "bone345",
				"pivot": [4.225, 14.025, 0],
				"rotation": [0, -225, 0],
				"cubes": [
					{"origin": [3.875, 14.275, 1.73867], "size": [0.7, 0.5, 0.05], "uv": [100, 125]}
				]
			},
			{
				"name": "bone357",
				"parent": "bone345",
				"pivot": [4.225, 14.025, 0],
				"rotation": [0, -247.5, 0],
				"cubes": [
					{"origin": [3.875, 14.275, 1.73867], "size": [0.7, 0.5, 0.05], "uv": [100, 125]}
				]
			},
			{
				"name": "bone358",
				"parent": "bone345",
				"pivot": [4.225, 14.025, 0],
				"rotation": [0, -270, 0],
				"cubes": [
					{"origin": [3.875, 14.275, 1.73867], "size": [0.7, 0.5, 0.05], "uv": [100, 125]}
				]
			},
			{
				"name": "bone359",
				"parent": "bone345",
				"pivot": [4.225, 14.025, 0],
				"rotation": [0, -292.5, 0],
				"cubes": [
					{"origin": [3.875, 14.275, 1.73867], "size": [0.7, 0.5, 0.05], "uv": [100, 125]}
				]
			},
			{
				"name": "bone360",
				"parent": "bone345",
				"pivot": [4.225, 14.025, 0],
				"rotation": [0, -315, 0],
				"cubes": [
					{"origin": [3.875, 14.275, 1.73867], "size": [0.7, 0.5, 0.05], "uv": [100, 125]}
				]
			},
			{
				"name": "bone361",
				"parent": "bone345",
				"pivot": [4.225, 14.025, 0],
				"rotation": [0, -337.5, 0],
				"cubes": [
					{"origin": [3.875, 14.275, 1.73867], "size": [0.7, 0.5, 0.05], "uv": [100, 125]}
				]
			},
			{
				"name": "armRight",
				"pivot": [-3, 18, 0],
				"rotation": [0, 0, 12.5],
				"cubes": [
					{"origin": [-5, 8.5, -1], "size": [2, 1, 2], "uv": [0, 40], "mirror": true},
					{"origin": [-5.025, 9, -1.025], "size": [2.05, 2, 2.05], "uv": [35, 89], "mirror": true}
				]
			},
			{
				"name": "bone362",
				"parent": "armRight",
				"pivot": [-7.025, 28.75, 0]
			},
			{
				"name": "bone363",
				"parent": "bone362",
				"pivot": [-4.025, 11.25, 0]
			},
			{
				"name": "bone364",
				"parent": "bone363",
				"pivot": [-4.025, 11.25, 3.99935],
				"rotation": [5, 0, 0],
				"cubes": [
					{"origin": [-4.775, 11.71388, 1.85528], "size": [1.5, 5.5, 0.05], "uv": [5, 110], "mirror": true}
				]
			},
			{
				"name": "bone365",
				"parent": "bone364",
				"pivot": [-1.025, 11.21388, 3.99935],
				"rotation": [0, 0, -2.06972]
			},
			{
				"name": "bone366",
				"parent": "bone364",
				"pivot": [-7.025, 11.21388, 3.99935],
				"rotation": [0, 0, 2.06972]
			},
			{
				"name": "bone367",
				"parent": "bone362",
				"pivot": [-4.025, 11.25, 0],
				"rotation": [0, 45, 0]
			},
			{
				"name": "bone368",
				"parent": "bone367",
				"pivot": [-4.025, 11.25, 3.99935],
				"rotation": [5, 0, 0],
				"cubes": [
					{"origin": [-4.775, 11.71388, 1.85528], "size": [1.5, 5.5, 0.05], "uv": [5, 110], "mirror": true}
				]
			},
			{
				"name": "bone369",
				"parent": "bone368",
				"pivot": [-1.025, 11.21388, 3.99935],
				"rotation": [0, 0, -2.06972]
			},
			{
				"name": "bone370",
				"parent": "bone368",
				"pivot": [-7.025, 11.21388, 3.99935],
				"rotation": [0, 0, 2.06972]
			},
			{
				"name": "bone371",
				"parent": "bone362",
				"pivot": [-4.025, 11.25, 0],
				"rotation": [0, 90, 0]
			},
			{
				"name": "bone372",
				"parent": "bone371",
				"pivot": [-4.025, 11.25, 3.99935],
				"rotation": [5, 0, 0],
				"cubes": [
					{"origin": [-4.775, 11.71388, 1.85528], "size": [1.5, 5.5, 0.05], "uv": [5, 110], "mirror": true}
				]
			},
			{
				"name": "bone373",
				"parent": "bone372",
				"pivot": [-1.025, 11.21388, 3.99935],
				"rotation": [0, 0, -2.06972]
			},
			{
				"name": "bone374",
				"parent": "bone372",
				"pivot": [-7.025, 11.21388, 3.99935],
				"rotation": [0, 0, 2.06972]
			},
			{
				"name": "bone375",
				"parent": "bone362",
				"pivot": [-4.025, 11.25, 0],
				"rotation": [0, 135, 0]
			},
			{
				"name": "bone376",
				"parent": "bone375",
				"pivot": [-4.025, 11.25, 3.99935],
				"rotation": [5, 0, 0],
				"cubes": [
					{"origin": [-4.775, 11.71388, 1.85528], "size": [1.5, 5.5, 0.05], "uv": [5, 110], "mirror": true}
				]
			},
			{
				"name": "bone377",
				"parent": "bone376",
				"pivot": [-1.025, 11.21388, 3.99935],
				"rotation": [0, 0, -2.06972]
			},
			{
				"name": "bone378",
				"parent": "bone376",
				"pivot": [-7.025, 11.21388, 3.99935],
				"rotation": [0, 0, 2.06972]
			},
			{
				"name": "bone379",
				"parent": "bone362",
				"pivot": [-4.025, 11.25, 0],
				"rotation": [0, 180, 0]
			},
			{
				"name": "bone380",
				"parent": "bone379",
				"pivot": [-4.025, 11.25, 3.99935],
				"rotation": [5, 0, 0],
				"cubes": [
					{"origin": [-4.775, 11.71388, 1.85528], "size": [1.5, 5.5, 0.05], "uv": [5, 110], "mirror": true}
				]
			},
			{
				"name": "bone381",
				"parent": "bone380",
				"pivot": [-1.025, 11.21388, 3.99935],
				"rotation": [0, 0, -2.06972]
			},
			{
				"name": "bone382",
				"parent": "bone380",
				"pivot": [-7.025, 11.21388, 3.99935],
				"rotation": [0, 0, 2.06972]
			},
			{
				"name": "bone383",
				"parent": "bone362",
				"pivot": [-4.025, 11.25, 0],
				"rotation": [0, 225, 0]
			},
			{
				"name": "bone384",
				"parent": "bone383",
				"pivot": [-4.025, 11.25, 3.99935],
				"rotation": [5, 0, 0],
				"cubes": [
					{"origin": [-4.775, 11.71388, 1.85528], "size": [1.5, 5.5, 0.05], "uv": [5, 110], "mirror": true}
				]
			},
			{
				"name": "bone385",
				"parent": "bone384",
				"pivot": [-1.025, 11.21388, 3.99935],
				"rotation": [0, 0, -2.06972]
			},
			{
				"name": "bone386",
				"parent": "bone384",
				"pivot": [-7.025, 11.21388, 3.99935],
				"rotation": [0, 0, 2.06972]
			},
			{
				"name": "bone387",
				"parent": "bone362",
				"pivot": [-4.025, 11.25, 0],
				"rotation": [0, 270, 0]
			},
			{
				"name": "bone388",
				"parent": "bone387",
				"pivot": [-4.025, 11.25, 3.99935],
				"rotation": [5, 0, 0],
				"cubes": [
					{"origin": [-4.775, 11.71388, 1.85528], "size": [1.5, 5.5, 0.05], "uv": [5, 110], "mirror": true}
				]
			},
			{
				"name": "bone389",
				"parent": "bone388",
				"pivot": [-1.025, 11.21388, 3.99935],
				"rotation": [0, 0, -2.06972]
			},
			{
				"name": "bone390",
				"parent": "bone388",
				"pivot": [-7.025, 11.21388, 3.99935],
				"rotation": [0, 0, 2.06972]
			},
			{
				"name": "bone391",
				"parent": "bone362",
				"pivot": [-4.025, 11.25, 0],
				"rotation": [0, 315, 0]
			},
			{
				"name": "bone392",
				"parent": "bone391",
				"pivot": [-4.025, 11.25, 3.99935],
				"rotation": [5, 0, 0],
				"cubes": [
					{"origin": [-4.775, 11.71388, 1.85528], "size": [1.5, 5.5, 0.05], "uv": [5, 110], "mirror": true}
				]
			},
			{
				"name": "bone393",
				"parent": "bone392",
				"pivot": [-1.025, 11.21388, 3.99935],
				"rotation": [0, 0, -2.06972]
			},
			{
				"name": "bone394",
				"parent": "bone392",
				"pivot": [-7.025, 11.21388, 3.99935],
				"rotation": [0, 0, 2.06972]
			},
			{
				"name": "bone395",
				"parent": "armRight",
				"pivot": [-4, 8.075, 0],
				"rotation": [0, 0, 180]
			},
			{
				"name": "bone396",
				"parent": "bone395",
				"pivot": [-4, 4.15, 0],
				"rotation": [20, 0, 0]
			},
			{
				"name": "bone397",
				"parent": "bone396",
				"pivot": [-4, 3.825, 3.99935],
				"rotation": [-2.5, 0, 0],
				"cubes": [
					{"origin": [-4.75, 3.78888, 1.88028], "size": [1.5, 2, 0], "uv": [5, 110], "mirror": true}
				]
			},
			{
				"name": "bone398",
				"parent": "bone397",
				"pivot": [-7, 3.78888, 3.99935],
				"rotation": [0, 0, 2.06972]
			},
			{
				"name": "bone399",
				"parent": "bone395",
				"pivot": [-4, 4.575, 0],
				"rotation": [0, 45, 0]
			},
			{
				"name": "bone400",
				"parent": "bone399",
				"pivot": [-3.95, 5.275, 3.84935],
				"rotation": [12.75, 0, 0],
				"cubes": [
					{"origin": [-4.65, 5.11388, 1.73028], "size": [1.4, 1.975, 0], "uv": [5, 110], "mirror": true}
				]
			},
			{
				"name": "bone401",
				"parent": "bone400",
				"pivot": [-6.95, 5.23888, 3.84935],
				"rotation": [0, 0, 2.06972]
			},
			{
				"name": "bone402",
				"parent": "bone395",
				"pivot": [-4, 4.575, 0],
				"rotation": [0, 90, 0]
			},
			{
				"name": "bone403",
				"parent": "bone402",
				"pivot": [-4, 5.4, 3.92435],
				"rotation": [20, 0, 0],
				"cubes": [
					{"origin": [-4.775, 5.36388, 1.80528], "size": [1.525, 2, 0], "uv": [5, 110], "mirror": true}
				]
			},
			{
				"name": "bone404",
				"parent": "bone395",
				"pivot": [-4, 4.575, 0],
				"rotation": [0, 135, 0]
			},
			{
				"name": "bone405",
				"parent": "bone404",
				"pivot": [-4, 5.175, 3.97435],
				"rotation": [15, 0, 0],
				"cubes": [
					{"origin": [-4.775, 5.13888, 1.85528], "size": [1.375, 2, 0], "uv": [5, 110], "mirror": true}
				]
			},
			{
				"name": "bone406",
				"parent": "bone405",
				"pivot": [-1, 5.13888, 3.97435],
				"rotation": [0, 0, -2.06972]
			},
			{
				"name": "bone407",
				"parent": "bone395",
				"pivot": [-4, 4.5, 0.05],
				"rotation": [-170, 0, -180]
			},
			{
				"name": "bone408",
				"parent": "bone407",
				"pivot": [-4, 4.5, 4.04935],
				"rotation": [5, 0, 0],
				"cubes": [
					{"origin": [-4.8, 4.46388, 1.93028], "size": [1.7, 2, 0], "uv": [5, 110], "mirror": true}
				]
			},
			{
				"name": "bone409",
				"parent": "bone408",
				"pivot": [-1, 4.46388, 4.04935],
				"rotation": [0, 0, -2.06972]
			},
			{
				"name": "bone410",
				"parent": "bone395",
				"pivot": [-4.05, 4.225, -0.1],
				"rotation": [-162.5, -45, -180]
			},
			{
				"name": "bone411",
				"parent": "bone410",
				"pivot": [-4.05, 3.975, 3.89935],
				"rotation": [-2.5, 0, 0],
				"cubes": [
					{"origin": [-4.675, 3.93888, 1.78028], "size": [1.125, 2, 0], "uv": [5, 110], "mirror": true}
				]
			},
			{
				"name": "bone412",
				"parent": "bone395",
				"pivot": [-3.75, 4.575, 0],
				"rotation": [0, -90, 7.5]
			},
			{
				"name": "bone413",
				"parent": "bone412",
				"pivot": [-3.75, 4.575, 3.99935],
				"rotation": [5, 0, 0],
				"cubes": [
					{"origin": [-4.5, 4.53888, 1.88028], "size": [1.5, 2, 0], "uv": [5, 110], "mirror": true}
				]
			},
			{
				"name": "bone414",
				"parent": "bone413",
				"pivot": [-0.75, 4.53888, 3.99935],
				"rotation": [0, 0, -2.06972]
			},
			{
				"name": "bone415",
				"parent": "bone413",
				"pivot": [-6.75, 4.53888, 3.99935],
				"rotation": [0, 0, 2.06972]
			},
			{
				"name": "bone416",
				"parent": "bone395",
				"pivot": [-3.95, 4.5, -0.1],
				"rotation": [10, -45, 0]
			},
			{
				"name": "bone417",
				"parent": "bone416",
				"pivot": [-3.95, 4.4, 3.89935],
				"rotation": [2.75, 0, 0],
				"cubes": [
					{"origin": [-4.7, 4.36388, 1.78028], "size": [1.5, 2, 0], "uv": [5, 110], "mirror": true}
				]
			},
			{
				"name": "bone418",
				"parent": "bone417",
				"pivot": [-0.95, 4.36388, 3.89935],
				"rotation": [0, 0, -2.06972]
			},
			{
				"name": "bone419",
				"parent": "bone417",
				"pivot": [-6.95, 4.36388, 3.89935],
				"rotation": [0, 0, 2.06972]
			},
			{
				"name": "bone420",
				"parent": "armRight",
				"pivot": [-6.925, 35.05, 0]
			},
			{
				"name": "bone421",
				"parent": "bone420",
				"pivot": [-3.925, 17.05, 0],
				"cubes": [
					{"origin": [-4.925, 17.05, 0.01421], "size": [2, 0, 1.4], "uv": [11, 116], "mirror": true}
				]
			},
			{
				"name": "bone422",
				"parent": "bone420",
				"pivot": [-3.925, 17.05, 0],
				"rotation": [0, 45, 0]
			},
			{
				"name": "bone423",
				"parent": "bone420",
				"pivot": [-3.925, 17.05, 0],
				"rotation": [0, 90, 0],
				"cubes": [
					{"origin": [-4.925, 17.05, 0.01421], "size": [2, 0, 1.4], "uv": [11, 116], "mirror": true}
				]
			},
			{
				"name": "bone424",
				"parent": "bone420",
				"pivot": [-3.925, 17.05, 0],
				"rotation": [0, 135, 0]
			},
			{
				"name": "bone425",
				"parent": "bone420",
				"pivot": [-3.925, 17.05, 0],
				"rotation": [0, 180, 0],
				"cubes": [
					{"origin": [-4.925, 17.05, 0.01421], "size": [2, 0, 1.4], "uv": [11, 116], "mirror": true}
				]
			},
			{
				"name": "bone426",
				"parent": "bone420",
				"pivot": [-3.925, 17.05, 0],
				"rotation": [0, 225, 0]
			},
			{
				"name": "bone427",
				"parent": "bone420",
				"pivot": [-3.925, 17.05, 0],
				"rotation": [0, 270, 0],
				"cubes": [
					{"origin": [-4.925, 17.05, 0.01421], "size": [2, 0, 1.4], "uv": [11, 116], "mirror": true}
				]
			},
			{
				"name": "bone428",
				"parent": "bone420",
				"pivot": [-3.925, 17.05, 0],
				"rotation": [0, 315, 0]
			},
			{
				"name": "bone429",
				"parent": "armRight",
				"pivot": [-4.225, 14.025, 0],
				"rotation": [0, 0, -25]
			},
			{
				"name": "bone430",
				"parent": "bone429",
				"pivot": [-4.225, 14.025, 0],
				"cubes": [
					{"origin": [-4.575, 14.275, 1.78867], "size": [1.7, 0.5, -0.05], "uv": [100, 125], "mirror": true}
				]
			},
			{
				"name": "bone438",
				"parent": "bone429",
				"pivot": [-4.225, 14.025, 0],
				"rotation": [0, 180, 0],
				"cubes": [
					{"origin": [-5.575, 14.275, 1.78867], "size": [1.7, 0.5, -0.05], "uv": [100, 125], "mirror": true}
				]
			},
			{
				"name": "bone439",
				"parent": "bone429",
				"pivot": [-4.225, 14.025, 0],
				"rotation": [0, 202.5, 0],
				"cubes": [
					{"origin": [-4.575, 14.275, 1.78867], "size": [0.7, 0.5, -0.05], "uv": [100, 125], "mirror": true}
				]
			},
			{
				"name": "bone440",
				"parent": "bone429",
				"pivot": [-4.225, 14.025, 0],
				"rotation": [0, 225, 0],
				"cubes": [
					{"origin": [-4.575, 14.275, 1.78867], "size": [0.7, 0.5, -0.05], "uv": [100, 125], "mirror": true}
				]
			},
			{
				"name": "bone441",
				"parent": "bone429",
				"pivot": [-4.225, 14.025, 0],
				"rotation": [0, 247.5, 0],
				"cubes": [
					{"origin": [-4.575, 14.275, 1.78867], "size": [0.7, 0.5, -0.05], "uv": [100, 125], "mirror": true}
				]
			},
			{
				"name": "bone442",
				"parent": "bone429",
				"pivot": [-4.225, 14.025, 0],
				"rotation": [0, 270, 0],
				"cubes": [
					{"origin": [-4.575, 14.275, 1.78867], "size": [0.7, 0.5, -0.05], "uv": [100, 125], "mirror": true}
				]
			},
			{
				"name": "bone443",
				"parent": "bone429",
				"pivot": [-4.225, 14.025, 0],
				"rotation": [0, 292.5, 0],
				"cubes": [
					{"origin": [-4.575, 14.275, 1.78867], "size": [0.7, 0.5, -0.05], "uv": [100, 125], "mirror": true}
				]
			},
			{
				"name": "bone444",
				"parent": "bone429",
				"pivot": [-4.225, 14.025, 0],
				"rotation": [0, 315, 0],
				"cubes": [
					{"origin": [-4.575, 14.275, 1.78867], "size": [0.7, 0.5, -0.05], "uv": [100, 125], "mirror": true}
				]
			},
			{
				"name": "bone445",
				"parent": "bone429",
				"pivot": [-4.225, 14.025, 0],
				"rotation": [0, 337.5, 0],
				"cubes": [
					{"origin": [-4.575, 14.275, 1.78867], "size": [0.7, 0.5, -0.05], "uv": [100, 125], "mirror": true}
				]
			},
			{
				"name": "legLeft",
				"pivot": [2, 9, 0],
				"cubes": [
					{"origin": [0.249, 0, -1.5], "size": [3, 9, 3], "uv": [25, 37]},
					{"origin": [0.174, -0.25, -1.625], "size": [3.15, 2.5, 3.25], "uv": [113, 99], "mirror": true}
				]
			},
			{
				"name": "legRight",
				"pivot": [-2, 9, 0],
				"cubes": [
					{"origin": [-3.249, 0, -1.5], "size": [3, 9, 3], "uv": [13, 37]},
					{"origin": [-3.324, -0.25, -1.625], "size": [3.15, 2.5, 3.25], "uv": [113, 99]}
				]
			},
			{
				"name": "body",
				"pivot": [0, 0, 0]
			},
			{
				"name": "bone274",
				"parent": "body",
				"pivot": [0, 0, 0],
				"rotation": [0, 45, 0],
				"cubes": [
					{"origin": [-1.25, 9, -2.95], "size": [2.5, 9, 0.05], "uv": [33, 27]}
				]
			},
			{
				"name": "bone267",
				"parent": "body",
				"pivot": [0, 0, 0],
				"rotation": [0, 135, 0],
				"cubes": [
					{"origin": [-1.25, 9, -2.95], "size": [2.5, 9, 0.05], "uv": [32, 27]}
				]
			},
			{
				"name": "bone271",
				"parent": "body",
				"pivot": [0, 0, 0],
				"rotation": [0, 90, 0],
				"cubes": [
					{"origin": [-1.25, 9, -2.95], "size": [2.5, 9, 0.05], "uv": [32, 27]}
				]
			},
			{
				"name": "bone263",
				"parent": "body",
				"pivot": [0, 0, 0],
				"rotation": [0, 180, 0],
				"cubes": [
					{"origin": [-1.25, 9, -2.95], "size": [2.5, 9, 0.05], "uv": [33, 26]}
				]
			},
			{
				"name": "bone262",
				"parent": "body",
				"pivot": [0, 0, 0],
				"rotation": [0, -135, 0],
				"cubes": [
					{"origin": [-1.25, 9, -2.95], "size": [2.5, 9, 0.05], "uv": [32, 26]}
				]
			},
			{
				"name": "bone258",
				"parent": "body",
				"pivot": [0, 0, 0],
				"rotation": [0, -90, 0],
				"cubes": [
					{"origin": [-1.25, 9, -2.95], "size": [2.5, 9, 0.05], "uv": [33, 26]}
				]
			},
			{
				"name": "bone254",
				"parent": "body",
				"pivot": [0, 0, 0],
				"rotation": [0, -45, 0],
				"cubes": [
					{"origin": [-1.25, 9, -2.95], "size": [2.5, 9, 0.05], "uv": [33, 27]}
				]
			},
			{
				"name": "bone216",
				"parent": "body",
				"pivot": [0, 0, 0]
			},
			{
				"name": "bone34",
				"parent": "bone216",
				"pivot": [0, 13, 0]
			},
			{
				"name": "bone35",
				"parent": "bone34",
				"pivot": [0, 13, 0],
				"rotation": [-2.5, 0, 0]
			},
			{
				"name": "bone36",
				"parent": "bone35",
				"pivot": [0, 13.25, 4.47051],
				"rotation": [10, 0, 0],
				"cubes": [
					{"origin": [0, 11.65782, 3.69551], "size": [2, 6.75, 0.05], "uv": [4, 104]}
				]
			},
			{
				"name": "bone38",
				"parent": "bone36",
				"pivot": [2.25, 12.90782, 4.47051],
				"rotation": [0, 0, -4.85108],
				"cubes": [
					{"origin": [2, 11.65782, 3.69651], "size": [0.725, 6.75, 0.05], "uv": [4, 104]}
				]
			},
			{
				"name": "bone43",
				"parent": "bone34",
				"pivot": [0, 13, 0],
				"rotation": [0, -180, 0]
			},
			{
				"name": "bone44",
				"parent": "bone43",
				"pivot": [0, 13, 4.47051],
				"rotation": [10, 0, 0]
			},
			{
				"name": "bone294",
				"parent": "bone44",
				"pivot": [-1.375, 14.82032, 4.09451],
				"rotation": [3.52715, 19.69907, 0.21365]
			},
			{
				"name": "bone297",
				"parent": "bone44",
				"pivot": [0.6, 14.92032, 3.86951]
			},
			{
				"name": "bone298",
				"parent": "bone297",
				"pivot": [0.6, 14.92032, 3.86951],
				"rotation": [-2.74631, -19.50362, 48.06518]
			},
			{
				"name": "bone299",
				"parent": "bone297",
				"pivot": [1.275, 15.44532, 3.96951],
				"rotation": [7.00029, -5.50403, 12.27188],
				"cubes": [
					{"origin": [0.675, 16.50782, 3.91951], "size": [0.8, 1.5, 0.05], "uv": [123, 117], "mirror": true}
				]
			},
			{
				"name": "bone300",
				"parent": "bone297",
				"pivot": [0.325, 14.82032, 3.76951],
				"rotation": [1.11987, -7.65706, 36.63616],
				"cubes": [
					{"origin": [-0.175, 14.40782, 3.84451], "size": [0.7, 2.275, 0.05], "uv": [111, 116], "mirror": true}
				]
			},
			{
				"name": "bone296",
				"parent": "bone44",
				"pivot": [-0.6, 14.92032, 3.86951]
			},
			{
				"name": "bone295",
				"parent": "bone296",
				"pivot": [-0.6, 14.92032, 3.86951],
				"rotation": [-2.74631, 19.50362, -48.06518],
				"cubes": [
					{"origin": [-0.825, 14.13282, 3.94451], "size": [0.75, 1.05, 0.225], "uv": [111, 116]}
				]
			},
			{
				"name": "bone293",
				"parent": "bone296",
				"pivot": [-1.275, 15.44532, 4.04451],
				"rotation": [7.41231, 19.89079, -10.41226],
				"cubes": [
					{"origin": [-1.475, 16.58282, 3.99451], "size": [0.8, 1.425, 0.225], "uv": [123, 117]}
				]
			},
			{
				"name": "bone292",
				"parent": "bone296",
				"pivot": [-0.525, 14.82032, 3.86951],
				"rotation": [4.3577, 19.21896, -26.85496],
				"cubes": [
					{"origin": [-0.85, 15.10782, 3.94451], "size": [0.8, 1.575, 0.225], "uv": [111, 116]}
				]
			},
			{
				"name": "bone57",
				"parent": "bone44",
				"pivot": [-1.475, 15.15782, 4.47051],
				"rotation": [0, 0, -10.14892]
			},
			{
				"name": "bone97",
				"parent": "bone44",
				"pivot": [-0.625, 12.70782, 4.39551],
				"rotation": [0, 1.25, -0.14892],
				"cubes": [
					{"origin": [-0.6, 11.45782, 3.61951], "size": [1.025, 3.65, 0.15], "uv": [4, 104]},
					{"origin": [0.05, 12.38282, 3.66951], "size": [0.275, 0.3, 0.15], "uv": [111, 113]},
					{"origin": [0.05, 13.63282, 3.66951], "size": [0.275, 0.3, 0.15], "uv": [111, 113]}
				]
			},
			{
				"name": "bone56",
				"parent": "bone44",
				"pivot": [-1.225, 12.70782, 4.47051],
				"rotation": [0, 0, -0.14892],
				"cubes": [
					{"origin": [-1.2, 11.45782, 3.69451], "size": [1.025, 4.675, 0.05], "uv": [21, 90]}
				]
			},
			{
				"name": "bone45",
				"parent": "bone44",
				"pivot": [-2.475, 12.78282, 4.29551],
				"rotation": [0, -5, 4.85108],
				"cubes": [
					{"origin": [-2.75, 11.53282, 3.51951], "size": [2.075, 6.55, 0.05], "uv": [25, 88]}
				]
			},
			{
				"name": "w",
				"parent": "bone44",
				"pivot": [-4.05, 12.78282, 3.09551],
				"rotation": [0, -45, 4.85108],
				"cubes": [
					{"origin": [-4.325, 11.53282, 2.44451], "size": [1.575, 6.8, 0.05], "uv": [4, 104]}
				]
			},
			{
				"name": "bone47",
				"parent": "bone34",
				"pivot": [0, 13, 0],
				"rotation": [0, -270, 0]
			},
			{
				"name": "bone48",
				"parent": "bone47",
				"pivot": [0, 13, 4.47051],
				"rotation": [5, 0, 0],
				"cubes": [
					{"origin": [-1.75, 11.40782, 3.69551], "size": [3, 6.75, 0.05], "uv": [4, 104]}
				]
			},
			{
				"name": "bone46",
				"parent": "bone48",
				"pivot": [-3.925, 12.65782, 3.72051],
				"rotation": [0, -50, 7.35108],
				"cubes": [
					{"origin": [-4.625, 11.55782, 2.94451], "size": [1.35, 6.75, 0.05], "uv": [4, 104]}
				]
			},
			{
				"name": "bone49",
				"parent": "bone48",
				"pivot": [-2.5, 12.65782, 4.47051],
				"rotation": [0, 0, 7.35108],
				"cubes": [
					{"origin": [-2.925, 11.40782, 3.69451], "size": [1.175, 6.75, 0.05], "uv": [4, 104]}
				]
			},
			{
				"name": "bone50",
				"parent": "bone48",
				"pivot": [2.5, 12.65782, 4.47051],
				"rotation": [0, 0, -9.85108],
				"cubes": [
					{"origin": [1.25, 11.40782, 3.69651], "size": [1.3, 6.75, 0.05], "uv": [4, 104]}
				]
			},
			{
				"name": "bone52",
				"parent": "bone34",
				"pivot": [0, 13, 0],
				"rotation": [0, -90, 0]
			},
			{
				"name": "bone53",
				"parent": "bone52",
				"pivot": [0, 13, 4.47051],
				"rotation": [10, 0, 0]
			},
			{
				"name": "bone54",
				"parent": "bone53",
				"pivot": [-2.5, 12.65782, 4.47051],
				"rotation": [0, 0, 9.85108]
			},
			{
				"name": "bone55",
				"parent": "bone53",
				"pivot": [2.5, 12.65782, 4.47051],
				"rotation": [0, 0, -9.85108]
			},
			{
				"name": "bone37",
				"parent": "bone216",
				"pivot": [0, 13, 0]
			},
			{
				"name": "bone39",
				"parent": "bone37",
				"pivot": [0, 13, 0],
				"rotation": [-2.5, 0, 0]
			},
			{
				"name": "bone40",
				"parent": "bone39",
				"pivot": [0, 13.25, 4.47051],
				"rotation": [10, 0, 0],
				"cubes": [
					{"origin": [-2, 11.65782, 3.69551], "size": [2, 6.5, 0.05], "uv": [4, 104], "mirror": true}
				]
			},
			{
				"name": "bone41",
				"parent": "bone40",
				"pivot": [-2.25, 12.90782, 4.47051],
				"rotation": [0, 0, 4.85108],
				"cubes": [
					{"origin": [-2.725, 11.65782, 3.69651], "size": [0.725, 6.5, 0.05], "uv": [4, 104], "mirror": true}
				]
			},
			{
				"name": "bone42",
				"parent": "bone37",
				"pivot": [0, 13, 0],
				"rotation": [0, 180, 0]
			},
			{
				"name": "bone58",
				"parent": "bone42",
				"pivot": [0, 13, 4.47051],
				"rotation": [10, 0, 0]
			},
			{
				"name": "bone59",
				"parent": "bone58",
				"pivot": [1.475, 15.15782, 4.47051],
				"rotation": [0, 0, 10.14892]
			},
			{
				"name": "bone60",
				"parent": "bone58",
				"pivot": [0.75, 12.70782, 4.39551],
				"rotation": [0, 5, 0.14892]
			},
			{
				"name": "bone62",
				"parent": "bone58",
				"pivot": [1.225, 12.70782, 4.47051],
				"rotation": [0, 0, 0.14892],
				"cubes": [
					{"origin": [0.175, 11.45782, 3.69451], "size": [1.025, 3.65, 0.05], "uv": [4, 104], "mirror": true}
				]
			},
			{
				"name": "bone63",
				"parent": "bone58",
				"pivot": [2.475, 12.78282, 4.29551],
				"rotation": [0, 5, -4.85108],
				"cubes": [
					{"origin": [0.5, 11.53282, 3.51951], "size": [2.25, 6.55, 0.05], "uv": [25, 88], "mirror": true}
				]
			},
			{
				"name": "w2",
				"parent": "bone58",
				"pivot": [4.05, 12.78282, 3.09551],
				"rotation": [0, 45, -4.85108],
				"cubes": [
					{"origin": [2.75, 11.53282, 2.44451], "size": [1.575, 6.8, 0.05], "uv": [4, 104], "mirror": true}
				]
			},
			{
				"name": "bone64",
				"parent": "bone37",
				"pivot": [0, 13, 0],
				"rotation": [0, 270, 0]
			},
			{
				"name": "bone65",
				"parent": "bone64",
				"pivot": [0, 13, 4.47051],
				"rotation": [5, 0, 0],
				"cubes": [
					{"origin": [-1.25, 11.40782, 3.69551], "size": [3, 6.625, 0.05], "uv": [4, 104], "mirror": true}
				]
			},
			{
				"name": "bone66",
				"parent": "bone65",
				"pivot": [3.925, 12.65782, 3.72051],
				"rotation": [0, 50, -7.35108],
				"cubes": [
					{"origin": [3.275, 11.55782, 2.94451], "size": [1.35, 6.5, 0.05], "uv": [4, 104], "mirror": true}
				]
			},
			{
				"name": "bone67",
				"parent": "bone65",
				"pivot": [2.5, 12.65782, 4.47051],
				"rotation": [0, 0, -7.35108],
				"cubes": [
					{"origin": [1.75, 11.40782, 3.69451], "size": [1.175, 6.75, 0.05], "uv": [4, 104], "mirror": true}
				]
			},
			{
				"name": "bone68",
				"parent": "bone65",
				"pivot": [-2.5, 12.65782, 4.47051],
				"rotation": [0, 0, 9.85108],
				"cubes": [
					{"origin": [-2.55, 11.40782, 3.69651], "size": [1.525, 6.75, 0.05], "uv": [4, 104], "mirror": true}
				]
			},
			{
				"name": "bone69",
				"parent": "bone37",
				"pivot": [0, 13, 0],
				"rotation": [0, 90, 0]
			},
			{
				"name": "bone70",
				"parent": "bone69",
				"pivot": [0, 13, 4.47051],
				"rotation": [10, 0, 0]
			},
			{
				"name": "bone71",
				"parent": "bone70",
				"pivot": [2.5, 12.65782, 4.47051],
				"rotation": [0, 0, -9.85108]
			},
			{
				"name": "bone72",
				"parent": "bone70",
				"pivot": [-2.5, 12.65782, 4.47051],
				"rotation": [0, 0, 9.85108]
			},
			{
				"name": "bone207",
				"parent": "body",
				"pivot": [0, 11, 0]
			},
			{
				"name": "bone208",
				"parent": "bone207",
				"pivot": [0, 11, 0],
				"cubes": [
					{"origin": [-1.5, 11, 2.88921], "size": [3, 1, 0.55], "uv": [64, 118]}
				]
			},
			{
				"name": "bone209",
				"parent": "bone207",
				"pivot": [0, 11, 0],
				"rotation": [0, -45, 0],
				"cubes": [
					{"origin": [-1.5, 11, 2.88921], "size": [3, 1, 0.55], "uv": [64, 118]}
				]
			},
			{
				"name": "bone210",
				"parent": "bone207",
				"pivot": [0, 11, 0],
				"rotation": [0, -90, 0],
				"cubes": [
					{"origin": [-1.5, 11, 2.88921], "size": [3, 1, 0.55], "uv": [64, 118]}
				]
			},
			{
				"name": "bone211",
				"parent": "bone207",
				"pivot": [0, 11, 0],
				"rotation": [0, -135, 0],
				"cubes": [
					{"origin": [-1.5, 11, 2.88921], "size": [3, 1, 0.55], "uv": [64, 118]}
				]
			},
			{
				"name": "bone212",
				"parent": "bone207",
				"pivot": [0, 11, 0],
				"rotation": [0, -180, 0],
				"cubes": [
					{"origin": [-1.5, 11, 2.88921], "size": [3, 1, 0.55], "uv": [64, 118]},
					{"origin": [-0.5, 10.975, 2.76421], "size": [1, 1.05, 0.8], "uv": [112, 98]}
				]
			},
			{
				"name": "bone213",
				"parent": "bone207",
				"pivot": [0, 11, 0],
				"rotation": [0, -225, 0],
				"cubes": [
					{"origin": [-1.5, 11, 2.88921], "size": [3, 1, 0.55], "uv": [64, 118]}
				]
			},
			{
				"name": "bone214",
				"parent": "bone207",
				"pivot": [0, 11, 0],
				"rotation": [0, -270, 0],
				"cubes": [
					{"origin": [-1.5, 11, 2.88921], "size": [3, 1, 0.55], "uv": [64, 118]}
				]
			},
			{
				"name": "bone215",
				"parent": "bone207",
				"pivot": [0, 11, 0],
				"rotation": [0, -315, 0],
				"cubes": [
					{"origin": [-1.5, 11, 2.88921], "size": [3, 1, 0.55], "uv": [64, 118]}
				]
			},
			{
				"name": "bone51",
				"parent": "body",
				"pivot": [0, 0, 0],
				"cubes": [
					{"origin": [-1.25, 9, -2.95], "size": [2.5, 9, 0.05], "uv": [28, 30]}
				]
			},
			{
				"name": "bone302",
				"parent": "body",
				"pivot": [-0.05, 17, -3.075],
				"rotation": [-7.5, 0, 0]
			},
			{
				"name": "bone301",
				"parent": "bone302",
				"pivot": [-0.05, 17, -2.575],
				"rotation": [0, 0, 45],
				"cubes": [
					{"origin": [-0.55, 16.5, -3.1], "size": [1, 1, 1.05], "uv": [120, 88]}
				]
			},
			{
				"name": "bone303",
				"parent": "bone302",
				"pivot": [-0.05, 15.9, -2.5],
				"rotation": [0, 0, 90],
				"cubes": [
					{"origin": [-1.025, 15.4, -3.025], "size": [2, 1, 1.05], "uv": [120, 88]}
				]
			},
			{
				"name": "bone338",
				"parent": "body",
				"pivot": [-2.275, 17.625, -2.375],
				"rotation": [-9.2617, -6.53593, -39.11311],
				"cubes": [
					{"origin": [-3.2, 12.125, -2.85], "size": [0.65, 1, 0.05], "uv": [102, 122], "mirror": true},
					{"origin": [-3.2, 14.125, -2.85], "size": [0.65, 1, 0.05], "uv": [102, 122], "mirror": true},
					{"origin": [-3.2, 13.125, -2.85], "size": [0.65, 1, 0.05], "uv": [102, 122], "mirror": true},
					{"origin": [-3.2, 15.125, -2.85], "size": [0.65, 1, 0.05], "uv": [102, 122], "mirror": true}
				]
			},
			{
				"name": "bone341",
				"parent": "bone338",
				"pivot": [-2.875, 11.625, -2.775],
				"rotation": [5, 0, 0],
				"cubes": [
					{"origin": [-3.2, 11.125, -2.8], "size": [0.65, 1, 0.05], "uv": [102, 122], "mirror": true}
				]
			},
			{
				"name": "bone340",
				"parent": "bone338",
				"pivot": [-2.875, 10.625, -2.825],
				"rotation": [7.5, 0, 0],
				"cubes": [
					{"origin": [-3.2, 10.125, -2.7], "size": [0.65, 1, 0.05], "uv": [102, 122], "mirror": true}
				]
			},
			{
				"name": "bone339",
				"parent": "bone338",
				"pivot": [-2.8875, 10.0875, -2.6],
				"rotation": [4.51592, -3.35643, 32.64749],
				"cubes": [
					{"origin": [-3.175, 9.85, -2.625], "size": [0.575, 0.475, 0.05], "uv": [102, 122], "mirror": true}
				]
			},
			{
				"name": "bone344",
				"parent": "bone338",
				"pivot": [-2.625, 17.525, -2.475],
				"rotation": [3.18951, 38.00018, 46.74524],
				"cubes": [
					{"origin": [-3.4, 17.475, -2.5], "size": [0.4, 0.6, 0.05], "uv": [102, 122], "mirror": true}
				]
			},
			{
				"name": "bone343",
				"parent": "bone338",
				"pivot": [-2.8, 17.55, -2.475],
				"rotation": [-30.40773, 24.1782, -13.51584],
				"cubes": [
					{"origin": [-3.125, 17.05, -2.5], "size": [0.65, 1.1, 0.05], "uv": [102, 122], "mirror": true}
				]
			},
			{
				"name": "bone342",
				"parent": "bone338",
				"pivot": [-2.875, 16.625, -2.775],
				"rotation": [-5, 0, 0],
				"cubes": [
					{"origin": [-3.2, 16.125, -2.8], "size": [0.65, 1, 0.05], "uv": [102, 122], "mirror": true}
				]
			},
			{
				"name": "sittingRotationSkirt",
				"pivot": [0, 11, 0]
			},
			{
				"name": "bone",
				"parent": "sittingRotationSkirt",
				"pivot": [0, 3.25, 0]
			},
			{
				"name": "bone18",
				"parent": "bone",
				"pivot": [0, 3.25, 0],
				"rotation": [0, -180, 0]
			},
			{
				"name": "bone19",
				"parent": "bone18",
				"pivot": [0, 3.8, 1.65837],
				"rotation": [8, 0, 0],
				"cubes": [
					{"origin": [-0.5, 3.54263, 4.64539], "size": [1, 4, 0.025], "uv": [13, 117]}
				]
			},
			{
				"name": "bone20",
				"parent": "bone19",
				"pivot": [-0.5, 3.54263, 1.65837],
				"rotation": [0, 0, 7.39351],
				"cubes": [
					{"origin": [-2.25, 3.54263, 4.64439], "size": [1.75, 4, 0.025], "uv": [13, 117]}
				]
			},
			{
				"name": "bone21",
				"parent": "bone19",
				"pivot": [0.5, 3.54263, 1.65837],
				"rotation": [0, 0, -7.39351],
				"cubes": [
					{"origin": [0.5, 3.54263, 4.64639], "size": [1.75, 4, 0.025], "uv": [13, 117]}
				]
			},
			{
				"name": "bone22",
				"parent": "bone",
				"pivot": [0, 3.25, 0],
				"rotation": [0, -225, 0]
			},
			{
				"name": "bone23",
				"parent": "bone22",
				"pivot": [0, 3.55, 2.05837],
				"rotation": [13, 0, 0]
			},
			{
				"name": "bone131",
				"parent": "bone23",
				"pivot": [0, 5.29263, 6.19539],
				"rotation": [-1.75, 0, 0.25],
				"cubes": [
					{"origin": [-1.5, 3.29263, 4.92039], "size": [3, 4, 0.025], "uv": [51, 124]}
				]
			},
			{
				"name": "bone24",
				"parent": "bone23",
				"pivot": [-1.7625, 5.48013, 6.31939],
				"rotation": [-2.5, 0, 0.39351],
				"cubes": [
					{"origin": [-1.9, 3.49263, 5.04439], "size": [1.125, 3.975, 0.025], "uv": [13, 117]}
				]
			},
			{
				"name": "bone25",
				"parent": "bone23",
				"pivot": [2.125, 5.49263, 6.27139],
				"rotation": [-3, 0, 0.10649],
				"cubes": [
					{"origin": [0.7, 3.49263, 4.99639], "size": [1.05, 4, 0.025], "uv": [13, 117]}
				]
			},
			{
				"name": "bone26",
				"parent": "bone",
				"pivot": [-0.625, 4.25, 0],
				"rotation": [0, 90, 10]
			},
			{
				"name": "bone27",
				"parent": "bone26",
				"pivot": [-0.625, 4.25, 2.48337],
				"rotation": [18, 0, 0],
				"cubes": [
					{"origin": [-1.625, 3.99263, 5.47039], "size": [2, 4, 0.025], "uv": [13, 117]}
				]
			},
			{
				"name": "bone28",
				"parent": "bone27",
				"pivot": [-1.125, 3.99263, 2.48337],
				"rotation": [0, 0, 7.39351]
			},
			{
				"name": "bone29",
				"parent": "bone27",
				"pivot": [-0.125, 3.99263, 2.48337],
				"rotation": [0, 0, -7.39351],
				"cubes": [
					{"origin": [0.375, 3.99263, 5.47139], "size": [1.175, 4, 0.025], "uv": [13, 117]}
				]
			},
			{
				"name": "bone2",
				"parent": "bone",
				"pivot": [0, 3.25, 0],
				"rotation": [0, -90, 0]
			},
			{
				"name": "bone3",
				"parent": "bone2",
				"pivot": [0, 3.25, 0],
				"rotation": [0, -180, 0]
			},
			{
				"name": "bone4",
				"parent": "bone3",
				"pivot": [0, 3.8, 1.65837],
				"rotation": [8, 0, 0]
			},
			{
				"name": "bone5",
				"parent": "bone4",
				"pivot": [-0.5, 3.54263, 1.65837],
				"rotation": [0, 0, 7.39351],
				"cubes": [
					{"origin": [-2.25, 3.54263, 4.79439], "size": [1.75, 4, 0.025], "uv": [13, 117]}
				]
			},
			{
				"name": "bone100",
				"parent": "bone",
				"pivot": [0, 3.25, 0],
				"rotation": [0, 180, 0]
			},
			{
				"name": "bone101",
				"parent": "bone100",
				"pivot": [0, 3.25, 0],
				"rotation": [0, -180, 0]
			},
			{
				"name": "bone102",
				"parent": "bone101",
				"pivot": [0, 3.8, 1.65837],
				"rotation": [8, 0, 0],
				"cubes": [
					{"origin": [-1, 3.54263, 4.64539], "size": [2, 4, 0.025], "uv": [13, 117]}
				]
			},
			{
				"name": "bone103",
				"parent": "bone102",
				"pivot": [-0.5, 3.54263, 1.65837],
				"rotation": [0, 0, 7.39351],
				"cubes": [
					{"origin": [-2.25, 3.54263, 4.64439], "size": [1.25, 4, 0.025], "uv": [13, 117]}
				]
			},
			{
				"name": "bone104",
				"parent": "bone102",
				"pivot": [0.5, 3.54263, 1.65837],
				"rotation": [0, 0, -7.39351],
				"cubes": [
					{"origin": [1, 3.54263, 4.64639], "size": [1.225, 4, 0.025], "uv": [13, 117]}
				]
			},
			{
				"name": "bone10",
				"parent": "bone100",
				"pivot": [0, 3.25, 0],
				"rotation": [0, 225, 0]
			},
			{
				"name": "bone11",
				"parent": "bone10",
				"pivot": [0, 3.55, 2.05837],
				"rotation": [13, 0, 0]
			},
			{
				"name": "bone107",
				"parent": "bone11",
				"pivot": [-1.075, 5.49263, 6.27139],
				"rotation": [-1.5, 0, -0.10649],
				"cubes": [
					{"origin": [-0.95, 3.49263, 4.99639], "size": [1.7, 4, 0.025], "uv": [13, 117], "mirror": true}
				]
			},
			{
				"name": "bone138",
				"parent": "bone11",
				"pivot": [1.7625, 5.48013, 6.31939],
				"rotation": [-2.5, 0, -0.39351],
				"cubes": [
					{"origin": [0.7, 3.49263, 5.04439], "size": [1.2, 3.975, 0.025], "uv": [13, 117], "mirror": true}
				]
			},
			{
				"name": "bone139",
				"parent": "bone11",
				"pivot": [-2.125, 5.49263, 6.27139],
				"rotation": [-1.5, 0, -0.10649],
				"cubes": [
					{"origin": [-1.75, 3.49263, 4.99639], "size": [0.95, 4, 0.025], "uv": [13, 117], "mirror": true}
				]
			},
			{
				"name": "bone105",
				"parent": "bone100",
				"pivot": [0, 3.25, 0],
				"rotation": [0, -225, 0]
			},
			{
				"name": "bone106",
				"parent": "bone105",
				"pivot": [0, 3.55, 2.05837],
				"rotation": [13, 0, 0]
			},
			{
				"name": "bone137",
				"parent": "bone106",
				"pivot": [1.075, 5.49263, 6.27139],
				"rotation": [-1.5, 0, 0.10649],
				"cubes": [
					{"origin": [-0.75, 3.49263, 4.99639], "size": [1.7, 4, 0.025], "uv": [13, 117]}
				]
			},
			{
				"name": "bone108",
				"parent": "bone106",
				"pivot": [-1.7625, 5.48013, 6.31939],
				"rotation": [-2.5, 0, 0.39351],
				"cubes": [
					{"origin": [-1.9, 3.49263, 5.04439], "size": [1.2, 3.975, 0.025], "uv": [13, 117]}
				]
			},
			{
				"name": "bone109",
				"parent": "bone106",
				"pivot": [2.125, 5.49263, 6.27139],
				"rotation": [-1.5, 0, 0.10649],
				"cubes": [
					{"origin": [0.8, 3.49263, 4.99639], "size": [0.95, 4, 0.025], "uv": [13, 117]}
				]
			},
			{
				"name": "bone110",
				"parent": "bone100",
				"pivot": [-0.625, 4.25, 0],
				"rotation": [0, 90, 10]
			},
			{
				"name": "bone111",
				"parent": "bone110",
				"pivot": [-0.625, 4.25, 2.48337],
				"rotation": [18, 0, 0],
				"cubes": [
					{"origin": [-1.875, 3.99263, 5.47039], "size": [2.5, 4, 0.025], "uv": [13, 117]}
				]
			},
			{
				"name": "bone113",
				"parent": "bone111",
				"pivot": [-0.125, 3.99263, 2.48337],
				"rotation": [0, 0, -7.39351],
				"cubes": [
					{"origin": [0.375, 3.99263, 5.47139], "size": [1.15, 4, 0.025], "uv": [13, 117]}
				]
			},
			{
				"name": "bone118",
				"parent": "bone",
				"pivot": [0, 3.25, 0],
				"rotation": [0, 90, 0]
			},
			{
				"name": "bone119",
				"parent": "bone118",
				"pivot": [0, 3.25, 0],
				"rotation": [0, -180, 0]
			},
			{
				"name": "bone120",
				"parent": "bone119",
				"pivot": [0, 3.8, 1.65837],
				"rotation": [8, 0, 0]
			},
			{
				"name": "bone121",
				"parent": "bone120",
				"pivot": [-0.5, 3.54263, 1.65837],
				"rotation": [0, 0, 7.39351],
				"cubes": [
					{"origin": [-2.25, 3.54263, 4.74439], "size": [1.75, 4, 0.025], "uv": [13, 117]}
				]
			},
			{
				"name": "bone123",
				"parent": "bone118",
				"pivot": [0, 3.25, 0],
				"rotation": [0, -225, 0]
			},
			{
				"name": "bone124",
				"parent": "bone123",
				"pivot": [0, 3.55, 2.05837],
				"rotation": [13, 0, 0]
			},
			{
				"name": "bone125",
				"parent": "bone124",
				"pivot": [0, 5.29263, 6.19539],
				"rotation": [-1.75, 0, 0.25],
				"cubes": [
					{"origin": [-1.5, 3.29263, 4.92039], "size": [3, 4, 0.025], "uv": [62, 124]}
				]
			},
			{
				"name": "bone126",
				"parent": "bone124",
				"pivot": [-1.7625, 5.48013, 6.31939],
				"rotation": [-2.5, 0, 0.39351],
				"cubes": [
					{"origin": [-1.9, 3.49263, 5.04439], "size": [1.125, 3.975, 0.025], "uv": [13, 117]}
				]
			},
			{
				"name": "bone127",
				"parent": "bone124",
				"pivot": [2.125, 5.49263, 6.27139],
				"rotation": [-3, 0, 0.10649],
				"cubes": [
					{"origin": [0.7, 3.49263, 4.99639], "size": [1.075, 4, 0.025], "uv": [13, 117]}
				]
			},
			{
				"name": "bone128",
				"parent": "bone118",
				"pivot": [-0.625, 4.25, 0],
				"rotation": [0, 90, 10]
			},
			{
				"name": "bone129",
				"parent": "bone128",
				"pivot": [-0.625, 4.25, 2.48337],
				"rotation": [18, 0, 0]
			},
			{
				"name": "bone132",
				"parent": "bone129",
				"pivot": [-0.125, 3.99263, 2.48337],
				"rotation": [0, 0, -7.39351],
				"cubes": [
					{"origin": [0.125, 3.99263, 5.47139], "size": [1.425, 4, 0.025], "uv": [13, 117]}
				]
			},
			{
				"name": "bone206",
				"parent": "bone",
				"pivot": [0, 0, 0]
			},
			{
				"name": "bone13",
				"parent": "bone206",
				"pivot": [0, 7, 0]
			},
			{
				"name": "bone14",
				"parent": "bone13",
				"pivot": [0, 6.7, 0],
				"rotation": [-172.5, 0, -180]
			},
			{
				"name": "bone15",
				"parent": "bone14",
				"pivot": [0, 7.25, 1.65837],
				"rotation": [8, 0, 0]
			},
			{
				"name": "bone16",
				"parent": "bone15",
				"pivot": [0.5, 6.99263, 1.65837],
				"rotation": [0, 0, -7.39351]
			},
			{
				"name": "bone17",
				"parent": "bone15",
				"pivot": [-0.5, 6.99263, 1.65837],
				"rotation": [0, 0, 7.39351],
				"cubes": [
					{"origin": [-1.8, 6.99263, 4.14639], "size": [0.8, 4.05, 0.025], "uv": [13, 117], "mirror": true}
				]
			},
			{
				"name": "bone30",
				"parent": "bone13",
				"pivot": [0, 7, 0],
				"rotation": [0, -180, 0]
			},
			{
				"name": "bone31",
				"parent": "bone30",
				"pivot": [0, 6.825, 0],
				"rotation": [-175, 0, 180]
			},
			{
				"name": "bone32",
				"parent": "bone31",
				"pivot": [0, 7.375, 1.65837],
				"rotation": [8, 0, 0],
				"cubes": [
					{"origin": [-1, 7.11763, 4.14539], "size": [2, 4.05, 0.025], "uv": [13, 117], "mirror": true}
				]
			},
			{
				"name": "bone217",
				"parent": "bone32",
				"pivot": [-0.5, 7.11763, 1.65837],
				"rotation": [0, 0, 7.39351],
				"cubes": [
					{"origin": [-1.75, 7.11763, 4.14439], "size": [0.75, 4.05, 0.025], "uv": [13, 117]}
				]
			},
			{
				"name": "bone33",
				"parent": "bone32",
				"pivot": [0.5, 7.11763, 1.65837],
				"rotation": [0, 0, -7.39351],
				"cubes": [
					{"origin": [1, 7.11763, 4.14439], "size": [0.75, 4.05, 0.025], "uv": [13, 117], "mirror": true}
				]
			},
			{
				"name": "bone61",
				"parent": "bone32",
				"pivot": [-0.5, 7.11763, 1.65837],
				"rotation": [0, 0, 7.39351]
			},
			{
				"name": "bone73",
				"parent": "bone30",
				"pivot": [0, 7, 0],
				"rotation": [0, 225, 0]
			},
			{
				"name": "bone74",
				"parent": "bone73",
				"pivot": [0, 7.3, 1.80837],
				"rotation": [18, 0, 0]
			},
			{
				"name": "bone75",
				"parent": "bone74",
				"pivot": [-1.075, 9.24263, 6.02139],
				"rotation": [-1.5, 0, -0.10649],
				"cubes": [
					{"origin": [-0.95, 7.24263, 4.24639], "size": [1.7, 4.05, 0.025], "uv": [13, 117], "mirror": true}
				]
			},
			{
				"name": "bone76",
				"parent": "bone74",
				"pivot": [1.7625, 9.23013, 6.06939],
				"rotation": [-2.5, 0, -0.39351],
				"cubes": [
					{"origin": [0.7, 7.24263, 4.29439], "size": [1.2, 4.025, 0.025], "uv": [13, 117], "mirror": true}
				]
			},
			{
				"name": "bone77",
				"parent": "bone74",
				"pivot": [-2.125, 9.24263, 6.02139],
				"rotation": [-1.5, 0, -0.10649],
				"cubes": [
					{"origin": [-1.75, 7.24263, 4.24639], "size": [0.95, 4.05, 0.025], "uv": [13, 117], "mirror": true}
				]
			},
			{
				"name": "bone78",
				"parent": "bone30",
				"pivot": [0.85, 8, 0],
				"rotation": [0, -90, -2.5]
			},
			{
				"name": "bone82",
				"parent": "bone78",
				"pivot": [0.925, 7.6, 2.65837],
				"rotation": [18, 0, 0],
				"cubes": [
					{"origin": [0.175, 7.34263, 5.14539], "size": [1.5, 4.05, 0.025], "uv": [13, 117], "mirror": true}
				]
			},
			{
				"name": "bone83",
				"parent": "bone82",
				"pivot": [0.425, 7.34263, 2.65837],
				"rotation": [0, 0, 7.39351],
				"cubes": [
					{"origin": [-0.725, 7.34263, 5.14639], "size": [0.9, 4.05, 0.025], "uv": [13, 117], "mirror": true}
				]
			},
			{
				"name": "bone84",
				"parent": "bone13",
				"pivot": [0, 7, 0],
				"rotation": [0, -90, 0]
			},
			{
				"name": "bone85",
				"parent": "bone84",
				"pivot": [0, 7, 0],
				"rotation": [0, 180, 0]
			},
			{
				"name": "bone86",
				"parent": "bone85",
				"pivot": [0, 7.55, 1.65837],
				"rotation": [8, 0, 0]
			},
			{
				"name": "bone98",
				"parent": "bone86",
				"pivot": [0.5, 7.24263, 1.65837],
				"rotation": [7.5, 0, -7.39351],
				"cubes": [
					{"origin": [0.75, 7.24263, 4.29439], "size": [0.925, 4.05, 0.025], "uv": [13, 117], "mirror": true}
				]
			},
			{
				"name": "bone117",
				"parent": "bone84",
				"pivot": [0, 7, 0],
				"rotation": [0, 225, 0]
			},
			{
				"name": "bone122",
				"parent": "bone117",
				"pivot": [0, 7.15, 1.93337],
				"rotation": [23, 0, 0]
			},
			{
				"name": "bone130",
				"parent": "bone122",
				"pivot": [0, 8.89263, 6.07039],
				"rotation": [-1.75, 0, -0.25],
				"cubes": [
					{"origin": [-1.5, 6.89263, 4.29539], "size": [3, 4.05, 0.025], "uv": [45, 124], "mirror": true}
				]
			},
			{
				"name": "bone133",
				"parent": "bone122",
				"pivot": [1.7625, 9.08013, 6.19439],
				"rotation": [-2.5, 0, -0.39351],
				"cubes": [
					{"origin": [0.775, 7.06763, 4.41939], "size": [0.875, 4.025, 0.025], "uv": [13, 117], "mirror": true}
				]
			},
			{
				"name": "bone134",
				"parent": "bone122",
				"pivot": [-2.125, 9.09263, 6.19639],
				"rotation": [-3, 0, -0.10649],
				"cubes": [
					{"origin": [-1.85, 6.99263, 4.42139], "size": [1.15, 4.15, 0.025], "uv": [13, 117], "mirror": true}
				]
			},
			{
				"name": "bone203",
				"parent": "bone84",
				"pivot": [0.625, 8, 0],
				"rotation": [0, -90, -10]
			},
			{
				"name": "bone204",
				"parent": "bone203",
				"pivot": [0.625, 8, 2.48337],
				"rotation": [18, 0, 0]
			},
			{
				"name": "bone205",
				"parent": "bone204",
				"pivot": [0.125, 7.74263, 2.48337],
				"rotation": [0, 0, 7.39351]
			},
			{
				"name": "bone6",
				"parent": "bone206",
				"pivot": [0, 7, 0]
			},
			{
				"name": "bone7",
				"parent": "bone6",
				"pivot": [0, 6.7, 0],
				"rotation": [-172.5, 0, 180]
			},
			{
				"name": "bone8",
				"parent": "bone7",
				"pivot": [0, 7.25, 1.65837],
				"rotation": [8, 0, 0],
				"cubes": [
					{"origin": [-1, 6.99263, 4.14539], "size": [2, 4.05, 0.025], "uv": [13, 117]}
				]
			},
			{
				"name": "bone9",
				"parent": "bone8",
				"pivot": [-0.5, 6.99263, 1.65837],
				"rotation": [0, 0, 7.39351]
			},
			{
				"name": "bone12",
				"parent": "bone8",
				"pivot": [0.5, 6.99263, 1.65837],
				"rotation": [0, 0, -7.39351],
				"cubes": [
					{"origin": [1, 6.99263, 4.14639], "size": [0.8, 4.05, 0.025], "uv": [13, 117]}
				]
			},
			{
				"name": "bone99",
				"parent": "bone6",
				"pivot": [0, 7, 0],
				"rotation": [0, 180, 0]
			},
			{
				"name": "bone112",
				"parent": "bone99",
				"pivot": [0, 7, 0],
				"rotation": [0, -180, 0]
			},
			{
				"name": "bone114",
				"parent": "bone112",
				"pivot": [0, 7.55, 1.65837],
				"rotation": [8, 0, 0]
			},
			{
				"name": "bone115",
				"parent": "bone114",
				"pivot": [-0.5, 7.29263, 1.65837],
				"rotation": [0, 0, 7.39351]
			},
			{
				"name": "bone116",
				"parent": "bone114",
				"pivot": [0.5, 7.29263, 1.65837],
				"rotation": [0, 0, -7.39351]
			},
			{
				"name": "bone135",
				"parent": "bone99",
				"pivot": [-0.25, 6.875, 0.225],
				"rotation": [-175, 45, 180]
			},
			{
				"name": "bone136",
				"parent": "bone135",
				"pivot": [-0.25, 7.125, 2.43337],
				"rotation": [13, 0, 0]
			},
			{
				"name": "bone140",
				"parent": "bone136",
				"pivot": [0.825, 9.06763, 6.64639],
				"rotation": [-1.5, 0, 0.10649],
				"cubes": [
					{"origin": [-1, 7.06763, 4.87139], "size": [1.7, 4.05, 0.025], "uv": [13, 117]}
				]
			},
			{
				"name": "bone141",
				"parent": "bone136",
				"pivot": [-2.0125, 9.05513, 6.69439],
				"rotation": [-2.5, 0, 0.39351],
				"cubes": [
					{"origin": [-2.15, 7.06763, 4.91939], "size": [1.2, 4.025, 0.025], "uv": [13, 117]}
				]
			},
			{
				"name": "bone142",
				"parent": "bone136",
				"pivot": [1.875, 9.06763, 6.64639],
				"rotation": [-1.5, 0, 0.10649],
				"cubes": [
					{"origin": [0.55, 7.06763, 4.87139], "size": [0.95, 4.05, 0.025], "uv": [13, 117]}
				]
			},
			{
				"name": "bone143",
				"parent": "bone99",
				"pivot": [-0.85, 8, 0],
				"rotation": [0, 90, 2.5]
			},
			{
				"name": "bone144",
				"parent": "bone143",
				"pivot": [-0.925, 7.6, 2.65837],
				"rotation": [18, 0, 0],
				"cubes": [
					{"origin": [-1.675, 7.34263, 5.14539], "size": [1.5, 4.05, 0.025], "uv": [13, 117]}
				]
			},
			{
				"name": "bone145",
				"parent": "bone144",
				"pivot": [-0.425, 7.34263, 2.65837],
				"rotation": [0, 0, -7.39351],
				"cubes": [
					{"origin": [-0.175, 7.34263, 5.14639], "size": [0.9, 4.05, 0.025], "uv": [13, 117]}
				]
			},
			{
				"name": "bone146",
				"parent": "bone6",
				"pivot": [0, 7, 0],
				"rotation": [0, 90, 0]
			},
			{
				"name": "bone192",
				"parent": "bone146",
				"pivot": [0, 7, 0],
				"rotation": [0, -180, 0]
			},
			{
				"name": "bone193",
				"parent": "bone192",
				"pivot": [0, 7.55, 1.65837],
				"rotation": [8, 0, 0]
			},
			{
				"name": "bone194",
				"parent": "bone193",
				"pivot": [-0.5, 7.24263, 1.65837],
				"rotation": [7.5, 0, 7.39351],
				"cubes": [
					{"origin": [-1.75, 7.24263, 4.24439], "size": [1, 4.05, 0.025], "uv": [13, 117]}
				]
			},
			{
				"name": "bone195",
				"parent": "bone146",
				"pivot": [0, 7, 0],
				"rotation": [0, -225, 0]
			},
			{
				"name": "bone196",
				"parent": "bone195",
				"pivot": [0, 7.15, 1.93337],
				"rotation": [23, 0, 0]
			},
			{
				"name": "bone197",
				"parent": "bone196",
				"pivot": [0, 8.89263, 6.07039],
				"rotation": [-1.75, 0, 0.25],
				"cubes": [
					{"origin": [-1.5, 6.89263, 4.29539], "size": [3, 4.05, 0.025], "uv": [45, 124]}
				]
			},
			{
				"name": "bone198",
				"parent": "bone196",
				"pivot": [-1.7625, 9.08013, 6.19439],
				"rotation": [-2.5, 0, 0.39351],
				"cubes": [
					{"origin": [-1.65, 7.06763, 4.41939], "size": [0.875, 4.025, 0.025], "uv": [13, 117]}
				]
			},
			{
				"name": "bone199",
				"parent": "bone196",
				"pivot": [2.125, 9.09263, 6.17139],
				"rotation": [-3.5, 0, 0.10649],
				"cubes": [
					{"origin": [0.7, 7.09263, 4.44639], "size": [1.075, 4.05, 0.025], "uv": [13, 117]}
				]
			},
			{
				"name": "bone200",
				"parent": "bone146",
				"pivot": [-0.625, 8, 0],
				"rotation": [0, 90, 10]
			},
			{
				"name": "bone201",
				"parent": "bone200",
				"pivot": [-0.625, 8, 2.48337],
				"rotation": [18, 0, 0]
			},
			{
				"name": "bone202",
				"parent": "bone201",
				"pivot": [-0.125, 7.74263, 2.48337],
				"rotation": [0, 0, -7.39351]
			},
			{
				"name": "bone308",
				"parent": "bone",
				"pivot": [1.9, 10.45, -2.425],
				"rotation": [-19.66535, -37.09898, -0.25942],
				"cubes": [
					{"origin": [0.975, 9.95, -2.9], "size": [0.65, 1, 0.025], "uv": [102, 122], "mirror": true},
					{"origin": [0.975, 6.95, -2.9], "size": [0.65, 1, 0.025], "uv": [102, 122], "mirror": true},
					{"origin": [0.975, 7.95, -2.9], "size": [0.65, 1, 0.025], "uv": [102, 122], "mirror": true},
					{"origin": [0.975, 8.95, -2.9], "size": [0.65, 1, 0.025], "uv": [102, 122], "mirror": true}
				]
			},
			{
				"name": "bone309",
				"parent": "bone308",
				"pivot": [1.3, 6.45, -2.775],
				"rotation": [10, 0, 0],
				"cubes": [
					{"origin": [0.975, 5.95, -2.8], "size": [0.65, 1, 0.025], "uv": [102, 122], "mirror": true}
				]
			},
			{
				"name": "bone310",
				"parent": "bone308",
				"pivot": [1.3, 6.45, -2.775],
				"rotation": [10, 0, 0],
				"cubes": [
					{"origin": [0.975, 4.95, -2.8], "size": [0.65, 1, 0.025], "uv": [102, 122], "mirror": true}
				]
			},
			{
				"name": "bone311",
				"parent": "bone308",
				"pivot": [1.3, 6.45, -2.775],
				"rotation": [10, 0, 0],
				"cubes": [
					{"origin": [0.975, 0.95, -2.8], "size": [0.65, 4, 0.025], "uv": [102, 122], "mirror": true}
				]
			},
			{
				"name": "bone304",
				"parent": "bone",
				"pivot": [-1.9, 10.45, -2.425],
				"rotation": [-19.66535, 37.09898, 0.25942],
				"cubes": [
					{"origin": [-1.625, 9.95, -2.9], "size": [0.65, 1, 0.025], "uv": [102, 122]},
					{"origin": [-1.625, 6.95, -2.9], "size": [0.65, 1, 0.025], "uv": [102, 122]},
					{"origin": [-1.625, 7.95, -2.9], "size": [0.65, 1, 0.025], "uv": [102, 122]},
					{"origin": [-1.625, 8.95, -2.9], "size": [0.65, 1, 0.025], "uv": [102, 122]}
				]
			},
			{
				"name": "bone305",
				"parent": "bone304",
				"pivot": [-1.3, 6.45, -2.775],
				"rotation": [10, 0, 0],
				"cubes": [
					{"origin": [-1.625, 5.95, -2.8], "size": [0.65, 1, 0.025], "uv": [102, 122]}
				]
			},
			{
				"name": "bone306",
				"parent": "bone304",
				"pivot": [-1.3, 6.45, -2.775],
				"rotation": [10, 0, 0],
				"cubes": [
					{"origin": [-1.625, 4.95, -2.8], "size": [0.65, 1, 0.025], "uv": [102, 122]}
				]
			},
			{
				"name": "bone307",
				"parent": "bone304",
				"pivot": [-1.3, 6.45, -2.775],
				"rotation": [10, 0, 0],
				"cubes": [
					{"origin": [-1.625, 0.95, -2.8], "size": [0.65, 4, 0.025], "uv": [102, 122]}
				]
			},
			{
				"name": "bone324",
				"parent": "bone",
				"pivot": [0, 0, 0]
			},
			{
				"name": "bone313",
				"parent": "bone324",
				"pivot": [0, 7.525, -2.025],
				"rotation": [12.29711, 2.2605, -37.75645]
			},
			{
				"name": "bone314",
				"parent": "bone313",
				"pivot": [0, 7.525, -2.025],
				"rotation": [0, 112.5, 0],
				"cubes": [
					{"origin": [-1.25, 7.775, -8.31367], "size": [1.75, 0.5, 0.025], "uv": [99, 124]}
				]
			},
			{
				"name": "bone315",
				"parent": "bone313",
				"pivot": [0, 7.525, -2.025],
				"rotation": [0, 135, 0],
				"cubes": [
					{"origin": [-1.25, 7.775, -8.31367], "size": [2.5, 0.5, 0.025], "uv": [99, 124]}
				]
			},
			{
				"name": "bone316",
				"parent": "bone313",
				"pivot": [0, 7.525, -2.025],
				"rotation": [0, 157.5, 0],
				"cubes": [
					{"origin": [-1.25, 7.775, -8.31367], "size": [2.5, 0.5, 0.025], "uv": [99, 124]}
				]
			},
			{
				"name": "bone317",
				"parent": "bone313",
				"pivot": [0, 7.525, -2.025],
				"rotation": [0, 180, 0],
				"cubes": [
					{"origin": [-1.25, 7.775, -8.31367], "size": [2.5, 0.5, 0.025], "uv": [99, 124]}
				]
			},
			{
				"name": "bone323",
				"parent": "bone313",
				"pivot": [0, 7.525, -2.025],
				"rotation": [0, 202.5, 0],
				"cubes": [
					{"origin": [-1.25, 7.775, -8.31367], "size": [2.5, 0.5, 0.025], "uv": [99, 124]}
				]
			},
			{
				"name": "bone312",
				"parent": "bone324",
				"pivot": [0, 7.525, 2.025],
				"rotation": [-12.29711, -2.2605, -37.75645]
			},
			{
				"name": "bone318",
				"parent": "bone312",
				"pivot": [0, 7.525, 2.025],
				"rotation": [0, -112.5, 0],
				"cubes": [
					{"origin": [-1.25, 7.775, 8.26367], "size": [1.75, 0.5, 0.025], "uv": [99, 124]}
				]
			},
			{
				"name": "bone319",
				"parent": "bone312",
				"pivot": [0, 7.525, 2.025],
				"rotation": [0, -135, 0],
				"cubes": [
					{"origin": [-1.25, 7.775, 8.26367], "size": [2.5, 0.5, 0.025], "uv": [99, 124]}
				]
			},
			{
				"name": "bone320",
				"parent": "bone312",
				"pivot": [0, 7.525, 2.025],
				"rotation": [0, -157.5, 0],
				"cubes": [
					{"origin": [-1.25, 7.775, 8.26367], "size": [2.5, 0.5, 0.025], "uv": [99, 124]}
				]
			},
			{
				"name": "bone321",
				"parent": "bone312",
				"pivot": [0, 7.525, 2.025],
				"rotation": [0, -180, 0],
				"cubes": [
					{"origin": [-1.25, 7.775, 8.26367], "size": [2.5, 0.5, 0.025], "uv": [99, 124]}
				]
			},
			{
				"name": "bone322",
				"parent": "bone312",
				"pivot": [0, 7.525, 2.025],
				"rotation": [0, -202.5, 0],
				"cubes": [
					{"origin": [-1.25, 7.775, 8.26367], "size": [2.5, 0.5, 0.025], "uv": [99, 124]}
				]
			},
			{
				"name": "bone325",
				"parent": "bone",
				"pivot": [0, 0, 0]
			},
			{
				"name": "bone326",
				"parent": "bone325",
				"pivot": [0, 7.525, -2.025],
				"rotation": [12.29711, -2.2605, 37.75645]
			},
			{
				"name": "bone327",
				"parent": "bone326",
				"pivot": [0, 7.525, -2.025],
				"rotation": [0, -112.5, 0],
				"cubes": [
					{"origin": [-0.5, 7.775, -8.31367], "size": [1.75, 0.5, 0.025], "uv": [99, 124], "mirror": true}
				]
			},
			{
				"name": "bone328",
				"parent": "bone326",
				"pivot": [0, 7.525, -2.025],
				"rotation": [0, -135, 0],
				"cubes": [
					{"origin": [-1.25, 7.775, -8.31367], "size": [2.5, 0.5, 0.025], "uv": [99, 124], "mirror": true}
				]
			},
			{
				"name": "bone329",
				"parent": "bone326",
				"pivot": [0, 7.525, -2.025],
				"rotation": [0, -157.5, 0],
				"cubes": [
					{"origin": [-1.25, 7.775, -8.31367], "size": [2.5, 0.5, 0.025], "uv": [99, 124], "mirror": true}
				]
			},
			{
				"name": "bone330",
				"parent": "bone326",
				"pivot": [0, 7.525, -2.025],
				"rotation": [0, -180, 0],
				"cubes": [
					{"origin": [-1.25, 7.775, -8.31367], "size": [2.5, 0.5, 0.025], "uv": [99, 124], "mirror": true}
				]
			},
			{
				"name": "bone331",
				"parent": "bone326",
				"pivot": [0, 7.525, -2.025],
				"rotation": [0, -202.5, 0],
				"cubes": [
					{"origin": [-1.25, 7.775, -8.31367], "size": [2.5, 0.5, 0.025], "uv": [99, 124], "mirror": true}
				]
			},
			{
				"name": "bone332",
				"parent": "bone325",
				"pivot": [0, 7.525, 2.025],
				"rotation": [-12.29711, 2.2605, 37.75645]
			},
			{
				"name": "bone333",
				"parent": "bone332",
				"pivot": [0, 7.525, 2.025],
				"rotation": [0, 112.5, 0],
				"cubes": [
					{"origin": [-0.5, 7.775, 8.26367], "size": [1.75, 0.5, 0.025], "uv": [99, 124], "mirror": true}
				]
			},
			{
				"name": "bone334",
				"parent": "bone332",
				"pivot": [0, 7.525, 2.025],
				"rotation": [0, 135, 0],
				"cubes": [
					{"origin": [-1.25, 7.775, 8.26367], "size": [2.5, 0.5, 0.025], "uv": [99, 124], "mirror": true}
				]
			},
			{
				"name": "bone335",
				"parent": "bone332",
				"pivot": [0, 7.525, 2.025],
				"rotation": [0, 157.5, 0],
				"cubes": [
					{"origin": [-1.25, 7.775, 8.26367], "size": [2.5, 0.5, 0.025], "uv": [99, 124], "mirror": true}
				]
			},
			{
				"name": "bone336",
				"parent": "bone332",
				"pivot": [0, 7.525, 2.025],
				"rotation": [0, 180, 0],
				"cubes": [
					{"origin": [-1.25, 7.775, 8.26367], "size": [2.5, 0.5, 0.025], "uv": [99, 124], "mirror": true}
				]
			},
			{
				"name": "bone337",
				"parent": "bone332",
				"pivot": [0, 7.525, 2.025],
				"rotation": [0, 202.5, 0],
				"cubes": [
					{"origin": [-1.25, 7.775, 8.26367], "size": [2.5, 0.5, 0.025], "uv": [99, 124], "mirror": true}
				]
			}
		]
	}
}