{
	"format_version": "1.10.0",
	"geometry.model": {
		"texturewidth": 128,
		"textureheight": 128,
		"visible_bounds_width": 3,
		"visible_bounds_height": 4,
		"visible_bounds_offset": [0, 1, 0],
		"bones": [
			{
				"name": "head",
				"pivot": [0, 18, 0],
				"cubes": [
					{"origin": [-3.925, 18.025, -3.925], "size": [7.85, 7.825, 7.85], "uv": [25, 7]},
					{"origin": [-3.5, 18.5, -3.5], "size": [7, 7, 8], "uv": [0, 14]},
					{"origin": [-3.5, 18.5, -3.5], "size": [7, 8, 7], "uv": [23, 22]},
					{"origin": [-4.5, 18.5, -3.5], "size": [9, 7, 7], "uv": [0, 0]}
				]
			},
			{
				"name": "bone134",
				"parent": "head",
				"pivot": [3.575, 23.7, -4.275],
				"rotation": [2, 0, -50.25]
			},
			{
				"name": "bone52",
				"parent": "head",
				"pivot": [2.15, 24.875, -4.025],
				"rotation": [-16.25, 0, -50.25]
			},
			{
				"name": "blink",
				"parent": "head",
				"pivot": [0, 18, 0],
				"cubes": [
					{"origin": [-4, 18, -4.001], "size": [8, 8, 0], "uv": [48, 37]}
				]
			},
			{
				"name": "bone54",
				"parent": "head",
				"pivot": [0.8, 24.6, -4.2],
				"rotation": [-12.5, 0, -42.75]
			},
			{
				"name": "bone42",
				"parent": "head",
				"pivot": [2.15, 23.125, -4.25],
				"rotation": [10, 0, -42.75]
			},
			{
				"name": "bone139",
				"parent": "head",
				"pivot": [-1.875, 25.525, -3.75],
				"rotation": [-25.2873, 2.68507, 0.2873]
			},
			{
				"name": "bone43",
				"parent": "head",
				"pivot": [-2, 24.2, -4.25],
				"rotation": [12.5, 0, 12.5]
			},
			{
				"name": "bone135",
				"parent": "head",
				"pivot": [-0.975, 25.2, -4.1],
				"rotation": [-20, 0, -25]
			},
			{
				"name": "bone53",
				"parent": "head",
				"pivot": [-0.35, 23.875, -4.175],
				"rotation": [12.5, 0, -25]
			},
			{
				"name": "bone41",
				"parent": "head",
				"pivot": [1, 24.5, -4.25],
				"rotation": [0, 0, -25]
			},
			{
				"name": "bone136",
				"parent": "head",
				"pivot": [0.35, 25.9, -3.825],
				"rotation": [-20, 0, -25]
			},
			{
				"name": "bone47",
				"parent": "head",
				"pivot": [-1, 18, -0.5]
			},
			{
				"name": "bone44",
				"parent": "bone47",
				"pivot": [3.5, 22.5, -3.9],
				"rotation": [-2.5, 0, 0],
				"cubes": [
					{"origin": [3, 19, -4.4], "size": [1, 7, 1], "uv": [12, 66]}
				]
			},
			{
				"name": "bone45",
				"parent": "bone47",
				"pivot": [3.5, 18.875, -4],
				"rotation": [-7.43656, -0.9762, -7.43656],
				"cubes": [
					{"origin": [2.75, 17.5, -4.675], "size": [1.425, 1.75, 0.975], "uv": [4, 21]},
					{"origin": [2.5, 17.8, -4.85], "size": [2, 0.575, 0.65], "uv": [84, 95]}
				]
			},
			{
				"name": "bone46",
				"parent": "bone47",
				"pivot": [3.85, 17.375, -4.35],
				"rotation": [-12.5, 0, -15],
				"cubes": [
					{"origin": [3.15, 15, -4.85], "size": [1.2, 2.75, 0.95], "uv": [6, 14]}
				]
			},
			{
				"name": "bone48",
				"parent": "head",
				"pivot": [1, 18, -0.5]
			},
			{
				"name": "bone49",
				"parent": "bone48",
				"pivot": [-3.5, 22.5, -3.925],
				"rotation": [-2.5, 0, 0],
				"cubes": [
					{"origin": [-4, 19, -4.425], "size": [1, 7, 1], "uv": [8, 66]}
				]
			},
			{
				"name": "bone50",
				"parent": "bone48",
				"pivot": [-3.5, 18.875, -4],
				"rotation": [-7.43656, 0.9762, 7.43656],
				"cubes": [
					{"origin": [-4.175, 17.5, -4.675], "size": [1.425, 1.75, 0.975], "uv": [4, 6]},
					{"origin": [-4.5, 17.8, -4.85], "size": [2, 0.575, 0.65], "uv": [82, 98]}
				]
			},
			{
				"name": "bone51",
				"parent": "bone48",
				"pivot": [-3.85, 17.375, -4.35],
				"rotation": [-12.5, 0, 15],
				"cubes": [
					{"origin": [-4.35, 15, -4.85], "size": [1.2, 2.75, 0.95], "uv": [0, 14]}
				]
			},
			{
				"name": "hat",
				"parent": "head",
				"pivot": [0, 18, 0]
			},
			{
				"name": "L",
				"parent": "hat",
				"pivot": [0, 18, 0]
			},
			{
				"name": "bone58",
				"parent": "L",
				"pivot": [-1.325, 27.8, 0.5],
				"rotation": [0, 0, -37.5],
				"cubes": [
					{"origin": [-1.825, 27.55, 0], "size": [1, 2.25, 1], "uv": [54, 70]}
				]
			},
			{
				"name": "bone57",
				"parent": "L",
				"pivot": [-3.55, 28.95, 0.5],
				"rotation": [0, 0, 18.5],
				"cubes": [
					{"origin": [-3.725, 26.875, 0], "size": [1, 3.35, 1], "uv": [66, 68]}
				]
			},
			{
				"name": "bone56",
				"parent": "L",
				"pivot": [-1.175, 27.25, 0.5],
				"rotation": [0, 0, -7.5],
				"cubes": [
					{"origin": [-1.675, 25.75, 0], "size": [1, 2.025, 1], "uv": [70, 51]}
				]
			},
			{
				"name": "bone55",
				"parent": "L",
				"pivot": [-3.925, 26.75, 0.5],
				"rotation": [0, 0, 2.5],
				"cubes": [
					{"origin": [-4.425, 25.25, 0], "size": [1, 1.875, 1], "uv": [71, 71]}
				]
			},
			{
				"name": "R",
				"parent": "hat",
				"pivot": [0, 18, 0]
			},
			{
				"name": "bone59",
				"parent": "R",
				"pivot": [1.325, 27.8, 0.5],
				"rotation": [0, 0, 37.5],
				"cubes": [
					{"origin": [0.825, 27.55, 0], "size": [1, 2.25, 1], "uv": [50, 70]}
				]
			},
			{
				"name": "bone60",
				"parent": "R",
				"pivot": [3.55, 28.95, 0.5],
				"rotation": [0, 0, -18.5],
				"cubes": [
					{"origin": [2.725, 26.875, 0], "size": [1, 3.35, 1], "uv": [68, 35]}
				]
			},
			{
				"name": "bone61",
				"parent": "R",
				"pivot": [1.175, 27.25, 0.5],
				"rotation": [0, 0, 7.5],
				"cubes": [
					{"origin": [0.675, 25.75, 0], "size": [1, 2.025, 1], "uv": [70, 48]}
				]
			},
			{
				"name": "bone62",
				"parent": "R",
				"pivot": [3.925, 26.75, 0.5],
				"rotation": [0, 0, -2.5],
				"cubes": [
					{"origin": [3.425, 25.25, 0], "size": [1, 1.875, 1], "uv": [71, 64]}
				]
			},
			{
				"name": "bone143",
				"parent": "R",
				"pivot": [0, 18, 0],
				"cubes": [
					{"origin": [1.5, 26, 0.25], "size": [2, 2.75, 0.75], "uv": [26, 72]}
				]
			},
			{
				"name": "bone144",
				"parent": "head",
				"pivot": [0, 18, 0],
				"cubes": [
					{"origin": [-3.5, 26, 0.25], "size": [2, 2.75, 0.75], "uv": [62, 71]}
				]
			},
			{
				"name": "bone95",
				"parent": "head",
				"pivot": [0, 18, 0],
				"cubes": [
					{"origin": [-5, 20.25, -1], "size": [1, 3, 2.25], "uv": [24, 37]},
					{"origin": [-4.75, 22.75, 0], "size": [0.75, 3, 1], "uv": [47, 93]}
				]
			},
			{
				"name": "bone94",
				"parent": "head",
				"pivot": [0, 18, 0],
				"cubes": [
					{"origin": [4, 20.25, -1], "size": [1, 3, 2.25], "uv": [0, 0]},
					{"origin": [4, 22.75, 0], "size": [0.75, 3, 1], "uv": [44, 91]}
				]
			},
			{
				"name": "bone96",
				"parent": "head",
				"pivot": [0, 28, 4],
				"rotation": [-40, 0, 0]
			},
			{
				"name": "bone97",
				"parent": "bone96",
				"pivot": [0, 28, 4],
				"cubes": [
					{"origin": [-0.75, 28.25, 6.26367], "size": [1.5, 0.025, 0.5], "uv": [86, 96]},
					{"origin": [-0.25, 28.25, 5.76367], "size": [0.5, 0.025, 2.75], "uv": [86, 96]}
				]
			},
			{
				"name": "bone98",
				"parent": "bone96",
				"pivot": [0, 28, 4],
				"rotation": [0, -22.5, 0],
				"cubes": [
					{"origin": [-0.75, 28.25, 6.26367], "size": [1.5, 0.025, 0.5], "uv": [86, 96]}
				]
			},
			{
				"name": "bone99",
				"parent": "bone96",
				"pivot": [0, 28, 4],
				"rotation": [0, -45, 0],
				"cubes": [
					{"origin": [-0.75, 28.25, 6.26367], "size": [1.5, 0.025, 0.5], "uv": [86, 96]}
				]
			},
			{
				"name": "bone100",
				"parent": "bone96",
				"pivot": [0, 28, 4],
				"rotation": [0, -67.5, 0],
				"cubes": [
					{"origin": [-0.75, 28.25, 6.26367], "size": [1.5, 0.025, 0.5], "uv": [86, 96]}
				]
			},
			{
				"name": "bone101",
				"parent": "bone96",
				"pivot": [0, 28, 4],
				"rotation": [0, -90, 0],
				"cubes": [
					{"origin": [-0.75, 28.25, 6.26367], "size": [1.5, 0.025, 0.5], "uv": [86, 96]},
					{"origin": [-0.25, 28.25, 5.76367], "size": [0.5, 0.025, 3], "uv": [86, 96]}
				]
			},
			{
				"name": "bone102",
				"parent": "bone96",
				"pivot": [0, 28, 4],
				"rotation": [0, -112.5, 0],
				"cubes": [
					{"origin": [-0.75, 28.25, 6.26367], "size": [1.5, 0.025, 0.5], "uv": [86, 96]}
				]
			},
			{
				"name": "bone103",
				"parent": "bone96",
				"pivot": [0, 28, 4],
				"rotation": [0, -135, 0],
				"cubes": [
					{"origin": [-0.75, 28.25, 6.26367], "size": [1.5, 0.025, 0.5], "uv": [86, 96]}
				]
			},
			{
				"name": "bone104",
				"parent": "bone96",
				"pivot": [0, 28, 4],
				"rotation": [0, -157.5, 0],
				"cubes": [
					{"origin": [-0.75, 28.25, 6.26367], "size": [1.5, 0.025, 0.5], "uv": [86, 96]}
				]
			},
			{
				"name": "bone105",
				"parent": "bone96",
				"pivot": [0, 28, 4],
				"rotation": [0, -180, 0],
				"cubes": [
					{"origin": [-0.75, 28.25, 6.26367], "size": [1.5, 0.025, 0.5], "uv": [86, 96]},
					{"origin": [-0.25, 28.25, 5.76367], "size": [0.5, 0.025, 3], "uv": [86, 96]}
				]
			},
			{
				"name": "bone106",
				"parent": "bone96",
				"pivot": [0, 28, 4],
				"rotation": [0, -202.5, 0],
				"cubes": [
					{"origin": [-0.75, 28.25, 6.26367], "size": [1.5, 0.025, 0.5], "uv": [86, 96]}
				]
			},
			{
				"name": "bone107",
				"parent": "bone96",
				"pivot": [0, 28, 4],
				"rotation": [0, -225, 0],
				"cubes": [
					{"origin": [-0.75, 28.25, 6.26367], "size": [1.5, 0.025, 0.5], "uv": [86, 96]}
				]
			},
			{
				"name": "bone108",
				"parent": "bone96",
				"pivot": [0, 28, 4],
				"rotation": [0, -247.5, 0],
				"cubes": [
					{"origin": [-0.75, 28.25, 6.26367], "size": [1.5, 0.025, 0.5], "uv": [86, 96]}
				]
			},
			{
				"name": "bone109",
				"parent": "bone96",
				"pivot": [0, 28, 4],
				"rotation": [0, -270, 0],
				"cubes": [
					{"origin": [-0.75, 28.25, 6.26367], "size": [1.5, 0.025, 0.5], "uv": [86, 96]},
					{"origin": [-0.25, 28.25, 5.76367], "size": [0.5, 0.025, 3], "uv": [86, 96]}
				]
			},
			{
				"name": "bone110",
				"parent": "bone96",
				"pivot": [0, 28, 4],
				"rotation": [0, -292.5, 0],
				"cubes": [
					{"origin": [-0.75, 28.25, 6.26367], "size": [1.5, 0.025, 0.5], "uv": [86, 96]}
				]
			},
			{
				"name": "bone111",
				"parent": "bone96",
				"pivot": [0, 28, 4],
				"rotation": [0, -315, 0],
				"cubes": [
					{"origin": [-0.75, 28.25, 6.26367], "size": [1.5, 0.025, 0.5], "uv": [86, 96]}
				]
			},
			{
				"name": "bone112",
				"parent": "bone96",
				"pivot": [0, 28, 4],
				"rotation": [0, -337.5, 0],
				"cubes": [
					{"origin": [-0.75, 28.25, 6.26367], "size": [1.5, 0.025, 0.5], "uv": [86, 96]}
				]
			},
			{
				"name": "bone114",
				"parent": "head",
				"pivot": [0, 28, 4],
				"rotation": [-40, 0, 0]
			},
			{
				"name": "bone115",
				"parent": "bone114",
				"pivot": [0, 28, 4],
				"cubes": [
					{"origin": [-0.75, 28.25, 7.26367], "size": [1.5, 0.025, 0.5], "uv": [78, 91]}
				]
			},
			{
				"name": "bone116",
				"parent": "bone114",
				"pivot": [0, 28, 4],
				"rotation": [0, -22.5, 0],
				"cubes": [
					{"origin": [-0.75, 28.25, 7.26367], "size": [1.5, 0.025, 0.5], "uv": [78, 91]}
				]
			},
			{
				"name": "bone117",
				"parent": "bone114",
				"pivot": [0, 28, 4],
				"rotation": [0, -45, 0],
				"cubes": [
					{"origin": [-0.75, 28.25, 7.26367], "size": [1.5, 0.025, 0.5], "uv": [78, 91]}
				]
			},
			{
				"name": "bone118",
				"parent": "bone114",
				"pivot": [0, 28, 4],
				"rotation": [0, -67.5, 0],
				"cubes": [
					{"origin": [-0.75, 28.25, 7.26367], "size": [1.5, 0.025, 0.5], "uv": [78, 91]}
				]
			},
			{
				"name": "bone119",
				"parent": "bone114",
				"pivot": [0, 28, 4],
				"rotation": [0, -90, 0],
				"cubes": [
					{"origin": [-0.75, 28.25, 7.26367], "size": [1.5, 0.025, 0.5], "uv": [78, 91]}
				]
			},
			{
				"name": "bone120",
				"parent": "bone114",
				"pivot": [0, 28, 4],
				"rotation": [0, -112.5, 0],
				"cubes": [
					{"origin": [-0.75, 28.25, 7.26367], "size": [1.5, 0.025, 0.5], "uv": [78, 91]}
				]
			},
			{
				"name": "bone121",
				"parent": "bone114",
				"pivot": [0, 28, 4],
				"rotation": [0, -135, 0],
				"cubes": [
					{"origin": [-0.75, 28.25, 7.26367], "size": [1.5, 0.025, 0.5], "uv": [78, 91]}
				]
			},
			{
				"name": "bone122",
				"parent": "bone114",
				"pivot": [0, 28, 4],
				"rotation": [0, -157.5, 0],
				"cubes": [
					{"origin": [-0.75, 28.25, 7.26367], "size": [1.5, 0.025, 0.5], "uv": [78, 91]}
				]
			},
			{
				"name": "bone123",
				"parent": "bone114",
				"pivot": [0, 28, 4],
				"rotation": [0, -180, 0],
				"cubes": [
					{"origin": [-0.75, 28.25, 7.26367], "size": [1.5, 0.025, 0.5], "uv": [78, 91]}
				]
			},
			{
				"name": "bone124",
				"parent": "bone114",
				"pivot": [0, 28, 4],
				"rotation": [0, -202.5, 0],
				"cubes": [
					{"origin": [-0.75, 28.25, 7.26367], "size": [1.5, 0.025, 0.5], "uv": [78, 91]}
				]
			},
			{
				"name": "bone125",
				"parent": "bone114",
				"pivot": [0, 28, 4],
				"rotation": [0, -225, 0],
				"cubes": [
					{"origin": [-0.75, 28.25, 7.26367], "size": [1.5, 0.025, 0.5], "uv": [78, 91]}
				]
			},
			{
				"name": "bone126",
				"parent": "bone114",
				"pivot": [0, 28, 4],
				"rotation": [0, -247.5, 0],
				"cubes": [
					{"origin": [-0.75, 28.25, 7.26367], "size": [1.5, 0.025, 0.5], "uv": [78, 91]}
				]
			},
			{
				"name": "bone127",
				"parent": "bone114",
				"pivot": [0, 28, 4],
				"rotation": [0, -270, 0],
				"cubes": [
					{"origin": [-0.75, 28.25, 7.26367], "size": [1.5, 0.025, 0.5], "uv": [78, 91]}
				]
			},
			{
				"name": "bone128",
				"parent": "bone114",
				"pivot": [0, 28, 4],
				"rotation": [0, -292.5, 0],
				"cubes": [
					{"origin": [-0.75, 28.25, 7.26367], "size": [1.5, 0.025, 0.5], "uv": [78, 91]}
				]
			},
			{
				"name": "bone129",
				"parent": "bone114",
				"pivot": [0, 28, 4],
				"rotation": [0, -315, 0],
				"cubes": [
					{"origin": [-0.75, 28.25, 7.26367], "size": [1.5, 0.025, 0.5], "uv": [78, 91]}
				]
			},
			{
				"name": "bone130",
				"parent": "bone114",
				"pivot": [0, 28, 4],
				"rotation": [0, -337.5, 0],
				"cubes": [
					{"origin": [-0.75, 28.25, 7.26367], "size": [1.5, 0.025, 0.5], "uv": [78, 91]}
				]
			},
			{
				"name": "bone140",
				"parent": "head",
				"pivot": [0, 25.525, -3.95],
				"rotation": [-10, 0, 0],
				"cubes": [
					{"origin": [-3.5, 25.025, -4.45], "size": [7, 1, 1], "uv": [25, 4]}
				]
			},
			{
				"name": "bone210",
				"parent": "head",
				"pivot": [2.775, 25.375, -4.1],
				"rotation": [0, 0, -47.5]
			},
			{
				"name": "bone211",
				"parent": "bone210",
				"pivot": [2.775, 25.375, -4.1],
				"rotation": [-9.5, 0, 25],
				"cubes": [
					{"origin": [2.275, 24.125, -4.6], "size": [1, 1.75, 1], "uv": [46, 12]}
				]
			},
			{
				"name": "bone212",
				"parent": "bone210",
				"pivot": [2.15, 24, -4.45],
				"rotation": [5, 0, 25],
				"cubes": [
					{"origin": [1.65, 22.9, -4.725], "size": [1, 1.6, 1], "uv": [14, 29]}
				]
			},
			{
				"name": "bone207",
				"parent": "head",
				"pivot": [2.025, 25.275, -4.1],
				"rotation": [-2.5, 0, -47.5]
			},
			{
				"name": "bone208",
				"parent": "bone207",
				"pivot": [2.025, 25.275, -4.1],
				"rotation": [-9.5, 0, 25],
				"cubes": [
					{"origin": [1.525, 24.025, -4.6], "size": [1, 1.75, 1], "uv": [47, 26]}
				]
			},
			{
				"name": "bone209",
				"parent": "bone207",
				"pivot": [1.4, 23.9, -4.45],
				"rotation": [5, 0, 25],
				"cubes": [
					{"origin": [0.9, 21.8, -4.725], "size": [1, 2.6, 1], "uv": [69, 6]}
				]
			},
			{
				"name": "bone204",
				"parent": "head",
				"pivot": [1.275, 25, -4.1],
				"rotation": [2.5, 0, -47.5]
			},
			{
				"name": "bone205",
				"parent": "bone204",
				"pivot": [1.275, 25, -4.1],
				"rotation": [-9.5, 0, 25],
				"cubes": [
					{"origin": [0.775, 23.75, -4.6], "size": [1, 1.75, 1], "uv": [50, 12]}
				]
			},
			{
				"name": "bone206",
				"parent": "bone204",
				"pivot": [0.65, 23.625, -4.45],
				"rotation": [5, 0, 25],
				"cubes": [
					{"origin": [0.15, 21.85, -4.725], "size": [1, 2.275, 1], "uv": [69, 9]}
				]
			},
			{
				"name": "bone201",
				"parent": "head",
				"pivot": [0.325, 24.9, -4.1],
				"rotation": [5, 0, -12.5]
			},
			{
				"name": "bone202",
				"parent": "bone201",
				"pivot": [0.325, 24.9, -4.1],
				"rotation": [-9.5, 0, 25],
				"cubes": [
					{"origin": [-0.175, 23.4, -4.6], "size": [1, 2, 1], "uv": [69, 24]}
				]
			},
			{
				"name": "bone203",
				"parent": "bone201",
				"pivot": [-0.3, 23.525, -4.45],
				"rotation": [5, 0, 25],
				"cubes": [
					{"origin": [-0.8, 22.275, -4.725], "size": [1, 1.5, 1], "uv": [16, 56]}
				]
			},
			{
				"name": "bone198",
				"parent": "head",
				"pivot": [-0.35, 24.9, -4.1],
				"rotation": [5, 0, -12.5]
			},
			{
				"name": "bone199",
				"parent": "bone198",
				"pivot": [-0.35, 24.9, -4.1],
				"rotation": [-9.5, 0, 25],
				"cubes": [
					{"origin": [-0.85, 23.65, -4.6], "size": [1, 1.75, 1], "uv": [65, 25]}
				]
			},
			{
				"name": "bone200",
				"parent": "bone198",
				"pivot": [-0.975, 23.525, -4.45],
				"rotation": [5, 0, 25],
				"cubes": [
					{"origin": [-1.475, 22.275, -4.725], "size": [1, 1.75, 1], "uv": [60, 49]}
				]
			},
			{
				"name": "bone138",
				"parent": "head",
				"pivot": [-1.225, 24.9, -4.1],
				"rotation": [-5, 0, -12.5]
			},
			{
				"name": "bone196",
				"parent": "bone138",
				"pivot": [-1.225, 24.9, -4.1],
				"rotation": [-9.5, 0, 25],
				"cubes": [
					{"origin": [-1.725, 23.9, -4.6], "size": [1, 1.5, 1], "uv": [66, 57]}
				]
			},
			{
				"name": "bone197",
				"parent": "bone138",
				"pivot": [-1.85, 23.525, -4.45],
				"rotation": [5, 0, 25],
				"cubes": [
					{"origin": [-2.35, 22.275, -4.725], "size": [1, 2, 1], "uv": [46, 69]}
				]
			},
			{
				"name": "bone213",
				"parent": "head",
				"pivot": [-1.675, 24.9, -4.1],
				"rotation": [-2.5, 0, -12.5]
			},
			{
				"name": "bone214",
				"parent": "bone213",
				"pivot": [-1.675, 24.9, -4.1],
				"rotation": [-9.5, 0, 25],
				"cubes": [
					{"origin": [-2.175, 23.65, -4.6], "size": [1, 1.75, 1], "uv": [10, 29]}
				]
			},
			{
				"name": "bone215",
				"parent": "bone213",
				"pivot": [-2.3, 23.525, -4.45],
				"rotation": [5, 0, 25],
				"cubes": [
					{"origin": [-2.8, 21.775, -4.725], "size": [1, 2.25, 1], "uv": [68, 39]}
				]
			},
			{
				"name": "bone137",
				"parent": "head",
				"pivot": [-2.5, 24.9, -4.1],
				"rotation": [-5, 0, -12.5]
			},
			{
				"name": "bone141",
				"parent": "bone137",
				"pivot": [-2.5, 24.9, -4.1],
				"rotation": [-9.5, 0, 25],
				"cubes": [
					{"origin": [-3, 23.65, -4.6], "size": [1, 1.75, 1], "uv": [71, 61]}
				]
			},
			{
				"name": "bone142",
				"parent": "bone137",
				"pivot": [-3.125, 23.525, -4.45],
				"rotation": [5, 0, 25],
				"cubes": [
					{"origin": [-3.625, 21.275, -4.725], "size": [1, 2.75, 1], "uv": [70, 45]}
				]
			},
			{
				"name": "armRight",
				"pivot": [-3, 17.5, 0],
				"rotation": [0, 0, 15],
				"cubes": [
					{"origin": [-5, 8.5, -1], "size": [2, 8, 2], "uv": [34, 57]},
					{"origin": [-5.15, 8.625, -1.2], "size": [2.3, 5.8, 2.4], "uv": [79, 93]},
					{"origin": [-5.25, 9, -1.25], "size": [2.5, 8.5, 2.5], "uv": [18, 57]}
				]
			},
			{
				"name": "armLeft",
				"pivot": [3, 17.5, 0],
				"rotation": [0, 0, -15],
				"cubes": [
					{"origin": [2.75, 9.05, -1.25], "size": [2.5, 8.45, 2.5], "uv": [10, 56]},
					{"origin": [2.85, 8.625, -1.2], "size": [2.3, 5.8, 2.4], "uv": [81, 95]},
					{"origin": [3, 8.5, -1], "size": [2, 8, 2], "uv": [53, 12]}
				]
			},
			{
				"name": "body",
				"pivot": [0, 10.5, 0],
				"cubes": [
					{"origin": [-3, 8.999, -3], "size": [6, 8.75, 6], "uv": [0, 31]},
					{"origin": [-2.75, 12.699, -3.25], "size": [0.5, 5.3, 6.5], "uv": [45, 89]},
					{"origin": [2.25, 12.699, -3.25], "size": [0.5, 5.3, 6.75], "uv": [42, 91]},
					{"origin": [-3.25, 9.699, -3.05], "size": [6.5, 8.325, 6.1], "uv": [24, 37]}
				]
			},
			{
				"name": "bone63",
				"parent": "body",
				"pivot": [0, 10.5, 0],
				"cubes": [
					{"origin": [-0.5, 16, -3.75], "size": [1, 1, 1], "uv": [71, 38]}
				]
			},
			{
				"name": "bone80",
				"parent": "bone63",
				"pivot": [0, 14.75, -3.25],
				"rotation": [-7.5, 0, 0],
				"cubes": [
					{"origin": [-0.725, 13.5, -3.75], "size": [1.45, 2.5, 1], "uv": [70, 21]}
				]
			},
			{
				"name": "bone79",
				"parent": "bone63",
				"pivot": [0, 13.5, -3.425],
				"rotation": [-4.94285, 5.01879, 45.43691],
				"cubes": [
					{"origin": [-0.5, 13, -3.925], "size": [1, 1, 1], "uv": [70, 57]}
				]
			},
			{
				"name": "bone64",
				"parent": "body",
				"pivot": [-1, 17, -3.5],
				"rotation": [-20.97958, 9.07519, 45.64542],
				"cubes": [
					{"origin": [-2.5, 16.5, -3.5], "size": [2.5, 1, 0], "uv": [0, 21]}
				]
			},
			{
				"name": "bone65",
				"parent": "body",
				"pivot": [1, 17, -3.5],
				"rotation": [-20.97958, -9.07519, -45.64542],
				"cubes": [
					{"origin": [0, 16.5, -3.5], "size": [2.5, 1, 0], "uv": [3, 5]}
				]
			},
			{
				"name": "cloth_out_down",
				"parent": "body",
				"pivot": [0, 7, 0]
			},
			{
				"name": "bone2",
				"parent": "cloth_out_down",
				"pivot": [0, 7, 0]
			},
			{
				"name": "bone3",
				"parent": "bone2",
				"pivot": [0, 7, 4.47051],
				"rotation": [10, 0, 0],
				"cubes": [
					{"origin": [-3.25, 4.65782, 4.47051], "size": [6.5, 8, 0], "uv": [24, 51]}
				]
			},
			{
				"name": "bone4",
				"parent": "bone3",
				"pivot": [-2.5, 6.65782, 4.47051],
				"rotation": [0, 0, 19.85108],
				"cubes": [
					{"origin": [-4.875, 4.65782, 4.56951], "size": [2.375, 8, 0], "uv": [4, 65]}
				]
			},
			{
				"name": "bone5",
				"parent": "bone3",
				"pivot": [2.5, 6.65782, 4.47051],
				"rotation": [0, 0, -19.35108],
				"cubes": [
					{"origin": [2.5, 4.65782, 4.47151], "size": [2.375, 8, 0], "uv": [0, 65]}
				]
			},
			{
				"name": "bone6",
				"parent": "cloth_out_down",
				"pivot": [0, 7, 0],
				"rotation": [0, -90, 0]
			},
			{
				"name": "bone7",
				"parent": "bone6",
				"pivot": [0, 7, 4.47051],
				"rotation": [20.5, 0, 0],
				"cubes": [
					{"origin": [-2.5, 5.65782, 4.87051], "size": [5, 7, 0], "uv": [42, 59]}
				]
			},
			{
				"name": "bone8",
				"parent": "bone7",
				"pivot": [-2.5, 6.65782, 4.87051],
				"rotation": [0, 0, 9.85108],
				"cubes": [
					{"origin": [-4.5, 6.65782, 4.89451], "size": [2, 6, 0], "uv": [42, 66]}
				]
			},
			{
				"name": "bone9",
				"parent": "bone7",
				"pivot": [2.5, 6.65782, 4.47051],
				"rotation": [0, 0, -9.85108],
				"cubes": [
					{"origin": [2.325, 4.65782, 4.82151], "size": [2.35, 8, 0], "uv": [64, 35]}
				]
			},
			{
				"name": "bone10",
				"parent": "cloth_out_down",
				"pivot": [0, 7, 0],
				"rotation": [0, -180, 0]
			},
			{
				"name": "bone11",
				"parent": "bone10",
				"pivot": [0, 7, 4.47051],
				"rotation": [10, 0, 0]
			},
			{
				"name": "bone12",
				"parent": "bone11",
				"pivot": [-2.6, 6.35782, 4.47051],
				"rotation": [0, 0, 19.85108],
				"cubes": [
					{"origin": [-4.975, 6.35782, 4.46951], "size": [2.375, 6, 0], "uv": [30, 66]}
				]
			},
			{
				"name": "bone13",
				"parent": "bone11",
				"pivot": [2.45, 6.65782, 4.47051],
				"rotation": [0, 0, -17.35108],
				"cubes": [
					{"origin": [2.45, 6.40782, 4.47151], "size": [2.425, 6.25, 0], "uv": [26, 66]}
				]
			},
			{
				"name": "bone160",
				"parent": "bone11",
				"pivot": [2.4, 6.65782, 4.37051],
				"rotation": [0, 0, -17.35108],
				"cubes": [
					{"origin": [1.95, 6.15782, 4.36951], "size": [2.825, 6.5, 0], "uv": [36, 51]}
				]
			},
			{
				"name": "bone159",
				"parent": "bone11",
				"pivot": [-2.5, 6.35782, 4.37051],
				"rotation": [0, 0, 19.85108],
				"cubes": [
					{"origin": [-4.875, 6.08282, 4.36951], "size": [2.825, 6.275, 0], "uv": [44, 21]}
				]
			},
			{
				"name": "bone14",
				"parent": "cloth_out_down",
				"pivot": [0, 7, 0],
				"rotation": [0, -270, 0]
			},
			{
				"name": "bone15",
				"parent": "bone14",
				"pivot": [0, 7, 4.47051],
				"rotation": [19.75, 0, 0],
				"cubes": [
					{"origin": [-2.5, 5.65782, 4.87051], "size": [5, 7, 0], "uv": [59, 7]}
				]
			},
			{
				"name": "bone16",
				"parent": "bone15",
				"pivot": [-2.5, 6.65782, 4.47051],
				"rotation": [0, 0, 9.85108],
				"cubes": [
					{"origin": [-4.5, 4.65782, 4.89451], "size": [2, 8, 0], "uv": [62, 63]}
				]
			},
			{
				"name": "bone17",
				"parent": "bone15",
				"pivot": [2.5, 6.65782, 4.87051],
				"rotation": [0, 0, -9.85108],
				"cubes": [
					{"origin": [2.5, 6.65782, 4.87151], "size": [2, 6, 0], "uv": [42, 37]}
				]
			},
			{
				"name": "bone161",
				"parent": "bone14",
				"pivot": [0, 7, 4.32051],
				"rotation": [21, 0, 0],
				"cubes": [
					{"origin": [-2.5, 5.35782, 4.72051], "size": [5, 7.3, 0], "uv": [58, 0]}
				]
			},
			{
				"name": "bone162",
				"parent": "bone161",
				"pivot": [-2.5, 6.65782, 4.32051],
				"rotation": [0, 0, 9.85108],
				"cubes": [
					{"origin": [-4.5, 4.35782, 4.74451], "size": [2, 8.3, 0], "uv": [18, 29]}
				]
			},
			{
				"name": "bone163",
				"parent": "bone161",
				"pivot": [2.5, 6.65782, 4.72051],
				"rotation": [0, 0, -9.85108],
				"cubes": [
					{"origin": [2.5, 6.35782, 4.72151], "size": [1.875, 6.3, 0], "uv": [4, 29]}
				]
			},
			{
				"name": "bone164",
				"parent": "bone14",
				"pivot": [0, 7, -4.32051],
				"rotation": [-20.25, 0, 0],
				"cubes": [
					{"origin": [-2.5, 5.35782, -4.72051], "size": [5, 7.3, 0], "uv": [0, 58]}
				]
			},
			{
				"name": "bone165",
				"parent": "bone164",
				"pivot": [-2.5, 6.65782, -4.32051],
				"rotation": [0, 0, 9.85108],
				"cubes": [
					{"origin": [-4.5, 4.35782, -4.74451], "size": [2, 8.3, 0], "uv": [0, 29]}
				]
			},
			{
				"name": "bone166",
				"parent": "bone164",
				"pivot": [2.5, 6.65782, -4.72051],
				"rotation": [0, 0, -9.85108],
				"cubes": [
					{"origin": [2.5, 6.35782, -4.72151], "size": [1.875, 6.3, 0], "uv": [22, 14]}
				]
			},
			{
				"name": "cloth_in",
				"parent": "body",
				"pivot": [0, 0, 0]
			},
			{
				"name": "bone180",
				"parent": "cloth_in",
				"pivot": [0.05, 10.5, -3.325],
				"rotation": [-8.25, 0, 0]
			},
			{
				"name": "bone77",
				"parent": "cloth_in",
				"pivot": [-1.625, 8.5, -3.1],
				"rotation": [-9.03742, 4.92385, 29.12962]
			},
			{
				"name": "bone78",
				"parent": "cloth_in",
				"pivot": [1.625, 8.5, -3.125],
				"rotation": [-9.28742, -4.92385, -29.12962]
			},
			{
				"name": "cloth_out_up",
				"parent": "body",
				"pivot": [0, 12, 0]
			},
			{
				"name": "bone67",
				"parent": "cloth_out_up",
				"pivot": [0, 12, 0]
			},
			{
				"name": "bone68",
				"parent": "bone67",
				"pivot": [0, 12, 4],
				"cubes": [
					{"origin": [-3, 12, 3.5], "size": [6, 4.3, 0], "uv": [52, 59]}
				]
			},
			{
				"name": "bone195",
				"parent": "bone68",
				"pivot": [2.675, 12, 4],
				"rotation": [0, 0, 14.5],
				"cubes": [
					{"origin": [1.925, 12, 3.525], "size": [1, 4.3, 0], "uv": [46, 37]}
				]
			},
			{
				"name": "bone69",
				"parent": "bone68",
				"pivot": [-2.675, 12, 4],
				"rotation": [0, 0, -14.5],
				"cubes": [
					{"origin": [-2.925, 12, 3.525], "size": [1, 4.3, 0], "uv": [40, 51]}
				]
			},
			{
				"name": "bone81",
				"parent": "bone68",
				"pivot": [3, 12, 4]
			},
			{
				"name": "bone82",
				"parent": "cloth_out_up",
				"pivot": [1, 12, 0],
				"rotation": [0, -90, 0]
			},
			{
				"name": "bone83",
				"parent": "bone82",
				"pivot": [1, 12, 4.325],
				"rotation": [-8.5, 0, 0],
				"cubes": [
					{"origin": [-2.525, 12, 4.325], "size": [5.775, 4.125, 0], "uv": [52, 63]},
					{"origin": [-2.35, 12, 4.15], "size": [6.7, 3.85, 0], "uv": [51, 34]}
				]
			},
			{
				"name": "bone84",
				"parent": "bone83",
				"pivot": [-2, 12, 4.325],
				"cubes": [
					{"origin": [-2.5, 12, 4.324], "size": [1.5, 1.675, 0], "uv": [4, 0]}
				]
			},
			{
				"name": "bone85",
				"parent": "bone83",
				"pivot": [4, 12, 4.325],
				"cubes": [
					{"origin": [3, 12, 4.326], "size": [1.5, 4.125, 0], "uv": [60, 71]}
				]
			},
			{
				"name": "bone191",
				"parent": "cloth_out_up",
				"pivot": [-1, 12, 0],
				"rotation": [0, 90, 0]
			},
			{
				"name": "bone192",
				"parent": "bone191",
				"pivot": [-1, 12, 4.325],
				"rotation": [-8.5, 0, 0],
				"cubes": [
					{"origin": [-3.25, 12, 4.325], "size": [5.775, 4.125, 0], "uv": [60, 27]},
					{"origin": [-4.35, 12, 4.15], "size": [6.7, 3.85, 0], "uv": [37, 0]}
				]
			},
			{
				"name": "bone193",
				"parent": "bone192",
				"pivot": [2, 12, 4.325],
				"cubes": [
					{"origin": [1, 12, 4.324], "size": [1.5, 1.675, 0], "uv": [0, 0]}
				]
			},
			{
				"name": "bone194",
				"parent": "bone192",
				"pivot": [-4, 12, 4.325],
				"cubes": [
					{"origin": [-4.5, 12, 4.326], "size": [1.5, 4.125, 0], "uv": [48, 21]}
				]
			},
			{
				"name": "bone86",
				"parent": "cloth_out_up",
				"pivot": [0, 12, 0],
				"rotation": [0, -180, 0]
			},
			{
				"name": "bone87",
				"parent": "bone86",
				"pivot": [0, 12, 4]
			},
			{
				"name": "bone89",
				"parent": "bone87",
				"pivot": [2.15, 11.05, 4],
				"rotation": [0, 0, 12.5],
				"cubes": [
					{"origin": [0.55, 11.05, 3.501], "size": [2.4, 5.025, 0], "uv": [66, 49]},
					{"origin": [0.175, 11.35, 3.349], "size": [2.575, 4.575, 0], "uv": [22, 67]}
				]
			},
			{
				"name": "bone221",
				"parent": "bone87",
				"pivot": [-2.54375, 15.2625, 3.824],
				"rotation": [25, 0, -12.25],
				"cubes": [
					{"origin": [-3.85, 14.55, 3.749], "size": [2.825, 1.5, 0], "uv": [58, 67]},
					{"origin": [-3.85, 13.75, 3.899], "size": [2.4, 2.45, 0], "uv": [98, 73]}
				]
			},
			{
				"name": "bone222",
				"parent": "bone86",
				"pivot": [2.54375, 15.2625, 3.824],
				"rotation": [25, 0, 12.25],
				"cubes": [
					{"origin": [1.025, 14.55, 3.749], "size": [2.825, 1.5, 0], "uv": [58, 67], "mirror": true},
					{"origin": [1.45, 13.75, 3.899], "size": [2.4, 2.45, 0], "uv": [93, 77], "mirror": true}
				]
			},
			{
				"name": "bone88",
				"parent": "bone86",
				"pivot": [-2, 11.225, 4],
				"rotation": [0, 0, -12.25],
				"cubes": [
					{"origin": [-3, 11.525, 3.349], "size": [2.825, 4.5, 0], "uv": [58, 67]},
					{"origin": [-3, 11.225, 3.499], "size": [2.4, 4.95, 0], "uv": [41, 3]}
				]
			},
			{
				"name": "bone90",
				"parent": "cloth_out_up",
				"pivot": [0, 12, 0],
				"rotation": [0, -270, 0]
			},
			{
				"name": "bone91",
				"parent": "bone90",
				"pivot": [0, 12, 4]
			},
			{
				"name": "bone92",
				"parent": "bone91",
				"pivot": [-3, 12, 4]
			},
			{
				"name": "bone93",
				"parent": "bone91",
				"pivot": [3, 12, 4]
			},
			{
				"name": "bone",
				"parent": "body",
				"pivot": [4.475, -1.125, 0],
				"rotation": [0, 0, -15.5]
			},
			{
				"name": "bone152",
				"parent": "body",
				"pivot": [0, -0.05, -3.225],
				"rotation": [-12.5, 0, 0]
			},
			{
				"name": "bone153",
				"parent": "bone152",
				"pivot": [-1.325, 14.625, 1.725],
				"rotation": [-18.82866, -3.56864, 3.79286],
				"cubes": [
					{"origin": [-2.325, 13.625, 1.225], "size": [2, 2, 1], "uv": [68, 3]}
				]
			},
			{
				"name": "bone154",
				"parent": "bone152",
				"pivot": [-2.45, 15.05, 1.6],
				"rotation": [-28.16408, -9.73317, 47.73698],
				"cubes": [
					{"origin": [-4.025, 14.05, 0.975], "size": [2.875, 2, 1], "uv": [68, 0]}
				]
			},
			{
				"name": "bone155",
				"parent": "bone152",
				"pivot": [0, 14.6, 1.8],
				"rotation": [-22.5, 0, 0],
				"cubes": [
					{"origin": [-1, 13.6, 1.3], "size": [2, 2, 1], "uv": [52, 67]}
				]
			},
			{
				"name": "bone156",
				"parent": "bone152",
				"pivot": [0, 8.7, -2.875]
			},
			{
				"name": "bone157",
				"parent": "bone156",
				"pivot": [1.325, 14.625, 1.725],
				"rotation": [-18.82866, 3.56864, -3.79286],
				"cubes": [
					{"origin": [0.325, 13.625, 1.225], "size": [2, 2, 1], "uv": [67, 42]}
				]
			},
			{
				"name": "bone158",
				"parent": "bone156",
				"pivot": [2.4, 14.9, 1.45],
				"rotation": [-27.35687, 12.62093, -43.57578],
				"cubes": [
					{"origin": [1.225, 13.9, 0.95], "size": [2.65, 2, 1], "uv": [34, 67]}
				]
			},
			{
				"name": "bone147",
				"parent": "body",
				"pivot": [0, 9, 1]
			},
			{
				"name": "bone146",
				"parent": "bone147",
				"pivot": [-1.325, 14.925, 5.6],
				"rotation": [-18.82866, -3.56864, 3.79286],
				"cubes": [
					{"origin": [-2.325, 13.925, 5.1], "size": [2, 2, 1], "uv": [16, 67]}
				]
			},
			{
				"name": "bone145",
				"parent": "bone147",
				"pivot": [-2.8, 15.05, 5.125],
				"rotation": [-19.70486, -31.72717, 5.25004],
				"cubes": [
					{"origin": [-4.575, 14.05, 4.625], "size": [2.775, 2, 1], "uv": [66, 65]}
				]
			},
			{
				"name": "bone190",
				"parent": "bone147",
				"pivot": [2.8, 15.05, 5.125],
				"rotation": [-19.70486, 31.72717, -5.25004],
				"cubes": [
					{"origin": [1.8, 14.05, 4.625], "size": [2.775, 2, 1], "uv": [46, 66]}
				]
			},
			{
				"name": "bone151",
				"parent": "bone147",
				"pivot": [0, 14.9, 5.675],
				"rotation": [-22.5, 0, 0],
				"cubes": [
					{"origin": [-1, 13.9, 5.175], "size": [2, 2, 1], "uv": [66, 62]}
				]
			},
			{
				"name": "bone148",
				"parent": "bone147",
				"pivot": [0, 9, 1]
			},
			{
				"name": "bone149",
				"parent": "bone148",
				"pivot": [1.325, 14.925, 5.6],
				"rotation": [-18.82866, 3.56864, -3.79286],
				"cubes": [
					{"origin": [0.325, 13.925, 5.1], "size": [2, 2, 1], "uv": [66, 54]}
				]
			},
			{
				"name": "bone150",
				"parent": "bone148",
				"pivot": [2.8, 15.05, 5.125],
				"rotation": [-19.70486, 31.72717, -5.25004]
			},
			{
				"name": "bone217",
				"parent": "body",
				"pivot": [0, 10.5, 0],
				"cubes": [
					{"origin": [-0.5, 11.5, -4], "size": [1, 1, 1], "uv": [89, 99]}
				]
			},
			{
				"name": "bone220",
				"parent": "body",
				"pivot": [-0.75, 11.8, -3.5],
				"rotation": [-12.00909, -2.04796, 62.73169],
				"cubes": [
					{"origin": [-1.3, 10.625, -4], "size": [0.8, 1.675, 1], "uv": [84, 91]}
				]
			},
			{
				"name": "bone219",
				"parent": "body",
				"pivot": [0.75, 11.8, -3.5],
				"rotation": [-12.00909, 2.04796, -62.73169],
				"cubes": [
					{"origin": [0.5, 10.675, -4], "size": [0.8, 1.625, 1], "uv": [80, 91]}
				]
			},
			{
				"name": "bone218",
				"parent": "body",
				"pivot": [0.65, 11.4, -3.5],
				"rotation": [-9.35447, 7.83528, -32.65829],
				"cubes": [
					{"origin": [0.15, 10.65, -4], "size": [1, 1.25, 1], "uv": [82, 97]}
				]
			},
			{
				"name": "bone216",
				"parent": "body",
				"pivot": [-0.7, 11.425, -3.5],
				"rotation": [-9.35447, -7.83528, 32.65829],
				"cubes": [
					{"origin": [-1.2, 10.675, -4], "size": [1, 1.25, 1], "uv": [76, 94]}
				]
			},
			{
				"name": "bone19",
				"parent": "body",
				"pivot": [0, 0, 0]
			},
			{
				"name": "bone20",
				"parent": "bone19",
				"pivot": [0, 12.35, 0]
			},
			{
				"name": "bone21",
				"parent": "bone20",
				"pivot": [0, 12.35, 0]
			},
			{
				"name": "bone22",
				"parent": "bone21",
				"pivot": [0, 12.35, 4.47051],
				"rotation": [10, 0, 0]
			},
			{
				"name": "bone23",
				"parent": "bone22",
				"pivot": [-3.325, 12.68282, 2.34551],
				"rotation": [0, -40.5, 9.85108],
				"cubes": [
					{"origin": [-5.45, 13.20782, 5.29451], "size": [2.25, 3.15, 0], "uv": [57, 96], "mirror": true}
				]
			},
			{
				"name": "bone24",
				"parent": "bone22",
				"pivot": [-3.125, 12.38282, 1.52051],
				"rotation": [0, 0, 9.85108],
				"cubes": [
					{"origin": [-5.3, 13.20782, 4.69451], "size": [0.9, 2.9, 0], "uv": [57, 96], "mirror": true}
				]
			},
			{
				"name": "bone25",
				"parent": "bone22",
				"pivot": [2.5, 12.00782, 4.47051],
				"rotation": [0, 0, -9.85108]
			},
			{
				"name": "bone26",
				"parent": "bone20",
				"pivot": [0, 12.35, 0],
				"rotation": [0, -90, 0]
			},
			{
				"name": "bone27",
				"parent": "bone26",
				"pivot": [0, 12.35, 4.02051],
				"rotation": [15, 0, 0],
				"cubes": [
					{"origin": [-2.5, 12.60782, 6.97051], "size": [4.275, 3.4, 0], "uv": [57, 96], "mirror": true}
				]
			},
			{
				"name": "bone28",
				"parent": "bone27",
				"pivot": [-2.5, 12.00782, 4.02051],
				"rotation": [0, 0, 9.85108]
			},
			{
				"name": "bone29",
				"parent": "bone27",
				"pivot": [2.5, 12.00782, 4.02051],
				"rotation": [0, 0, -9.85108],
				"cubes": [
					{"origin": [1.625, 12.75782, 6.97151], "size": [1.725, 3.4, 0], "uv": [57, 96], "mirror": true}
				]
			},
			{
				"name": "bone30",
				"parent": "bone20",
				"pivot": [0, 12.35, 0],
				"rotation": [0, -180, 0]
			},
			{
				"name": "bone31",
				"parent": "bone30",
				"pivot": [0, 12.35, 4.47051],
				"rotation": [10, 0, 0]
			},
			{
				"name": "bone32",
				"parent": "bone31",
				"pivot": [-2.5, 12.00782, 4.47051],
				"rotation": [0, 0, 9.85108]
			},
			{
				"name": "bone33",
				"parent": "bone31",
				"pivot": [6.15744, 14.35759, 3.32617],
				"rotation": [-12.20728, 37.06579, -20.82274],
				"cubes": [
					{"origin": [5.15744, 13.45759, 3.13867], "size": [1.725, 3.4, 0], "uv": [57, 96], "mirror": true}
				]
			},
			{
				"name": "bone34",
				"parent": "bone31",
				"pivot": [-4.35744, 14.10759, 4.43867],
				"rotation": [-6.52788, -11.45907, 14.78254]
			},
			{
				"name": "bone35",
				"parent": "bone31",
				"pivot": [4.35744, 14.10759, 4.43867],
				"rotation": [-6.52788, 11.45907, -14.78254],
				"cubes": [
					{"origin": [3.65744, 13.08259, 4.11367], "size": [1.7, 3.15, 0], "uv": [57, 96], "mirror": true}
				]
			},
			{
				"name": "bone36",
				"parent": "bone20",
				"pivot": [0, 12.35, 0],
				"rotation": [0, -270, 0]
			},
			{
				"name": "bone37",
				"parent": "bone36",
				"pivot": [0, 12.35, 4.47051],
				"rotation": [10, 0, 0]
			},
			{
				"name": "bone243",
				"parent": "bone37",
				"pivot": [-2.5, 12.00782, 4.47051],
				"rotation": [0, 0, 9.85108]
			},
			{
				"name": "bone244",
				"parent": "bone37",
				"pivot": [2.5, 12.00782, 4.47051],
				"rotation": [0, 0, -9.85108]
			},
			{
				"name": "bone245",
				"parent": "bone19",
				"pivot": [0, 12.35, 0]
			},
			{
				"name": "bone246",
				"parent": "bone245",
				"pivot": [0, 12.35, 0]
			},
			{
				"name": "bone247",
				"parent": "bone246",
				"pivot": [0, 12.35, 4.47051],
				"rotation": [10, 0, 0]
			},
			{
				"name": "bone248",
				"parent": "bone247",
				"pivot": [-3.325, 12.68282, 2.34551],
				"rotation": [0, -40.5, 9.85108],
				"cubes": [
					{"origin": [-5.45, 13.60782, 5.34451], "size": [2.25, 2.75, 0], "uv": [70, 27], "mirror": true}
				]
			},
			{
				"name": "bone249",
				"parent": "bone247",
				"pivot": [-3.125, 12.38282, 1.52051],
				"rotation": [0, 0, 9.85108],
				"cubes": [
					{"origin": [-5.3, 13.60782, 4.74451], "size": [0.9, 2.5, 0], "uv": [88, 100], "mirror": true}
				]
			},
			{
				"name": "bone250",
				"parent": "bone247",
				"pivot": [2.5, 12.00782, 4.47051],
				"rotation": [0, 0, -9.85108]
			},
			{
				"name": "bone251",
				"parent": "bone245",
				"pivot": [0, 12.35, 0],
				"rotation": [0, -90, 0]
			},
			{
				"name": "bone252",
				"parent": "bone251",
				"pivot": [0, 12.35, 4.02051],
				"rotation": [15, 0, 0],
				"cubes": [
					{"origin": [-2.5, 13.00782, 7.02051], "size": [4.275, 3, 0], "uv": [62, 22], "mirror": true}
				]
			},
			{
				"name": "bone253",
				"parent": "bone252",
				"pivot": [-2.5, 12.00782, 4.02051],
				"rotation": [0, 0, 9.85108]
			},
			{
				"name": "bone254",
				"parent": "bone252",
				"pivot": [2.5, 12.00782, 4.02051],
				"rotation": [0, 0, -9.85108],
				"cubes": [
					{"origin": [1.625, 13.15782, 7.02151], "size": [1.725, 3, 0], "uv": [55, 0], "mirror": true}
				]
			},
			{
				"name": "bone255",
				"parent": "bone245",
				"pivot": [0, 12.35, 0],
				"rotation": [0, -180, 0]
			},
			{
				"name": "bone256",
				"parent": "bone255",
				"pivot": [0, 12.35, 4.47051],
				"rotation": [10, 0, 0]
			},
			{
				"name": "bone257",
				"parent": "bone256",
				"pivot": [-2.5, 12.00782, 4.47051],
				"rotation": [0, 0, 9.85108]
			},
			{
				"name": "bone258",
				"parent": "bone256",
				"pivot": [6.15744, 14.35759, 3.32617],
				"rotation": [-12.20728, 37.06579, -20.82274],
				"cubes": [
					{"origin": [5.15744, 13.85759, 3.18867], "size": [1.725, 3, 0], "uv": [53, 22], "mirror": true}
				]
			},
			{
				"name": "bone259",
				"parent": "bone256",
				"pivot": [-4.35744, 14.10759, 4.43867],
				"rotation": [-6.52788, -11.45907, 14.78254]
			},
			{
				"name": "bone260",
				"parent": "bone256",
				"pivot": [4.35744, 14.10759, 4.43867],
				"rotation": [-6.52788, 11.45907, -14.78254],
				"cubes": [
					{"origin": [3.65744, 13.48259, 4.16367], "size": [1.7, 2.75, 0], "uv": [51, 29], "mirror": true}
				]
			},
			{
				"name": "bone261",
				"parent": "bone245",
				"pivot": [0, 12.35, 0],
				"rotation": [0, -270, 0]
			},
			{
				"name": "bone262",
				"parent": "bone261",
				"pivot": [0, 12.35, 4.47051],
				"rotation": [10, 0, 0]
			},
			{
				"name": "bone263",
				"parent": "bone262",
				"pivot": [-2.5, 12.00782, 4.47051],
				"rotation": [0, 0, 9.85108]
			},
			{
				"name": "bone264",
				"parent": "bone262",
				"pivot": [2.5, 12.00782, 4.47051],
				"rotation": [0, 0, -9.85108]
			},
			{
				"name": "bone18",
				"parent": "body",
				"pivot": [0, 0, 0]
			},
			{
				"name": "bone223",
				"parent": "bone18",
				"pivot": [0, 12.35, 0]
			},
			{
				"name": "bone224",
				"parent": "bone223",
				"pivot": [0, 12.35, 0]
			},
			{
				"name": "bone225",
				"parent": "bone224",
				"pivot": [0, 12.35, 4.47051],
				"rotation": [10, 0, 0]
			},
			{
				"name": "bone226",
				"parent": "bone225",
				"pivot": [3.325, 12.68282, 2.34551],
				"rotation": [0, 40.5, -9.85108],
				"cubes": [
					{"origin": [3.2, 13.20782, 5.29451], "size": [2.25, 3.15, 0], "uv": [57, 96]}
				]
			},
			{
				"name": "bone227",
				"parent": "bone225",
				"pivot": [3.125, 12.38282, 1.52051],
				"rotation": [0, 0, -9.85108],
				"cubes": [
					{"origin": [4.4, 13.20782, 4.69451], "size": [0.9, 2.9, 0], "uv": [57, 96]}
				]
			},
			{
				"name": "bone228",
				"parent": "bone225",
				"pivot": [-2.5, 12.00782, 4.47051],
				"rotation": [0, 0, 9.85108]
			},
			{
				"name": "bone229",
				"parent": "bone223",
				"pivot": [0, 12.35, 0],
				"rotation": [0, 90, 0]
			},
			{
				"name": "bone230",
				"parent": "bone229",
				"pivot": [0, 12.35, 4.02051],
				"rotation": [15, 0, 0],
				"cubes": [
					{"origin": [-1.775, 12.60782, 6.97051], "size": [4.275, 3.4, 0], "uv": [57, 96]}
				]
			},
			{
				"name": "bone231",
				"parent": "bone230",
				"pivot": [2.5, 12.00782, 4.02051],
				"rotation": [0, 0, -9.85108]
			},
			{
				"name": "bone232",
				"parent": "bone230",
				"pivot": [-2.5, 12.00782, 4.02051],
				"rotation": [0, 0, 9.85108],
				"cubes": [
					{"origin": [-3.35, 12.75782, 6.97151], "size": [1.725, 3.4, 0], "uv": [57, 96]}
				]
			},
			{
				"name": "bone233",
				"parent": "bone223",
				"pivot": [0, 12.35, 0],
				"rotation": [0, 180, 0]
			},
			{
				"name": "bone234",
				"parent": "bone233",
				"pivot": [0, 12.35, 4.47051],
				"rotation": [10, 0, 0]
			},
			{
				"name": "bone235",
				"parent": "bone234",
				"pivot": [2.5, 12.00782, 4.47051],
				"rotation": [0, 0, -9.85108]
			},
			{
				"name": "bone236",
				"parent": "bone234",
				"pivot": [-6.15744, 14.35759, 3.32617],
				"rotation": [-12.20728, -37.06579, 20.82274],
				"cubes": [
					{"origin": [-6.88244, 13.45759, 3.13867], "size": [1.725, 3.4, 0], "uv": [57, 96]}
				]
			},
			{
				"name": "bone237",
				"parent": "bone234",
				"pivot": [4.35744, 14.10759, 4.43867],
				"rotation": [-6.52788, 11.45907, -14.78254]
			},
			{
				"name": "bone238",
				"parent": "bone234",
				"pivot": [-4.35744, 14.10759, 4.43867],
				"rotation": [-6.52788, -11.45907, 14.78254],
				"cubes": [
					{"origin": [-5.35744, 13.08259, 4.11367], "size": [1.7, 3.15, 0], "uv": [57, 96]}
				]
			},
			{
				"name": "bone239",
				"parent": "bone223",
				"pivot": [0, 12.35, 0],
				"rotation": [0, 270, 0]
			},
			{
				"name": "bone240",
				"parent": "bone239",
				"pivot": [0, 12.35, 4.47051],
				"rotation": [10, 0, 0]
			},
			{
				"name": "bone241",
				"parent": "bone240",
				"pivot": [2.5, 12.00782, 4.47051],
				"rotation": [0, 0, -9.85108]
			},
			{
				"name": "bone242",
				"parent": "bone240",
				"pivot": [-2.5, 12.00782, 4.47051],
				"rotation": [0, 0, 9.85108]
			},
			{
				"name": "bone38",
				"parent": "bone18",
				"pivot": [0, 12.35, 0]
			},
			{
				"name": "bone39",
				"parent": "bone38",
				"pivot": [0, 12.35, 0]
			},
			{
				"name": "bone40",
				"parent": "bone39",
				"pivot": [0, 12.35, 4.47051],
				"rotation": [10, 0, 0]
			},
			{
				"name": "bone66",
				"parent": "bone40",
				"pivot": [3.325, 12.68282, 2.34551],
				"rotation": [0, 40.5, -9.85108],
				"cubes": [
					{"origin": [3.2, 13.60782, 5.34451], "size": [2.25, 2.75, 0], "uv": [70, 27]}
				]
			},
			{
				"name": "bone70",
				"parent": "bone40",
				"pivot": [3.125, 12.38282, 1.52051],
				"rotation": [0, 0, -9.85108],
				"cubes": [
					{"origin": [4.4, 13.60782, 4.74451], "size": [0.9, 2.5, 0], "uv": [88, 100]}
				]
			},
			{
				"name": "bone113",
				"parent": "bone40",
				"pivot": [-2.5, 12.00782, 4.47051],
				"rotation": [0, 0, 9.85108]
			},
			{
				"name": "bone133",
				"parent": "bone38",
				"pivot": [0, 12.35, 0],
				"rotation": [0, 90, 0]
			},
			{
				"name": "bone167",
				"parent": "bone133",
				"pivot": [0, 12.35, 4.02051],
				"rotation": [15, 0, 0],
				"cubes": [
					{"origin": [-1.775, 13.00782, 7.02051], "size": [4.275, 3, 0], "uv": [62, 22]}
				]
			},
			{
				"name": "bone168",
				"parent": "bone167",
				"pivot": [2.5, 12.00782, 4.02051],
				"rotation": [0, 0, -9.85108]
			},
			{
				"name": "bone169",
				"parent": "bone167",
				"pivot": [-2.5, 12.00782, 4.02051],
				"rotation": [0, 0, 9.85108],
				"cubes": [
					{"origin": [-3.35, 13.15782, 7.02151], "size": [1.725, 3, 0], "uv": [55, 0]}
				]
			},
			{
				"name": "bone170",
				"parent": "bone38",
				"pivot": [0, 12.35, 0],
				"rotation": [0, 180, 0]
			},
			{
				"name": "bone181",
				"parent": "bone170",
				"pivot": [0, 12.35, 4.47051],
				"rotation": [10, 0, 0]
			},
			{
				"name": "bone182",
				"parent": "bone181",
				"pivot": [2.5, 12.00782, 4.47051],
				"rotation": [0, 0, -9.85108]
			},
			{
				"name": "bone183",
				"parent": "bone181",
				"pivot": [-6.15744, 14.35759, 3.32617],
				"rotation": [-12.20728, -37.06579, 20.82274],
				"cubes": [
					{"origin": [-6.88244, 13.85759, 3.18867], "size": [1.725, 3, 0], "uv": [53, 22]}
				]
			},
			{
				"name": "bone184",
				"parent": "bone181",
				"pivot": [4.35744, 14.10759, 4.43867],
				"rotation": [-6.52788, 11.45907, -14.78254]
			},
			{
				"name": "bone185",
				"parent": "bone181",
				"pivot": [-4.35744, 14.10759, 4.43867],
				"rotation": [-6.52788, -11.45907, 14.78254],
				"cubes": [
					{"origin": [-5.35744, 13.48259, 4.16367], "size": [1.7, 2.75, 0], "uv": [51, 29]}
				]
			},
			{
				"name": "bone186",
				"parent": "bone38",
				"pivot": [0, 12.35, 0],
				"rotation": [0, 270, 0]
			},
			{
				"name": "bone187",
				"parent": "bone186",
				"pivot": [0, 12.35, 4.47051],
				"rotation": [10, 0, 0]
			},
			{
				"name": "bone188",
				"parent": "bone187",
				"pivot": [2.5, 12.00782, 4.47051],
				"rotation": [0, 0, -9.85108]
			},
			{
				"name": "bone189",
				"parent": "bone187",
				"pivot": [-2.5, 12.00782, 4.47051],
				"rotation": [0, 0, 9.85108]
			},
			{
				"name": "legLeft",
				"pivot": [2, 9, 0],
				"cubes": [
					{"origin": [0.499, 0, -1.5], "size": [3, 9, 3], "uv": [46, 0]},
					{"origin": [0.424, -0.05, -1.8], "size": [3.15, 2.55, 3.6], "uv": [53, 22]},
					{"origin": [1.549, 1.575, -2.35], "size": [0.9, 0.8, 1.35], "uv": [82, 99]},
					{"origin": [0.324, 2.025, -2], "size": [3.35, 0.5, 4], "uv": [75, 91]}
				]
			},
			{
				"name": "legRight",
				"pivot": [-2, 9, 0],
				"cubes": [
					{"origin": [-2.449, 1.575, -2.35], "size": [0.9, 0.8, 1.35], "uv": [85, 92]},
					{"origin": [-3.499, 0, -1.5], "size": [3, 9, 3], "uv": [0, 46]},
					{"origin": [-3.574, -0.05, -1.8], "size": [3.15, 2.55, 3.6], "uv": [51, 29]},
					{"origin": [-3.674, 2.025, -2], "size": [3.35, 0.5, 4], "uv": [76, 91]}
				]
			},
			{
				"name": "tail",
				"pivot": [0, 8, 3],
				"rotation": [-45, 0, 0],
				"cubes": [
					{"origin": [-0.5, 8.5, 2], "size": [1, 1, 7], "uv": [44, 21]}
				]
			},
			{
				"name": "sittingRotationSkirt",
				"pivot": [0, 9, 0]
			},
			{
				"name": "skirt",
				"parent": "sittingRotationSkirt",
				"pivot": [0, 5, 0]
			},
			{
				"name": "bone72",
				"parent": "skirt",
				"pivot": [0, 5, 0]
			},
			{
				"name": "bone73",
				"parent": "bone72",
				"pivot": [0, 5, 4.47051],
				"rotation": [10, 0, 0],
				"cubes": [
					{"origin": [-2.5, 6.40782, 4.22051], "size": [5, 4.25, 0], "uv": [63, 31]}
				]
			},
			{
				"name": "bone74",
				"parent": "bone73",
				"pivot": [-2.5, 4.65782, 4.47051],
				"rotation": [0, 0, 9.85108],
				"cubes": [
					{"origin": [-4.25, 6.40782, 4.21951], "size": [1.75, 4.25, 0], "uv": [58, 71]}
				]
			},
			{
				"name": "bone75",
				"parent": "bone73",
				"pivot": [2.5, 4.65782, 4.47051],
				"rotation": [0, 0, -9.85108],
				"cubes": [
					{"origin": [2.5, 6.40782, 4.22151], "size": [1.75, 4.25, 0], "uv": [24, 71]}
				]
			},
			{
				"name": "bone76",
				"parent": "skirt",
				"pivot": [0, 5, 0],
				"rotation": [0, -90, 0]
			},
			{
				"name": "bone131",
				"parent": "bone76",
				"pivot": [0, 5, 4.47051],
				"rotation": [10, 0, 0],
				"cubes": [
					{"origin": [-2.5, 6.40782, 4.22051], "size": [5, 4.25, 0], "uv": [61, 18]}
				]
			},
			{
				"name": "bone132",
				"parent": "bone131",
				"pivot": [-2.5, 4.65782, 4.47051],
				"rotation": [0, 0, 9.85108],
				"cubes": [
					{"origin": [-4.25, 6.40782, 4.21951], "size": [1.75, 4.25, 0], "uv": [22, 71]}
				]
			},
			{
				"name": "bone171",
				"parent": "bone131",
				"pivot": [2.5, 4.65782, 4.47051],
				"rotation": [0, 0, -9.85108],
				"cubes": [
					{"origin": [2.5, 6.40782, 4.22151], "size": [1.75, 4.25, 0], "uv": [71, 16]}
				]
			},
			{
				"name": "bone172",
				"parent": "skirt",
				"pivot": [0, 5, 0],
				"rotation": [0, -180, 0]
			},
			{
				"name": "bone173",
				"parent": "bone172",
				"pivot": [0, 5, 4.47051],
				"rotation": [10, 0, 0],
				"cubes": [
					{"origin": [-2.5, 6.40782, 4.22051], "size": [5, 4.25, 0], "uv": [61, 14]}
				]
			},
			{
				"name": "bone174",
				"parent": "bone173",
				"pivot": [-2.5, 4.65782, 4.47051],
				"rotation": [0, 0, 9.85108],
				"cubes": [
					{"origin": [-4.25, 6.40782, 4.21951], "size": [1.75, 4.25, 0], "uv": [71, 12]}
				]
			},
			{
				"name": "bone175",
				"parent": "bone173",
				"pivot": [2.5, 4.65782, 4.47051],
				"rotation": [0, 0, -9.85108],
				"cubes": [
					{"origin": [2.5, 6.40782, 4.22151], "size": [1.75, 4.25, 0], "uv": [70, 68]}
				]
			},
			{
				"name": "bone176",
				"parent": "skirt",
				"pivot": [0, 5, 0],
				"rotation": [0, -270, 0]
			},
			{
				"name": "bone177",
				"parent": "bone176",
				"pivot": [0, 5, 4.47051],
				"rotation": [10, 0, 0],
				"cubes": [
					{"origin": [-2.5, 6.40782, 4.22051], "size": [5, 4.25, 0], "uv": [60, 45]}
				]
			},
			{
				"name": "bone178",
				"parent": "bone177",
				"pivot": [-2.5, 4.65782, 4.47051],
				"rotation": [0, 0, 9.85108],
				"cubes": [
					{"origin": [-4.25, 6.40782, 4.21951], "size": [1.75, 4.25, 0], "uv": [20, 70]}
				]
			},
			{
				"name": "bone179",
				"parent": "bone177",
				"pivot": [2.5, 4.65782, 4.47051],
				"rotation": [0, 0, -9.85108],
				"cubes": [
					{"origin": [2.5, 6.40782, 4.22151], "size": [1.75, 4.25, 0], "uv": [40, 55]}
				]
			}
		]
	}
}