{
	"format_version": "1.10.0",
	"geometry.model": {
		"texturewidth": 128,
		"textureheight": 128,
		"visible_bounds_width": 4,
		"visible_bounds_height": 4,
		"visible_bounds_offset": [0, 1, 0],
		"bones": [
			{
				"name": "head",
				"pivot": [0, 17.75, 0],
				"cubes": [
					{"origin": [-4, 18, -4], "size": [8, 8, 8], "uv": [0, 0]},
					{"origin": [-3.75, 18.5, -3.75], "size": [7.5, 7.5, 7.5], "uv": [0, 16]}
				]
			},
			{
				"name": "blink",
				"parent": "head",
				"pivot": [0, 17.75, 0],
				"cubes": [
					{"origin": [-4, 17.75, -4.001], "size": [8, 8, 0], "uv": [25, 40]}
				]
			},
			{
				"name": "bone84",
				"parent": "head",
				"pivot": [-4.4, 24.3, -4.175],
				"rotation": [-13.42572, 27.24672, -24.9229]
			},
			{
				"name": "bone89",
				"parent": "bone84",
				"pivot": [-4.3, 24.3, -4.175],
				"rotation": [-16.8729, -9.27454, -57.04765],
				"cubes": [
					{"origin": [-5.05, 23.775, -3.9], "size": [1.675, 1, 1], "uv": [66, 2]}
				]
			},
			{
				"name": "bone90",
				"parent": "bone84",
				"pivot": [-4.975, 23.075, -4.125],
				"rotation": [-27.24487, 10.377, -70.1661],
				"cubes": [
					{"origin": [-5.975, 22.575, -3.875], "size": [1.575, 1, 1], "uv": [66, 0]}
				]
			},
			{
				"name": "bone94",
				"parent": "head",
				"pivot": [-1.075, 24.925, -4.975],
				"rotation": [-2.26917, -18.10402, -39.85627]
			},
			{
				"name": "bone95",
				"parent": "bone94",
				"pivot": [-1.075, 24.925, -4.975],
				"rotation": [-15.55923, -11.37189, -64.36751],
				"cubes": [
					{"origin": [-1.875, 24.3, -4.575], "size": [1.475, 1.25, 0.6], "uv": [90, 122]}
				]
			},
			{
				"name": "bone96",
				"parent": "bone94",
				"pivot": [-1.5, 23.7, -4.975],
				"rotation": [-14.56789, 5.53949, -68.88907],
				"cubes": [
					{"origin": [-2.5, 23.2, -4.775], "size": [1.425, 1.125, 0.55], "uv": [90, 122]}
				]
			},
			{
				"name": "bone194",
				"parent": "bone94",
				"pivot": [-2.2125, 22.1, -4.25],
				"rotation": [-16.62435, 11.72894, -82.18734],
				"cubes": [
					{"origin": [-4.575, 21.575, -4.475], "size": [1.7, 0.95, 0.55], "uv": [121, 58]}
				]
			},
			{
				"name": "bone97",
				"parent": "bone94",
				"pivot": [-2.0625, 22.1, -4.25],
				"rotation": [-14.74487, 10.377, -70.1661],
				"cubes": [
					{"origin": [-2.95, 21.575, -4.475], "size": [1.7, 0.95, 0.55], "uv": [121, 58]}
				]
			},
			{
				"name": "bone103",
				"parent": "bone94",
				"pivot": [-2.5125, 22.5, -4.175],
				"rotation": [-16.65487, 11.1071, -82.52867],
				"cubes": [
					{"origin": [-7.375, 21.675, -4.4], "size": [2.175, 0.875, 0.55], "uv": [122, 71]},
					{"origin": [-9.125, 21.75, -4.4], "size": [2.175, 0.725, 0.55], "uv": [121, 82]}
				]
			},
			{
				"name": "bone162",
				"parent": "head",
				"pivot": [0.175, 24.925, -4.975]
			},
			{
				"name": "bone87",
				"parent": "bone162",
				"pivot": [0.175, 24.425, -4.975],
				"rotation": [2.71787, -12.97325, -70.23175]
			},
			{
				"name": "bone106",
				"parent": "bone87",
				"pivot": [0.125, 24.425, -5.175],
				"rotation": [-15.28715, -4.14123, -66.37919],
				"cubes": [
					{"origin": [-1.425, 23.9, -4.625], "size": [2.475, 1.25, 0.725], "uv": [36, 24]}
				]
			},
			{
				"name": "bone107",
				"parent": "bone87",
				"pivot": [-0.3, 23.325, -4.975],
				"rotation": [-17.02061, 5.83147, -86.19315],
				"cubes": [
					{"origin": [-4.3, 22.825, -4.775], "size": [3.8, 1.25, 0.775], "uv": [0, 7]}
				]
			},
			{
				"name": "bone163",
				"parent": "bone162",
				"pivot": [1, 25.55, -4.9],
				"rotation": [6.00916, -6.03751, -84.83206]
			},
			{
				"name": "bone164",
				"parent": "bone163",
				"pivot": [1, 25.55, -4.9],
				"rotation": [-15.55923, -11.37189, -64.36751],
				"cubes": [
					{"origin": [-0.55, 25.025, -4.375], "size": [1.475, 1, 0.5], "uv": [4, 22]}
				]
			},
			{
				"name": "bone165",
				"parent": "bone163",
				"pivot": [0.525, 24.425, -4.9],
				"rotation": [-14.91456, 1.80931, -76.19432],
				"cubes": [
					{"origin": [-2.225, 23.925, -4.7], "size": [2.425, 1, 0.55], "uv": [0, 22]}
				]
			},
			{
				"name": "bone112",
				"parent": "bone162",
				"pivot": [1, 24.675, -4.9],
				"rotation": [6.00916, -6.03751, -84.83206]
			},
			{
				"name": "bone113",
				"parent": "bone112",
				"pivot": [1, 24.675, -4.9],
				"rotation": [-15.55923, -11.37189, -64.36751],
				"cubes": [
					{"origin": [0.2, 24.15, -4.625], "size": [1.475, 1, 0.5], "uv": [4, 22]}
				]
			},
			{
				"name": "bone114",
				"parent": "bone112",
				"pivot": [0.525, 23.55, -4.9],
				"rotation": [-14.70771, 3.08824, -71.35614],
				"cubes": [
					{"origin": [-2.225, 23.05, -4.7], "size": [3.175, 1, 0.55], "uv": [0, 22]}
				]
			},
			{
				"name": "bone91",
				"parent": "bone162",
				"pivot": [-1.825, 23.925, -4.825],
				"rotation": [1.71039, 0.42611, 25.0575]
			},
			{
				"name": "bone92",
				"parent": "bone91",
				"pivot": [-1.825, 23.925, -4.825],
				"rotation": [-15.55923, -11.37189, -64.36751],
				"cubes": [
					{"origin": [-2.625, 23.4, -4.55], "size": [1.475, 1.75, 1], "uv": [0, 66]}
				]
			},
			{
				"name": "bone93",
				"parent": "bone91",
				"pivot": [-2.3, 22.7, -4.825],
				"rotation": [-14.74487, 10.377, -70.1661],
				"cubes": [
					{"origin": [-3.3, 22.2, -4.625], "size": [1.425, 1, 1.05], "uv": [65, 34]}
				]
			},
			{
				"name": "bone86",
				"parent": "bone162",
				"pivot": [-3.3, 24.225, -4.85],
				"rotation": [-3.1574, 7.4713, -10.04292]
			},
			{
				"name": "bone85",
				"parent": "bone86",
				"pivot": [-3.3, 24.225, -4.85],
				"rotation": [-15.55923, -11.37189, -64.36751],
				"cubes": [
					{"origin": [-3.95, 23.7, -4.575], "size": [1.95, 1, 1], "uv": [4, 66]}
				]
			},
			{
				"name": "bone82",
				"parent": "bone86",
				"pivot": [-3.775, 23, -4.85],
				"rotation": [-14.74487, 10.377, -70.1661],
				"cubes": [
					{"origin": [-4.775, 22.5, -4.6], "size": [1.575, 1, 1], "uv": [66, 4]}
				]
			},
			{
				"name": "bone83",
				"parent": "bone162",
				"pivot": [-3.95, 20.5, -4.25],
				"rotation": [0, 20.5, 0],
				"cubes": [
					{"origin": [-4.45, 17.25, -4.25], "size": [1.25, 6.35, 1], "uv": [16, 31]}
				]
			},
			{
				"name": "bone105",
				"parent": "bone162",
				"pivot": [-2, 25.5, -3.825],
				"rotation": [-9.8159, 5.35489, -5.89788],
				"cubes": [
					{"origin": [-4.25, 24.75, -4.325], "size": [4.25, 1.25, 1], "uv": [58, 18]}
				]
			},
			{
				"name": "bone104",
				"parent": "bone162",
				"pivot": [2, 25.5, -3.825],
				"rotation": [-9.8159, -5.35489, 5.89788],
				"cubes": [
					{"origin": [-0.25, 24.75, -4.325], "size": [4.5, 1.25, 1], "uv": [58, 55]}
				]
			},
			{
				"name": "bone153",
				"parent": "head",
				"pivot": [0, 7.25, 5.375]
			},
			{
				"name": "bone123",
				"parent": "bone153",
				"pivot": [0, 7.25, 5.375],
				"rotation": [2.75, 0, 0],
				"cubes": [
					{"origin": [-3.5, 0.475, 4.875], "size": [7, 10.55, 1], "uv": [0, 31]}
				]
			},
			{
				"name": "bone111",
				"parent": "bone153",
				"pivot": [0, 14.7, 4.725],
				"rotation": [7.75, 0, 0],
				"cubes": [
					{"origin": [-3.5, 10.925, 4.225], "size": [7, 7.55, 1], "uv": [24, 0]}
				]
			},
			{
				"name": "bone108",
				"parent": "bone153",
				"pivot": [0, 12.75, 4.5],
				"rotation": [2.5, 0, 0],
				"cubes": [
					{"origin": [-3.5, 18.2, 4], "size": [7, 7.55, 1], "uv": [28, 16]}
				]
			},
			{
				"name": "bone148",
				"parent": "bone153",
				"pivot": [4.2, 23.75, 4.175]
			},
			{
				"name": "bone149",
				"parent": "bone148",
				"pivot": [4.2, 23.75, 4.175],
				"rotation": [3.10058, 42.63516, -1.0952],
				"cubes": [
					{"origin": [3.47521, 21.71047, 3.28196], "size": [1.45, 4.05, 0.75], "uv": [38, 8]}
				]
			},
			{
				"name": "bone150",
				"parent": "bone148",
				"pivot": [4.15, 15.475, 4.3625],
				"rotation": [8.60577, 39.90922, 2.66123],
				"cubes": [
					{"origin": [3.425, 10.95, 4.025], "size": [1.45, 8.05, 0.675], "uv": [20, 31]}
				]
			},
			{
				"name": "bone151",
				"parent": "bone148",
				"pivot": [4.35, 20.75, 4.3],
				"rotation": [2.88905, 42.45005, 2.28888],
				"cubes": [
					{"origin": [3.62521, 18.71047, 3.40696], "size": [1.45, 3.05, 0.75], "uv": [0, 0]}
				]
			},
			{
				"name": "bone152",
				"parent": "bone148",
				"pivot": [4.325, 6.475, 5.0875],
				"rotation": [3.60577, 39.90922, 2.66123],
				"cubes": [
					{"origin": [3.6, 0.45, 4.75], "size": [1.45, 10.55, 0.675], "uv": [48, 56]}
				]
			},
			{
				"name": "bone147",
				"parent": "bone153",
				"pivot": [-4.2, 23.75, 4.175]
			},
			{
				"name": "bone109",
				"parent": "bone147",
				"pivot": [-4.2, 23.75, 4.175],
				"rotation": [3.10058, -42.63516, 1.0952],
				"cubes": [
					{"origin": [-4.92521, 21.71047, 3.28196], "size": [1.45, 4.05, 0.75], "uv": [39, 15]}
				]
			},
			{
				"name": "bone110",
				"parent": "bone147",
				"pivot": [-4.15, 15.475, 4.3625],
				"rotation": [8.60577, -39.90922, -2.66123],
				"cubes": [
					{"origin": [-4.875, 10.95, 4.025], "size": [1.45, 8.05, 0.675], "uv": [6, 32]}
				]
			},
			{
				"name": "bone122",
				"parent": "bone147",
				"pivot": [-4.35, 20.75, 4.3],
				"rotation": [2.88905, -42.45005, -2.28888],
				"cubes": [
					{"origin": [-5.07521, 18.71047, 3.40696], "size": [1.45, 3.05, 0.75], "uv": [40, 0]}
				]
			},
			{
				"name": "bone124",
				"parent": "bone147",
				"pivot": [-4.325, 6.475, 5.0875],
				"rotation": [3.60577, -39.90922, -2.66123],
				"cubes": [
					{"origin": [-5.05, 0.45, 4.75], "size": [1.45, 10.55, 0.675], "uv": [16, 58]}
				]
			},
			{
				"name": "bone130",
				"parent": "head",
				"pivot": [4.05, 19.1, -0.2625],
				"rotation": [-8.98756, 2.44551, 5.9914],
				"cubes": [
					{"origin": [3.55, 17.6, -1.375], "size": [1, 3, 1.725], "uv": [0, 42]}
				]
			},
			{
				"name": "bone119",
				"parent": "head",
				"pivot": [-4.05, 18.825, -0.1125],
				"rotation": [-23.98756, -2.44551, -5.9914],
				"cubes": [
					{"origin": [-4.55, 17.325, -1.225], "size": [1, 3, 1.725], "uv": [63, 36]}
				]
			},
			{
				"name": "bone127",
				"parent": "head",
				"pivot": [3.5, 18.075, -1.95],
				"rotation": [35.02564, 2.04767, 3.93455],
				"cubes": [
					{"origin": [3.5, 18.575, 0.175], "size": [1, 3, 1.375], "uv": [63, 25]}
				]
			},
			{
				"name": "bone118",
				"parent": "head",
				"pivot": [-3.5, 18.075, -1.95],
				"rotation": [35.02564, -2.04767, -3.93455],
				"cubes": [
					{"origin": [-4.5, 18.575, 0.175], "size": [1, 3, 1.375], "uv": [63, 40]}
				]
			},
			{
				"name": "bone125",
				"parent": "head",
				"pivot": [3.425, 21.65, -4.325],
				"rotation": [0, 7.5, -5],
				"cubes": [
					{"origin": [3.425, 21.175, -3.875], "size": [1, 4.475, 3.05], "uv": [16, 51]}
				]
			},
			{
				"name": "bone120",
				"parent": "head",
				"pivot": [-3.425, 21.65, -4.325],
				"rotation": [0, -7.5, 5],
				"cubes": [
					{"origin": [-4.425, 21.075, -3.475], "size": [1, 4.575, 2.65], "uv": [0, 16]}
				]
			},
			{
				"name": "bone129",
				"parent": "head",
				"pivot": [3.925, 20.35, -0.925],
				"rotation": [-8.36781, 7.32123, 7.60443],
				"cubes": [
					{"origin": [3.175, 19.35, -2.15], "size": [1.5, 1.825, 0.975], "uv": [5, 2]}
				]
			},
			{
				"name": "bone121",
				"parent": "head",
				"pivot": [-3.925, 20.35, -0.925],
				"rotation": [-8.36781, -7.32123, -7.60443],
				"cubes": [
					{"origin": [-4.675, 19.35, -2.15], "size": [1.5, 1.825, 0.975], "uv": [121, 122]}
				]
			},
			{
				"name": "bone117",
				"parent": "head",
				"pivot": [-3.925, 19.9, -2.15],
				"rotation": [1.63219, -7.32123, -7.60443],
				"cubes": [
					{"origin": [-4.425, 17.9, -3.475], "size": [1, 3.3, 1.15], "uv": [63, 44]}
				]
			},
			{
				"name": "bone126",
				"parent": "head",
				"pivot": [3.775, 21.65, 0],
				"rotation": [0, 0, -5],
				"cubes": [
					{"origin": [3.775, 21.65, -1.4], "size": [1, 4, 4.9], "uv": [32, 8]}
				]
			},
			{
				"name": "bone116",
				"parent": "head",
				"pivot": [-3.775, 21.65, 0],
				"rotation": [0, 0, 5],
				"cubes": [
					{"origin": [-4.775, 21.65, -1.4], "size": [1, 4, 4.9], "uv": [0, 42]}
				]
			},
			{
				"name": "bone128",
				"parent": "head",
				"pivot": [3.6, 17.75, 0],
				"rotation": [0, 0, 2.5],
				"cubes": [
					{"origin": [3.6, 17.75, -0.25], "size": [1, 4, 3.75], "uv": [0, 0]}
				]
			},
			{
				"name": "bone115",
				"parent": "head",
				"pivot": [-3.6, 17.75, 0],
				"rotation": [0, 0, -2.5],
				"cubes": [
					{"origin": [-4.6, 17.75, -0.25], "size": [1, 4, 3.75], "uv": [50, 53]}
				]
			},
			{
				"name": "bone132",
				"parent": "head",
				"pivot": [4.625, 23.25, 0.5],
				"rotation": [42.5, 0, -12.5],
				"cubes": [
					{"origin": [4, 22, -0.75], "size": [1.25, 2.5, 2.5], "uv": [116, 108]}
				]
			},
			{
				"name": "bone137",
				"parent": "head",
				"pivot": [0, 17.425, 1.125],
				"rotation": [12.5, 0, 0]
			},
			{
				"name": "bone131",
				"parent": "bone137",
				"pivot": [4.625, 22.925, 1.625],
				"rotation": [0, 0, -42.5],
				"cubes": [
					{"origin": [4.75, 21.175, 0.875], "size": [1.5, 2.25, 1.5], "uv": [65, 9]}
				]
			},
			{
				"name": "bone133",
				"parent": "bone137",
				"pivot": [5.525, 21.95, 1.625],
				"rotation": [-2.5, 0, -12.5],
				"cubes": [
					{"origin": [5.65, 20.7, 0.875], "size": [1.5, 1.75, 1.5], "uv": [34, 54]}
				]
			},
			{
				"name": "bone134",
				"parent": "bone137",
				"pivot": [5.8, 20.15, 1.475],
				"rotation": [-7.5, 0, 0],
				"cubes": [
					{"origin": [5.9, 19.325, 0.75], "size": [1.45, 1.75, 1.45], "uv": [14, 51]}
				]
			},
			{
				"name": "bone135",
				"parent": "bone137",
				"pivot": [5.875, 19.15, 1.5],
				"rotation": [-22.5, 0, 7.5],
				"cubes": [
					{"origin": [5.975, 18.425, 0.55], "size": [1.3, 1.25, 1.4], "uv": [120, 68]}
				]
			},
			{
				"name": "bone136",
				"parent": "bone137",
				"pivot": [5.775, 17.95, 0.525],
				"rotation": [-35, 0, 7.5],
				"cubes": [
					{"origin": [5.85, 17.225, -0.15], "size": [1.25, 1.75, 1.35], "uv": [46, 38]}
				]
			},
			{
				"name": "bone141",
				"parent": "head",
				"pivot": [-4.35, 24.925, 0.25],
				"rotation": [0, 0, -90],
				"cubes": [
					{"origin": [-7.6, 24.675, -0.25], "size": [4, 0.5, 1], "uv": [118, 113]}
				]
			},
			{
				"name": "bone140",
				"parent": "head",
				"pivot": [4.35, 24.925, 0.25],
				"rotation": [0, 0, 90],
				"cubes": [
					{"origin": [3.6, 24.675, -0.25], "size": [4, 0.5, 1], "uv": [118, 111]}
				]
			},
			{
				"name": "bone142",
				"parent": "head",
				"pivot": [4.25, 25.625, 0.25],
				"rotation": [0, 0, 35],
				"cubes": [
					{"origin": [3.5, 25.375, -0.25], "size": [1, 0.5, 1], "uv": [113, 104]}
				]
			},
			{
				"name": "bone139",
				"parent": "head",
				"pivot": [-4.25, 25.625, 0.25],
				"rotation": [0, 0, -35],
				"cubes": [
					{"origin": [-4.5, 25.375, -0.25], "size": [1, 0.5, 1], "uv": [118, 104]}
				]
			},
			{
				"name": "bone138",
				"parent": "head",
				"pivot": [0, 17.75, 0],
				"cubes": [
					{"origin": [-3.8, 25.75, -0.25], "size": [7.6, 0.5, 1], "uv": [112, 110]}
				]
			},
			{
				"name": "bone144",
				"parent": "head",
				"pivot": [-1.25, 27.25, 6.5],
				"rotation": [42.5, 0, 0],
				"cubes": [
					{"origin": [-2.55, 26.45, 6.325], "size": [2.5, 4, 0.05], "uv": [32, 8]}
				]
			},
			{
				"name": "bone146",
				"parent": "head",
				"pivot": [-0.55, 27.25, 6.5],
				"rotation": [42.5, 0, 0],
				"cubes": [
					{"origin": [-2.15, 25.15, 6.675], "size": [2.325, 3.1, 0.05], "uv": [21, 51]}
				]
			},
			{
				"name": "bone145",
				"parent": "head",
				"pivot": [-3.5, 27.25, 6.5],
				"rotation": [42.5, 0, 0],
				"cubes": [
					{"origin": [-4.1, 25, 6.2], "size": [2, 2.5, 0.05], "uv": [21, 21]}
				]
			},
			{
				"name": "bone143",
				"parent": "head",
				"pivot": [-3.5, 27.25, 6.5],
				"rotation": [42.5, 0, 0],
				"cubes": [
					{"origin": [-5, 26.75, 6.475], "size": [3, 5, 0.05], "uv": [21, 16]}
				]
			},
			{
				"name": "bone88",
				"parent": "head",
				"pivot": [-3, 31.75, 0.025],
				"rotation": [-98.15173, -21.77172, -85.23554]
			},
			{
				"name": "bone98",
				"parent": "bone88",
				"pivot": [-11.45361, 30.8656, 0.025],
				"rotation": [0, 0, -6.63547],
				"cubes": [
					{"origin": [-12.45361, 30.8656, 0.275], "size": [1, 0.15, 0.5], "uv": [86, 122]}
				]
			},
			{
				"name": "bone99",
				"parent": "bone88",
				"pivot": [-12.44678, 30.75006, 0.025],
				"rotation": [0, 0, 7.22486],
				"cubes": [
					{"origin": [-13.44678, 30.75006, 0.275], "size": [1, 0.15, 0.5], "uv": [86, 122]}
				]
			},
			{
				"name": "bone100",
				"parent": "bone88",
				"pivot": [-13.43896, 30.87584, 0.025],
				"rotation": [0, 0, 18.5472],
				"cubes": [
					{"origin": [-14.43896, 30.87584, 0.275], "size": [1, 0.15, 0.5], "uv": [86, 122]}
				]
			},
			{
				"name": "bone101",
				"parent": "bone88",
				"pivot": [-14.38721, 31.19399, 0.025],
				"rotation": [0, 0, 24.86585],
				"cubes": [
					{"origin": [-15.38721, 31.19399, 0.275], "size": [1, 0.15, 0.5], "uv": [86, 122]}
				]
			},
			{
				"name": "bone167",
				"parent": "bone88",
				"pivot": [-15.29443, 31.61445, 0.025],
				"rotation": [0, 0, 26.28474],
				"cubes": [
					{"origin": [-18.29443, 31.61445, 0.275], "size": [3, 0.15, 0.5], "uv": [121, 71]}
				]
			},
			{
				"name": "bone102",
				"parent": "bone88",
				"pivot": [-15.29443, 31.61445, 0.025],
				"rotation": [0, 0, 26.28474],
				"cubes": [
					{"origin": [-20.29443, 31.61445, 0.275], "size": [2, 0.15, 0.5], "uv": [121, 85]}
				]
			},
			{
				"name": "bone154",
				"parent": "head",
				"pivot": [1.075, 31.75, -0.725],
				"rotation": [-78.45241, -19.7642, -98.43531]
			},
			{
				"name": "bone155",
				"parent": "bone154",
				"pivot": [-7.45361, 30.4656, -0.725],
				"rotation": [0, 0, 10.86453],
				"cubes": [
					{"origin": [-8.45361, 30.4656, -0.475], "size": [1, 0.15, 0.5], "uv": [91, 120]}
				]
			},
			{
				"name": "bone156",
				"parent": "bone154",
				"pivot": [-8.39678, 30.65006, -0.725],
				"rotation": [0, 0, 12.22486],
				"cubes": [
					{"origin": [-9.39678, 30.65006, -0.475], "size": [1, 0.15, 0.5], "uv": [91, 120]}
				]
			},
			{
				"name": "bone157",
				"parent": "bone154",
				"pivot": [-9.36396, 30.87584, -0.725],
				"rotation": [0, 0, 18.5472],
				"cubes": [
					{"origin": [-10.36396, 30.87584, -0.475], "size": [1, 0.15, 0.5], "uv": [91, 120]}
				]
			},
			{
				"name": "bone158",
				"parent": "bone154",
				"pivot": [-10.31221, 31.19399, -0.725],
				"rotation": [0, 0, 24.86585],
				"cubes": [
					{"origin": [-11.31221, 31.19399, -0.475], "size": [1, 0.15, 0.5], "uv": [91, 120]}
				]
			},
			{
				"name": "bone166",
				"parent": "bone154",
				"pivot": [-11.21943, 31.61445, -0.725],
				"rotation": [0, 0, 26.28474],
				"cubes": [
					{"origin": [-13.21943, 31.61445, -0.475], "size": [2, 0.15, 0.5], "uv": [124, 70]}
				]
			},
			{
				"name": "bone159",
				"parent": "bone154",
				"pivot": [-11.21943, 31.61445, -0.725],
				"rotation": [0, 0, 26.28474],
				"cubes": [
					{"origin": [-15.21943, 31.61445, -0.475], "size": [2, 0.15, 0.5], "uv": [121, 87]}
				]
			},
			{
				"name": "bone161",
				"parent": "bone154",
				"pivot": [-6.45361, 30.2406, -0.7],
				"rotation": [0, 0, 10.86453],
				"cubes": [
					{"origin": [-7.45361, 30.2406, -0.45], "size": [0.7, 0.15, 0.5], "uv": [91, 120]}
				]
			},
			{
				"name": "bone160",
				"parent": "bone154",
				"pivot": [-5.77861, 30.4156, -0.7],
				"rotation": [0, 0, -7.88547],
				"cubes": [
					{"origin": [-6.77861, 30.4156, -0.45], "size": [1.075, 0.15, 0.5], "uv": [91, 120]}
				]
			},
			{
				"name": "armRight",
				"pivot": [-3, 17.5, 0],
				"rotation": [0, 0, 12.5],
				"cubes": [
					{"origin": [-5, 8.5, -1], "size": [2, 8, 2], "uv": [8, 51]},
					{"origin": [-5.25, 9.375, -1.25], "size": [2.5, 1.5, 2.5], "uv": [18, 58]},
					{"origin": [-5.5, 9.75, -1.5], "size": [3, 7.75, 3], "uv": [41, 21]}
				]
			},
			{
				"name": "armLeft",
				"pivot": [3, 17.5, 0],
				"rotation": [0, 0, -12.5],
				"cubes": [
					{"origin": [2.75, 9.375, -1.25], "size": [2.5, 1.5, 2.5], "uv": [24, 59]},
					{"origin": [2.5, 9.75, -1.5], "size": [3, 7.75, 3], "uv": [41, 40]},
					{"origin": [3, 8.5, -1], "size": [2, 8, 2], "uv": [0, 50]}
				]
			},
			{
				"name": "body",
				"pivot": [0, 10.5, 0],
				"cubes": [
					{"origin": [-3, 8.999, -3], "size": [6, 9, 6], "uv": [22, 25]}
				]
			},
			{
				"name": "bone18",
				"parent": "body",
				"pivot": [0, 12, 0]
			},
			{
				"name": "bone19",
				"parent": "bone18",
				"pivot": [0, 12, 0]
			},
			{
				"name": "bone20",
				"parent": "bone19",
				"pivot": [0, 12, 4]
			},
			{
				"name": "bone21",
				"parent": "bone20",
				"pivot": [-3, 12, 4]
			},
			{
				"name": "bone23",
				"parent": "bone18",
				"pivot": [0, 12, 0],
				"rotation": [0, -90, 0]
			},
			{
				"name": "bone24",
				"parent": "bone23",
				"pivot": [0, 12, 4],
				"cubes": [
					{"origin": [-3.5, 11, 3.5], "size": [7, 7, 0], "uv": [46, 31]}
				]
			},
			{
				"name": "bone25",
				"parent": "bone24",
				"pivot": [-3, 12, 4]
			},
			{
				"name": "bone26",
				"parent": "bone24",
				"pivot": [3, 12, 4]
			},
			{
				"name": "bone27",
				"parent": "bone18",
				"pivot": [0, 12, 0],
				"rotation": [0, -180, 0]
			},
			{
				"name": "bone28",
				"parent": "bone27",
				"pivot": [0, 12, 4],
				"cubes": [
					{"origin": [-3.5, 11, 3.475], "size": [7, 7, 0], "uv": [44, 12]}
				]
			},
			{
				"name": "bone31",
				"parent": "bone18",
				"pivot": [0, 12, 0],
				"rotation": [0, -270, 0]
			},
			{
				"name": "bone32",
				"parent": "bone31",
				"pivot": [0, 12, 4],
				"cubes": [
					{"origin": [-3.5, 11.5, 3.5], "size": [7, 6.5, 0], "uv": [25, 48]}
				]
			},
			{
				"name": "bone22",
				"parent": "body",
				"pivot": [0, 6, 0]
			},
			{
				"name": "bone35",
				"parent": "bone22",
				"pivot": [0, 6, 0]
			},
			{
				"name": "bone36",
				"parent": "bone35",
				"pivot": [0, 6, 4.47051],
				"rotation": [10, 0, 0],
				"cubes": [
					{"origin": [-2.5, 5.65782, 4.72051], "size": [5, 6, 0], "uv": [53, 44]}
				]
			},
			{
				"name": "bone37",
				"parent": "bone36",
				"pivot": [-2.5, 5.65782, 4.47051],
				"rotation": [0, 0, 9.85108],
				"cubes": [
					{"origin": [-4.75, 5.65782, 4.71951], "size": [2.25, 6, 0], "uv": [34, 61]}
				]
			},
			{
				"name": "bone38",
				"parent": "bone36",
				"pivot": [2.5, 5.65782, 4.47051],
				"rotation": [0, 0, -9.85108],
				"cubes": [
					{"origin": [2.5, 5.65782, 4.72151], "size": [2.25, 6, 0], "uv": [18, 61]}
				]
			},
			{
				"name": "bone39",
				"parent": "bone22",
				"pivot": [0, 6, 0],
				"rotation": [0, -90, 0]
			},
			{
				"name": "bone40",
				"parent": "bone39",
				"pivot": [0, 6, 4.47051],
				"rotation": [10, 0, 0],
				"cubes": [
					{"origin": [-2.5, 5.65782, 4.72051], "size": [5, 6, 0], "uv": [53, 38]}
				]
			},
			{
				"name": "bone41",
				"parent": "bone40",
				"pivot": [-2.5, 5.65782, 4.47051],
				"rotation": [0, 0, 9.85108],
				"cubes": [
					{"origin": [-4.75, 5.65782, 4.71951], "size": [2.25, 6, 0], "uv": [12, 61]}
				]
			},
			{
				"name": "bone42",
				"parent": "bone40",
				"pivot": [2.5, 5.65782, 4.47051],
				"rotation": [0, 0, -9.85108],
				"cubes": [
					{"origin": [2.5, 5.65782, 4.72151], "size": [2.25, 6, 0], "uv": [8, 61]}
				]
			},
			{
				"name": "bone197",
				"parent": "bone40",
				"pivot": [0, 10.00782, 4.87051],
				"cubes": [
					{"origin": [-2, 6.58282, 4.47051], "size": [4, 3.4, 0.5], "uv": [88, 109]}
				]
			},
			{
				"name": "bone198",
				"parent": "bone197",
				"pivot": [0, 10.00782, 4.87051],
				"rotation": [10, 0, 0],
				"cubes": [
					{"origin": [-2.05, 9.28282, 4.67051], "size": [4.1, 1.45, 0.4], "uv": [84, 122]}
				]
			},
			{
				"name": "bone43",
				"parent": "bone22",
				"pivot": [0, 6, 0],
				"rotation": [0, -180, 0]
			},
			{
				"name": "bone44",
				"parent": "bone43",
				"pivot": [0, 6, 4.47051],
				"rotation": [10, 0, 0]
			},
			{
				"name": "bone74",
				"parent": "bone44",
				"pivot": [2.5, 5.65782, 4.47051],
				"rotation": [0, -17.5, -9.85108],
				"cubes": [
					{"origin": [2.5, 5.65782, 4.71951], "size": [1, 6, 0], "uv": [42, 61]}
				]
			},
			{
				"name": "bone73",
				"parent": "bone44",
				"pivot": [-2.5, 5.65782, 4.47051],
				"rotation": [0, 17.5, 9.85108],
				"cubes": [
					{"origin": [-3.5, 5.65782, 4.71951], "size": [1, 6, 0], "uv": [30, 62]}
				]
			},
			{
				"name": "bone45",
				"parent": "bone44",
				"pivot": [-2.5, 5.65782, 4.47051],
				"rotation": [0, 0, 9.85108],
				"cubes": [
					{"origin": [-4.75, 5.65782, 4.71951], "size": [2.25, 6, 0], "uv": [54, 60]}
				]
			},
			{
				"name": "bone46",
				"parent": "bone44",
				"pivot": [2.5, 5.65782, 4.47051],
				"rotation": [0, 0, -9.85108],
				"cubes": [
					{"origin": [2.5, 5.65782, 4.72151], "size": [2.25, 6, 0], "uv": [50, 60]}
				]
			},
			{
				"name": "bone47",
				"parent": "bone22",
				"pivot": [0, 6, 0],
				"rotation": [0, -270, 0]
			},
			{
				"name": "bone48",
				"parent": "bone47",
				"pivot": [0, 6, 4.47051],
				"rotation": [10, 0, 0],
				"cubes": [
					{"origin": [-2.5, 5.65782, 4.72051], "size": [5, 6, 0], "uv": [53, 20]}
				]
			},
			{
				"name": "bone196",
				"parent": "bone48",
				"pivot": [0, 10.00782, 4.87051],
				"cubes": [
					{"origin": [-2, 6.58282, 4.47051], "size": [4, 3.4, 0.5], "uv": [88, 109]}
				]
			},
			{
				"name": "bone195",
				"parent": "bone196",
				"pivot": [0, 10.00782, 4.87051],
				"rotation": [10, 0, 0],
				"cubes": [
					{"origin": [-2.05, 9.28282, 4.67051], "size": [4.1, 1.45, 0.4], "uv": [84, 122]}
				]
			},
			{
				"name": "bone49",
				"parent": "bone48",
				"pivot": [-2.5, 5.65782, 4.47051],
				"rotation": [0, 0, 9.85108],
				"cubes": [
					{"origin": [-4.75, 5.65782, 4.71951], "size": [2.25, 7, 0], "uv": [58, 57]}
				]
			},
			{
				"name": "bone50",
				"parent": "bone48",
				"pivot": [2.5, 5.65782, 4.47051],
				"rotation": [0, 0, -9.85108],
				"cubes": [
					{"origin": [2.5, 5.65782, 4.72151], "size": [2.25, 6, 0], "uv": [60, 31]}
				]
			},
			{
				"name": "bone51",
				"parent": "body",
				"pivot": [0, 12, 0]
			},
			{
				"name": "bone52",
				"parent": "bone51",
				"pivot": [0, 12, 0]
			},
			{
				"name": "bone53",
				"parent": "bone52",
				"pivot": [0, 12, 4],
				"cubes": [
					{"origin": [-2.5, 11.5, 3.75], "size": [5, 6.5, 0], "uv": [52, 6]}
				]
			},
			{
				"name": "bone54",
				"parent": "bone53",
				"pivot": [-3, 12, 4],
				"cubes": [
					{"origin": [-3.75, 11.5, 3.749], "size": [1.25, 6.5, 0], "uv": [65, 48]}
				]
			},
			{
				"name": "bone55",
				"parent": "bone53",
				"pivot": [3, 12, 4],
				"cubes": [
					{"origin": [2.5, 11.5, 3.751], "size": [1.25, 6.5, 0], "uv": [46, 65]}
				]
			},
			{
				"name": "bone56",
				"parent": "bone51",
				"pivot": [0, 12, 0],
				"rotation": [0, -90, 0]
			},
			{
				"name": "bone57",
				"parent": "bone56",
				"pivot": [0, 12, 4],
				"cubes": [
					{"origin": [-2.5, 11.5, 3.75], "size": [4.75, 6.5, 0], "uv": [58, 12]}
				]
			},
			{
				"name": "bone58",
				"parent": "bone57",
				"pivot": [-3, 12, 4],
				"cubes": [
					{"origin": [-3.75, 11.5, 3.749], "size": [1.25, 6.5, 0], "uv": [44, 65]}
				]
			},
			{
				"name": "bone59",
				"parent": "bone57",
				"pivot": [3, 12, 4],
				"cubes": [
					{"origin": [2.25, 11.5, 3.751], "size": [1.5, 6.5, 0], "uv": [60, 64]}
				]
			},
			{
				"name": "bone60",
				"parent": "bone51",
				"pivot": [0, 12, 0],
				"rotation": [0, -180, 0]
			},
			{
				"name": "bone61",
				"parent": "bone60",
				"pivot": [0, 12, 4]
			},
			{
				"name": "bone62",
				"parent": "bone61",
				"pivot": [-3, 12, 4],
				"cubes": [
					{"origin": [-3.75, 11.5, 3.749], "size": [2.25, 6.5, 0], "uv": [4, 60]}
				]
			},
			{
				"name": "bone63",
				"parent": "bone61",
				"pivot": [3, 12, 4],
				"cubes": [
					{"origin": [1.5, 11.5, 3.751], "size": [2.25, 6.5, 0], "uv": [0, 60]}
				]
			},
			{
				"name": "bone81",
				"parent": "bone61",
				"pivot": [2.6, 12, 4.4],
				"rotation": [0, -17.5, 0],
				"cubes": [
					{"origin": [1.25, 11.5, 4.149], "size": [1.2, 2.65, 0], "uv": [0, 16]}
				]
			},
			{
				"name": "bone72",
				"parent": "bone61",
				"pivot": [-2.6, 12, 4.4],
				"rotation": [0, 17.5, 0],
				"cubes": [
					{"origin": [-2.45, 11.5, 4.149], "size": [1.2, 2.65, 0], "uv": [25, 21]}
				]
			},
			{
				"name": "bone64",
				"parent": "bone51",
				"pivot": [0, 12, 0],
				"rotation": [0, -270, 0]
			},
			{
				"name": "bone65",
				"parent": "bone64",
				"pivot": [0, 12, 4],
				"cubes": [
					{"origin": [-2.5, 11.5, 3.75], "size": [5, 6.5, 0], "uv": [52, 0]}
				]
			},
			{
				"name": "bone66",
				"parent": "bone65",
				"pivot": [-3, 12, 4],
				"cubes": [
					{"origin": [-3.75, 11.5, 3.749], "size": [1.5, 6.5, 0], "uv": [58, 64]}
				]
			},
			{
				"name": "bone67",
				"parent": "bone65",
				"pivot": [3, 12, 4],
				"cubes": [
					{"origin": [2.5, 11.5, 3.751], "size": [1.25, 6.5, 0], "uv": [64, 29]}
				]
			},
			{
				"name": "bone75",
				"parent": "body",
				"pivot": [-2.15, 16.4, -3.825],
				"rotation": [173.26997, 0.18554, 160.77679]
			},
			{
				"name": "bone76",
				"parent": "bone75",
				"pivot": [-1.15285, 17.19027, -3.71193],
				"rotation": [2.00307, -14.8687, 17.2386],
				"cubes": [
					{"origin": [-1.35285, 14.51527, -3.63693], "size": [1.275, 4, 0], "uv": [66, 12]}
				]
			},
			{
				"name": "bone77",
				"parent": "bone75",
				"pivot": [-1.90285, 16.79027, -3.96193],
				"rotation": [5.85463, -13.83447, 1.78912],
				"cubes": [
					{"origin": [-1.90285, 14.11527, -3.88693], "size": [1.025, 4, 0], "uv": [50, 38]}
				]
			},
			{
				"name": "bone78",
				"parent": "bone75",
				"pivot": [-0.77785, 17.16527, -3.58693],
				"rotation": [9.26433, -11.84911, -13.46347],
				"cubes": [
					{"origin": [-1.90285, 15.69027, -3.58693], "size": [1.475, 2.725, 0], "uv": [4, 16]}
				]
			},
			{
				"name": "bone71",
				"parent": "body",
				"pivot": [2.15, 16.4, -3.825],
				"rotation": [173.26997, -0.18554, -160.77679]
			},
			{
				"name": "bone68",
				"parent": "bone71",
				"pivot": [1.07785, 17.19027, -3.71193],
				"rotation": [1.3378, 14.94159, -19.82456],
				"cubes": [
					{"origin": [0.00285, 14.51527, -3.63693], "size": [1.275, 4, 0], "uv": [38, 66]}
				]
			},
			{
				"name": "bone70",
				"parent": "bone71",
				"pivot": [1.90285, 16.79027, -3.96193],
				"rotation": [5.85463, 13.83447, -1.78912],
				"cubes": [
					{"origin": [0.87785, 14.11527, -3.88693], "size": [1.125, 4, 0], "uv": [66, 29]}
				]
			},
			{
				"name": "bone69",
				"parent": "bone71",
				"pivot": [0.77785, 17.16527, -3.58693],
				"rotation": [9.26433, 11.84911, 13.46347],
				"cubes": [
					{"origin": [0.42785, 15.69027, -3.58693], "size": [1.475, 2.725, 0], "uv": [22, 40]}
				]
			},
			{
				"name": "bone79",
				"parent": "body",
				"pivot": [0, 16.25, -3.75],
				"rotation": [0, 0, 45],
				"cubes": [
					{"origin": [-0.5, 15.75, -3.6], "size": [1, 1, 0.1], "uv": [41, 40]}
				]
			},
			{
				"name": "bone29",
				"parent": "body",
				"pivot": [-0.6, 15.9, -4],
				"rotation": [-25.5, 0, 45],
				"cubes": [
					{"origin": [-2.6, 15.9, -4], "size": [1.75, 1, 0], "uv": [18, 38]}
				]
			},
			{
				"name": "bone30",
				"parent": "body",
				"pivot": [0.6, 15.9, -4],
				"rotation": [-25.5, 0, -45],
				"cubes": [
					{"origin": [0.85, 15.9, -4], "size": [1.75, 1, 0], "uv": [16, 38]}
				]
			},
			{
				"name": "bone33",
				"parent": "body",
				"pivot": [0, 15, -3.925],
				"rotation": [-2.5, 0, 0],
				"cubes": [
					{"origin": [-0.5, 10.5, -3.55], "size": [1, 5.6, 0.125], "uv": [10, 46]}
				]
			},
			{
				"name": "bone34",
				"parent": "body",
				"pivot": [-0.35, 10, -4.15],
				"rotation": [-1.76833, 1.76749, 44.97272],
				"cubes": [
					{"origin": [-0.85, 10.25, -3.775], "size": [0.75, 0.75, 0.125], "uv": [71, 125]}
				]
			},
			{
				"name": "bone80",
				"parent": "body",
				"pivot": [-0.2, 13.05, -3.75],
				"rotation": [0, 0, 42.5],
				"cubes": [
					{"origin": [-1.2, 10.05, -3.725], "size": [1, 8, 1], "uv": [44, 56]},
					{"origin": [-1.225, 15.125, -3.75], "size": [1.05, 1, 1.025], "uv": [66, 6]}
				]
			},
			{
				"name": "sittingRotationSkirt",
				"parent": "body",
				"pivot": [0, 11, 0]
			},
			{
				"name": "bone",
				"parent": "sittingRotationSkirt",
				"pivot": [0, 6, 0]
			},
			{
				"name": "bone2",
				"parent": "bone",
				"pivot": [0, 6, 0]
			},
			{
				"name": "bone3",
				"parent": "bone2",
				"pivot": [0, 6, 4.47051],
				"rotation": [10, 0, 0],
				"cubes": [
					{"origin": [-2.5, 6.65782, 4.47051], "size": [5, 5, 0], "uv": [34, 56]}
				]
			},
			{
				"name": "bone4",
				"parent": "bone3",
				"pivot": [-2.5, 5.65782, 4.47051],
				"rotation": [0, 0, 9.85108],
				"cubes": [
					{"origin": [-4.5, 6.65782, 4.46951], "size": [2, 5, 0], "uv": [63, 20]}
				]
			},
			{
				"name": "bone5",
				"parent": "bone3",
				"pivot": [2.5, 5.65782, 4.47051],
				"rotation": [0, 0, -9.85108],
				"cubes": [
					{"origin": [2.5, 6.65782, 4.47151], "size": [2, 5, 0], "uv": [62, 62]}
				]
			},
			{
				"name": "bone6",
				"parent": "bone",
				"pivot": [0, 6, 0],
				"rotation": [0, -90, 0]
			},
			{
				"name": "bone7",
				"parent": "bone6",
				"pivot": [0, 6, 4.47051],
				"rotation": [10, 0, 0],
				"cubes": [
					{"origin": [-2.5, 6.65782, 4.47051], "size": [5, 5, 0], "uv": [55, 50]}
				]
			},
			{
				"name": "bone8",
				"parent": "bone7",
				"pivot": [-2.5, 5.65782, 4.47051],
				"rotation": [0, 0, 9.85108],
				"cubes": [
					{"origin": [-4.5, 6.65782, 4.46951], "size": [2, 5, 0], "uv": [62, 57]}
				]
			},
			{
				"name": "bone9",
				"parent": "bone7",
				"pivot": [2.5, 5.65782, 4.47051],
				"rotation": [0, 0, -9.85108],
				"cubes": [
					{"origin": [2.5, 6.65782, 4.47151], "size": [2, 5, 0], "uv": [26, 62]}
				]
			},
			{
				"name": "bone10",
				"parent": "bone",
				"pivot": [0, 6, 0],
				"rotation": [0, -180, 0]
			},
			{
				"name": "bone11",
				"parent": "bone10",
				"pivot": [0, 6, 4.47051],
				"rotation": [10, 0, 0],
				"cubes": [
					{"origin": [-2.5, 6.65782, 4.47051], "size": [5, 5, 0], "uv": [24, 54]}
				]
			},
			{
				"name": "bone12",
				"parent": "bone11",
				"pivot": [-2.5, 5.65782, 4.47051],
				"rotation": [0, 0, 9.85108],
				"cubes": [
					{"origin": [-4.5, 6.65782, 4.46951], "size": [2, 5, 0], "uv": [22, 62]}
				]
			},
			{
				"name": "bone13",
				"parent": "bone11",
				"pivot": [2.5, 5.65782, 4.47051],
				"rotation": [0, 0, -9.85108],
				"cubes": [
					{"origin": [2.5, 6.65782, 4.47151], "size": [2, 5, 0], "uv": [62, 5]}
				]
			},
			{
				"name": "bone14",
				"parent": "bone",
				"pivot": [0, 6, 0],
				"rotation": [0, -270, 0]
			},
			{
				"name": "bone15",
				"parent": "bone14",
				"pivot": [0, 6, 4.47051],
				"rotation": [10, 0, 0],
				"cubes": [
					{"origin": [-2.5, 6.65782, 4.47051], "size": [5, 5, 0], "uv": [53, 26]}
				]
			},
			{
				"name": "bone16",
				"parent": "bone15",
				"pivot": [-2.5, 5.65782, 4.47051],
				"rotation": [0, 0, 9.85108],
				"cubes": [
					{"origin": [-4.5, 6.65782, 4.46951], "size": [2, 5, 0], "uv": [62, 0]}
				]
			},
			{
				"name": "bone17",
				"parent": "bone15",
				"pivot": [2.5, 5.65782, 4.47051],
				"rotation": [0, 0, -9.85108],
				"cubes": [
					{"origin": [2.5, 6.65782, 4.47151], "size": [2, 5, 0], "uv": [38, 61]}
				]
			},
			{
				"name": "legLeft",
				"pivot": [2, 9, 0],
				"cubes": [
					{"origin": [0.374, -0.25, -1.75], "size": [3.25, 2, 3.5], "uv": [31, 80]},
					{"origin": [0.499, 0, -1.5], "size": [3, 9, 3], "uv": [40, 0]}
				]
			},
			{
				"name": "legRight",
				"pivot": [-2, 9, 0],
				"cubes": [
					{"origin": [-3.499, 0, -1.5], "size": [3, 9, 3], "uv": [13, 39]},
					{"origin": [-3.599, -0.25, -1.75], "size": [3.2, 2, 3.5], "uv": [12, 102]}
				]
			},
			{
				"name": "chestPlate",
				"pivot": [0, 10.575, 8.5],
				"rotation": [0, 0, 14.25]
			},
			{
				"name": "bone168",
				"parent": "chestPlate",
				"pivot": [2, 14.575, 8.5],
				"rotation": [0, 0, -50],
				"cubes": [
					{"origin": [-16.15, 13.625, 7], "size": [11.15, 4, 4], "uv": [4, 119]},
					{"origin": [-10.325, 11.125, 7], "size": [5.65, 4, 4], "uv": [4, 119]},
					{"origin": [-4.9, 11.125, 7], "size": [1.875, 1.6, 4], "uv": [4, 119]},
					{"origin": [-19.1, 14.125, 7.575], "size": [17.125, 6.525, 2.85], "uv": [79, 42]},
					{"origin": [1.7, 13.875, 7.25], "size": [1.75, 3.5, 3.5], "uv": [114, 13]},
					{"origin": [-5.875, 14.05, 7.25], "size": [4.325, 3.5, 3.5], "uv": [114, 13]}
				]
			},
			{
				"name": "bone219",
				"parent": "bone168",
				"pivot": [2, 14.425, 8.5],
				"rotation": [0, 0, 1.25],
				"cubes": [
					{"origin": [-2.35, 14.125, 7.75], "size": [4.8, 3, 2.5], "uv": [100, 21]}
				]
			},
			{
				"name": "bone221",
				"parent": "bone168",
				"pivot": [-4.7, 11.625, 9],
				"rotation": [0, 0, 55],
				"cubes": [
					{"origin": [-7.525, 12, 7], "size": [2.9, 1.625, 4], "uv": [4, 119]}
				]
			},
			{
				"name": "bone208",
				"parent": "bone168",
				"pivot": [0, 14.575, 9.475],
				"cubes": [
					{"origin": [-7.15, 17.825, 7.15], "size": [3.55, 1.35, 0.2], "uv": [88, 70]}
				]
			},
			{
				"name": "bone209",
				"parent": "bone208",
				"pivot": [-7.325, 18.15, 7.25],
				"rotation": [0, 0, -39],
				"cubes": [
					{"origin": [-7.025, 17.475, 7.15], "size": [0.5, 1.35, 0.2], "uv": [88, 70], "mirror": true},
					{"origin": [-7.525, 17.9, 7.15], "size": [0.5, 0.925, 0.2], "uv": [88, 70], "mirror": true},
					{"origin": [-8, 18.3, 7.15], "size": [0.5, 0.525, 0.2], "uv": [88, 70], "mirror": true}
				]
			},
			{
				"name": "bone210",
				"parent": "bone209",
				"pivot": [-7.95, 18.4625, 7.25],
				"rotation": [0, 0, -51],
				"cubes": [
					{"origin": [-8.125, 17.55, 7.15], "size": [0.425, 1.175, 0.2], "uv": [88, 70], "mirror": true}
				]
			},
			{
				"name": "bone211",
				"parent": "bone208",
				"pivot": [-3.4, 18.15, 7.25],
				"rotation": [0, 0, 39],
				"cubes": [
					{"origin": [-4.2, 17.475, 7.15], "size": [0.5, 1.35, 0.2], "uv": [88, 70]},
					{"origin": [-3.7, 17.9, 7.15], "size": [0.5, 0.925, 0.2], "uv": [88, 70]},
					{"origin": [-3.225, 18.3, 7.15], "size": [0.5, 0.525, 0.2], "uv": [88, 70]}
				]
			},
			{
				"name": "bone212",
				"parent": "bone211",
				"pivot": [-2.775, 18.4625, 7.25],
				"rotation": [0, 0, 51],
				"cubes": [
					{"origin": [-3.025, 17.55, 7.15], "size": [0.425, 1.175, 0.2], "uv": [88, 70]}
				]
			},
			{
				"name": "bone207",
				"parent": "bone168",
				"pivot": [0, 14.575, 8.5],
				"cubes": [
					{"origin": [-7.15, 17.825, 10.625], "size": [3.55, 1.35, 0.2], "uv": [88, 70]}
				]
			},
			{
				"name": "bone205",
				"parent": "bone207",
				"pivot": [-7.325, 18.15, 10.725],
				"rotation": [0, 0, -39],
				"cubes": [
					{"origin": [-7.025, 17.475, 10.625], "size": [0.5, 1.35, 0.2], "uv": [88, 70], "mirror": true},
					{"origin": [-7.525, 17.9, 10.625], "size": [0.5, 0.925, 0.2], "uv": [88, 70], "mirror": true},
					{"origin": [-8, 18.3, 10.625], "size": [0.5, 0.525, 0.2], "uv": [88, 70], "mirror": true}
				]
			},
			{
				"name": "bone206",
				"parent": "bone205",
				"pivot": [-7.95, 18.4625, 10.725],
				"rotation": [0, 0, -51],
				"cubes": [
					{"origin": [-8.125, 17.55, 10.625], "size": [0.425, 1.175, 0.2], "uv": [88, 70], "mirror": true}
				]
			},
			{
				"name": "bone203",
				"parent": "bone207",
				"pivot": [-3.4, 18.15, 10.725],
				"rotation": [0, 0, 39],
				"cubes": [
					{"origin": [-4.2, 17.475, 10.625], "size": [0.5, 1.35, 0.2], "uv": [88, 70]},
					{"origin": [-3.7, 17.9, 10.625], "size": [0.5, 0.925, 0.2], "uv": [88, 70]},
					{"origin": [-3.225, 18.3, 10.625], "size": [0.5, 0.525, 0.2], "uv": [88, 70]}
				]
			},
			{
				"name": "bone204",
				"parent": "bone203",
				"pivot": [-2.775, 18.4625, 10.725],
				"rotation": [0, 0, 51],
				"cubes": [
					{"origin": [-3.025, 17.55, 10.625], "size": [0.425, 1.175, 0.2], "uv": [88, 70]}
				]
			},
			{
				"name": "bone169",
				"parent": "chestPlate",
				"pivot": [2, 14.575, 8.5],
				"rotation": [0, 0, -50]
			},
			{
				"name": "bone170",
				"parent": "chestPlate",
				"pivot": [-14.075, 6.35, 9],
				"rotation": [0, 0, -65],
				"cubes": [
					{"origin": [-17.9, 5.35, 6.975], "size": [7.3, 2.675, 4.05], "uv": [5, 115]},
					{"origin": [-16.45, 3.1, 6.975], "size": [3.45, 3.5, 4.05], "uv": [63, 100]}
				]
			},
			{
				"name": "bone185",
				"parent": "bone170",
				"pivot": [1.675, 0.125, 10.2],
				"rotation": [17.5, 0, 0]
			},
			{
				"name": "bone184",
				"parent": "bone170",
				"pivot": [1.675, 0.125, 7.8],
				"rotation": [-17.5, 0, 0]
			},
			{
				"name": "bone173",
				"parent": "bone170",
				"pivot": [-16.1625, 5.85, 9],
				"rotation": [0, 0, 57.5],
				"cubes": [
					{"origin": [-16.675, 4.1, 6.975], "size": [2.65, 3.5, 4.05], "uv": [64, 100]}
				]
			},
			{
				"name": "bone189",
				"parent": "bone170",
				"pivot": [-4.2375, 2.775, 9],
				"rotation": [0, 0, -20],
				"cubes": [
					{"origin": [-7.05, 1.25, 7.375], "size": [4.5, 3.5, 3.25], "uv": [4, 121]},
					{"origin": [-4.425, 1.25, 7.375], "size": [4.075, 1.95, 3.25], "uv": [4, 121]}
				]
			},
			{
				"name": "bone217",
				"parent": "bone170",
				"pivot": [-3.5875, 4.1, 9],
				"rotation": [0, 0, 15],
				"cubes": [
					{"origin": [-8.55, 1.725, 7.375], "size": [5.775, 3.5, 3.25], "uv": [4, 121]},
					{"origin": [-6.325, 3.675, 7.4], "size": [6.525, 1.55, 3.2], "uv": [4, 121]}
				]
			},
			{
				"name": "bone227",
				"parent": "bone217",
				"pivot": [-5.6625, 5.3, 9],
				"rotation": [0, 0, -12.5],
				"cubes": [
					{"origin": [-7.975, 4.3, 8.125], "size": [4.625, 2, 1.75], "uv": [84, 122]}
				]
			},
			{
				"name": "bone220",
				"parent": "bone217",
				"pivot": [0.2125, 3.9625, 9],
				"rotation": [0, 0, -30],
				"cubes": [
					{"origin": [0, 3.675, 7.4], "size": [0.425, 0.575, 3.2], "uv": [4, 121]}
				]
			},
			{
				"name": "bone187",
				"parent": "bone217",
				"pivot": [0.6625, 4.45, 9],
				"rotation": [0, 0, 30],
				"cubes": [
					{"origin": [-0.125, 3.975, 7.4], "size": [1.075, 0.925, 3.2], "uv": [4, 121]}
				]
			},
			{
				"name": "bone188",
				"parent": "bone170",
				"pivot": [-11.1125, 4.1, 9],
				"rotation": [0, 0, 15],
				"cubes": [
					{"origin": [-16.075, 1.725, 7.375], "size": [10.5, 3.85, 3.25], "uv": [4, 121]},
					{"origin": [-10.25, 1.7, 7.375], "size": [10.5, 3.25, 3.25], "uv": [4, 121]}
				]
			},
			{
				"name": "bone172",
				"parent": "bone170",
				"pivot": [-13.6875, 5.775, 9],
				"rotation": [0, 0, 37.5],
				"cubes": [
					{"origin": [-15.025, 4.025, 6.975], "size": [3.475, 3.5, 4.05], "uv": [63, 100]}
				]
			},
			{
				"name": "bone171",
				"parent": "chestPlate",
				"pivot": [-10.275, 11.7, 9],
				"rotation": [0, 0, -46.5],
				"cubes": [
					{"origin": [-14.025, 11.65, 6.975], "size": [5.225, 1.8, 4.05], "uv": [88, 2]},
					{"origin": [-0.25, 7.6, 7.15], "size": [4.475, 5.45, 3.7], "uv": [96, 59]},
					{"origin": [-4.025, 7.6, 7.15], "size": [5.5, 2.7, 3.7], "uv": [96, 59]}
				]
			},
			{
				"name": "bone226",
				"parent": "bone171",
				"pivot": [-13.325, 10.8, 9],
				"rotation": [0, 0, -17.5],
				"cubes": [
					{"origin": [-14.275, 10.25, 6.975], "size": [5.5, 1.575, 4.05], "uv": [88, 2]}
				]
			},
			{
				"name": "bone186",
				"parent": "bone171",
				"pivot": [-8.5875, 12.15, 9],
				"rotation": [0, 0, 26]
			},
			{
				"name": "bone181",
				"parent": "bone171",
				"pivot": [-1.7, 10.4, 9],
				"rotation": [0, 0, -35.75],
				"cubes": [
					{"origin": [-3.625, 9.1, 7.15], "size": [4.675, 2.6, 3.7], "uv": [96, 59]}
				]
			},
			{
				"name": "bone180",
				"parent": "bone171",
				"pivot": [7.375, 10.575, 9],
				"rotation": [0, 0, 37.5],
				"cubes": [
					{"origin": [6.875, 10.1, 7.15], "size": [1.025, 1.025, 3.7], "uv": [96, 59]}
				]
			},
			{
				"name": "bone179",
				"parent": "bone171",
				"pivot": [4.225, 12.2, 9],
				"rotation": [0, 0, 120],
				"cubes": [
					{"origin": [3.475, 11.725, 7.15], "size": [2.5, 3.8, 3.7], "uv": [98, 61]}
				]
			},
			{
				"name": "bone183",
				"parent": "bone171",
				"pivot": [8.125, 9.725, 9],
				"rotation": [0, 0, 90],
				"cubes": [
					{"origin": [8.625, 8.7, 6.9], "size": [7.75, 7.575, 4.2], "uv": [12, 117]},
					{"origin": [16.15, 6.425, 6.8], "size": [0.75, 9.975, 4.4], "uv": [65, 94]},
					{"origin": [7.875, 15.825, 7.15], "size": [8.25, 0.575, 3.7], "uv": [79, 121]},
					{"origin": [7.375, 10.45, 6.9], "size": [1.25, 5.825, 4.2], "uv": [31, 119]},
					{"origin": [6.175, 13.05, 7.65], "size": [1.25, 3.225, 2.7], "uv": [10, 121]},
					{"origin": [10.475, 6.275, 6.9], "size": [5.9, 2.425, 4.2], "uv": [7, 120]}
				]
			},
			{
				"name": "bone200",
				"parent": "bone183",
				"pivot": [13.125, 4.6, 9.5],
				"cubes": [
					{"origin": [13.325, 6.55, 11.075], "size": [2.85, 9.55, 0.4], "uv": [33, 119]},
					{"origin": [14.175, 13.225, 11.525], "size": [1.275, 1.95, 0], "uv": [68, 122]},
					{"origin": [10.525, 9.475, 10.125], "size": [2.4, 6.025, 1.1], "uv": [47, 105]},
					{"origin": [8.8, 8.625, 10.95], "size": [1.2, 1.925, 0.3], "uv": [16, 123]},
					{"origin": [9.425, 7.65, 10.95], "size": [0.575, 1.325, 0.3], "uv": [7, 116]}
				]
			},
			{
				"name": "bone201",
				"parent": "bone200",
				"pivot": [8.6875, 13.425, 11.1],
				"rotation": [180, 0, 0],
				"cubes": [
					{"origin": [7.375, 10.575, 10.95], "size": [2.625, 5.7, 0.3], "uv": [123, 6]}
				]
			},
			{
				"name": "bone199",
				"parent": "bone183",
				"pivot": [13.125, 4.6, 8.5],
				"cubes": [
					{"origin": [13.325, 6.55, 6.525], "size": [2.85, 9.55, 0.4], "uv": [31, 119]},
					{"origin": [14.175, 13.225, 6.575], "size": [1.275, 1.95, 0], "uv": [68, 122]},
					{"origin": [10.525, 9.475, 6.775], "size": [2.4, 6.025, 1.1], "uv": [47, 105]},
					{"origin": [7.375, 10.575, 6.75], "size": [2.625, 5.7, 0.3], "uv": [6, 88]},
					{"origin": [8.8, 8.625, 6.75], "size": [1.2, 1.925, 0.3], "uv": [14, 95]},
					{"origin": [9.425, 7.65, 6.75], "size": [0.575, 1.325, 0.3], "uv": [7, 116]}
				]
			},
			{
				"name": "bone213",
				"parent": "bone183",
				"pivot": [6.8, 14.6625, 10.75],
				"rotation": [0, 55, 0],
				"cubes": [
					{"origin": [6.75, 13.05, 10], "size": [0.75, 3.225, 1.6], "uv": [10, 123]}
				]
			},
			{
				"name": "bone193",
				"parent": "bone183",
				"pivot": [6.8, 14.6625, 7.25],
				"rotation": [0, -55, 0],
				"cubes": [
					{"origin": [6.75, 13.05, 6.4], "size": [0.75, 3.225, 1.6], "uv": [12, 123]}
				]
			},
			{
				"name": "bone202",
				"parent": "bone171",
				"pivot": [6.5, 7.85, 9],
				"rotation": [0, 0, 55],
				"cubes": [
					{"origin": [5.75, 6.15, 10.25], "size": [1.525, 5.25, 0.85], "uv": [9, 123]},
					{"origin": [5.775, 9.875, 11.25], "size": [1.2, 1.525, 0], "uv": [7, 116]},
					{"origin": [5.775, 8.35, 11.25], "size": [0.7, 1.525, 0], "uv": [7, 116]},
					{"origin": [5.775, 7.825, 11.25], "size": [0.7, 1.45, 0], "uv": [7, 116]}
				]
			},
			{
				"name": "bone182",
				"parent": "bone171",
				"pivot": [6.5, 7.85, 9],
				"rotation": [0, 0, 55],
				"cubes": [
					{"origin": [5.75, 6.15, 6.9], "size": [1.525, 5.25, 1.8], "uv": [13, 121]},
					{"origin": [5.775, 9.875, 6.75], "size": [1.2, 1.525, 0.175], "uv": [7, 116]},
					{"origin": [5.775, 8.35, 6.75], "size": [0.7, 1.525, 0.175], "uv": [7, 116]},
					{"origin": [5.775, 7.825, 6.75], "size": [0.7, 1.45, 0.175], "uv": [7, 116]}
				]
			},
			{
				"name": "bone191",
				"parent": "bone171",
				"pivot": [3.6, 9.3, 9],
				"rotation": [0, 0, 55],
				"cubes": [
					{"origin": [2.85, 8.825, 7.15], "size": [2.5, 4.025, 3.7], "uv": [96, 59]}
				]
			},
			{
				"name": "bone215",
				"parent": "bone171",
				"pivot": [10.2, 13.6625, 9],
				"rotation": [0, 0, 35],
				"cubes": [
					{"origin": [8.9, 13.275, 8.45], "size": [2.6, 0.775, 1.1], "uv": [86, 117]}
				]
			},
			{
				"name": "bone214",
				"parent": "bone171",
				"pivot": [10.425, 12.5375, 9],
				"rotation": [0, 0, 90],
				"cubes": [
					{"origin": [9.525, 11.9, 8.575], "size": [1.8, 1.275, 0.85], "uv": [86, 117]}
				]
			},
			{
				"name": "bone192",
				"parent": "bone171",
				"pivot": [3.6, 12.35, 9],
				"rotation": [0, 0, 90],
				"cubes": [
					{"origin": [3.85, 12.875, 7.65], "size": [2.75, 7.425, 2.7], "uv": [86, 117]}
				]
			},
			{
				"name": "bone178",
				"parent": "bone171",
				"pivot": [3.6, 9.3, 9],
				"rotation": [0, 0, 55],
				"cubes": [
					{"origin": [3.85, 9.825, 7.65], "size": [2.75, 4.025, 2.7], "uv": [86, 117]}
				]
			},
			{
				"name": "bone216",
				"parent": "bone171",
				"pivot": [-7.375, 11.875, 9],
				"rotation": [0, 0, -24.5],
				"cubes": [
					{"origin": [-9.475, 8.375, 7.55], "size": [4.2, 7, 2.9], "uv": [110, 12]}
				]
			},
			{
				"name": "bone174",
				"parent": "chestPlate",
				"pivot": [-8.125, 1.65, 9],
				"rotation": [0, 0, -40],
				"cubes": [
					{"origin": [-11.95, -0.85, 6.75], "size": [7.275, 3.5, 4.5], "uv": [36, 93]},
					{"origin": [-10.5, 1.4, 6.75], "size": [3.45, 3.5, 4.5], "uv": [41, 93]}
				]
			},
			{
				"name": "bone177",
				"parent": "bone174",
				"pivot": [-0.7625, 1.525, 9],
				"rotation": [0, 0, -10],
				"cubes": [
					{"origin": [-5.125, -0.15, 6.75], "size": [4.025, 1.875, 4.5], "uv": [35, 92]},
					{"origin": [2.225, 0.325, 7.925], "size": [7.15, 1.2, 2.15], "uv": [110, 102]},
					{"origin": [10.325, 0.125, 7.925], "size": [2.15, 2.2, 2.15], "uv": [88, 120]}
				]
			},
			{
				"name": "bone225",
				"parent": "bone177",
				"pivot": [-3.1625, 1.6, 9],
				"rotation": [0, 0, 25],
				"cubes": [
					{"origin": [-5, 0.625, 6.75], "size": [3.675, 1.95, 4.5], "uv": [35, 92]}
				]
			},
			{
				"name": "bone223",
				"parent": "bone177",
				"pivot": [8.875, 1.525, 9],
				"rotation": [0, 0, -19.75],
				"cubes": [
					{"origin": [7.275, 0.925, 7.925], "size": [2.875, 1.2, 2.15], "uv": [110, 102]}
				]
			},
			{
				"name": "bone222",
				"parent": "bone177",
				"pivot": [3.825, 1.525, 9],
				"rotation": [0, 0, 25],
				"cubes": [
					{"origin": [2.225, 0.925, 7.925], "size": [2.875, 1.2, 2.15], "uv": [110, 102]}
				]
			},
			{
				"name": "bone224",
				"parent": "bone177",
				"pivot": [11.35, 4.875, 9],
				"rotation": [0, 0, 3.5],
				"cubes": [
					{"origin": [8.95, 3.775, 7.925], "size": [4.8, 2.2, 2.15], "uv": [88, 120]}
				]
			},
			{
				"name": "bone218",
				"parent": "bone177",
				"pivot": [11.225, 1.525, 9],
				"rotation": [0, 0, 4.5],
				"cubes": [
					{"origin": [8.775, -0.325, 7.425], "size": [2.15, 3.7, 3.15], "uv": [10, 116]},
					{"origin": [9.025, 1.725, 7.675], "size": [4.35, 1.45, 2.65], "uv": [10, 122]}
				]
			},
			{
				"name": "bone190",
				"parent": "bone177",
				"pivot": [11.05, -0.45, 9],
				"rotation": [0, 0, 27.75],
				"cubes": [
					{"origin": [10.675, -1.625, 7.775], "size": [1.1, 2.35, 2.375], "uv": [9, 120]}
				]
			},
			{
				"name": "bone175",
				"parent": "bone174",
				"pivot": [-10.2125, 2.15, 9],
				"rotation": [0, 0, -57.5],
				"cubes": [
					{"origin": [-10.725, 0.4, 6.75], "size": [2.65, 3.5, 4.5], "uv": [41, 91]}
				]
			},
			{
				"name": "bone176",
				"parent": "bone174",
				"pivot": [-7.7375, 2.225, 9],
				"rotation": [0, 0, -37.5],
				"cubes": [
					{"origin": [-9.875, 0.475, 6.75], "size": [4.275, 3.5, 4.5], "uv": [42, 92]}
				]
			}
		]
	}
}