{
  "credit": "Made with Blockbench",
  "parent": "builtin/entity",
  "texture_size": [
    512,
    512
  ],
  "display": {
    "thirdperson_righthand": {
      "translation": [
        0.25,
        -4.75,
        1
      ],
      "scale": [
        0.25,
        0.25,
        0.25
      ]
    },
    "thirdperson_lefthand": {
      "translation": [
        0.25,
        -4.75,
        1
      ],
      "scale": [
        0.25,
        0.25,
        0.25
      ]
    },
    "firstperson_righthand": {
      "rotation": [
        -4,
        -3,
        0
      ],
      "translation": [
        2,
        -19,
        -6.5
      ],
      "scale": [
        0.81,
        0.83,
        0.78
      ]
    },
    "firstperson_lefthand": {
      "rotation": [
        -4,
        -3,
        0
      ],
      "translation": [
        2,
        -19,
        -6.5
      ],
      "scale": [
        0.81,
        0.83,
        0.78
      ]
    },
    "ground": {
      "scale": [
        0.34,
        0.34,
        0.34
      ]
    },
    "gui": {
      "rotation": [
        -30,
        -122,
        -9
      ],
      "translation": [
        -3.75,
        -3.5,
        0
      ],
      "scale": [
        0.28,
        0.14,
        0.12
      ]
    }
  }
}