{
  "credit": "Made with Blockbench",
  "parent": "builtin/entity",
  "texture_size": [
    190,
    190
  ],
  "display": {
    "thirdperson_righthand": {
      "translation": [
        0.25,
        -4.75,
        1
      ],
      "scale": [
        0.25,
        0.25,
        0.25
      ]
    },
    "thirdperson_lefthand": {
      "translation": [
        0.25,
        -4.75,
        1
      ],
      "scale": [
        0.25,
        0.25,
        0.25
      ]
    },
    "firstperson_righthand": {
      "rotation": [
        0,
        0,
        3.5
      ],
      "translation": [
        0,
        -26,
        -13
      ]
    },
    "firstperson_lefthand": {
      "rotation": [
        0,
        0,
        3.5
      ],
      "translation": [
        0,
        -26,
        -7
      ]
    },
    "ground": {
      "translation": [
        0,
        -6,
        3.5
      ],
      "scale": [
        0.3,
        0.3,
        0.3
      ]
    },
    "gui": {
      "rotation": [
        -30,
        -122,
        -9
      ],
      "translation": [
        0.5,
        -3,
        0
      ],
      "scale": [
        0.21,
        0.19,
        0.23
      ]
    },
    "fixed": {
      "rotation": [
        180,
        -90,
        180
      ],
      "translation": [
        -5.5,
        -10.25,
        -1
      ],
      "scale": [
        0.62,
        0.62,
        0.62
      ]
    }
  }
}