{
"loader": "forge:separate_transforms",
  "gui_light": "front",
  "base": 
{
  "credit": "Made with Blockbench",
  "parent": "builtin/entity",
  "texture_size": [
    300,
    300
  ],
  "display": {
    "thirdperson_righthand": {
      "translation": [
        0,
        -5,
        0.25
      ],
      "scale": [
        0.26,
        0.27,
        0.35
      ]
    },
    "thirdperson_lefthand": {
      "translation": [
        0,
        -5,
        0.25
      ],
      "scale": [
        0.26,
        0.27,
        0.35
      ]
    },
    "firstperson_righthand": {
      "rotation": [
        -3,
        1,
        1
      ],
      "translation": [
        1.75,
        -27,
        -6
      ],
      "scale": [
        1,
        0.93,
        0.82
      ]
    },
    "firstperson_lefthand": {
      "rotation": [
        -3,
        1,
        1
      ],
      "translation": [
        1.75,
        -27,
        -6
      ],
      "scale": [
        1,
        0.93,
        0.82
      ]
    },
    "gui": {
      "rotation": [
        27,
        -146,
        -5
      ],
      "translation": [
        0,
        -6.75,
        0
      ],
      "scale": [
        0.28,
        0.28,
        0.28
      ]
    }
  }
},
  "perspectives": {
    "gui": {
      "parent": "item/generated",
      "textures": {
        "layer0": "pointblank:item/m72law.icon"
      }
    }
  }
}