{
"loader": "forge:separate_transforms",
  "gui_light": "front",
  "base": 
{
  "credit": "Made with Blockbench",
  "parent": "builtin/entity",
  "texture_size": [
    256,
    256
  ],
  "display": {
    "thirdperson_righthand": {
      "translation": [
        0,
        -5,
        0.25
      ],
      "scale": [
        0.26,
        0.27,
        0.35
      ]
    },
    "thirdperson_lefthand": {
      "translation": [
        0,
        -5,
        0.25
      ],
      "scale": [
        0.26,
        0.27,
        0.35
      ]
    },
    "firstperson_righthand": {
      "rotation": [
        0,
        3,
        0
      ],
      "translation": [
        6.25,
        -26,
        -16
      ]
    },
    "firstperson_lefthand": {
      "rotation": [
        0,
        3,
        0
      ],
      "translation": [
        6.25,
        -26,
        -16
      ]
    },
    "gui": {
      "rotation": [
        -30,
        -122,
        -9
      ],
      "translation": [
        -2.75,
        -7.75,
        0
      ],
      "scale": [
        0.37,
        0.37,
        0.37
      ]
    }
  }
},
  "perspectives": {
    "gui": {
      "parent": "item/generated",
      "textures": {
        "layer0": "pointblank:item/mp5k.icon"
      }
    }
  }
}