{
"loader": "forge:separate_transforms",
  "gui_light": "front",
  "base": 
{
  "credit": "Made with Blockbench",
  "parent": "builtin/entity",
  "texture_size": [
    128,
    128
  ],
  "display": {
    "thirdperson_righthand": {
      "translation": [
        0.25,
        -4.75,
        1
      ],
      "scale": [
        0.25,
        0.25,
        0.25
      ]
    },
    "thirdperson_lefthand": {
      "translation": [
        0,
        -5.25,
        0
      ],
      "scale": [
        0.29,
        0.29,
        0.3
      ]
    },
    "firstperson_righthand": {
      "rotation": [
        0,
        -3,
        0
      ],
      "translation": [
        10.75,
        -27,
        -25
      ]
    },
    "firstperson_lefthand": {
      "rotation": [
        0,
        -3,
        0
      ],
      "translation": [
        10.75,
        -27,
        -25
      ]
    },
    "gui": {
      "rotation": [
        -23,
        -114,
        0
      ],
      "translation": [
        -2.75,
        -7.75,
        0
      ],
      "scale": [
        0.39,
        0.39,
        0.37
      ]
    },
    "head": {
      "translation": [
        10,
        -1.75,
        0
      ]
    }
  }
},
  "perspectives": {
    "gui": {
      "parent": "item/generated",
      "textures": {
        "layer0": "pointblank:item/raygun.icon"
      }
    }
  }
}