{
"loader": "forge:separate_transforms",
  "gui_light": "front",
  "base": 
{

  "credit": "Made with Blockbench",
  "parent": "builtin/entity",
  "texture_size": [
    512,
    512
  ],
  "display": {
    "thirdperson_righthand": {
      "translation": [
        0.25,
        -4.75,
        1
      ],
      "scale": [
        0.25,
        0.25,
        0.25
      ]
    },
    "thirdperson_lefthand": {
      "translation": [
        0.25,
        -4.75,
        1
      ],
      "scale": [
        0.25,
        0.25,
        0.25
      ]
    },
    "firstperson_righthand": {
      "rotation": [
        -3,
        -3,
        4
      ],
      "translation": [
        -0.5,
        -21,
        -6
      ],
      "scale": [
        1,
        0.98,
        0.77
      ]
    },
    "firstperson_lefthand": {
      "rotation": [
        -3,
        -3,
        4
      ],
      "translation": [
        -0.5,
        -21,
        -6
      ],
      "scale": [
        1,
        0.98,
        0.77
      ]
    },
    "gui": {
      "rotation": [
        -34,
        -137,
        -27
      ],
      "translation": [
        -2,
        -4.5,
        0
      ],
      "scale": [
        0.18,
        0.17,
        0.17
      ]
    }
  }
},
  "perspectives": {
    "gui": {
      "parent": "item/generated",
      "textures": {
        "layer0": "pointblank:item/rpk.icon"
      }
    }
  }
}