{
"loader": "forge:separate_transforms",
  "gui_light": "front",
  "base": 
{
  "credit": "Made with Blockbench",
  "parent": "builtin/entity",
  "texture_size": [
    128,
    128
  ],
  "display": {
    "firstperson_righthand": {
      "rotation": [
        0,
        1,
        0
      ],
      "translation": [
        2.5,
        -21,
        -9.75
      ],
      "scale": [
        0.98,
        1,
        0.79
      ]
    },
    "firstperson_lefthand": {
      "rotation": [
        0,
        1,
        0
      ],
      "translation": [
        2.5,
        -21,
        -9.75
      ],
      "scale": [
        0.98,
        1,
        0.79
      ]
    },
    "gui": {
      "rotation": [
        15,
        -133,
        0
      ],
      "translation": [
        -3.5,
        -5.25,
        0
      ],
      "scale": [
        0.46,
        0.42,
        0.42
      ]
    }
  }
},
  "perspectives": {
    "gui": {
      "parent": "item/generated",
      "textures": {
        "layer0": "pointblank:item/spectre.icon"
      }
    }
  }
}