{
	"format_version": "1.12.0",
	"minecraft:geometry": [
		{
			"description": {
				"identifier": "geometry.unknown",
				"texture_width": 8,
				"texture_height": 8,
				"visible_bounds_width": 5,
				"visible_bounds_height": 5,
				"visible_bounds_offset": [0, 1.5, 0]
			},
			"bones": [
				{
					"name": "FlowerCrown",
					"pivot": [0, 0, 0]
				},
				{
					"name": "Flowers",
					"parent": "FlowerCrown",
					"pivot": [3.5, 42, 3.875],
					"cubes": [
						{
							"origin": [0, 41, 4.75],
							"size": [1, 1, 0.25],
							"pivot": [0.5, 41.5, 4.875],
							"rotation": [17.5, 0, 0],
							"uv": {
								"north": {"uv": [0, 4.5], "uv_size": [1, 1]},
								"east": {"uv": [7.5, 4], "uv_size": [0.5, 1]},
								"south": {"uv": [5.5, 3.5], "uv_size": [1, 1]},
								"west": {"uv": [7.5, 4], "uv_size": [0.5, 1]},
								"up": {"uv": [0, 7], "uv_size": [1, 0.5]},
								"down": {"uv": [4.5, 7], "uv_size": [1, -0.5]}
							}
						},
						{
							"origin": [0, 42, 4.75],
							"size": [1, 0.5, 0.25],
							"pivot": [0.5, 41.5, 4.875],
							"rotation": [17.5, 0, 0],
							"uv": {
								"north": {"uv": [6.5, 4.5], "uv_size": [1, 0.5]},
								"east": {"uv": [3.5, 4.5], "uv_size": [0.5, 0.5]},
								"south": {"uv": [6.5, 4.5], "uv_size": [1, 0.5]},
								"west": {"uv": [3.5, 4.5], "uv_size": [0.5, 0.5]},
								"up": {"uv": [0, 7], "uv_size": [1, 0.5]},
								"down": {"uv": [4.5, 7], "uv_size": [1, -0.5]}
							}
						},
						{
							"origin": [0, 40.5, 4.75],
							"size": [1, 0.5, 0.25],
							"pivot": [0.5, 41.5, 4.875],
							"rotation": [17.5, 0, 0],
							"uv": {
								"north": {"uv": [6.5, 4.5], "uv_size": [1, 0.5]},
								"east": {"uv": [3.5, 4.5], "uv_size": [0.5, 0.5]},
								"south": {"uv": [2, 6.5], "uv_size": [1, 0.5]},
								"west": {"uv": [3.5, 4.5], "uv_size": [0.5, 0.5]},
								"up": {"uv": [0, 7], "uv_size": [1, 0.5]},
								"down": {"uv": [4.5, 7], "uv_size": [1, -0.5]}
							}
						},
						{
							"origin": [1, 41, 4.75],
							"size": [0.5, 1, 0.25],
							"pivot": [0.5, 41.5, 4.875],
							"rotation": [17.5, 0, 0],
							"uv": {
								"north": {"uv": [7.5, 4], "uv_size": [0.5, 1]},
								"east": {"uv": [7.5, 4], "uv_size": [0.5, 1]},
								"south": {"uv": [7.5, 5], "uv_size": [0.5, 1]},
								"west": {"uv": [7.5, 4], "uv_size": [0.5, 1]},
								"up": {"uv": [6, 5], "uv_size": [0.5, 0.5]},
								"down": {"uv": [4.5, 4], "uv_size": [0.5, -0.5]}
							}
						},
						{
							"origin": [-0.5, 41, 4.75],
							"size": [0.5, 1, 0.25],
							"pivot": [0.5, 41.5, 4.875],
							"rotation": [17.5, 0, 0],
							"uv": {
								"north": {"uv": [7.5, 4], "uv_size": [0.5, 1]},
								"east": {"uv": [7.5, 4], "uv_size": [0.5, 1]},
								"south": {"uv": [7.5, 4], "uv_size": [0.5, 1]},
								"west": {"uv": [7.5, 4], "uv_size": [0.5, 1]},
								"up": {"uv": [6, 5], "uv_size": [0.5, 0.5]},
								"down": {"uv": [4.5, 4], "uv_size": [0.5, -0.5]}
							}
						},
						{
							"origin": [-3, 40, 4.75],
							"size": [1, 1, 0.25],
							"pivot": [-2.5, 40.49246, 4.91775],
							"rotation": [0, -15, 0],
							"uv": {
								"north": {"uv": [0, 4.5], "uv_size": [1, 1]},
								"east": {"uv": [7.5, 4], "uv_size": [0.5, 1]},
								"south": {"uv": [4, 1.5], "uv_size": [1, 1]},
								"west": {"uv": [7.5, 4], "uv_size": [0.5, 1]},
								"up": {"uv": [0, 7], "uv_size": [1, 0.5]},
								"down": {"uv": [4.5, 7], "uv_size": [1, -0.5]}
							}
						},
						{
							"origin": [-3.5, 40, 4.75],
							"size": [0.5, 1, 0.25],
							"pivot": [-2.5, 40.49246, 4.91775],
							"rotation": [0, -15, 0],
							"uv": {
								"north": {"uv": [7.5, 4], "uv_size": [0.5, 1]},
								"east": {"uv": [7.5, 4], "uv_size": [0.5, 1]},
								"south": {"uv": [7.5, 4], "uv_size": [0.5, 1]},
								"west": {"uv": [7.5, 4], "uv_size": [0.5, 1]},
								"up": {"uv": [6, 5], "uv_size": [0.5, 0.5]},
								"down": {"uv": [4.5, 4], "uv_size": [0.5, -0.5]}
							}
						},
						{
							"origin": [-2, 40, 4.75],
							"size": [0.5, 1, 0.25],
							"pivot": [-2.5, 40.49246, 4.91775],
							"rotation": [0, -15, 0],
							"uv": {
								"north": {"uv": [7.5, 4], "uv_size": [0.5, 1]},
								"east": {"uv": [7.5, 4], "uv_size": [0.5, 1]},
								"south": {"uv": [7.5, 4], "uv_size": [0.5, 1]},
								"west": {"uv": [7.5, 4], "uv_size": [0.5, 1]},
								"up": {"uv": [6, 5], "uv_size": [0.5, 0.5]},
								"down": {"uv": [4.5, 4], "uv_size": [0.5, -0.5]}
							}
						},
						{
							"origin": [-3, 40.95477, 4.57899],
							"size": [1, 0.5, 0.25],
							"pivot": [-2.5, 40.49246, 4.91775],
							"rotation": [-20, -15, 0],
							"uv": {
								"north": {"uv": [6.5, 4.5], "uv_size": [1, 0.5]},
								"east": {"uv": [3.5, 4.5], "uv_size": [0.5, 0.5]},
								"south": {"uv": [6.5, 4.5], "uv_size": [1, 0.5]},
								"west": {"uv": [3.5, 4.5], "uv_size": [0.5, 0.5]},
								"up": {"uv": [0, 7], "uv_size": [1, 0.5]},
								"down": {"uv": [4.5, 7], "uv_size": [1, -0.5]}
							}
						},
						{
							"origin": [-3, 39.5, 4.75],
							"size": [1, 0.5, 0.25],
							"pivot": [-2.5, 40.49246, 4.91775],
							"rotation": [0, -15, 0],
							"uv": {
								"north": {"uv": [6.5, 4.5], "uv_size": [1, 0.5]},
								"east": {"uv": [3.5, 4.5], "uv_size": [0.5, 0.5]},
								"south": {"uv": [7, 0], "uv_size": [1, 0.5]},
								"west": {"uv": [3.5, 4.5], "uv_size": [0.5, 0.5]},
								"up": {"uv": [0, 7], "uv_size": [1, 0.5]},
								"down": {"uv": [4.5, 7], "uv_size": [1, -0.5]}
							}
						},
						{
							"origin": [-4.95205, 40.73307, 2.41958],
							"size": [1, 1, 0.25],
							"pivot": [-4.45205, 41.23307, 2.54458],
							"rotation": [11.80207, -67.63408, 3.39853],
							"uv": {
								"north": {"uv": [0, 4.5], "uv_size": [1, 1]},
								"east": {"uv": [7.5, 4], "uv_size": [0.5, 1]},
								"south": {"uv": [3, 5.5], "uv_size": [1, 1]},
								"west": {"uv": [7.5, 4], "uv_size": [0.5, 1]},
								"up": {"uv": [0, 7], "uv_size": [1, 0.5]},
								"down": {"uv": [4.5, 7], "uv_size": [1, -0.5]}
							}
						},
						{
							"origin": [-5.45205, 40.73307, 2.41958],
							"size": [0.5, 1, 0.25],
							"pivot": [-4.45205, 41.23307, 2.54458],
							"rotation": [11.80207, -67.63408, 3.39853],
							"uv": {
								"north": {"uv": [7.5, 4], "uv_size": [0.5, 1]},
								"east": {"uv": [7.5, 4], "uv_size": [0.5, 1]},
								"south": {"uv": [7.5, 5], "uv_size": [0.5, 1]},
								"west": {"uv": [7.5, 4], "uv_size": [0.5, 1]},
								"up": {"uv": [6, 5], "uv_size": [0.5, 0.5]},
								"down": {"uv": [4.5, 4], "uv_size": [0.5, -0.5]}
							}
						},
						{
							"origin": [-3.95205, 40.73307, 2.41958],
							"size": [0.5, 1, 0.25],
							"pivot": [-4.45205, 41.23307, 2.54458],
							"rotation": [11.80207, -67.63408, 3.39853],
							"uv": {
								"north": {"uv": [7.5, 4], "uv_size": [0.5, 1]},
								"east": {"uv": [7.5, 4], "uv_size": [0.5, 1]},
								"south": {"uv": [1.5, 6.5], "uv_size": [0.5, 1]},
								"west": {"uv": [7.5, 4], "uv_size": [0.5, 1]},
								"up": {"uv": [6, 5], "uv_size": [0.5, 0.5]},
								"down": {"uv": [4.5, 4], "uv_size": [0.5, -0.5]}
							}
						},
						{
							"origin": [-4.95205, 41.73307, 2.41958],
							"size": [1, 0.5, 0.25],
							"pivot": [-4.45205, 41.23307, 2.54458],
							"rotation": [11.80207, -67.63408, 3.39853],
							"uv": {
								"north": {"uv": [6.5, 4.5], "uv_size": [1, 0.5]},
								"east": {"uv": [3.5, 4.5], "uv_size": [0.5, 0.5]},
								"south": {"uv": [2, 6.5], "uv_size": [1, 0.5]},
								"west": {"uv": [3.5, 4.5], "uv_size": [0.5, 0.5]},
								"up": {"uv": [0, 7], "uv_size": [1, 0.5]},
								"down": {"uv": [4.5, 7], "uv_size": [1, -0.5]}
							}
						},
						{
							"origin": [-4.95205, 40.23307, 2.41958],
							"size": [1, 0.5, 0.25],
							"pivot": [-4.45205, 41.23307, 2.54458],
							"rotation": [11.80207, -67.63408, 3.39853],
							"uv": {
								"north": {"uv": [6.5, 4.5], "uv_size": [1, 0.5]},
								"east": {"uv": [3.5, 4.5], "uv_size": [0.5, 0.5]},
								"south": {"uv": [2, 6.5], "uv_size": [1, 0.5]},
								"west": {"uv": [3.5, 4.5], "uv_size": [0.5, 0.5]},
								"up": {"uv": [0, 7], "uv_size": [1, 0.5]},
								"down": {"uv": [4.5, 7], "uv_size": [1, -0.5]}
							}
						},
						{
							"origin": [-5.53263, 40.85048, -0.95816],
							"size": [1, 1, 0.25],
							"pivot": [-5.03263, 41.35048, -0.83316],
							"rotation": [17.5, -82.5, 0],
							"uv": {
								"north": {"uv": [0, 4.5], "uv_size": [1, 1]},
								"east": {"uv": [7.5, 4], "uv_size": [0.5, 1]},
								"south": {"uv": [6.5, 3.5], "uv_size": [1, 1]},
								"west": {"uv": [7.5, 4], "uv_size": [0.5, 1]},
								"up": {"uv": [0, 7], "uv_size": [1, 0.5]},
								"down": {"uv": [4.5, 7], "uv_size": [1, -0.5]}
							}
						},
						{
							"origin": [-6.03263, 40.85048, -0.95816],
							"size": [0.5, 1, 0.25],
							"pivot": [-5.03263, 41.35048, -0.83316],
							"rotation": [17.5, -82.5, 0],
							"uv": {
								"north": {"uv": [7.5, 4], "uv_size": [0.5, 1]},
								"east": {"uv": [7.5, 4], "uv_size": [0.5, 1]},
								"south": {"uv": [1, 6.5], "uv_size": [0.5, 1]},
								"west": {"uv": [7.5, 4], "uv_size": [0.5, 1]},
								"up": {"uv": [6, 5], "uv_size": [0.5, 0.5]},
								"down": {"uv": [4.5, 4], "uv_size": [0.5, -0.5]}
							}
						},
						{
							"origin": [-4.53263, 40.85048, -0.95816],
							"size": [0.5, 1, 0.25],
							"pivot": [-5.03263, 41.35048, -0.83316],
							"rotation": [17.5, -82.5, 0],
							"uv": {
								"north": {"uv": [7.5, 4], "uv_size": [0.5, 1]},
								"east": {"uv": [7.5, 4], "uv_size": [0.5, 1]},
								"south": {"uv": [7.5, 4], "uv_size": [0.5, 1]},
								"west": {"uv": [7.5, 4], "uv_size": [0.5, 1]},
								"up": {"uv": [6, 5], "uv_size": [0.5, 0.5]},
								"down": {"uv": [4.5, 4], "uv_size": [0.5, -0.5]}
							}
						},
						{
							"origin": [-5.53263, 41.85048, -0.95816],
							"size": [1, 0.5, 0.25],
							"pivot": [-5.03263, 41.35048, -0.83316],
							"rotation": [17.5, -82.5, 0],
							"uv": {
								"north": {"uv": [6.5, 4.5], "uv_size": [1, 0.5]},
								"east": {"uv": [3.5, 4.5], "uv_size": [0.5, 0.5]},
								"south": {"uv": [7, 0], "uv_size": [1, 0.5]},
								"west": {"uv": [3.5, 4.5], "uv_size": [0.5, 0.5]},
								"up": {"uv": [0, 7], "uv_size": [1, 0.5]},
								"down": {"uv": [4.5, 7], "uv_size": [1, -0.5]}
							}
						},
						{
							"origin": [-5.53263, 40.35048, -0.95816],
							"size": [1, 0.5, 0.25],
							"pivot": [-5.03263, 41.35048, -0.83316],
							"rotation": [17.5, -82.5, 0],
							"uv": {
								"north": {"uv": [6.5, 4.5], "uv_size": [1, 0.5]},
								"east": {"uv": [3.5, 4.5], "uv_size": [0.5, 0.5]},
								"south": {"uv": [2, 6.5], "uv_size": [1, 0.5]},
								"west": {"uv": [3.5, 4.5], "uv_size": [0.5, 0.5]},
								"up": {"uv": [0, 7], "uv_size": [1, 0.5]},
								"down": {"uv": [4.5, 7], "uv_size": [1, -0.5]}
							}
						},
						{
							"origin": [-4.63416, 40.81206, -3.78742],
							"size": [1, 1, 0.25],
							"pivot": [-4.13416, 41.31206, -3.66242],
							"rotation": [155.85389, -56.77406, -151.81321],
							"uv": {
								"north": {"uv": [0, 4.5], "uv_size": [1, 1]},
								"east": {"uv": [7.5, 4], "uv_size": [0.5, 1]},
								"south": {"uv": [3, 6.5], "uv_size": [1, 1]},
								"west": {"uv": [7.5, 4], "uv_size": [0.5, 1]},
								"up": {"uv": [0, 7], "uv_size": [1, 0.5]},
								"down": {"uv": [4.5, 7], "uv_size": [1, -0.5]}
							}
						},
						{
							"origin": [-5.13416, 40.81206, -3.78742],
							"size": [0.5, 1, 0.25],
							"pivot": [-4.13416, 41.31206, -3.66242],
							"rotation": [155.85389, -56.77406, -151.81321],
							"uv": {
								"north": {"uv": [7.5, 4], "uv_size": [0.5, 1]},
								"east": {"uv": [7.5, 4], "uv_size": [0.5, 1]},
								"south": {"uv": [7.5, 4], "uv_size": [0.5, 1]},
								"west": {"uv": [7.5, 4], "uv_size": [0.5, 1]},
								"up": {"uv": [6, 5], "uv_size": [0.5, 0.5]},
								"down": {"uv": [4.5, 4], "uv_size": [0.5, -0.5]}
							}
						},
						{
							"origin": [-3.63416, 40.81206, -3.78742],
							"size": [0.5, 1, 0.25],
							"pivot": [-4.13416, 41.31206, -3.66242],
							"rotation": [155.85389, -56.77406, -151.81321],
							"uv": {
								"north": {"uv": [7.5, 4], "uv_size": [0.5, 1]},
								"east": {"uv": [7.5, 4], "uv_size": [0.5, 1]},
								"south": {"uv": [7.5, 4], "uv_size": [0.5, 1]},
								"west": {"uv": [7.5, 4], "uv_size": [0.5, 1]},
								"up": {"uv": [6, 5], "uv_size": [0.5, 0.5]},
								"down": {"uv": [4.5, 4], "uv_size": [0.5, -0.5]}
							}
						},
						{
							"origin": [-4.63416, 41.81206, -3.78742],
							"size": [1, 0.5, 0.25],
							"pivot": [-4.13416, 41.31206, -3.66242],
							"rotation": [155.85389, -56.77406, -151.81321],
							"uv": {
								"north": {"uv": [6.5, 4.5], "uv_size": [1, 0.5]},
								"east": {"uv": [3.5, 4.5], "uv_size": [0.5, 0.5]},
								"south": {"uv": [2, 6.5], "uv_size": [1, 0.5]},
								"west": {"uv": [3.5, 4.5], "uv_size": [0.5, 0.5]},
								"up": {"uv": [0, 7], "uv_size": [1, 0.5]},
								"down": {"uv": [4.5, 7], "uv_size": [1, -0.5]}
							}
						},
						{
							"origin": [-4.63416, 40.31206, -3.78742],
							"size": [1, 0.5, 0.25],
							"pivot": [-4.13416, 41.31206, -3.66242],
							"rotation": [155.85389, -56.77406, -151.81321],
							"uv": {
								"north": {"uv": [6.5, 4.5], "uv_size": [1, 0.5]},
								"east": {"uv": [3.5, 4.5], "uv_size": [0.5, 0.5]},
								"south": {"uv": [0, 6], "uv_size": [1, 0.5]},
								"west": {"uv": [3.5, 4.5], "uv_size": [0.5, 0.5]},
								"up": {"uv": [0, 7], "uv_size": [1, 0.5]},
								"down": {"uv": [4.5, 7], "uv_size": [1, -0.5]}
							}
						},
						{
							"origin": [-2, 40, -5.25],
							"size": [1, 1, 0.25],
							"pivot": [-1.5, 40.5, -5.125],
							"rotation": [172.5, 7.5, 180],
							"uv": {
								"north": {"uv": [0, 4.5], "uv_size": [1, 1]},
								"east": {"uv": [7.5, 4], "uv_size": [0.5, 1]},
								"south": {"uv": [6.5, 5.5], "uv_size": [1, 1]},
								"west": {"uv": [7.5, 4], "uv_size": [0.5, 1]},
								"up": {"uv": [0, 7], "uv_size": [1, 0.5]},
								"down": {"uv": [4.5, 7], "uv_size": [1, -0.5]}
							}
						},
						{
							"origin": [-2.5, 40, -5.25],
							"size": [0.5, 1, 0.25],
							"pivot": [-1.5, 40.5, -5.125],
							"rotation": [172.5, 7.5, 180],
							"uv": {
								"north": {"uv": [7.5, 4], "uv_size": [0.5, 1]},
								"east": {"uv": [7.5, 4], "uv_size": [0.5, 1]},
								"south": {"uv": [7.5, 4], "uv_size": [0.5, 1]},
								"west": {"uv": [7.5, 4], "uv_size": [0.5, 1]},
								"up": {"uv": [6, 5], "uv_size": [0.5, 0.5]},
								"down": {"uv": [4.5, 4], "uv_size": [0.5, -0.5]}
							}
						},
						{
							"origin": [-1, 40, -5.25],
							"size": [0.5, 1, 0.25],
							"pivot": [-1.5, 40.5, -5.125],
							"rotation": [172.5, 7.5, 180],
							"uv": {
								"north": {"uv": [7.5, 4], "uv_size": [0.5, 1]},
								"east": {"uv": [7.5, 4], "uv_size": [0.5, 1]},
								"south": {"uv": [7.5, 4], "uv_size": [0.5, 1]},
								"west": {"uv": [7.5, 4], "uv_size": [0.5, 1]},
								"up": {"uv": [6, 5], "uv_size": [0.5, 0.5]},
								"down": {"uv": [4.5, 4], "uv_size": [0.5, -0.5]}
							}
						},
						{
							"origin": [-2, 41, -5.25],
							"size": [1, 0.5, 0.25],
							"pivot": [-1.5, 40.5, -5.125],
							"rotation": [172.5, 7.5, 180],
							"uv": {
								"north": {"uv": [6.5, 4.5], "uv_size": [1, 0.5]},
								"east": {"uv": [3.5, 4.5], "uv_size": [0.5, 0.5]},
								"south": {"uv": [2, 6.5], "uv_size": [1, 0.5]},
								"west": {"uv": [3.5, 4.5], "uv_size": [0.5, 0.5]},
								"up": {"uv": [0, 7], "uv_size": [1, 0.5]},
								"down": {"uv": [4.5, 7], "uv_size": [1, -0.5]}
							}
						},
						{
							"origin": [-2, 39.5, -5.25],
							"size": [1, 0.5, 0.25],
							"pivot": [-1.5, 40.5, -5.125],
							"rotation": [172.5, 7.5, 180],
							"uv": {
								"north": {"uv": [6.5, 4.5], "uv_size": [1, 0.5]},
								"east": {"uv": [3.5, 4.5], "uv_size": [0.5, 0.5]},
								"south": {"uv": [4.5, 5.5], "uv_size": [1, 0.5]},
								"west": {"uv": [3.5, 4.5], "uv_size": [0.5, 0.5]},
								"up": {"uv": [0, 7], "uv_size": [1, 0.5]},
								"down": {"uv": [4.5, 7], "uv_size": [1, -0.5]}
							}
						},
						{
							"origin": [2, 41, -5.25],
							"size": [1, 1, 0.25],
							"pivot": [2.5, 41.5, -5.125],
							"rotation": [165.23292, 7.15102, 162.35832],
							"uv": {
								"north": {"uv": [0, 4.5], "uv_size": [1, 1]},
								"east": {"uv": [7.5, 4], "uv_size": [0.5, 1]},
								"south": {"uv": [6, 0], "uv_size": [1, 1]},
								"west": {"uv": [7.5, 4], "uv_size": [0.5, 1]},
								"up": {"uv": [0, 7], "uv_size": [1, 0.5]},
								"down": {"uv": [4.5, 7], "uv_size": [1, -0.5]}
							}
						},
						{
							"origin": [1.5, 41, -5.25],
							"size": [0.5, 1, 0.25],
							"pivot": [2.5, 41.5, -5.125],
							"rotation": [165.23292, 7.15102, 162.35832],
							"uv": {
								"north": {"uv": [7.5, 3], "uv_size": [0.5, 1]},
								"east": {"uv": [1.5, 6.5], "uv_size": [0.5, 1]},
								"south": {"uv": [4, 5.5], "uv_size": [0.5, 1]},
								"west": {"uv": [7.5, 1], "uv_size": [0.5, 1]},
								"up": {"uv": [6, 5], "uv_size": [0.5, 0.5]},
								"down": {"uv": [4.5, 4], "uv_size": [0.5, -0.5]}
							}
						},
						{
							"origin": [3, 41, -5.25],
							"size": [0.5, 1, 0.25],
							"pivot": [2.5, 41.5, -5.125],
							"rotation": [165.23292, 7.15102, 162.35832],
							"uv": {
								"north": {"uv": [7.5, 4], "uv_size": [0.5, 1]},
								"east": {"uv": [7.5, 4], "uv_size": [0.5, 1]},
								"south": {"uv": [7.5, 4], "uv_size": [0.5, 1]},
								"west": {"uv": [7.5, 4], "uv_size": [0.5, 1]},
								"up": {"uv": [6, 5], "uv_size": [0.5, 0.5]},
								"down": {"uv": [4.5, 4], "uv_size": [0.5, -0.5]}
							}
						},
						{
							"origin": [2, 42, -5.25],
							"size": [1, 0.5, 0.25],
							"pivot": [2.5, 41.5, -5.125],
							"rotation": [165.23292, 7.15102, 162.35832],
							"uv": {
								"north": {"uv": [6.5, 4.5], "uv_size": [1, 0.5]},
								"east": {"uv": [3.5, 4.5], "uv_size": [0.5, 0.5]},
								"south": {"uv": [6.5, 4.5], "uv_size": [1, 0.5]},
								"west": {"uv": [3.5, 4.5], "uv_size": [0.5, 0.5]},
								"up": {"uv": [0, 7], "uv_size": [1, 0.5]},
								"down": {"uv": [4.5, 7], "uv_size": [1, -0.5]}
							}
						},
						{
							"origin": [2, 40.5, -5.25],
							"size": [1, 0.5, 0.25],
							"pivot": [2.5, 41.5, -5.125],
							"rotation": [165.23292, 7.15102, 162.35832],
							"uv": {
								"north": {"uv": [0, 7.5], "uv_size": [1, 0.5]},
								"east": {"uv": [3.5, 4.5], "uv_size": [0.5, 0.5]},
								"south": {"uv": [2, 7], "uv_size": [1, 0.5]},
								"west": {"uv": [3.5, 4.5], "uv_size": [0.5, 0.5]},
								"up": {"uv": [5.5, 4.5], "uv_size": [1, 0.5]},
								"down": {"uv": [6.5, 7], "uv_size": [1, -0.5]}
							}
						},
						{
							"origin": [4.11524, 40.92074, -2.5711],
							"size": [1, 1, 0.25],
							"pivot": [4.61524, 41.42074, -2.4461],
							"rotation": [155, 60, 180],
							"uv": {
								"north": {"uv": [0, 4.5], "uv_size": [1, 1]},
								"east": {"uv": [7.5, 4], "uv_size": [0.5, 1]},
								"south": {"uv": [5, 1.5], "uv_size": [1, 1]},
								"west": {"uv": [7.5, 4], "uv_size": [0.5, 1]},
								"up": {"uv": [0, 7], "uv_size": [1, 0.5]},
								"down": {"uv": [4.5, 7], "uv_size": [1, -0.5]}
							}
						},
						{
							"origin": [3.61524, 40.92074, -2.5711],
							"size": [0.5, 1, 0.25],
							"pivot": [4.61524, 41.42074, -2.4461],
							"rotation": [155, 60, 180],
							"uv": {
								"north": {"uv": [7.5, 4], "uv_size": [0.5, 1]},
								"east": {"uv": [7.5, 4], "uv_size": [0.5, 1]},
								"south": {"uv": [7.5, 4], "uv_size": [0.5, 1]},
								"west": {"uv": [7.5, 4], "uv_size": [0.5, 1]},
								"up": {"uv": [6, 5], "uv_size": [0.5, 0.5]},
								"down": {"uv": [4.5, 4], "uv_size": [0.5, -0.5]}
							}
						},
						{
							"origin": [5.11524, 40.92074, -2.5711],
							"size": [0.5, 1, 0.25],
							"pivot": [4.61524, 41.42074, -2.4461],
							"rotation": [155, 60, 180],
							"uv": {
								"north": {"uv": [7.5, 4], "uv_size": [0.5, 1]},
								"east": {"uv": [7.5, 4], "uv_size": [0.5, 1]},
								"south": {"uv": [5.5, 4], "uv_size": [0.5, 1]},
								"west": {"uv": [7.5, 4], "uv_size": [0.5, 1]},
								"up": {"uv": [6, 5], "uv_size": [0.5, 0.5]},
								"down": {"uv": [4.5, 4], "uv_size": [0.5, -0.5]}
							}
						},
						{
							"origin": [4.11524, 41.92074, -2.5711],
							"size": [1, 0.5, 0.25],
							"pivot": [4.61524, 41.42074, -2.4461],
							"rotation": [155, 60, 180],
							"uv": {
								"north": {"uv": [6.5, 4.5], "uv_size": [1, 0.5]},
								"east": {"uv": [3.5, 4.5], "uv_size": [0.5, 0.5]},
								"south": {"uv": [7, 0], "uv_size": [1, 0.5]},
								"west": {"uv": [3.5, 4.5], "uv_size": [0.5, 0.5]},
								"up": {"uv": [0, 7], "uv_size": [1, 0.5]},
								"down": {"uv": [4.5, 7], "uv_size": [1, -0.5]}
							}
						},
						{
							"origin": [4.11524, 40.42074, -2.5711],
							"size": [1, 0.5, 0.25],
							"pivot": [4.61524, 41.42074, -2.4461],
							"rotation": [155, 60, 180],
							"uv": {
								"north": {"uv": [6.5, 4.5], "uv_size": [1, 0.5]},
								"east": {"uv": [3.5, 4.5], "uv_size": [0.5, 0.5]},
								"south": {"uv": [6.5, 4.5], "uv_size": [1, 0.5]},
								"west": {"uv": [3.5, 4.5], "uv_size": [0.5, 0.5]},
								"up": {"uv": [0, 7], "uv_size": [1, 0.5]},
								"down": {"uv": [4.5, 7], "uv_size": [1, -0.5]}
							}
						},
						{
							"origin": [4.52342, 40.89178, 1.64435],
							"size": [1, 1, 0.25],
							"pivot": [5.02342, 41.38694, 1.73489],
							"rotation": [0, 77.5, -20],
							"uv": {
								"north": {"uv": [0, 4.5], "uv_size": [1, 1]},
								"east": {"uv": [7.5, 4], "uv_size": [0.5, 1]},
								"south": {"uv": [5.5, 5.5], "uv_size": [1, 1]},
								"west": {"uv": [7.5, 4], "uv_size": [0.5, 1]},
								"up": {"uv": [5.5, 5.5], "uv_size": [1, 0.5]},
								"down": {"uv": [4.5, 7], "uv_size": [1, -0.5]}
							}
						},
						{
							"origin": [4.02342, 40.89178, 1.64435],
							"size": [0.5, 1, 0.25],
							"pivot": [5.02342, 41.38694, 1.73489],
							"rotation": [0, 77.5, -20],
							"uv": {
								"north": {"uv": [7.5, 4], "uv_size": [0.5, 1]},
								"east": {"uv": [7.5, 4], "uv_size": [0.5, 1]},
								"south": {"uv": [7.5, 4], "uv_size": [0.5, 1]},
								"west": {"uv": [7.5, 4], "uv_size": [0.5, 1]},
								"up": {"uv": [6, 5], "uv_size": [0.5, 0.5]},
								"down": {"uv": [4.5, 4], "uv_size": [0.5, -0.5]}
							}
						},
						{
							"origin": [5.52342, 40.89178, 1.64435],
							"size": [0.5, 1, 0.25],
							"pivot": [5.02342, 41.38694, 1.73489],
							"rotation": [0, 77.5, -20],
							"uv": {
								"north": {"uv": [7.5, 4], "uv_size": [0.5, 1]},
								"east": {"uv": [7.5, 4], "uv_size": [0.5, 1]},
								"south": {"uv": [6, 3.5], "uv_size": [0.5, 1]},
								"west": {"uv": [7.5, 4], "uv_size": [0.5, 1]},
								"up": {"uv": [6, 5], "uv_size": [0.5, 0.5]},
								"down": {"uv": [4.5, 4], "uv_size": [0.5, -0.5]}
							}
						},
						{
							"origin": [4.52342, 41.86273, 1.78216],
							"size": [1, 0.5, 0.25],
							"pivot": [5.02342, 41.38694, 1.73489],
							"rotation": [16, 77.5, -20],
							"uv": {
								"north": {"uv": [7, 1.5], "uv_size": [1, 0.5]},
								"east": {"uv": [3.5, 4.5], "uv_size": [0.5, 0.5]},
								"south": {"uv": [0, 6.5], "uv_size": [1, 0.5]},
								"west": {"uv": [3.5, 4.5], "uv_size": [0.5, 0.5]},
								"up": {"uv": [7, 1.5], "uv_size": [1, 0.5]},
								"down": {"uv": [4.5, 6.5], "uv_size": [1, -0.5]}
							}
						},
						{
							"origin": [4.52342, 40.39178, 1.64435],
							"size": [1, 0.5, 0.25],
							"pivot": [5.02342, 41.38694, 1.73489],
							"rotation": [0, 77.5, -20],
							"uv": {
								"north": {"uv": [6.5, 4.5], "uv_size": [1, 0.5]},
								"east": {"uv": [3.5, 4.5], "uv_size": [0.5, 0.5]},
								"south": {"uv": [7, 0], "uv_size": [1, 0.5]},
								"west": {"uv": [3.5, 4.5], "uv_size": [0.5, 0.5]},
								"up": {"uv": [0, 7], "uv_size": [1, 0.5]},
								"down": {"uv": [4.5, 7], "uv_size": [1, -0.5]}
							}
						},
						{
							"origin": [3, 42, 3.75],
							"size": [1, 1, 0.25],
							"pivot": [3.5, 42.5, 3.875],
							"rotation": [30, 52.5, 0],
							"uv": {
								"north": {"uv": [0, 4.5], "uv_size": [1, 1]},
								"east": {"uv": [7.5, 4], "uv_size": [0.5, 1]},
								"south": {"uv": [6, 1.5], "uv_size": [1, 1]},
								"west": {"uv": [7.5, 4], "uv_size": [0.5, 1]},
								"up": {"uv": [0, 7], "uv_size": [1, 0.5]},
								"down": {"uv": [4.5, 7], "uv_size": [1, -0.5]}
							}
						},
						{
							"origin": [2.5, 42, 3.75],
							"size": [0.5, 1, 0.25],
							"pivot": [3.5, 42.5, 3.875],
							"rotation": [30, 52.5, 0],
							"uv": {
								"north": {"uv": [7.5, 4], "uv_size": [0.5, 1]},
								"east": {"uv": [7.5, 4], "uv_size": [0.5, 1]},
								"south": {"uv": [4, 6.5], "uv_size": [0.5, 1]},
								"west": {"uv": [7.5, 4], "uv_size": [0.5, 1]},
								"up": {"uv": [6, 5], "uv_size": [0.5, 0.5]},
								"down": {"uv": [4.5, 4], "uv_size": [0.5, -0.5]}
							}
						},
						{
							"origin": [4, 42, 3.75],
							"size": [0.5, 1, 0.25],
							"pivot": [3.5, 42.5, 3.875],
							"rotation": [30, 52.5, 0],
							"uv": {
								"north": {"uv": [7.5, 4], "uv_size": [0.5, 1]},
								"east": {"uv": [7.5, 4], "uv_size": [0.5, 1]},
								"south": {"uv": [7.5, 4], "uv_size": [0.5, 1]},
								"west": {"uv": [7.5, 4], "uv_size": [0.5, 1]},
								"up": {"uv": [6, 5], "uv_size": [0.5, 0.5]},
								"down": {"uv": [4.5, 4], "uv_size": [0.5, -0.5]}
							}
						},
						{
							"origin": [3, 43, 3.75],
							"size": [1, 0.5, 0.25],
							"pivot": [3.5, 42.5, 3.875],
							"rotation": [30, 52.5, 0],
							"uv": {
								"north": {"uv": [6.5, 4.5], "uv_size": [1, 0.5]},
								"east": {"uv": [3.5, 4.5], "uv_size": [0.5, 0.5]},
								"south": {"uv": [0, 6], "uv_size": [1, 0.5]},
								"west": {"uv": [3.5, 4.5], "uv_size": [0.5, 0.5]},
								"up": {"uv": [0, 7], "uv_size": [1, 0.5]},
								"down": {"uv": [4.5, 7], "uv_size": [1, -0.5]}
							}
						},
						{
							"origin": [3, 41.5, 3.75],
							"size": [1, 0.5, 0.25],
							"pivot": [3.5, 42.5, 3.875],
							"rotation": [30, 52.5, 0],
							"uv": {
								"north": {"uv": [6.5, 4.5], "uv_size": [1, 0.5]},
								"east": {"uv": [3.5, 4.5], "uv_size": [0.5, 0.5]},
								"south": {"uv": [7, 0], "uv_size": [1, 0.5]},
								"west": {"uv": [3.5, 4.5], "uv_size": [0.5, 0.5]},
								"up": {"uv": [0, 7], "uv_size": [1, 0.5]},
								"down": {"uv": [4.5, 7], "uv_size": [1, -0.5]}
							}
						}
					]
				},
				{
					"name": "stem",
					"parent": "FlowerCrown",
					"pivot": [0, 0, 0],
					"cubes": [
						{
							"origin": [13.4636, 43.14495, -2.4633],
							"size": [0.5, 0.5, 1.5],
							"pivot": [4.81788, 42.46391, -0.29834],
							"rotation": [0.46253, 10.04149, 169.84042],
							"uv": {
								"north": {"uv": [1, 4.5], "uv_size": [0.5, 0.5]},
								"east": {"uv": [1, 4.5], "uv_size": [2, 0.5]},
								"south": {"uv": [1, 4.5], "uv_size": [0.5, 0.5]},
								"west": {"uv": [1, 4.5], "uv_size": [2, 0.5]},
								"up": {"uv": [1, 1.5], "uv_size": [0.5, 2]},
								"down": {"uv": [1.5, 3.5], "uv_size": [-0.5, 2]}
							}
						},
						{
							"origin": [13.5145, 42.35643, -1.19289],
							"size": [0.5, 0.5, 3],
							"pivot": [4.81788, 42.46391, -0.29834],
							"rotation": [-16.76612, 9.5214, 166.15731],
							"uv": {
								"north": {"uv": [1, 4.5], "uv_size": [0.5, 0.5]},
								"east": {"uv": [1, 1.5], "uv_size": [3, 0.5]},
								"south": {"uv": [1, 4.5], "uv_size": [0.5, 0.5]},
								"west": {"uv": [0, 0.5], "uv_size": [3, 0.5]},
								"up": {"uv": [0, 1.5], "uv_size": [0.5, 3]},
								"down": {"uv": [0.5, 4.5], "uv_size": [0.5, -3]}
							}
						},
						{
							"origin": [9.4087, 41.8942, -2.98196],
							"size": [0.83329, 0.55, 0.5],
							"pivot": [4.81788, 42.46391, -0.29834],
							"rotation": [0.87546, 17.6413, 161.03249],
							"uv": {
								"north": {"uv": [2, 1.5], "uv_size": [1, 0.5]},
								"east": {"uv": [1, 4.5], "uv_size": [0.5, 0.5]},
								"south": {"uv": [1, 3.5], "uv_size": [1, 0.5]},
								"west": {"uv": [1, 4.5], "uv_size": [0.5, 0.5]},
								"up": {"uv": [1.5, 5.5], "uv_size": [1, 0.5]},
								"down": {"uv": [1, 5.5], "uv_size": [1, -0.5]}
							}
						},
						{
							"origin": [8.36359, 41.9192, -2.37711],
							"size": [1.44171, 0.5, 0.5],
							"pivot": [4.81788, 42.46391, -0.29834],
							"rotation": [0.92159, 25.14038, 161.15872],
							"uv": {
								"north": {"uv": [4.5, 5], "uv_size": [1, 0.5]},
								"east": {"uv": [6.5, 7], "uv_size": [0.5, 0.5]},
								"south": {"uv": [4, 2.5], "uv_size": [1, 0.5]},
								"west": {"uv": [6.5, 7], "uv_size": [0.5, 0.5]},
								"up": {"uv": [4.5, 0], "uv_size": [1.5, 0.5]},
								"down": {"uv": [2.5, 1], "uv_size": [1.5, -0.5]}
							}
						},
						{
							"origin": [6.44852, 43.60488, -2.03334],
							"size": [2.41306, 0.5, 0.5],
							"pivot": [4.81788, 42.46391, -0.29834],
							"rotation": [14.61021, 26.67395, -170.52669],
							"uv": {
								"north": {"uv": [3.5, 7.5], "uv_size": [2.5, 0.5]},
								"east": {"uv": [1, 4.5], "uv_size": [0.5, 0.5]},
								"south": {"uv": [1, 7.5], "uv_size": [2.5, 0.5]},
								"west": {"uv": [1, 4.5], "uv_size": [0.5, 0.5]},
								"up": {"uv": [3, 1], "uv_size": [2, 0.5]},
								"down": {"uv": [4, 5.5], "uv_size": [2, -0.5]}
							}
						},
						{
							"origin": [6.0023, 42.762, -2.03334],
							"size": [0.98694, 0.5, 0.5],
							"pivot": [4.81788, 42.46391, -0.29834],
							"rotation": [0.96472, 30.1397, 161.25159],
							"uv": {
								"north": {"uv": [5.5, 6.5], "uv_size": [1, 0.5]},
								"east": {"uv": [1, 4.5], "uv_size": [0.5, 0.5]},
								"south": {"uv": [4, 4.5], "uv_size": [1, 0.5]},
								"west": {"uv": [1, 4.5], "uv_size": [0.5, 0.5]},
								"up": {"uv": [7, 7], "uv_size": [1, 0.5]},
								"down": {"uv": [3, 5.5], "uv_size": [1, -0.5]}
							}
						},
						{
							"origin": [13.57815, 42.32027, 1.26417],
							"size": [0.5, 0.5, 2.25],
							"pivot": [4.81788, 42.46391, -0.29834],
							"rotation": [0.45942, 7.54157, 169.82007],
							"uv": {
								"north": {"uv": [1, 4.5], "uv_size": [0.5, 0.5]},
								"east": {"uv": [0, 1], "uv_size": [2.5, 0.5]},
								"south": {"uv": [1, 4.5], "uv_size": [0.5, 0.5]},
								"west": {"uv": [1, 4.5], "uv_size": [2.5, 0.5]},
								"up": {"uv": [5, 3], "uv_size": [0.5, 2.5]},
								"down": {"uv": [5, 5.5], "uv_size": [0.5, -2.5]}
							}
						},
						{
							"origin": [14.17637, 42.62049, -1.96982],
							"size": [0.5, 0.5, 2],
							"pivot": [4.81788, 42.46391, -0.29834],
							"rotation": [10.50236, -24.95735, 169.5478],
							"uv": {
								"north": {"uv": [1, 4.5], "uv_size": [0.5, 0.5]},
								"east": {"uv": [1, 4], "uv_size": [2, 0.5]},
								"south": {"uv": [1, 4.5], "uv_size": [0.5, 0.5]},
								"west": {"uv": [1, 4], "uv_size": [2, 0.5]},
								"up": {"uv": [0, 2], "uv_size": [0.5, 2]},
								"down": {"uv": [0.5, 4.5], "uv_size": [0.5, -2]}
							}
						},
						{
							"origin": [8.42854, 44.22455, 7.0208],
							"size": [2, 0.5, 0.5],
							"pivot": [4.81788, 42.46391, -0.29834],
							"rotation": [0.02459, 27.50009, 179.76183],
							"uv": {
								"north": {"uv": [4.5, 7], "uv_size": [2, 0.5]},
								"east": {"uv": [1, 4.5], "uv_size": [0.5, 0.5]},
								"south": {"uv": [5.5, 1], "uv_size": [2, 0.5]},
								"west": {"uv": [1, 4.5], "uv_size": [0.5, 0.5]},
								"up": {"uv": [3.5, 2.5], "uv_size": [2, 0.5]},
								"down": {"uv": [1, 6], "uv_size": [2, -0.5]}
							}
						},
						{
							"origin": [9.18386, 41.35972, 4.16791],
							"size": [3, 0.5, 0.5],
							"pivot": [4.81788, 42.46391, -0.29834],
							"rotation": [0.97735, -2.30115, 157.23037],
							"uv": {
								"north": {"uv": [0, 1], "uv_size": [3, 0.5]},
								"east": {"uv": [1, 4.5], "uv_size": [0.5, 0.5]},
								"south": {"uv": [2, 3], "uv_size": [3, 0.5]},
								"west": {"uv": [1, 4.5], "uv_size": [0.5, 0.5]},
								"up": {"uv": [3, 0], "uv_size": [3, 0.5]},
								"down": {"uv": [3, 1], "uv_size": [3, -0.5]}
							}
						},
						{
							"origin": [8.70665, 41.16985, 1.60488],
							"size": [2.25, 0.5, 0.5],
							"pivot": [4.81788, 42.46391, -0.29834],
							"rotation": [1.23938, -29.75095, 154.1561],
							"uv": {
								"north": {"uv": [3, 3], "uv_size": [2, 0.5]},
								"east": {"uv": [1, 4.5], "uv_size": [0.5, 0.5]},
								"south": {"uv": [1, 6], "uv_size": [2, 0.5]},
								"west": {"uv": [1, 4.5], "uv_size": [0.5, 0.5]},
								"up": {"uv": [4, 0.5], "uv_size": [2, 0.5]},
								"down": {"uv": [1.5, 3], "uv_size": [2, -0.5]}
							}
						},
						{
							"origin": [7.25003, 43.02679, 0.48174],
							"size": [2.25, 0.5, 0.5],
							"pivot": [4.81788, 42.46391, -0.29834],
							"rotation": [-16.16957, -41.52227, -172.91487],
							"uv": {
								"north": {"uv": [1, 1.5], "uv_size": [2.5, 0.5]},
								"east": {"uv": [1, 1.5], "uv_size": [2.5, 0.5]},
								"south": {"uv": [0, 1], "uv_size": [2.5, 0.5]},
								"west": {"uv": [0, 1], "uv_size": [2.5, 0.5]},
								"up": {"uv": [1, 1.5], "uv_size": [2, 0.5]},
								"down": {"uv": [1, 4], "uv_size": [2, -0.5]}
							}
						},
						{
							"origin": [4.73393, 41.99631, -2.54456],
							"size": [0.55, 0.5, 1.5],
							"pivot": [4.81788, 42.46391, -0.29834],
							"rotation": [-19.54413, -2.45811, 169.74022],
							"uv": {
								"north": {"uv": [1, 4.5], "uv_size": [0.5, 0.5]},
								"east": {"uv": [4, 5], "uv_size": [1.5, 0.5]},
								"south": {"uv": [1, 4.5], "uv_size": [0.5, 0.5]},
								"west": {"uv": [4, 0.5], "uv_size": [1.5, 0.5]},
								"up": {"uv": [0, 3], "uv_size": [0.5, 1.5]},
								"down": {"uv": [0, 4.5], "uv_size": [0.5, -1.5]}
							}
						},
						{
							"origin": [4.75893, 42.33508, -1.2234],
							"size": [0.5, 0.5, 2],
							"pivot": [4.81788, 42.46391, -0.29834],
							"rotation": [0.45587, -2.45811, 169.74022],
							"uv": {
								"north": {"uv": [1, 4.5], "uv_size": [0.5, 0.5]},
								"east": {"uv": [1, 4], "uv_size": [2, 0.5]},
								"south": {"uv": [1, 4.5], "uv_size": [0.5, 0.5]},
								"west": {"uv": [2.5, 3], "uv_size": [2, 0.5]},
								"up": {"uv": [0.5, 2.5], "uv_size": [0.5, 2]},
								"down": {"uv": [0.5, 3.5], "uv_size": [0.5, -2]}
							}
						},
						{
							"origin": [4.15303, 42.31008, 0.54838],
							"size": [0.5, 0.55, 2],
							"pivot": [4.81788, 42.46391, -0.29834],
							"rotation": [0.54027, 32.54066, 170.05039],
							"uv": {
								"north": {"uv": [1, 4], "uv_size": [2, 0.5]},
								"east": {"uv": [3, 1], "uv_size": [2, 0.5]},
								"south": {"uv": [5, 0.5], "uv_size": [2, 0.5]},
								"west": {"uv": [2, 1.5], "uv_size": [2, 0.5]},
								"up": {"uv": [0, 2], "uv_size": [0.5, 2]},
								"down": {"uv": [0.5, 3.5], "uv_size": [0.5, -2]}
							}
						},
						{
							"origin": [4.6669, 42.72941, 2.09473],
							"size": [0.5, 0.5, 2],
							"pivot": [4.81788, 42.46391, -0.29834],
							"rotation": [-9.52955, 19.47423, 169.02379],
							"uv": {
								"north": {"uv": [1, 4.5], "uv_size": [0.5, 0.5]},
								"east": {"uv": [1, 4.5], "uv_size": [2, 0.5]},
								"south": {"uv": [1, 4.5], "uv_size": [0.5, 0.5]},
								"west": {"uv": [1, 4.5], "uv_size": [2, 0.5]},
								"up": {"uv": [1, 1.5], "uv_size": [0.5, 2]},
								"down": {"uv": [1.5, 3.5], "uv_size": [-0.5, 2]}
							}
						},
						{
							"origin": [9.40912, 42.47481, -7.07118],
							"size": [2.25, 0.5, 0.5],
							"pivot": [4.81788, 42.46391, -0.29834],
							"rotation": [0.66558, -19.91923, 165.53645],
							"uv": {
								"north": {"uv": [1, 4.5], "uv_size": [2.5, 0.5]},
								"east": {"uv": [1, 4.5], "uv_size": [2.5, 0.5]},
								"south": {"uv": [1.5, 2.5], "uv_size": [2.5, 0.5]},
								"west": {"uv": [1.5, 2.5], "uv_size": [0.5, 0.5]},
								"up": {"uv": [1, 1.5], "uv_size": [2, 0.5]},
								"down": {"uv": [1, 4], "uv_size": [2, -0.5]}
							}
						},
						{
							"origin": [10.0609, 42.27542, -3.43839],
							"size": [2.35, 0.55, 0.5],
							"pivot": [4.81788, 42.46391, -0.29834],
							"rotation": [0.64115, 12.57877, 165.90286],
							"uv": {
								"north": {"uv": [1, 4.5], "uv_size": [2.5, 0.5]},
								"east": {"uv": [1, 4.5], "uv_size": [0.5, 0.5]},
								"south": {"uv": [1.5, 2.5], "uv_size": [2.5, 0.5]},
								"west": {"uv": [1.5, 2.5], "uv_size": [0.5, 0.5]},
								"up": {"uv": [1, 1.5], "uv_size": [2, 0.5]},
								"down": {"uv": [1, 4], "uv_size": [2, -0.5]}
							}
						},
						{
							"origin": [3.80377, 41.5, -3.86592],
							"size": [0.5, 0.5, 1.875],
							"pivot": [-0.03191, 41.17269, -0.08471],
							"rotation": [180, -12.5, 180],
							"uv": {
								"north": {"uv": [1, 4.5], "uv_size": [0.5, 0.5]},
								"east": {"uv": [1, 4.5], "uv_size": [2, 0.5]},
								"south": {"uv": [1, 4.5], "uv_size": [0.5, 0.5]},
								"west": {"uv": [1, 4.5], "uv_size": [2, 0.5]},
								"up": {"uv": [1, 1.5], "uv_size": [0.5, 2]},
								"down": {"uv": [1.5, 3.5], "uv_size": [-0.5, 2]}
							}
						},
						{
							"origin": [3.83067, 40.67702, -2.11226],
							"size": [0.5, 0.5, 3],
							"pivot": [-0.03191, 41.17269, -0.08471],
							"rotation": [162.61186, -11.94556, -176.29143],
							"uv": {
								"north": {"uv": [1, 4.5], "uv_size": [0.5, 0.5]},
								"east": {"uv": [0, 0], "uv_size": [3, 0.5]},
								"south": {"uv": [1, 4.5], "uv_size": [0.5, 0.5]},
								"west": {"uv": [0, 0.5], "uv_size": [3, 0.5]},
								"up": {"uv": [0, 1.5], "uv_size": [0.5, 3]},
								"down": {"uv": [0.5, 4.5], "uv_size": [0.5, -3]}
							}
						},
						{
							"origin": [-0.14252, 41.08025, -4.62482],
							"size": [0.93329, 0.45, 0.5],
							"pivot": [-0.03191, 41.17269, -0.08471],
							"rotation": [180, -20, -171],
							"uv": {
								"north": {"uv": [1.5, 2], "uv_size": [1, 0.5]},
								"east": {"uv": [1, 4.5], "uv_size": [0.5, 0.5]},
								"south": {"uv": [0, 5.5], "uv_size": [1, 0.5]},
								"west": {"uv": [1, 4.5], "uv_size": [0.5, 0.5]},
								"up": {"uv": [1.5, 5.5], "uv_size": [1, 0.5]},
								"down": {"uv": [1, 5.5], "uv_size": [1, -0.5]}
							}
						},
						{
							"origin": [-0.80595, 41.05525, -4.60469],
							"size": [1.44171, 0.5, 0.5],
							"pivot": [-0.03191, 41.17269, -0.08471],
							"rotation": [180, -27.5, -171],
							"uv": {
								"north": {"uv": [1.5, 2], "uv_size": [1, 0.5]},
								"east": {"uv": [1, 4.5], "uv_size": [0.5, 0.5]},
								"south": {"uv": [0, 5.5], "uv_size": [1, 0.5]},
								"west": {"uv": [1, 4.5], "uv_size": [0.5, 0.5]},
								"up": {"uv": [3, 3.5], "uv_size": [1.5, 0.5]},
								"down": {"uv": [2.5, 2.5], "uv_size": [1.5, -0.5]}
							}
						},
						{
							"origin": [-2.28914, 40.97216, -4.62813],
							"size": [2.16306, 0.5, 0.5],
							"pivot": [-0.03191, 41.17269, -0.08471],
							"rotation": [-164.93115, -29.14089, 160.06197],
							"uv": {
								"north": {"uv": [6, 7.5], "uv_size": [2, 0.5]},
								"east": {"uv": [1, 4.5], "uv_size": [0.5, 0.5]},
								"south": {"uv": [5.5, 1], "uv_size": [2, 0.5]},
								"west": {"uv": [1, 4.5], "uv_size": [0.5, 0.5]},
								"up": {"uv": [3, 1], "uv_size": [2, 0.5]},
								"down": {"uv": [4, 5.5], "uv_size": [2, -0.5]}
							}
						},
						{
							"origin": [-2.96304, 41.89805, -4.62813],
							"size": [1.01194, 0.5, 0.5],
							"pivot": [-0.03191, 41.17269, -0.08471],
							"rotation": [180, -32.5, -171],
							"uv": {
								"north": {"uv": [1.5, 6], "uv_size": [1, 0.5]},
								"east": {"uv": [1, 4.5], "uv_size": [0.5, 0.5]},
								"south": {"uv": [2, 5], "uv_size": [1, 0.5]},
								"west": {"uv": [1, 4.5], "uv_size": [0.5, 0.5]},
								"up": {"uv": [7, 0.5], "uv_size": [1, 0.5]},
								"down": {"uv": [3, 5.5], "uv_size": [1, -0.5]}
							}
						},
						{
							"origin": [3.86876, 40.67532, 0.44755],
							"size": [0.5, 0.5, 2.25],
							"pivot": [-0.03191, 41.17269, -0.08471],
							"rotation": [180, -10, 180],
							"uv": {
								"north": {"uv": [1, 4.5], "uv_size": [0.5, 0.5]},
								"east": {"uv": [1, 1], "uv_size": [2.5, 0.5]},
								"south": {"uv": [1, 4.5], "uv_size": [0.5, 0.5]},
								"west": {"uv": [3, 1], "uv_size": [2.5, 0.5]},
								"up": {"uv": [5, 3], "uv_size": [0.5, 2.5]},
								"down": {"uv": [5, 5.5], "uv_size": [0.5, -2.5]}
							}
						},
						{
							"origin": [4.67448, 40.67839, -0.10193],
							"size": [0.5, 0.5, 1.875],
							"pivot": [-0.03191, 41.17269, -0.08471],
							"rotation": [-170, 22.5, 180],
							"uv": {
								"north": {"uv": [1, 4.5], "uv_size": [0.5, 0.5]},
								"east": {"uv": [1, 6], "uv_size": [2, 0.5]},
								"south": {"uv": [1, 4.5], "uv_size": [0.5, 0.5]},
								"west": {"uv": [4, 1], "uv_size": [2, 0.5]},
								"up": {"uv": [0, 2], "uv_size": [0.5, 2]},
								"down": {"uv": [0.5, 4.5], "uv_size": [0.5, -2]}
							}
						},
						{
							"origin": [-0.51691, 41.72286, 4.67265],
							"size": [2, 0.5, 0.5],
							"pivot": [-0.03191, 41.17269, -0.08471],
							"rotation": [180, -30, 170],
							"uv": {
								"north": {"uv": [3, 0.5], "uv_size": [2, 0.5]},
								"east": {"uv": [1, 4.5], "uv_size": [0.5, 0.5]},
								"south": {"uv": [1, 1], "uv_size": [2, 0.5]},
								"west": {"uv": [1, 4.5], "uv_size": [0.5, 0.5]},
								"up": {"uv": [3.5, 2.5], "uv_size": [2, 0.5]},
								"down": {"uv": [1, 6], "uv_size": [2, -0.5]}
							}
						},
						{
							"origin": [-0.58949, 40.79771, 4.2108],
							"size": [3, 0.5, 0.5],
							"pivot": [-0.03191, 41.17269, -0.08471],
							"rotation": [180, 0, -167.5],
							"uv": {
								"north": {"uv": [0, 0], "uv_size": [3, 0.5]},
								"east": {"uv": [1, 4.5], "uv_size": [0.5, 0.5]},
								"south": {"uv": [0, 1], "uv_size": [3, 0.5]},
								"west": {"uv": [1, 4.5], "uv_size": [0.5, 0.5]},
								"up": {"uv": [3, 0], "uv_size": [3, 0.5]},
								"down": {"uv": [3, 1], "uv_size": [3, -0.5]}
							}
						},
						{
							"origin": [-0.55686, 40.82191, 3.92366],
							"size": [2.25, 0.5, 0.5],
							"pivot": [-0.03191, 41.17269, -0.08471],
							"rotation": [180, 27.5, -165],
							"uv": {
								"north": {"uv": [1, 4], "uv_size": [2, 0.5]},
								"east": {"uv": [1, 4.5], "uv_size": [0.5, 0.5]},
								"south": {"uv": [5.5, 1], "uv_size": [2, 0.5]},
								"west": {"uv": [1, 4.5], "uv_size": [0.5, 0.5]},
								"up": {"uv": [4, 0.5], "uv_size": [2, 0.5]},
								"down": {"uv": [1.5, 3], "uv_size": [2, -0.5]}
							}
						},
						{
							"origin": [-1.31248, 40.76573, 3.86986],
							"size": [2.25, 0.5, 0.5],
							"pivot": [-0.03191, 41.17269, -0.08471],
							"rotation": [164.21338, 39.03939, 162.91251],
							"uv": {
								"north": {"uv": [1.5, 2.5], "uv_size": [2.5, 0.5]},
								"east": {"uv": [1.5, 2.5], "uv_size": [2.5, 0.5]},
								"south": {"uv": [3, 1], "uv_size": [2.5, 0.5]},
								"west": {"uv": [3, 1], "uv_size": [2.5, 0.5]},
								"up": {"uv": [1, 1.5], "uv_size": [2, 0.5]},
								"down": {"uv": [1, 4], "uv_size": [2, -0.5]}
							}
						},
						{
							"origin": [-5.05554, 40.3143, -2.37039],
							"size": [0.5, 0.5, 1.5],
							"pivot": [-0.03191, 41.17269, -0.08471],
							"rotation": [160, 0, -180],
							"uv": {
								"north": {"uv": [1, 4.5], "uv_size": [0.5, 0.5]},
								"east": {"uv": [3.5, 4], "uv_size": [1.5, 0.5]},
								"south": {"uv": [1, 4.5], "uv_size": [0.5, 0.5]},
								"west": {"uv": [2, 2.5], "uv_size": [1.5, 0.5]},
								"up": {"uv": [0, 3], "uv_size": [0.5, 1.5]},
								"down": {"uv": [0, 4.5], "uv_size": [0.5, -1.5]}
							}
						},
						{
							"origin": [-5.05554, 40.69013, -1.18051],
							"size": [0.5, 0.5, 2],
							"pivot": [-0.03191, 41.17269, -0.08471],
							"rotation": [180, 0, -180],
							"uv": {
								"north": {"uv": [1, 4.5], "uv_size": [0.5, 0.5]},
								"east": {"uv": [1.5, 2.5], "uv_size": [2, 0.5]},
								"south": {"uv": [1, 4.5], "uv_size": [0.5, 0.5]},
								"west": {"uv": [1, 4.5], "uv_size": [0.5, 0.5]},
								"up": {"uv": [0.5, 2.5], "uv_size": [0.5, 2]},
								"down": {"uv": [0.5, 3.5], "uv_size": [0.5, -2]}
							}
						},
						{
							"origin": [-4.66566, 40.66513, -2.22547],
							"size": [0.5, 0.55, 2],
							"pivot": [-0.03191, 41.17269, -0.08471],
							"rotation": [180, -35, -180],
							"uv": {
								"north": {"uv": [1.5, 2.5], "uv_size": [0.5, 0.5]},
								"east": {"uv": [1, 4], "uv_size": [2, 0.5]},
								"south": {"uv": [1, 4.5], "uv_size": [0.5, 0.5]},
								"west": {"uv": [1, 4], "uv_size": [2, 0.5]},
								"up": {"uv": [0, 2], "uv_size": [0.5, 2]},
								"down": {"uv": [0.5, 3.5], "uv_size": [0.5, -2]}
							}
						},
						{
							"origin": [-0.23891, 41.17704, -5.5237],
							"size": [2.05, 0.5, 0.5],
							"pivot": [-0.03191, 41.17269, -0.08471],
							"rotation": [180, 17.5, -176],
							"uv": {
								"north": {"uv": [3.5, 2.5], "uv_size": [2, 0.5]},
								"east": {"uv": [3.5, 2.5], "uv_size": [2, 0.5]},
								"south": {"uv": [4, 0], "uv_size": [2, 0.5]},
								"west": {"uv": [4, 0], "uv_size": [2, 0.5]},
								"up": {"uv": [1, 1.5], "uv_size": [2, 0.5]},
								"down": {"uv": [1, 4], "uv_size": [2, -0.5]}
							}
						},
						{
							"origin": [0.44764, 41.00265, -4.67789],
							"size": [2.35, 0.5, 0.5],
							"pivot": [-0.03191, 41.17269, -0.08471],
							"rotation": [180, -15, -176],
							"uv": {
								"north": {"uv": [3.5, 2.5], "uv_size": [2, 0.5]},
								"east": {"uv": [3.5, 2.5], "uv_size": [2, 0.5]},
								"south": {"uv": [4, 0], "uv_size": [2, 0.5]},
								"west": {"uv": [4, 0], "uv_size": [2, 0.5]},
								"up": {"uv": [1, 1.5], "uv_size": [2, 0.5]},
								"down": {"uv": [1, 4], "uv_size": [2, -0.5]}
							}
						},
						{
							"origin": [4.99352, 41.5, -3.87565],
							"size": [0.5, 0.5, 1.5],
							"pivot": [2.77473, 41.19568, 4.02288],
							"rotation": [0, 15.25, 0],
							"uv": {
								"north": {"uv": [1, 4.5], "uv_size": [0.5, 0.5]},
								"east": {"uv": [1, 4.5], "uv_size": [0.5, 0.5]},
								"south": {"uv": [1, 4.5], "uv_size": [0.5, 0.5]},
								"west": {"uv": [1, 4.5], "uv_size": [0.5, 0.5]},
								"up": {"uv": [1, 1.5], "uv_size": [0.5, 2]},
								"down": {"uv": [1, 4], "uv_size": [2, -0.5]}
							}
						},
						{
							"origin": [4.9808, 39.49804, -2.31826],
							"size": [0.5, 0.5, 3],
							"pivot": [2.77473, 41.19568, 4.02288],
							"rotation": [-17.57195, 14.68974, -3.75092],
							"uv": {
								"north": {"uv": [5, 0.5], "uv_size": [0.5, 0.5]},
								"east": {"uv": [0, 0], "uv_size": [3, 0.5]},
								"south": {"uv": [4.5, 0.5], "uv_size": [0.5, 0.5]},
								"west": {"uv": [0, 0.5], "uv_size": [3, 0.5]},
								"up": {"uv": [0, 1.5], "uv_size": [0.5, 3]},
								"down": {"uv": [0.5, 4.5], "uv_size": [0.5, -3]}
							}
						},
						{
							"origin": [1.67356, 41.47958, -5.14765],
							"size": [1.00829, 0.45, 0.45],
							"pivot": [2.77473, 41.19568, 4.02288],
							"rotation": [-0.4662, 22.71552, -9.16983],
							"uv": {
								"north": {"uv": [1.5, 2], "uv_size": [1, 0.5]},
								"east": {"uv": [1, 4.5], "uv_size": [0.5, 0.5]},
								"south": {"uv": [0, 5.5], "uv_size": [1, 0.5]},
								"west": {"uv": [1, 4.5], "uv_size": [0.5, 0.5]},
								"up": {"uv": [1.5, 5.5], "uv_size": [1, 0.5]},
								"down": {"uv": [1, 5.5], "uv_size": [1, -0.5]}
							}
						},
						{
							"origin": [1.62626, 41.45458, -5.24199],
							"size": [1.44171, 0.5, 0.5],
							"pivot": [2.77473, 41.19568, 4.02288],
							"rotation": [-0.49764, 30.21525, -9.24025],
							"uv": {
								"north": {"uv": [1.5, 2], "uv_size": [1, 0.5]},
								"east": {"uv": [1, 4.5], "uv_size": [0.5, 0.5]},
								"south": {"uv": [0, 5.5], "uv_size": [1, 0.5]},
								"west": {"uv": [1, 4.5], "uv_size": [0.5, 0.5]},
								"up": {"uv": [3, 3.5], "uv_size": [1.5, 0.5]},
								"down": {"uv": [2.5, 2.5], "uv_size": [1.5, -0.5]}
							}
						},
						{
							"origin": [0.39519, 41.35336, -5.28],
							"size": [2.16306, 0.5, 0.5],
							"pivot": [2.77473, 41.19568, 4.02288],
							"rotation": [16.17094, 31.72155, 20.4964],
							"uv": {
								"north": {"uv": [4, 0.5], "uv_size": [2, 0.5]},
								"east": {"uv": [1, 4.5], "uv_size": [0.5, 0.5]},
								"south": {"uv": [6, 7.5], "uv_size": [2, 0.5]},
								"west": {"uv": [1, 4.5], "uv_size": [0.5, 0.5]},
								"up": {"uv": [3, 1], "uv_size": [2, 0.5]},
								"down": {"uv": [4, 5.5], "uv_size": [2, -0.5]}
							}
						},
						{
							"origin": [-0.09086, 42.29738, -5.28],
							"size": [0.98694, 0.5, 0.5],
							"pivot": [2.77473, 41.19568, 4.02288],
							"rotation": [-0.52636, 35.21505, -9.29334],
							"uv": {
								"north": {"uv": [1.5, 6], "uv_size": [1, 0.5]},
								"east": {"uv": [1, 4.5], "uv_size": [0.5, 0.5]},
								"south": {"uv": [2, 5], "uv_size": [1, 0.5]},
								"west": {"uv": [1, 4.5], "uv_size": [0.5, 0.5]},
								"up": {"uv": [6.5, 1], "uv_size": [1, 0.5]},
								"down": {"uv": [3, 5.5], "uv_size": [1, -0.5]}
							}
						},
						{
							"origin": [4.86409, 40.67532, 0.13761],
							"size": [0.5, 0.5, 2.25],
							"pivot": [2.77473, 41.19568, 4.02288],
							"rotation": [0, 12.75, 0],
							"uv": {
								"north": {"uv": [1, 4.5], "uv_size": [0.5, 0.5]},
								"east": {"uv": [1, 1], "uv_size": [2.5, 0.5]},
								"south": {"uv": [1, 4.5], "uv_size": [0.5, 0.5]},
								"west": {"uv": [3, 1], "uv_size": [2.5, 0.5]},
								"up": {"uv": [5, 3], "uv_size": [0.5, 2.5]},
								"down": {"uv": [5, 5.5], "uv_size": [0.5, -2.5]}
							}
						},
						{
							"origin": [3.57995, 41.15671, 1.291],
							"size": [0.5, 0.5, 2],
							"pivot": [2.77473, 41.19568, 4.02288],
							"rotation": [10, -19.75, 0],
							"uv": {
								"north": {"uv": [1, 4.5], "uv_size": [0.5, 0.5]},
								"east": {"uv": [1, 6], "uv_size": [2, 0.5]},
								"south": {"uv": [1, 4.5], "uv_size": [0.5, 0.5]},
								"west": {"uv": [6, 7.5], "uv_size": [2, 0.5]},
								"up": {"uv": [0, 2], "uv_size": [0.5, 2]},
								"down": {"uv": [0.5, 4.5], "uv_size": [0.5, -2]}
							}
						},
						{
							"origin": [2.13556, 41.28026, 4.031],
							"size": [2, 0.5, 0.5],
							"pivot": [2.77473, 41.19568, 4.02288],
							"rotation": [0.56731, 32.70701, 10.29526],
							"uv": {
								"north": {"uv": [3, 0.5], "uv_size": [2, 0.5]},
								"east": {"uv": [1, 4.5], "uv_size": [0.5, 0.5]},
								"south": {"uv": [1, 1], "uv_size": [2, 0.5]},
								"west": {"uv": [1, 4.5], "uv_size": [0.5, 0.5]},
								"up": {"uv": [3.5, 2.5], "uv_size": [2, 0.5]},
								"down": {"uv": [1, 6], "uv_size": [2, -0.5]}
							}
						},
						{
							"origin": [-0.27824, 41.35036, 4.28251],
							"size": [3, 0.5, 0.5],
							"pivot": [2.77473, 41.19568, 4.02288],
							"rotation": [-0.59564, 2.68477, -12.51396],
							"uv": {
								"north": {"uv": [0, 0], "uv_size": [3, 0.5]},
								"east": {"uv": [1, 4.5], "uv_size": [0.5, 0.5]},
								"south": {"uv": [0, 1], "uv_size": [3, 0.5]},
								"west": {"uv": [1, 4.5], "uv_size": [0.5, 0.5]},
								"up": {"uv": [3, 0], "uv_size": [3, 0.5]},
								"down": {"uv": [3, 1], "uv_size": [3, -0.5]}
							}
						},
						{
							"origin": [-1.80462, 41.48291, 5.59185],
							"size": [2.25, 0.5, 0.5],
							"pivot": [2.77473, 41.19568, 4.02288],
							"rotation": [-0.78405, -24.84152, -14.6541],
							"uv": {
								"north": {"uv": [1, 4], "uv_size": [2, 0.5]},
								"east": {"uv": [1, 4.5], "uv_size": [0.5, 0.5]},
								"south": {"uv": [5.5, 1], "uv_size": [2, 0.5]},
								"west": {"uv": [1, 4.5], "uv_size": [0.5, 0.5]},
								"up": {"uv": [4, 0.5], "uv_size": [2, 0.5]},
								"down": {"uv": [1.5, 3], "uv_size": [2, -0.5]}
							}
						},
						{
							"origin": [-2.93646, 39.61015, 6.64459],
							"size": [2.25, 0.5, 0.5],
							"pivot": [2.77473, 41.19568, 4.02288],
							"rotation": [-14.78297, -36.40641, 16.47323],
							"uv": {
								"north": {"uv": [1.5, 2.5], "uv_size": [2.5, 0.5]},
								"east": {"uv": [1.5, 2.5], "uv_size": [2.5, 0.5]},
								"south": {"uv": [3, 1], "uv_size": [2.5, 0.5]},
								"west": {"uv": [3, 1], "uv_size": [2.5, 0.5]},
								"up": {"uv": [1, 1.5], "uv_size": [2, 0.5]},
								"down": {"uv": [1, 4], "uv_size": [2, -0.5]}
							}
						},
						{
							"origin": [-4.79978, 38.93533, -2.04743],
							"size": [0.5, 0.5, 1.5],
							"pivot": [2.77473, 41.19568, 4.02288],
							"rotation": [-20, 2.75, 0],
							"uv": {
								"north": {"uv": [1, 4.5], "uv_size": [0.5, 0.5]},
								"east": {"uv": [3.5, 4], "uv_size": [1.5, 0.5]},
								"south": {"uv": [1, 4.5], "uv_size": [0.5, 0.5]},
								"west": {"uv": [2, 2.5], "uv_size": [1.5, 0.5]},
								"up": {"uv": [0, 3], "uv_size": [0.5, 1.5]},
								"down": {"uv": [0, 4.5], "uv_size": [0.5, -1.5]}
							}
						},
						{
							"origin": [-4.79978, 40.69013, -1.1088],
							"size": [0.5, 0.5, 2],
							"pivot": [2.77473, 41.19568, 4.02288],
							"rotation": [0, 2.75, 0],
							"uv": {
								"north": {"uv": [1, 4.5], "uv_size": [0.5, 0.5]},
								"east": {"uv": [1.5, 2.5], "uv_size": [2, 0.5]},
								"south": {"uv": [1, 4.5], "uv_size": [0.5, 0.5]},
								"west": {"uv": [1, 4.5], "uv_size": [2, 0.5]},
								"up": {"uv": [0.5, 2.5], "uv_size": [0.5, 2]},
								"down": {"uv": [0.5, 3.5], "uv_size": [0.5, -2]}
							}
						},
						{
							"origin": [-1.60869, 40.71513, -2.887],
							"size": [0.45, 0.45, 2],
							"pivot": [2.77473, 41.19568, 4.02288],
							"rotation": [0, 37.75, 0],
							"uv": {
								"north": {"uv": [1.5, 2.5], "uv_size": [0.5, 0.5]},
								"east": {"uv": [1, 4], "uv_size": [2, 0.5]},
								"south": {"uv": [1, 4.5], "uv_size": [0.5, 0.5]},
								"west": {"uv": [1, 4], "uv_size": [2, 0.5]},
								"up": {"uv": [0, 2], "uv_size": [0.5, 2]},
								"down": {"uv": [0.5, 3.5], "uv_size": [0.5, -2]}
							}
						},
						{
							"origin": [5.32415, 37.2539, -1.58694],
							"size": [0.5, 0.5, 0.5],
							"pivot": [2.77473, 41.19568, 4.02288],
							"rotation": [-145.97601, 64.88008, -120.21849],
							"uv": {
								"north": {"uv": [1, 4.5], "uv_size": [0.5, 0.5]},
								"east": {"uv": [1, 4.5], "uv_size": [0.5, 0.5]},
								"south": {"uv": [1, 4.5], "uv_size": [0.5, 0.5]},
								"west": {"uv": [1, 4.5], "uv_size": [0.5, 0.5]},
								"up": {"uv": [1, 1.5], "uv_size": [2, 0.5]},
								"down": {"uv": [1, 4], "uv_size": [2, -0.5]}
							}
						},
						{
							"origin": [6.92956, 36.74316, -2.85423],
							"size": [0.5, 0.5, 0.85],
							"pivot": [2.77473, 41.19568, 4.02288],
							"rotation": [-98.83845, 82.16405, -70.70529],
							"uv": {
								"north": {"uv": [1, 4.5], "uv_size": [0.5, 0.5]},
								"east": {"uv": [7, 0.5], "uv_size": [1, 0.5]},
								"south": {"uv": [1, 4.5], "uv_size": [0.5, 0.5]},
								"west": {"uv": [3.5, 3.5], "uv_size": [1, 0.5]},
								"up": {"uv": [7.5, 6], "uv_size": [0.5, 1]},
								"down": {"uv": [1, 3], "uv_size": [0.5, -1]}
							}
						},
						{
							"origin": [-1.80248, 43.80024, -4.56191],
							"size": [0.25, 0.5, 0.675],
							"pivot": [2.77473, 41.19568, 4.02288],
							"rotation": [13.10384, -1.81685, -19.75641],
							"uv": {
								"north": {"uv": [1, 4.5], "uv_size": [0.5, 0.5]},
								"east": {"uv": [1, 4.5], "uv_size": [0.5, 0.5]},
								"south": {"uv": [1, 4.5], "uv_size": [0.5, 0.5]},
								"west": {"uv": [1, 4.5], "uv_size": [0.5, 0.5]},
								"up": {"uv": [1, 1.5], "uv_size": [2, 0.5]},
								"down": {"uv": [1, 4], "uv_size": [2, -0.5]}
							}
						},
						{
							"origin": [-0.36744, 42.71327, -4.48915],
							"size": [0.5, 0.5, 0.675],
							"pivot": [2.77473, 41.19568, 4.02288],
							"rotation": [9.91691, -17.1243, -9.54629],
							"uv": {
								"north": {"uv": [1, 4.5], "uv_size": [0.5, 0.5]},
								"east": {"uv": [1, 4.5], "uv_size": [0.5, 0.5]},
								"south": {"uv": [1, 4.5], "uv_size": [0.5, 0.5]},
								"west": {"uv": [1, 4.5], "uv_size": [0.5, 0.5]},
								"up": {"uv": [1.5, 2.5], "uv_size": [0.5, 0.5]},
								"down": {"uv": [1.5, 3], "uv_size": [0.5, -0.5]}
							}
						},
						{
							"origin": [-2.23085, 42.07529, -0.54756],
							"size": [0.5, 0.5, 0.775],
							"pivot": [2.77473, 41.19568, 4.02288],
							"rotation": [19.7878, -60.91119, -24.05261],
							"uv": {
								"north": {"uv": [1, 4.5], "uv_size": [0.5, 0.5]},
								"east": {"uv": [7, 0.5], "uv_size": [1, 0.5]},
								"south": {"uv": [1, 4.5], "uv_size": [0.5, 0.5]},
								"west": {"uv": [1, 3], "uv_size": [1, 0.5]},
								"up": {"uv": [7.5, 6], "uv_size": [0.5, 1]},
								"down": {"uv": [0, 5.5], "uv_size": [0.5, -1]}
							}
						},
						{
							"origin": [-1.07431, 41.35503, -4.49952],
							"size": [2.25, 0.5, 0.5],
							"pivot": [2.77473, 41.19568, 4.02288],
							"rotation": [-0.1983, -14.7566, -3.9449],
							"uv": {
								"north": {"uv": [3.5, 2.5], "uv_size": [2, 0.5]},
								"east": {"uv": [3.5, 2.5], "uv_size": [2, 0.5]},
								"south": {"uv": [4, 0], "uv_size": [2, 0.5]},
								"west": {"uv": [4, 0], "uv_size": [2, 0.5]},
								"up": {"uv": [1, 1.5], "uv_size": [2, 0.5]},
								"down": {"uv": [1, 4], "uv_size": [2, -0.5]}
							}
						},
						{
							"origin": [1.83933, 41.18064, -5.12769],
							"size": [2.35, 0.5, 0.5],
							"pivot": [2.77473, 41.19568, 4.02288],
							"rotation": [-0.20133, 17.74321, -4.05677],
							"uv": {
								"north": {"uv": [3.5, 2.5], "uv_size": [2, 0.5]},
								"east": {"uv": [3.5, 2.5], "uv_size": [2, 0.5]},
								"south": {"uv": [4, 0], "uv_size": [2, 0.5]},
								"west": {"uv": [4, 0], "uv_size": [2, 0.5]},
								"up": {"uv": [1, 1.5], "uv_size": [2, 0.5]},
								"down": {"uv": [1, 4], "uv_size": [2, -0.5]}
							}
						}
					]
				},
				{
					"name": "Singleflower",
					"pivot": [0, 0, 0],
					"cubes": [
						{
							"origin": [8.25, 45.75, -1.75],
							"size": [0.45, 1.25, 0.5],
							"uv": {
								"north": {"uv": [1.5, 5], "uv_size": [0.45, 1.25]},
								"east": {"uv": [3.5, 1.5], "uv_size": [0.5, 1.25]},
								"south": {"uv": [2, 2.5], "uv_size": [0.45, 1.25]},
								"west": {"uv": [0, 0], "uv_size": [0.5, 1.25]},
								"up": {"uv": [0.45, 0.5], "uv_size": [-0.45, -0.5]},
								"down": {"uv": [0.45, 0.5], "uv_size": [-0.45, -0.5]}
							}
						},
						{
							"origin": [8.25, 44.55, -1.75],
							"size": [0.45, 1.25, 0.5],
							"uv": {
								"north": {"uv": [1.5, 0.5], "uv_size": [0.45, 1.25]},
								"east": {"uv": [0, 0], "uv_size": [0.5, 1.25]},
								"south": {"uv": [0, 0], "uv_size": [0.45, 1.25]},
								"west": {"uv": [0, 2], "uv_size": [0.5, 1.25]},
								"up": {"uv": [0.45, 0.5], "uv_size": [-0.45, -0.5]},
								"down": {"uv": [0.45, 0.5], "uv_size": [-0.45, -0.5]}
							}
						},
						{
							"origin": [8, 47, -2.5],
							"size": [0.95, 0.25, 0.5],
							"uv": {
								"north": {"uv": [7, 1.5], "uv_size": [0.95, 0.5]},
								"east": {"uv": [5.5, 2], "uv_size": [0.5, 0.5]},
								"south": {"uv": [5.5, 4], "uv_size": [0.95, 0.5]},
								"west": {"uv": [5.5, 1.5], "uv_size": [0.5, 0.5]},
								"up": {"uv": [8, 3], "uv_size": [-0.95, -0.5]},
								"down": {"uv": [7.45, 4], "uv_size": [-0.95, -0.5]}
							}
						},
						{
							"origin": [8, 47, -1],
							"size": [0.95, 0.25, 0.5],
							"uv": {
								"north": {"uv": [6, 0], "uv_size": [0.95, 0.5]},
								"east": {"uv": [5, 2], "uv_size": [0.5, 0.5]},
								"south": {"uv": [5.5, 6], "uv_size": [0.95, 0.5]},
								"west": {"uv": [6, 2], "uv_size": [0.5, 0.5]},
								"up": {"uv": [7.45, 2.5], "uv_size": [-0.95, -0.5]},
								"down": {"uv": [6.45, 2.5], "uv_size": [-0.95, -0.5]}
							}
						},
						{
							"origin": [7.5, 47, -2],
							"size": [1.95, 0.25, 1],
							"uv": {
								"north": {"uv": [4, 2], "uv_size": [1.95, 0.5]},
								"east": {"uv": [4, 1.5], "uv_size": [1, 0.5]},
								"south": {"uv": [5.5, 4], "uv_size": [1.95, 0.5]},
								"west": {"uv": [7, 1.5], "uv_size": [1, 0.5]},
								"up": {"uv": [6.95, 2.5], "uv_size": [-1.95, -1]},
								"down": {"uv": [7.5, 3.5], "uv_size": [-2, -1]}
							}
						}
					]
				}
			]
		}
	]
}