{
	"format_version": "1.8.0",
	"animations": {
		"animation.model.draw": {
			"loop": true,
			"animation_length": 1.5,
			"bones": {
				"main": {
					"rotation": {
						"0.0": {
							"vector": [23.1968, -6.03864, 6.37855]
						},
						"0.1333": {
							"vector": [23.63662, -5.52637, 1.3989]
						},
						"0.2333": {
							"vector": [21.79683, -4.50825, 0.65603]
						},
						"0.5667": {
							"vector": [-1.74911, -0.81072, -1.97618]
						},
						"0.7": {
							"vector": [-1.02236, -0.41032, 1.87038]
						},
						"0.8": {
							"vector": [-0.00218, 0.24999, -0.5]
						},
						"0.9333": {
							"vector": [0, 0, 0]
						}
					},
					"position": {
						"0.0": {
							"vector": [0, -20.775, 0]
						},
						"0.2": {
							"vector": [-0.7, -13.3, -2.3]
						},
						"0.3": {
							"vector": [-0.47, -7.845, -4.305]
						},
						"0.4": {
							"vector": [-0.21, -2.91, -6.035]
						},
						"0.5667": {
							"vector": [0, 0.925, -1.1]
						},
						"0.6667": {
							"vector": [0.075, -0.12, -0.055]
						},
						"0.7667": {
							"vector": [0, -0.075, 0.275]
						},
						"0.9": {
							"vector": [0, 0, 0]
						}
					}
				}
			}
		},
		"animation.model.inspect": {
			"loop": true,
			"animation_length": 4.2667,
			"bones": {
				"main": {
					"rotation": {
						"0.0": {
							"vector": [0, 0, 0]
						},
						"0.1667": {
							"vector": [-8.41746, -13.59608, -21.21259]
						},
						"0.3": {
							"vector": [-8.39812, -20.10111, -31.77688]
						},
						"0.4333": {
							"vector": [-9.55676, -20.88889, -28.55629]
						},
						"0.5333": {
							"vector": [-8.77652, -21.21647, -30.72851]
						},
						"0.7667": {
							"vector": [-9.4227, -20.94881, -28.93303]
						},
						"1.0": {
							"vector": [-3.1216, -20.98207, -46.44405]
						},
						"1.1333": {
							"vector": [-4.564, -20.73064, -42.44007]
						},
						"1.2333": {
							"vector": [-4.86325, -20.9153, -41.60203]
						},
						"1.3333": {
							"vector": [-4.58308, -20.97575, -42.38574]
						},
						"1.4667": {
							"vector": [-4.01131, -21.08802, -43.97908]
						},
						"1.6": {
							"vector": [-4.38767, -21.01662, -42.9316]
						},
						"1.7": {
							"vector": [-4.18847, -21.05622, -43.48691]
						},
						"2.0333": {
							"vector": [-16.91438, 5.38499, 54.40399]
						},
						"2.1667": {
							"vector": [-15.22513, 5.80082, 60.04554]
						},
						"2.3": {
							"vector": [-15.70981, 5.86025, 59.48558]
						},
						"2.4333": {
							"vector": [-15.93602, 7.03904, 62.69373]
						},
						"2.5667": {
							"vector": [-15.60896, 7.75082, 65.23442]
						},
						"2.7333": {
							"vector": [-15.71675, 7.52491, 64.42194]
						},
						"2.9": {
							"vector": [-15.56389, 7.84019, 65.55973]
						},
						"3.1": {
							"vector": [-15.61778, 7.73186, 65.16659]
						},
						"3.2667": {
							"vector": [-15.9801, 6.93689, 62.33342]
						},
						"3.4": {
							"vector": [-8.86998, 2.42135, 33.56191]
						},
						"3.5333": {
							"vector": [0, -1.75, -2.75]
						},
						"3.7": {
							"vector": [0, 0, 0]
						}
					},
					"position": {
						"0.0": {
							"vector": [0, 0, 0]
						},
						"0.3": {
							"vector": [-0.475, 1.475, -8.7]
						},
						"0.4": {
							"vector": [-0.195, 1, -7.7]
						},
						"0.5333": {
							"vector": [-0.03, 0.725, -7.7]
						},
						"0.7": {
							"vector": [0, 1.125, -7.7]
						},
						"0.9": {
							"vector": [0.125, 1.4, -8.275]
						},
						"1.2": {
							"vector": [-0.02, 1.475, -8]
						},
						"1.4": {
							"vector": [0.11, 1.425, -8.175]
						},
						"1.6667": {
							"vector": [0.275, 1.25, -7.975]
						},
						"1.8": {
							"vector": [-0.13, -1.19, -8.65]
						},
						"1.9667": {
							"vector": [-0.545, -1.325, -7.15]
						},
						"2.1333": {
							"vector": [-0.415, -1.395, -6.545]
						},
						"2.2667": {
							"vector": [-0.525, -1.455, -5.17]
						},
						"2.4": {
							"vector": [-0.49, -1.43, -5.85]
						},
						"2.5667": {
							"vector": [-0.455, -1.5, -5.24]
						},
						"2.7667": {
							"vector": [-0.53, -1.5, -5.27]
						},
						"3.0": {
							"vector": [-0.49, -1.41, -5.3]
						},
						"3.2333": {
							"vector": [-0.545, -1.325, -5.325]
						},
						"3.3667": {
							"vector": [-1.005, -0.61, -3.41]
						},
						"3.6333": {
							"vector": [0, 0, 0]
						}
					}
				},
				"leftarm": {
					"rotation": {
						"0.0": {
							"vector": [0, 0, 0]
						},
						"0.1667": {
							"vector": [94.34183, 65.03608, 48.49136]
						},
						"1.7333": {
							"vector": [94.34183, 65.03608, 48.49136]
						},
						"2.0333": {
							"vector": [-20, 0, -45]
						},
						"3.3": {
							"vector": [-20, 0, -45]
						},
						"3.5667": {
							"vector": [0, 0, 0]
						}
					},
					"position": {
						"0.0": {
							"vector": [0, 0, 0]
						},
						"0.1667": {
							"vector": [6.23986, -46.20851, 24.64864]
						},
						"1.7333": {
							"vector": [6.23986, -46.20851, 24.64864]
						},
						"2.0333": {
							"vector": [7.35, 6.25, 2.33]
						},
						"3.3": {
							"vector": [7.35, 6.25, 2.33]
						},
						"3.5667": {
							"vector": [0, 0, 0]
						}
					}
				}
			}
		},
		"animation.model.fire": {
			"loop": true,
			"animation_length": 0.5417,
			"bones": {
				"chamber": {
					"rotation": {
						"0.0": {
							"vector": [0, 0, -30]
						},
						"0.125": {
							"vector": [0, 0, -30]
						},
						"0.2083": {
							"vector": [0, 0, 0]
						}
					}
				},
				"main": {
					"rotation": {
						"0.0": {
							"vector": [0, 0, 0]
						},
						"0.0417": {
							"vector": [-4.48713, -0.98834, -3.1363]
						},
						"0.1667": {
							"vector": [-3.3029, -0.07356, -0.4066]
						},
						"0.25": {
							"vector": [-2.76519, -0.12471, -1.42601]
						},
						"0.3333": {
							"vector": [-1.99484, -0.0441, -0.41857]
						},
						"0.4583": {
							"vector": [-0.48093, -0.82827, -2.57049]
						},
						"0.5417": {
							"vector": [0, 0, 0]
						}
					},
					"position": {
						"0.0": {
							"vector": [0, 0, 0]
						},
						"0.0417": {
							"vector": [0, 0, 4.25]
						},
						"0.2083": {
							"vector": [0.15, -0.075, 2.255]
						},
						"0.3333": {
							"vector": [0.3, -0.22, 2.66]
						},
						"0.5417": {
							"vector": [0, 0, 0]
						}
					}
				}
			}
		},
		"animation.model.reload": {
			"animation_length": 2.125,
			"bones": {
				"main": {
					"rotation": {
						"0.0": {
							"vector": [0, 0, 0]
						},
						"0.125": {
							"vector": [
								"-4.92 + math.sin(query.anim_time * 360) * 2",
								"-0.867 + math.sin(query.anim_time * 560) * 2",
								"-9.962 + math.sin(query.anim_time * 860) * 3"
							]
						},
						"0.375": {
							"vector": [-4.92442, -0.86717, -9.96271]
						},
						"0.5": {
							"vector": [-4.92442, -0.86717, -9.96271]
						},
						"0.5833": {
							"vector": [
								"-4.92 + math.sin(query.anim_time * 360) * 2",
								"-0.867 + math.sin(query.anim_time * 560) * 2",
								"-9.962 + math.sin(query.anim_time * 860) * 3"
							]
						},
						"0.6667": {
							"vector": [-4.92442, -0.86717, -9.96271]
						},
						"1.1667": {
							"vector": [
								"-4.92 + math.sin(query.anim_time * 110) * 0.3",
								"-0.867 + math.sin(query.anim_time * 160) * 0.3",
								"-9.962 + math.sin(query.anim_time * 260) * 0.5"
							]
						},
						"1.6667": {
							"vector": [-4.92442, -0.86717, -9.96271]
						},
						"1.7083": {
							"vector": [
								"-4.92 + math.sin(query.anim_time * 360) * 2",
								"-0.867 + math.sin(query.anim_time * 560) * 2",
								"-9.962 + math.sin(query.anim_time * 860) * 3"
							]
						},
						"2.0417": {
							"vector": [0, 0, 0]
						}
					},
					"position": {
						"0.0": {
							"vector": [0, 0, 0]
						},
						"0.4583": {
							"vector": [0, 0, 0]
						},
						"0.5833": {
							"vector": [0, -2.5, 0]
						},
						"1.0417": {
							"vector": [0, 0, 0],
							"easing": "easeOutCubic"
						},
						"2.0417": {
							"vector": [0, 0, 0]
						}
					}
				},
				"chamber": {
					"rotation": {
						"0.5833": {
							"vector": [0, 0, 0]
						},
						"1.6667": {
							"vector": [0, 0, 0]
						}
					},
					"position": {
						"0.5833": {
							"vector": [0, 0, 0]
						},
						"0.7917": {
							"vector": [-1.4977, -20.01142, 1.24502]
						},
						"1.375": {
							"vector": [-1.4977, -20.01142, 1.24502]
						},
						"1.6667": {
							"vector": [0.98481, -0.17365, 0]
						},
						"1.7917": {
							"vector": [-0.00481, 0.00365, 0]
						}
					}
				},
				"leftarm": {
					"rotation": {
						"0.2083": {
							"vector": [0, 0, 0]
						},
						"0.4583": {
							"vector": [-5.72437, -17.01644, -27.95078]
						},
						"0.5833": {
							"vector": [-5.72437, -17.01644, -27.95078]
						},
						"1.6667": {
							"vector": [-5.72437, -17.01644, -27.95078]
						},
						"1.8333": {
							"vector": [-5.72437, -17.01644, -27.95078]
						},
						"1.875": {
							"vector": [-5.72437, -17.01644, -27.95078]
						},
						"2.125": {
							"vector": [0, 0, 0]
						}
					},
					"position": {
						"0.2083": {
							"vector": [0, 0, 0]
						},
						"0.4583": {
							"vector": [12.18092, -0.02382, 23.90867]
						},
						"0.5833": {
							"vector": [12.18092, -0.02382, 23.90867]
						},
						"0.7917": {
							"vector": [10.68987, -19.9885, 25.65311]
						},
						"1.375": {
							"vector": [10.68987, -19.9885, 25.65311]
						},
						"1.6667": {
							"vector": [13.16573, -0.19747, 23.90867]
						},
						"1.7917": {
							"vector": [12.18519, -0.02635, 23.91]
						},
						"1.8333": {
							"vector": [12.18519, -0.02635, 23.91]
						},
						"1.875": {
							"vector": [12.18519, -0.02635, 23.91]
						},
						"2.125": {
							"vector": [0, 0, 0]
						}
					}
				}
			}
		}
	},
	"geckolib_format_version": 2
}