{
    "crossbow_action": {
        "sounds": [
            {
                "name": "pointblank:crossbow_action",
                "stream": false
            }
        ]
    },
    "crossbow_reload": {
        "sounds": [
            {
                "name": "pointblank:crossbow_reload",
                "stream": false
            }
        ]
    },
    "python_action": {
        "sounds": [
            {
                "name": "pointblank:python_action",
                "stream": false
            }
        ]
    },
    "fnfal_action": {
        "sounds": [
            {
                "name": "pointblank:fnfal_action",
                "stream": false
            }
        ]
    },
    "stakeout_inspect": {
        "sounds": [
            {
                "name": "pointblank:stakeout_inspect",
                "stream": false
            }
        ]
    },
    "stakeout_draw": {
        "sounds": [
            {
                "name": "pointblank:stakeout_draw",
                "stream": false
            }
        ]
    },
    "stakeout_action": {
        "sounds": [
            {
                "name": "pointblank:stakeout_action",
                "stream": false
            }
        ]
    },
    "augbo_action": {
        "sounds": [
            {
                "name": "pointblank:augbo_action",
                "stream": false
            }
        ]
    },
    "olympia_action": {
        "sounds": [
            {
                "name": "pointblank:olympia_action",
                "stream": false
            }
        ]
    },
    "g11_action": {
        "sounds": [
            {
                "name": "pointblank:g11_action",
                "stream": false
            }
        ]
    },
    "g11_reload": {
        "sounds": [
            {
                "name": "pointblank:g11_reload",
                "stream": false
            }
        ]
    },
    "m72law_action": {
        "sounds": [
            {
                "name": "pointblank:m72law_action",
                "stream": false
            }
        ]
    },
    "spectre_action": {
        "sounds": [
            {
                "name": "pointblank:spectre_action",
                "stream": false
            }
        ]
    },
    "spectre_reload": {
        "sounds": [
            {
                "name": "pointblank:spectre_reload",
                "stream": false
            }
        ]
    },
    "spectre_reloadempty": {
        "sounds": [
            {
                "name": "pointblank:spectre_reloadempty",
                "stream": false
            }
        ]
    },
    "dragunov_action": {
        "sounds": [
            {
                "name": "pointblank:dragunov_action",
                "stream": false
            }
        ]
    },
    "spas12_action": {
        "sounds": [
            {
                "name": "pointblank:spas12_action",
                "stream": false
            }
        ]
    },
    "chinalake_completefire": {
        "sounds": [
            {
                "name": "pointblank:chinalake_completefire",
                "stream": false
            }
        ]
    },
    "chinalake_action": {
        "sounds": [
            {
                "name": "pointblank:chinalake_action",
                "stream": false
            }
        ]
    },
    "chinalake_reload": {
        "sounds": [
            {
                "name": "pointblank:chinalake_reload",
                "stream": false
            }
        ]
    },
    "hs10_shellin": {
        "sounds": [
            {
                "name": "pointblank:hs10_shellin",
                "stream": false
            }
        ]
    },
    "hs10_action": {
        "sounds": [
            {
                "name": "pointblank:hs10_action",
                "stream": false
            }
        ]
    },
    "mp5k_action": {
        "sounds": [
            {
                "name": "pointblank:mp5k_action",
                "stream": false
            }
        ]
    },
    "mp5k_reloadempty": {
        "sounds": [
            {
                "name": "pointblank:mp5k_reloadempty",
                "stream": false
            }
        ]
    },
    "mp5k_reload": {
        "sounds": [
            {
                "name": "pointblank:mp5k_reload",
                "stream": false
            }
        ]
    },
    "famas_action": {
        "sounds": [
            {
                "name": "pointblank:famas_action",
                "stream": false
            }
        ]
    },
    "famas_reload": {
        "sounds": [
            {
                "name": "pointblank:famas_reload",
                "stream": false
            }
        ]
    },
    "famas_reloadempty": {
        "sounds": [
            {
                "name": "pointblank:famas_reloadempty",
                "stream": false
            }
        ]
    },
    "l96a1_action": {
        "sounds": [
            {
                "name": "pointblank:l96a1_action",
                "stream": false
            }
        ]
    },
    "hk21_action": {
        "sounds": [
            {
                "name": "pointblank:hk21_action",
                "stream": false
            }
        ]
    },
    "hk21_reload": {
        "sounds": [
            {
                "name": "pointblank:hk21_reload",
                "stream": false
            }
        ]
    },
    "hk21_reloadempty": {
        "sounds": [
            {
                "name": "pointblank:hk21_reloadempty",
                "stream": false
            }
        ]
    },
    "commando_action": {
        "sounds": [
            {
                "name": "pointblank:commando_action",
                "stream": false
            }
        ]
    },
    "commando_reload": {
        "sounds": [
            {
                "name": "pointblank:commando_reload",
                "stream": false
            }
        ]
    },
    "rpk_action": {
        "sounds": [
            {
                "name": "pointblank:rpk_action",
                "stream": false
            }
        ]
    },
    "rpk_reload": {
        "sounds": [
            {
                "name": "pointblank:rpk_reload",
                "stream": false
            }
        ]
    },
    "galil_action": {
        "sounds": [
            {
                "name": "pointblank:galil_action",
                "stream": false
            }
        ]
    },
    "galil_reload": {
        "sounds": [
            {
                "name": "pointblank:galil_reload",
                "stream": false
            }
        ]
    },
    "galil_reloadempty": {
        "sounds": [
            {
                "name": "pointblank:galil_reloadempty",
                "stream": false
            }
        ]
    },
    "m14_action": {
        "sounds": [
            {
                "name": "pointblank:m14_action",
                "stream": false
            }
        ]
    },
    "m14_reload": {
        "sounds": [
            {
                "name": "pointblank:m14_reload",
                "stream": false
            }
        ]
    },
    "mp40_action": {
        "sounds": [
            {
                "name": "pointblank:mp40_action",
                "stream": false
            }
        ]
    },
    "mp40_reload": {
        "sounds": [
            {
                "name": "pointblank:mp40_reload",
                "stream": false
            }
        ]
    },
    "mp40_reloadempty": {
        "sounds": [
            {
                "name": "pointblank:mp40_reloadempty",
                "stream": false
            }
        ]
    },
    "raygun_action": {
        "sounds": [
            {
                "name": "pointblank:raygun_action",
                "stream": false
            }
        ]
    },
    "raygun_reload": {
        "sounds": [
            {
                "name": "pointblank:raygun_reload",
                "stream": false
            }
        ]
    },
    "thundergun_action": {
        "sounds": [
            {
                "name": "pointblank:thundergun_action",
                "stream": false
            }
        ]
    },
    "thundergun_reload": {
        "sounds": [
            {
                "name": "pointblank:thundergun_reload",
                "stream": false
            }
        ]
    },
    "m1911_action": {
        "sounds": [
            {
                "name": "pointblank:m1911_action",
                "stream": false
            }
        ]
    },
    "m1911_reload": {
        "sounds": [
            {
                "name": "pointblank:m1911_reload",
                "stream": false
            }
        ]
    },
    "m1911_reloadempty": {
        "sounds": [
            {
                "name": "pointblank:m1911_reloadempty",
                "stream": false
            }
        ]
    }
}