{
	"format_version": "1.8.0",
	"animations": {
		"animation.model.reload": {
			"loop": true,
			"animation_length": 5.76667,
			"bones": {
				"main": {
					"rotation": {
						"0.0": {
							"vector": [0, 0, 0]
						},
						"0.3333": {
							"vector": [-14.93656, 0.9762, 29.93656]
						},
						"5.5333": {
							"vector": [-14.93656, 0.9762, 29.93656]
						},
						"5.7333": {
							"vector": [0, 0, 0]
						}
					},
					"position": {
						"0.1667": {
							"vector": [0, 2, 7]
						},
						"0.3333": {
							"vector": [0, 5, 7]
						},
						"5.5333": {
							"vector": [0, 5, 7]
						},
						"5.6": {
							"vector": [0, 2, 7]
						}
					}
				},
				"rightarm": {
					"rotation": {
						"0.0": {
							"vector": [0, 0, 0]
						},
						"0.0333": {
							"vector": [0, 0, 0]
						}
					}
				},
				"loadinggate": {
					"rotation": {
						"0.0": {
							"vector": [0, 0, 0]
						},
						"0.9333": {
							"vector": [0, 0, 0.53]
						},
						"1.0333": {
							"vector": [0, 0, -30]
						},
						"1.1333": {
							"vector": [0, 0, -75]
						},
						"5.1333": {
							"vector": [0, 0, -75]
						},
						"5.2": {
							"vector": [0, 0, 0]
						}
					}
				},
				"hammer": {
					"rotation": {
						"0.8": {
							"vector": [0, 0, 0]
						},
						"0.9333": {
							"vector": [-25, 0, 0]
						},
						"5.3333": {
							"vector": [-25, 0, 0]
						},
						"5.4": {
							"vector": [-45, 0, 0]
						},
						"5.4667": {
							"vector": [0, 0, 0]
						}
					}
				},
				"cylinder": {
					"rotation": {
						"1.2667": {
							"vector": [0, 0, 0]
						},
						"1.3333": {
							"vector": [0, 0, -30]
						},
						"1.8": {
							"vector": [0, 0, -30]
						},
						"1.8667": {
							"vector": [0, 0, -85]
						},
						"2.2": {
							"vector": [0, 0, -83.93]
						},
						"2.2667": {
							"vector": [0, 0, -145]
						},
						"2.5333": {
							"vector": [0, 0, -145]
						},
						"2.6": {
							"vector": [0, 0, -205]
						},
						"2.9333": {
							"vector": [0, 0, -205]
						},
						"3.0667": {
							"vector": [0, 0, -267.5]
						},
						"3.3333": {
							"vector": [0, 0, -267.5]
						},
						"3.4": {
							"vector": [0, 0, -330]
						},
						"3.7333": {
							"vector": [0, 0, -330]
						},
						"3.8": {
							"vector": [0, 0, -390]
						},
						"4.0": {
							"vector": [0, 0, -390]
						},
						"4.0667": {
							"vector": [0, 0, -445]
						},
						"4.1333": {
							"vector": [0, 0, -445]
						},
						"4.2": {
							"vector": [0, 0, -505]
						},
						"4.4": {
							"vector": [0, 0, -505]
						},
						"4.4667": {
							"vector": [0, 0, -567.5]
						},
						"4.6667": {
							"vector": [0, 0, -567.5]
						},
						"4.7333": {
							"vector": [0, 0, -625]
						},
						"4.9333": {
							"vector": [0, 0, -625]
						},
						"5.0": {
							"vector": [0, 0, -687.5]
						},
						"5.2667": {
							"vector": [0, 0, -687.5]
						},
						"5.3333": {
							"vector": [0, 0, -712.5]
						}
					}
				},
				"gun": {
					"rotation": {
						"0.0": {
							"vector": [0, 0, 0]
						},
						"0.0333": {
							"vector": [0, 0, 0]
						},
						"1.5333": {
							"vector": [0, 0, 0]
						},
						"1.6333": {
							"vector": [-5, 0, 0]
						},
						"1.7333": {
							"vector": [0, 0, 0]
						},
						"2.0667": {
							"vector": [0, 0, 0]
						},
						"2.1333": {
							"vector": [-5, 0, 0]
						},
						"2.2": {
							"vector": [0, 0, 0]
						},
						"2.4": {
							"vector": [0, 0, 0]
						},
						"2.4667": {
							"vector": [-5, 0, 0]
						},
						"2.5333": {
							"vector": [0, 0, 0]
						},
						"2.8": {
							"vector": [0, 0, 0]
						},
						"2.8667": {
							"vector": [-5, 0, 0]
						},
						"2.9333": {
							"vector": [0, 0, 0]
						},
						"3.2": {
							"vector": [0, 0, 0]
						},
						"3.2667": {
							"vector": [-5, 0, 0]
						},
						"3.3333": {
							"vector": [0, 0, 0]
						},
						"3.9": {
							"vector": [0, 0, 0]
						},
						"3.9333": {
							"vector": [5, 0, 0]
						},
						"3.9667": {
							"vector": [0, 0, 0]
						},
						"4.0333": {
							"vector": [0, 0, 0]
						},
						"4.0667": {
							"vector": [5, 0, 0]
						},
						"4.1": {
							"vector": [0, 0, 0]
						},
						"4.3": {
							"vector": [0, 0, 0]
						},
						"4.3333": {
							"vector": [5, 0, 0]
						},
						"4.3667": {
							"vector": [0, 0, 0]
						},
						"4.5667": {
							"vector": [0, 0, 0]
						},
						"4.6": {
							"vector": [5, 0, 0]
						},
						"4.6333": {
							"vector": [0, 0, 0]
						},
						"4.8333": {
							"vector": [0, 0, 0]
						},
						"4.8667": {
							"vector": [5, 0, 0]
						},
						"4.9": {
							"vector": [0, 0, 0]
						},
						"5.1": {
							"vector": [0, 0, 0]
						},
						"5.1333": {
							"vector": [5, 0, 0]
						},
						"5.1667": {
							"vector": [0, 0, 0]
						},
						"5.3667": {
							"vector": [0, 0, 0]
						},
						"5.4": {
							"vector": [-2.5, 0, 0]
						},
						"5.4333": {
							"vector": [0, 0, 0]
						},
						"5.4667": {
							"vector": [2.5, 0, 0]
						},
						"5.5": {
							"vector": [0, 0, 0]
						},
						"5.5333": {
							"vector": [0, 0, 0]
						},
						"5.5667": {
							"vector": [-25, 0, 0]
						},
						"5.6": {
							"vector": [-87.5, 0, 0]
						},
						"5.6333": {
							"vector": [-147.5, 0, 0]
						},
						"5.6667": {
							"vector": [-220, 0, 0]
						},
						"5.7": {
							"vector": [-312.5, 0, 0]
						},
						"5.7333": {
							"vector": [-360, 0, 0]
						}
					}
				},
				"bulletcasing2": {
					"rotation": {
						"0.0": {
							"vector": [0, 0, 0]
						},
						"3.6667": {
							"vector": [0, 0, 0]
						},
						"3.7333": {
							"vector": [-15, 47.5, 0]
						},
						"3.8": {
							"vector": [-204.84977, 48.00654, -157.44696]
						},
						"3.8667": {
							"vector": [-199.51326, -32.68155, -127.62257]
						},
						"3.9333": {
							"vector": [-353.25115, -5.3971, -123.92364]
						},
						"4.0667": {
							"vector": [-360.42505, -0.78352, -155.72776]
						}
					},
					"position": {
						"0.0": {
							"vector": [0, 0, 0]
						},
						"3.6": {
							"vector": [0, 0, -0.02]
						},
						"3.6667": {
							"vector": [0, 0, 2]
						},
						"3.7333": {
							"vector": [0, 0, 4]
						},
						"3.8": {
							"vector": [2, -4, 9]
						},
						"3.8667": {
							"vector": [2, -12, 9]
						},
						"3.9333": {
							"vector": [-9, -9, 9]
						},
						"3.9667": {
							"vector": [-7.5, -10.5, 9]
						},
						"4.0": {
							"vector": [-7, -10, 9]
						},
						"4.0667": {
							"vector": [1, 1.75, 0]
						}
					}
				},
				"bulletcasing5": {
					"rotation": {
						"0.0": {
							"vector": [0, 0, 0]
						},
						"3.2667": {
							"vector": [-0.36, 0, 0]
						},
						"3.3333": {
							"vector": [152.5, 0, 0]
						},
						"3.4": {
							"vector": [297.5, 0, 0]
						},
						"3.4667": {
							"vector": [357.5, 0, 0]
						},
						"4.4667": {
							"vector": [360, 0, -27.5]
						}
					},
					"position": {
						"0.0": {
							"vector": [0, 0, 0]
						},
						"3.2": {
							"vector": [0, 0, 0]
						},
						"3.2667": {
							"vector": [0, 0, 2]
						},
						"3.3333": {
							"vector": [3.5, 5, 8]
						},
						"3.4": {
							"vector": [14.5, -5, 8]
						},
						"3.4667": {
							"vector": [3.5, -12, 8]
						},
						"3.7333": {
							"vector": [3.95, -11.29, 8]
						},
						"3.8": {
							"vector": [-8.44, -9.86, 8]
						},
						"3.8667": {
							"vector": [-8.43, -9.43, 8]
						},
						"3.9333": {
							"vector": [-9.25, -9, 8]
						},
						"4.0": {
							"vector": [-8.25, -8.5, 8]
						},
						"4.0667": {
							"vector": [-13.25, 2, 8]
						},
						"4.1333": {
							"vector": [-13.25, 0, 8]
						},
						"4.1667": {
							"vector": [-11.25, 7, 8]
						},
						"4.2": {
							"vector": [-7.25, 12, 8]
						},
						"4.4": {
							"vector": [-5.75, 12, 8]
						},
						"4.4667": {
							"vector": [1, 0.6, 0]
						},
						"4.5333": {
							"vector": [7, 11.6, 8]
						},
						"4.6": {
							"vector": [1, 0.6, 0]
						}
					}
				},
				"bulletcasing6": {
					"rotation": {
						"0.0": {
							"vector": [0, 0, 0]
						},
						"2.0": {
							"vector": [0, 0, 0]
						},
						"2.0667": {
							"vector": [-7.50912, 0.09432, 0.42531]
						},
						"2.1333": {
							"vector": [-55.40804, -5.62566, 8.64859]
						},
						"2.2": {
							"vector": [-68.20041, 28.07121, -49.08362]
						},
						"2.2667": {
							"vector": [15.15057, 22.72452, -142.69015]
						},
						"2.3333": {
							"vector": [-2.17664, 5.23342, -141.98056]
						},
						"4.8667": {
							"vector": [0.34817, 0.20403, -136.7901]
						}
					},
					"position": {
						"0.0": {
							"vector": [0, 0, 0]
						},
						"1.9333": {
							"vector": [0, 0, 0]
						},
						"2.0": {
							"vector": [0, 0, 1]
						},
						"2.0667": {
							"vector": [0, 0, 4]
						},
						"2.1333": {
							"vector": [-2.5, -3.25, 7]
						},
						"2.2": {
							"vector": [-1.5, -6.25, 7]
						},
						"2.2667": {
							"vector": [-8.5, -0.25, 9]
						},
						"2.3333": {
							"vector": [-10.5, 7.75, 9]
						},
						"2.4": {
							"vector": [-6.5, 10.75, 9]
						},
						"2.5333": {
							"vector": [-6.1, 12.75, 9]
						},
						"2.6": {
							"vector": [9.1, 10.75, 9]
						},
						"2.7333": {
							"vector": [8.5, 8.75, 9]
						},
						"2.9333": {
							"vector": [10.5, 10.75, 9]
						},
						"3.0667": {
							"vector": [13.33, -4.58, 9]
						},
						"3.1333": {
							"vector": [14.75, -4.75, 9]
						},
						"3.3333": {
							"vector": [14.15, -5.35, 9]
						},
						"3.4": {
							"vector": [3.95, -14.55, 9]
						},
						"3.4667": {
							"vector": [3.75, -15.75, 9]
						},
						"3.7333": {
							"vector": [3.78, -15.46, 9]
						},
						"3.8": {
							"vector": [-9.96, -12.89, 9]
						},
						"3.9333": {
							"vector": [-10.25, -11.75, 9]
						},
						"4.0": {
							"vector": [-9.25, -11.25, 9]
						},
						"4.0667": {
							"vector": [-13.25, 1.25, 9]
						},
						"4.1333": {
							"vector": [-13.75, 0.25, 9]
						},
						"4.1667": {
							"vector": [-11, 5.75, 9]
						},
						"4.2": {
							"vector": [-6.25, 11.25, 9]
						},
						"4.4": {
							"vector": [-5.25, 10.5, 9]
						},
						"4.4667": {
							"vector": [5.75, 10.25, 9]
						},
						"4.6667": {
							"vector": [6, 9.75, 9]
						},
						"4.7": {
							"vector": [11.38, 5, 9]
						},
						"4.7333": {
							"vector": [12.75, -0.75, 9]
						},
						"4.8667": {
							"vector": [0, -2.35, 0]
						}
					}
				},
				"bulletcasing3": {
					"rotation": {
						"0.0": {
							"vector": [0, 0, 0]
						},
						"2.4667": {
							"vector": [0, 0.11, 0]
						},
						"2.5333": {
							"vector": [0, -17.5, 0]
						},
						"2.6": {
							"vector": [-14.48861, -59.72022, 6.70612]
						},
						"2.6667": {
							"vector": [93.64005, -45.78346, 34.13278]
						},
						"2.8": {
							"vector": [-4.16352, -2.37322, -54.19943]
						},
						"4.3333": {
							"vector": [0.84257, 0.00392, -47.09962]
						}
					},
					"position": {
						"0.0": {
							"vector": [0, 0, 0]
						},
						"2.4": {
							"vector": [0, 0, -0.03]
						},
						"2.4667": {
							"vector": [0, 0, 2]
						},
						"2.5333": {
							"vector": [-1.75, 0.25, 6]
						},
						"2.6": {
							"vector": [-2, 3, 8.25]
						},
						"2.6667": {
							"vector": [-1, 10.75, 8.25]
						},
						"2.8": {
							"vector": [7, 10.75, 8.25]
						},
						"2.9333": {
							"vector": [7, 11.15, 8.25]
						},
						"3.0667": {
							"vector": [12.33, -2.12, 8.25]
						},
						"3.1333": {
							"vector": [12, -3.25, 8.25]
						},
						"3.3333": {
							"vector": [11.7, -2.65, 8.25]
						},
						"3.4": {
							"vector": [3.6, -14.45, 8.25]
						},
						"3.4667": {
							"vector": [4, -12.25, 8.25]
						},
						"3.7333": {
							"vector": [4.7, -11.67, 8.25]
						},
						"3.8": {
							"vector": [-7.62, -11.53, 8.25]
						},
						"3.8667": {
							"vector": [-8.14, -11.39, 8.25]
						},
						"3.9333": {
							"vector": [-9, -11.25, 8.25]
						},
						"4.0": {
							"vector": [-10.67, -9.75, 8.25]
						},
						"4.0333": {
							"vector": [-13, -6, 8.25]
						},
						"4.0667": {
							"vector": [-13, -0.25, 8.25]
						},
						"4.1333": {
							"vector": [-14, -0.75, 8.25]
						},
						"4.2": {
							"vector": [-7, 4.75, 2.25]
						},
						"4.3333": {
							"vector": [0, 0, 0]
						}
					}
				},
				"bulletcasing4": {
					"rotation": {
						"0.0": {
							"vector": [0, 0, 0]
						},
						"2.8667": {
							"vector": [-0.224, 2.31192, 1.91482]
						},
						"2.9333": {
							"vector": [15.27776, 11.90165, 4.56202]
						},
						"3.0": {
							"vector": [77.02356, 3.56113, 36.54694]
						},
						"3.0333": {
							"vector": [86.5035, -7.61306, -43.71236]
						},
						"3.0667": {
							"vector": [92.84929, -13.1453, -80.87324]
						},
						"3.1333": {
							"vector": [-6.1, 11.85, 140.12]
						},
						"5.1333": {
							"vector": [0.02765, -0.59448, 141.22033]
						}
					},
					"position": {
						"0.0": {
							"vector": [0, 0, 0]
						},
						"2.8": {
							"vector": [0, 0, -0.02]
						},
						"2.8667": {
							"vector": [0, 0, 2]
						},
						"2.9333": {
							"vector": [0, 1.25, 5]
						},
						"3.0": {
							"vector": [0.5, 4.5, 8]
						},
						"3.0667": {
							"vector": [9, 8, 8]
						},
						"3.1333": {
							"vector": [13, -2, 11]
						},
						"3.3333": {
							"vector": [12.25, -0.5, 11]
						},
						"3.4": {
							"vector": [4, -12, 11]
						},
						"3.7333": {
							"vector": [4.13, -12.38, 11]
						},
						"3.8": {
							"vector": [-10.25, -11.25, 11]
						},
						"3.9333": {
							"vector": [-11, -11, 11]
						},
						"4.0": {
							"vector": [-8.5, -10.5, 11]
						},
						"4.0667": {
							"vector": [-16, 0, 11]
						},
						"4.1333": {
							"vector": [-15, 0.5, 11]
						},
						"4.2": {
							"vector": [-8, 11, 11]
						},
						"4.4": {
							"vector": [-7.75, 12, 11]
						},
						"4.4667": {
							"vector": [7, 11, 11]
						},
						"4.6667": {
							"vector": [6.75, 10.75, 11]
						},
						"4.7": {
							"vector": [10.38, 5.38, 11]
						},
						"4.7333": {
							"vector": [12, 0, 11]
						},
						"4.9333": {
							"vector": [11.75, 2, 11]
						},
						"4.9667": {
							"vector": [10.38, -5, 11]
						},
						"5.0": {
							"vector": [5, -11, 11]
						},
						"5.1333": {
							"vector": [-2, 0, 0]
						}
					}
				},
				"bulletcasing1": {
					"rotation": {
						"1.5333": {
							"vector": [0, 0, 0]
						},
						"1.6333": {
							"vector": [-2.54033, -2.52608, -0.32238]
						},
						"1.7333": {
							"vector": [-137.58631, -45.11336, -2.40818]
						},
						"1.8": {
							"vector": [-150.47941, 17.4771, 150.27582]
						},
						"1.8667": {
							"vector": [-370.48, 17.48, 150.28]
						},
						"3.8667": {
							"vector": [-358.07332, -0.00979, 149.67269]
						},
						"3.9333": {
							"vector": [-357.85883, -0.38321, 132.14888]
						}
					},
					"position": {
						"0.0": {
							"vector": [0, 0, 0]
						},
						"1.5": {
							"vector": [0, 0, 0]
						},
						"1.5333": {
							"vector": [0, 0, 1]
						},
						"1.6333": {
							"vector": [-0.1, 0, 3]
						},
						"1.7333": {
							"vector": [0.75, -4.625, 8]
						},
						"1.8": {
							"vector": [3, -9, 8]
						},
						"1.8333": {
							"vector": [-7, -11.5, 8]
						},
						"1.8667": {
							"vector": [-13, 0, 8]
						},
						"2.2": {
							"vector": [-13, 0, 8]
						},
						"2.2667": {
							"vector": [-5, 12, 8]
						},
						"2.5333": {
							"vector": [-3.57, 12, 8]
						},
						"2.6": {
							"vector": [9.62, 9, 8]
						},
						"2.7333": {
							"vector": [7.16, 10.5, 8]
						},
						"2.8": {
							"vector": [10, 10, 8]
						},
						"2.9333": {
							"vector": [9, 10.2, 8]
						},
						"3.0667": {
							"vector": [14, -0.93, 8]
						},
						"3.1333": {
							"vector": [15, -2, 8]
						},
						"3.3333": {
							"vector": [14, -4.1, 8]
						},
						"3.4": {
							"vector": [7, -12.8, 8]
						},
						"3.4667": {
							"vector": [5, -13, 8]
						},
						"3.7333": {
							"vector": [3.3, -13.29, 8]
						},
						"3.8": {
							"vector": [-7.12, -10.86, 8]
						},
						"3.8667": {
							"vector": [-7.89, -13.43, 6]
						},
						"3.9333": {
							"vector": [0, 0, 0]
						}
					}
				},
				"leftarm": {
					"rotation": {
						"0.0": {
							"vector": [0, 0, 0]
						},
						"0.5": {
							"vector": [0, 0, 0]
						},
						"0.9333": {
							"vector": [-2.5, 0, 0]
						},
						"1.1": {
							"vector": [-5, 0, 0]
						},
						"1.2667": {
							"vector": [-11.55487, 9.79259, 6.86127]
						},
						"1.3333": {
							"vector": [-9.05487, 9.79259, 6.86127]
						},
						"1.4": {
							"vector": [-15.87032, 19.74579, 8.90892]
						},
						"1.8": {
							"vector": [-15.87, 19.75, 8.91]
						},
						"1.8667": {
							"vector": [-10.87, 19.75, 8.91]
						},
						"1.9333": {
							"vector": [-15.87, 19.75, 8.91]
						},
						"2.2": {
							"vector": [-15.87, 19.75, 8.91]
						},
						"2.2667": {
							"vector": [-10.87, 19.75, 8.91]
						},
						"2.3333": {
							"vector": [-15.87, 19.75, 8.91]
						},
						"2.5333": {
							"vector": [-15.87, 19.75, 8.91]
						},
						"2.6": {
							"vector": [-10.87, 19.75, 8.91]
						},
						"2.6667": {
							"vector": [-15.87, 19.75, 8.91]
						},
						"2.8": {
							"vector": [-15.87, 19.75, 8.91]
						},
						"2.8667": {
							"vector": [-15.87, 19.75, 8.91]
						},
						"2.9333": {
							"vector": [-15.87, 19.75, 8.91]
						},
						"3.0667": {
							"vector": [-10.87, 19.75, 8.91]
						},
						"3.2": {
							"vector": [-15.87, 19.75, 8.91]
						},
						"3.2667": {
							"vector": [-15.87, 19.75, 8.91]
						},
						"3.3333": {
							"vector": [-15.87, 19.75, 8.91]
						},
						"3.4": {
							"vector": [-10.87, 19.75, 8.91]
						},
						"3.6": {
							"vector": [-15.87, 19.75, 8.91]
						},
						"3.6667": {
							"vector": [-15.87, 19.75, 8.91]
						},
						"3.7333": {
							"vector": [-15.87, 19.75, 8.91]
						},
						"3.8": {
							"vector": [-10.87, 19.75, 8.91]
						},
						"3.8667": {
							"vector": [-12.81174, 29.63957, 11.35377]
						},
						"4.0": {
							"vector": [-12.81, 29.64, 11.35]
						},
						"4.1333": {
							"vector": [-12.81, 29.64, 11.35]
						},
						"4.2": {
							"vector": [-7.81, 29.64, 11.35]
						},
						"4.3333": {
							"vector": [-12.81, 29.64, 11.35]
						},
						"4.4": {
							"vector": [-12.81, 29.64, 11.35]
						},
						"4.4667": {
							"vector": [-7.81, 29.64, 11.35]
						},
						"4.6": {
							"vector": [-12.81, 29.64, 11.35]
						},
						"4.6667": {
							"vector": [-12.81, 29.64, 11.35]
						},
						"4.7333": {
							"vector": [-7.81, 29.64, 11.35]
						},
						"4.8667": {
							"vector": [-12.81, 29.64, 11.35]
						},
						"4.9333": {
							"vector": [-12.81, 29.64, 11.35]
						},
						"5.0": {
							"vector": [-7.81, 29.64, 11.35]
						},
						"5.1333": {
							"vector": [-12.81, 29.64, 11.35]
						},
						"5.6333": {
							"vector": [0, 0, 0]
						},
						"5.7333": {
							"vector": [0, 0, 0]
						}
					},
					"position": {
						"0.0": {
							"vector": [0, 0, 0]
						},
						"0.5": {
							"vector": [-2.41, 2.34, 1.07]
						},
						"0.9333": {
							"vector": [-4.5, 2.5, 2]
						},
						"1.0333": {
							"vector": [-5.75, 3, 2]
						},
						"1.1": {
							"vector": [-6.25, 2.5, 2]
						},
						"1.2667": {
							"vector": [-3.25, 2.5, -2]
						},
						"1.3333": {
							"vector": [-3.25, 2.5, -2]
						},
						"1.4": {
							"vector": [-4.25, 2.5, -4]
						},
						"1.5": {
							"vector": [-4.25, 2.5, -9]
						},
						"1.5667": {
							"vector": [-4.25, 2.5, -5]
						},
						"1.6333": {
							"vector": [-4.25, 2.5, -2]
						},
						"1.8": {
							"vector": [-4.25, 2.5, 1]
						},
						"1.8667": {
							"vector": [-4.25, 2.5, 1]
						},
						"1.9333": {
							"vector": [-4.25, 2.5, -9]
						},
						"2.1333": {
							"vector": [-4.25, 2.5, -2]
						},
						"2.2": {
							"vector": [-4.25, 2.5, 1]
						},
						"2.2667": {
							"vector": [-4.25, 2.5, 1]
						},
						"2.4": {
							"vector": [-4.25, 2.5, -9]
						},
						"2.4667": {
							"vector": [-4.25, 2.5, -2]
						},
						"2.5333": {
							"vector": [-4.25, 2.5, 1]
						},
						"2.7333": {
							"vector": [-4.25, 2.5, 1]
						},
						"2.8": {
							"vector": [-4.25, 2.5, -9]
						},
						"2.8667": {
							"vector": [-4.25, 2.5, -2]
						},
						"2.9333": {
							"vector": [-4.25, 2.5, 1]
						},
						"3.0667": {
							"vector": [-4.25, 2.5, 1]
						},
						"3.2": {
							"vector": [-4.25, 2.5, -9]
						},
						"3.2667": {
							"vector": [-4.25, 2.5, -2]
						},
						"3.3333": {
							"vector": [-4.25, 2.5, 1]
						},
						"3.4": {
							"vector": [-4.25, 2.5, 1]
						},
						"3.6": {
							"vector": [-4.25, 2.5, -9]
						},
						"3.6667": {
							"vector": [-4.25, 2.5, -2]
						},
						"3.7333": {
							"vector": [-4.25, 2.5, 1]
						},
						"3.8": {
							"vector": [-4.25, 2.5, 1]
						},
						"3.8667": {
							"vector": [-7.25, 1.5, 9]
						},
						"3.9333": {
							"vector": [-10.25, 1.5, 9]
						},
						"4.0": {
							"vector": [-8.25, 1.5, 9]
						},
						"4.0667": {
							"vector": [-10.25, 1.5, 9]
						},
						"4.1333": {
							"vector": [-8.25, 1.5, 9]
						},
						"4.2": {
							"vector": [-8.25, 1.5, 9]
						},
						"4.3333": {
							"vector": [-10.25, 1.5, 9]
						},
						"4.4": {
							"vector": [-8.25, 1.5, 9]
						},
						"4.4667": {
							"vector": [-8.25, 1.5, 9]
						},
						"4.6": {
							"vector": [-10.25, 1.5, 9]
						},
						"4.6667": {
							"vector": [-8.25, 1.5, 9]
						},
						"4.8667": {
							"vector": [-10.25, 1.5, 9]
						},
						"4.9333": {
							"vector": [-8.25, 1.5, 9]
						},
						"5.1333": {
							"vector": [-10.25, 1.5, 9]
						},
						"5.2": {
							"vector": [-9.25, 2.5, 9]
						},
						"5.4": {
							"vector": [-9.25, 2.5, 11]
						},
						"5.4667": {
							"vector": [-9.25, 2.5, 9]
						},
						"5.5333": {
							"vector": [-0.25, 2.5, 9]
						},
						"5.6333": {
							"vector": [-2.41, 2.34, 1.07]
						},
						"5.7333": {
							"vector": [0, 0, 0]
						}
					}
				}
			},
			"sound_effects": {
				"0.0": {
					"effect": "saareload"
				}
			}
		},
		"animation.model.draw": {
			"animation_length": 1,
			"bones": {
				"main": {
					"rotation": {
						"0.0": {
							"vector": [42.11792, -14.37815, 6.69439]
						},
						"0.35": {
							"vector": [0.50319, -0.08095, 6.91562],
							"easing": "easeOutSine"
						},
						"0.5": {
							"vector": [0.32389, -0.60235, -2.1558],
							"easing": "linear"
						},
						"1.0": {
							"vector": [0, 0, 0],
							"easing": "linear"
						}
					},
					"position": {
						"0.0": {
							"vector": [0, -17.3, 9]
						},
						"0.25": {
							"vector": [-0.4, -3.525, 6.375],
							"easing": "linear"
						},
						"0.4": {
							"vector": [0, -1, 3],
							"easing": "linear"
						},
						"0.95": {
							"vector": [-0.05, 0, -2.49],
							"easing": "linear"
						}
					}
				},
				"gun": {
					"rotation": {
						"0.05": {
							"vector": [-667.5, 0, -5]
						},
						"0.3": {
							"vector": [-253.75, 0, -2.5]
						},
						"0.55": {
							"vector": [160, 0, 0]
						},
						"0.65": {
							"vector": [243.75, 0, 0]
						},
						"0.75": {
							"vector": [327.5, 0, 0]
						},
						"0.85": {
							"vector": [48.75, 0, 0]
						},
						"0.95": {
							"vector": [0, 0, 0]
						}
					}
				},
				"leftarm": {
					"position": {
						"0.0": {
							"vector": [6, 0, 0]
						},
						"0.55": {
							"vector": [0.7, 0, 0]
						},
						"1.0": {
							"vector": [0, 0, 0]
						}
					}
				}
			}
		},
		"animation.model.inspect": {
			"loop": true,
			"animation_length": 3.7,
			"bones": {
				"main": {
					"rotation": {
						"0.0": {
							"vector": [0, 0, 0]
						},
						"0.1667": {
							"vector": [-8.41746, -13.59608, -21.21259],
							"easing": "linear"
						},
						"0.3": {
							"vector": [-8.39812, -20.10111, -31.77688]
						},
						"0.4333": {
							"vector": [-9.55676, -20.88889, -28.55629]
						},
						"0.5333": {
							"vector": [-8.77652, -21.21647, -30.72851]
						},
						"0.7667": {
							"vector": [-9.4227, -20.94881, -28.93303]
						},
						"1.0": {
							"vector": [-3.1216, -20.98207, -46.44405]
						},
						"1.1333": {
							"vector": [-4.564, -20.73064, -42.44007]
						},
						"1.2333": {
							"vector": [-4.86325, -20.9153, -41.60203]
						},
						"1.3333": {
							"vector": [-4.58308, -20.97575, -42.38574]
						},
						"1.4667": {
							"vector": [-4.01131, -21.08802, -43.97908]
						},
						"1.6": {
							"vector": [-4.38767, -21.01662, -42.9316]
						},
						"1.7": {
							"vector": [-4.18847, -21.05622, -43.48691],
							"easing": "linear"
						},
						"2.0333": {
							"vector": [-16.91438, 5.38499, 54.40399],
							"easing": "linear"
						},
						"2.1667": {
							"vector": [-15.22513, 5.80082, 60.04554]
						},
						"2.3": {
							"vector": [-15.70981, 5.86025, 59.48558]
						},
						"2.4333": {
							"vector": [-15.93602, 7.03904, 62.69373]
						},
						"2.5667": {
							"vector": [-15.60896, 7.75082, 65.23442]
						},
						"2.7333": {
							"vector": [-15.71675, 7.52491, 64.42194]
						},
						"2.9": {
							"vector": [-15.56389, 7.84019, 65.55973]
						},
						"3.1": {
							"vector": [-15.61778, 7.73186, 65.16659]
						},
						"3.2667": {
							"vector": [-15.9801, 6.93689, 62.33342]
						},
						"3.4": {
							"vector": [-8.86998, 2.42135, 33.56191]
						},
						"3.5333": {
							"vector": [0, -1.75, -2.75]
						},
						"3.7": {
							"vector": [0, 0, 0]
						}
					},
					"position": {
						"0.0": {
							"vector": [0, 0, 0]
						},
						"0.3": {
							"vector": [-0.475, 1.475, -8.7]
						},
						"0.4": {
							"vector": [-0.195, 1, -7.7]
						},
						"0.5333": {
							"vector": [-0.03, 0.725, -7.7]
						},
						"0.7": {
							"vector": [0, 1.125, -7.7]
						},
						"0.9": {
							"vector": [0.125, 1.4, -8.275]
						},
						"1.2": {
							"vector": [-0.02, 1.475, -8]
						},
						"1.4": {
							"vector": [0.11, 1.425, -8.175]
						},
						"1.6667": {
							"vector": [0.275, 1.25, -7.975]
						},
						"1.8": {
							"vector": [-0.13, -1.19, -8.65]
						},
						"1.9667": {
							"vector": [-0.545, -1.325, -11.15]
						},
						"2.1333": {
							"vector": [-0.415, -1.395, -10.545]
						},
						"2.2667": {
							"vector": [-0.525, -1.455, -9.17]
						},
						"2.4": {
							"vector": [-0.49, -1.43, -9.85]
						},
						"2.5667": {
							"vector": [-0.455, -1.5, -9.24]
						},
						"2.7667": {
							"vector": [-0.53, -1.5, -9.27]
						},
						"3.0": {
							"vector": [-0.49, -1.41, -9.3]
						},
						"3.2333": {
							"vector": [-0.545, -1.325, -9.325]
						},
						"3.3667": {
							"vector": [-1.005, -0.61, -7.41]
						},
						"3.6333": {
							"vector": [0, 0, 0]
						}
					}
				},
				"leftarm": {
					"position": {
						"0.0": {
							"vector": [0, -1, 0]
						},
						"0.1": {
							"vector": [0, -60, 34]
						},
						"3.6": {
							"vector": [0, -60, 35]
						},
						"3.7": {
							"vector": [0, -1, 0]
						}
					}
				}
			}
		},
		"animation.model.fire": {
			"animation_length": 0.20833,
			"bones": {
				"gun": {
					"rotation": {
						"0.0": {
							"vector": [0, 0, 0]
						},
						"0.125": {
							"vector": [0, 0, 0]
						},
						"0.1667": {
							"vector": [-20, 0, 0]
						},
						"0.2083": {
							"vector": [0, 0, 0]
						}
					},
					"position": {
						"0.0": {
							"vector": [0, 0, 0]
						},
						"0.125": {
							"vector": [0, 0, 0]
						},
						"0.1667": {
							"vector": [0, 1, 2]
						},
						"0.2083": {
							"vector": [0, 0, 0]
						}
					}
				},
				"hammer": {
					"rotation": {
						"0.0417": {
							"vector": [0, 0, 0]
						},
						"0.0833": {
							"vector": [-45, 0, 0]
						},
						"0.125": {
							"vector": [0, 0, 0]
						}
					}
				},
				"rightarm": {
					"rotation": {
						"0.0": {
							"vector": [0, 0, 0]
						},
						"0.125": {
							"vector": [0, 0, 0]
						},
						"0.1667": {
							"vector": [-5, 0, 0]
						},
						"0.2083": {
							"vector": [0, 0, 0]
						}
					},
					"position": {
						"0.0": {
							"vector": [0, 0, 0]
						},
						"0.125": {
							"vector": [0, 0, 0]
						},
						"0.1667": {
							"vector": [0, 0, 1]
						},
						"0.2083": {
							"vector": [0, 0, 0]
						}
					}
				},
				"leftarm": {
					"rotation": {
						"0.0": {
							"vector": [0, 0, 0]
						},
						"0.0417": {
							"vector": [0, 0, 15]
						},
						"0.0833": {
							"vector": [10.66454, 6.35251, -2.91541]
						},
						"0.125": {
							"vector": [0, 0, 0]
						}
					},
					"position": {
						"0.0": {
							"vector": [0, 0, 1]
						},
						"0.0417": {
							"vector": [-6, 1, 2]
						},
						"0.0833": {
							"vector": [-8, -1, 6]
						},
						"0.125": {
							"vector": [0, 0, 1]
						}
					}
				}
			}
		},
		"animation.model.reloadempty": {
			"loop": true,
			"animation_length": 5.76667,
			"bones": {
				"main": {
					"rotation": {
						"0.0": {
							"vector": [0, 0, 0]
						},
						"0.3333": {
							"vector": [-14.93656, 0.9762, 29.93656]
						},
						"5.5333": {
							"vector": [-14.93656, 0.9762, 29.93656]
						},
						"5.7333": {
							"vector": [0, 0, 0]
						}
					},
					"position": {
						"0.1667": {
							"vector": [0, 2, 7]
						},
						"0.3333": {
							"vector": [0, 5, 7]
						},
						"5.5333": {
							"vector": [0, 5, 7]
						},
						"5.6": {
							"vector": [0, 2, 7]
						}
					}
				},
				"rightarm": {
					"rotation": {
						"0.0": {
							"vector": [0, 0, 0]
						},
						"0.0333": {
							"vector": [0, 0, 0]
						}
					}
				},
				"loadinggate": {
					"rotation": {
						"0.0": {
							"vector": [0, 0, 0]
						},
						"0.9333": {
							"vector": [0, 0, 0.53]
						},
						"1.0333": {
							"vector": [0, 0, -30]
						},
						"1.1333": {
							"vector": [0, 0, -75]
						},
						"5.1333": {
							"vector": [0, 0, -75]
						},
						"5.2": {
							"vector": [0, 0, 0]
						}
					}
				},
				"hammer": {
					"rotation": {
						"0.8": {
							"vector": [0, 0, 0]
						},
						"0.9333": {
							"vector": [-25, 0, 0]
						},
						"5.3333": {
							"vector": [-25, 0, 0]
						},
						"5.4": {
							"vector": [-45, 0, 0]
						},
						"5.4667": {
							"vector": [0, 0, 0]
						}
					}
				},
				"cylinder": {
					"rotation": {
						"1.2667": {
							"vector": [0, 0, 0]
						},
						"1.3333": {
							"vector": [0, 0, -30]
						},
						"1.8": {
							"vector": [0, 0, -30]
						},
						"1.8667": {
							"vector": [0, 0, -85]
						},
						"2.2": {
							"vector": [0, 0, -83.93]
						},
						"2.2667": {
							"vector": [0, 0, -145]
						},
						"2.5333": {
							"vector": [0, 0, -145]
						},
						"2.6": {
							"vector": [0, 0, -205]
						},
						"2.9333": {
							"vector": [0, 0, -205]
						},
						"3.0667": {
							"vector": [0, 0, -267.5]
						},
						"3.3333": {
							"vector": [0, 0, -267.5]
						},
						"3.4": {
							"vector": [0, 0, -330]
						},
						"3.7333": {
							"vector": [0, 0, -330]
						},
						"3.8": {
							"vector": [0, 0, -390]
						},
						"4.0": {
							"vector": [0, 0, -390]
						},
						"4.0667": {
							"vector": [0, 0, -445]
						},
						"4.1333": {
							"vector": [0, 0, -445]
						},
						"4.2": {
							"vector": [0, 0, -505]
						},
						"4.4": {
							"vector": [0, 0, -505]
						},
						"4.4667": {
							"vector": [0, 0, -567.5]
						},
						"4.6667": {
							"vector": [0, 0, -567.5]
						},
						"4.7333": {
							"vector": [0, 0, -625]
						},
						"4.9333": {
							"vector": [0, 0, -625]
						},
						"5.0": {
							"vector": [0, 0, -687.5]
						},
						"5.2667": {
							"vector": [0, 0, -687.5]
						},
						"5.3333": {
							"vector": [0, 0, -712.5]
						}
					}
				},
				"gun": {
					"rotation": {
						"0.0": {
							"vector": [0, 0, 0]
						},
						"0.0333": {
							"vector": [0, 0, 0]
						},
						"1.5333": {
							"vector": [0, 0, 0]
						},
						"1.6333": {
							"vector": [-5, 0, 0]
						},
						"1.7333": {
							"vector": [0, 0, 0]
						},
						"2.0667": {
							"vector": [0, 0, 0]
						},
						"2.1333": {
							"vector": [-5, 0, 0]
						},
						"2.2": {
							"vector": [0, 0, 0]
						},
						"2.4": {
							"vector": [0, 0, 0]
						},
						"2.4667": {
							"vector": [-5, 0, 0]
						},
						"2.5333": {
							"vector": [0, 0, 0]
						},
						"2.8": {
							"vector": [0, 0, 0]
						},
						"2.8667": {
							"vector": [-5, 0, 0]
						},
						"2.9333": {
							"vector": [0, 0, 0]
						},
						"3.2": {
							"vector": [0, 0, 0]
						},
						"3.2667": {
							"vector": [-5, 0, 0]
						},
						"3.3333": {
							"vector": [0, 0, 0]
						},
						"3.9": {
							"vector": [0, 0, 0]
						},
						"3.9333": {
							"vector": [5, 0, 0]
						},
						"3.9667": {
							"vector": [0, 0, 0]
						},
						"4.0333": {
							"vector": [0, 0, 0]
						},
						"4.0667": {
							"vector": [5, 0, 0]
						},
						"4.1": {
							"vector": [0, 0, 0]
						},
						"4.3": {
							"vector": [0, 0, 0]
						},
						"4.3333": {
							"vector": [5, 0, 0]
						},
						"4.3667": {
							"vector": [0, 0, 0]
						},
						"4.5667": {
							"vector": [0, 0, 0]
						},
						"4.6": {
							"vector": [5, 0, 0]
						},
						"4.6333": {
							"vector": [0, 0, 0]
						},
						"4.8333": {
							"vector": [0, 0, 0]
						},
						"4.8667": {
							"vector": [5, 0, 0]
						},
						"4.9": {
							"vector": [0, 0, 0]
						},
						"5.1": {
							"vector": [0, 0, 0]
						},
						"5.1333": {
							"vector": [5, 0, 0]
						},
						"5.1667": {
							"vector": [0, 0, 0]
						},
						"5.3667": {
							"vector": [0, 0, 0]
						},
						"5.4": {
							"vector": [-2.5, 0, 0]
						},
						"5.4333": {
							"vector": [0, 0, 0]
						},
						"5.4667": {
							"vector": [2.5, 0, 0]
						},
						"5.5": {
							"vector": [0, 0, 0]
						},
						"5.5333": {
							"vector": [0, 0, 0]
						},
						"5.5667": {
							"vector": [-25, 0, 0]
						},
						"5.6": {
							"vector": [-87.5, 0, 0]
						},
						"5.6333": {
							"vector": [-147.5, 0, 0]
						},
						"5.6667": {
							"vector": [-220, 0, 0]
						},
						"5.7": {
							"vector": [-312.5, 0, 0]
						},
						"5.7333": {
							"vector": [-360, 0, 0]
						}
					}
				},
				"bulletcasing2": {
					"rotation": {
						"0.0": {
							"vector": [0, 0, 0]
						},
						"3.6667": {
							"vector": [0, 0, 0]
						},
						"3.7333": {
							"vector": [-15, 47.5, 0]
						},
						"3.8": {
							"vector": [-204.84977, 48.00654, -157.44696]
						},
						"3.8667": {
							"vector": [-199.51326, -32.68155, -127.62257]
						},
						"3.9333": {
							"vector": [-353.25115, -5.3971, -123.92364]
						},
						"4.0667": {
							"vector": [-360.42505, -0.78352, -155.72776]
						}
					},
					"position": {
						"0.0": {
							"vector": [0, 0, 0]
						},
						"3.6": {
							"vector": [0, 0, -0.02]
						},
						"3.6667": {
							"vector": [0, 0, 2]
						},
						"3.7333": {
							"vector": [0, 0, 4]
						},
						"3.8": {
							"vector": [2, -4, 9]
						},
						"3.8667": {
							"vector": [2, -12, 9]
						},
						"3.9333": {
							"vector": [-9, -9, 9]
						},
						"3.9667": {
							"vector": [-7.5, -10.5, 9]
						},
						"4.0": {
							"vector": [-7, -10, 9]
						},
						"4.0667": {
							"vector": [1, 1.75, 0]
						}
					}
				},
				"bulletcasing5": {
					"rotation": {
						"0.0": {
							"vector": [0, 0, 0]
						},
						"3.2667": {
							"vector": [-0.36, 0, 0]
						},
						"3.3333": {
							"vector": [152.5, 0, 0]
						},
						"3.4": {
							"vector": [297.5, 0, 0]
						},
						"3.4667": {
							"vector": [357.5, 0, 0]
						},
						"4.4667": {
							"vector": [360, 0, -27.5]
						}
					},
					"position": {
						"0.0": {
							"vector": [0, 0, 0]
						},
						"3.2": {
							"vector": [0, 0, 0]
						},
						"3.2667": {
							"vector": [0, 0, 2]
						},
						"3.3333": {
							"vector": [3.5, 5, 8]
						},
						"3.4": {
							"vector": [14.5, -5, 8]
						},
						"3.4667": {
							"vector": [3.5, -12, 8]
						},
						"3.7333": {
							"vector": [3.95, -11.29, 8]
						},
						"3.8": {
							"vector": [-8.44, -9.86, 8]
						},
						"3.8667": {
							"vector": [-8.43, -9.43, 8]
						},
						"3.9333": {
							"vector": [-9.25, -9, 8]
						},
						"4.0": {
							"vector": [-8.25, -8.5, 8]
						},
						"4.0667": {
							"vector": [-13.25, 2, 8]
						},
						"4.1333": {
							"vector": [-13.25, 0, 8]
						},
						"4.1667": {
							"vector": [-11.25, 7, 8]
						},
						"4.2": {
							"vector": [-7.25, 12, 8]
						},
						"4.4": {
							"vector": [-5.75, 12, 8]
						},
						"4.4667": {
							"vector": [1, 0.6, 0]
						},
						"4.5333": {
							"vector": [7, 11.6, 8]
						},
						"4.6": {
							"vector": [1, 0.6, 0]
						}
					}
				},
				"bulletcasing6": {
					"rotation": {
						"0.0": {
							"vector": [0, 0, 0]
						},
						"2.0": {
							"vector": [0, 0, 0]
						},
						"2.0667": {
							"vector": [-7.50912, 0.09432, 0.42531]
						},
						"2.1333": {
							"vector": [-55.40804, -5.62566, 8.64859]
						},
						"2.2": {
							"vector": [-68.20041, 28.07121, -49.08362]
						},
						"2.2667": {
							"vector": [15.15057, 22.72452, -142.69015]
						},
						"2.3333": {
							"vector": [-2.17664, 5.23342, -141.98056]
						},
						"4.8667": {
							"vector": [0.34817, 0.20403, -136.7901]
						}
					},
					"position": {
						"0.0": {
							"vector": [0, 0, 0]
						},
						"1.9333": {
							"vector": [0, 0, 0]
						},
						"2.0": {
							"vector": [0, 0, 1]
						},
						"2.0667": {
							"vector": [0, 0, 4]
						},
						"2.1333": {
							"vector": [-2.5, -3.25, 7]
						},
						"2.2": {
							"vector": [-1.5, -6.25, 7]
						},
						"2.2667": {
							"vector": [-8.5, -0.25, 9]
						},
						"2.3333": {
							"vector": [-10.5, 7.75, 9]
						},
						"2.4": {
							"vector": [-6.5, 10.75, 9]
						},
						"2.5333": {
							"vector": [-6.1, 12.75, 9]
						},
						"2.6": {
							"vector": [9.1, 10.75, 9]
						},
						"2.7333": {
							"vector": [8.5, 8.75, 9]
						},
						"2.9333": {
							"vector": [10.5, 10.75, 9]
						},
						"3.0667": {
							"vector": [13.33, -4.58, 9]
						},
						"3.1333": {
							"vector": [14.75, -4.75, 9]
						},
						"3.3333": {
							"vector": [14.15, -5.35, 9]
						},
						"3.4": {
							"vector": [3.95, -14.55, 9]
						},
						"3.4667": {
							"vector": [3.75, -15.75, 9]
						},
						"3.7333": {
							"vector": [3.78, -15.46, 9]
						},
						"3.8": {
							"vector": [-9.96, -12.89, 9]
						},
						"3.9333": {
							"vector": [-10.25, -11.75, 9]
						},
						"4.0": {
							"vector": [-9.25, -11.25, 9]
						},
						"4.0667": {
							"vector": [-13.25, 1.25, 9]
						},
						"4.1333": {
							"vector": [-13.75, 0.25, 9]
						},
						"4.1667": {
							"vector": [-11, 5.75, 9]
						},
						"4.2": {
							"vector": [-6.25, 11.25, 9]
						},
						"4.4": {
							"vector": [-5.25, 10.5, 9]
						},
						"4.4667": {
							"vector": [5.75, 10.25, 9]
						},
						"4.6667": {
							"vector": [6, 9.75, 9]
						},
						"4.7": {
							"vector": [11.38, 5, 9]
						},
						"4.7333": {
							"vector": [12.75, -0.75, 9]
						},
						"4.8667": {
							"vector": [0, -2.35, 0]
						}
					}
				},
				"bulletcasing3": {
					"rotation": {
						"0.0": {
							"vector": [0, 0, 0]
						},
						"2.4667": {
							"vector": [0, 0.11, 0]
						},
						"2.5333": {
							"vector": [0, -17.5, 0]
						},
						"2.6": {
							"vector": [-14.48861, -59.72022, 6.70612]
						},
						"2.6667": {
							"vector": [93.64005, -45.78346, 34.13278]
						},
						"2.8": {
							"vector": [-4.16352, -2.37322, -54.19943]
						},
						"4.3333": {
							"vector": [0.84257, 0.00392, -47.09962]
						}
					},
					"position": {
						"0.0": {
							"vector": [0, 0, 0]
						},
						"2.4": {
							"vector": [0, 0, -0.03]
						},
						"2.4667": {
							"vector": [0, 0, 2]
						},
						"2.5333": {
							"vector": [-1.75, 0.25, 6]
						},
						"2.6": {
							"vector": [-2, 3, 8.25]
						},
						"2.6667": {
							"vector": [-1, 10.75, 8.25]
						},
						"2.8": {
							"vector": [7, 10.75, 8.25]
						},
						"2.9333": {
							"vector": [7, 11.15, 8.25]
						},
						"3.0667": {
							"vector": [12.33, -2.12, 8.25]
						},
						"3.1333": {
							"vector": [12, -3.25, 8.25]
						},
						"3.3333": {
							"vector": [11.7, -2.65, 8.25]
						},
						"3.4": {
							"vector": [3.6, -14.45, 8.25]
						},
						"3.4667": {
							"vector": [4, -12.25, 8.25]
						},
						"3.7333": {
							"vector": [4.7, -11.67, 8.25]
						},
						"3.8": {
							"vector": [-7.62, -11.53, 8.25]
						},
						"3.8667": {
							"vector": [-8.14, -11.39, 8.25]
						},
						"3.9333": {
							"vector": [-9, -11.25, 8.25]
						},
						"4.0": {
							"vector": [-10.67, -9.75, 8.25]
						},
						"4.0333": {
							"vector": [-13, -6, 8.25]
						},
						"4.0667": {
							"vector": [-13, -0.25, 8.25]
						},
						"4.1333": {
							"vector": [-14, -0.75, 8.25]
						},
						"4.2": {
							"vector": [-7, 4.75, 2.25]
						},
						"4.3333": {
							"vector": [0, 0, 0]
						}
					}
				},
				"bulletcasing4": {
					"rotation": {
						"0.0": {
							"vector": [0, 0, 0]
						},
						"2.8667": {
							"vector": [-0.224, 2.31192, 1.91482]
						},
						"2.9333": {
							"vector": [15.27776, 11.90165, 4.56202]
						},
						"3.0": {
							"vector": [77.02356, 3.56113, 36.54694]
						},
						"3.0333": {
							"vector": [86.5035, -7.61306, -43.71236]
						},
						"3.0667": {
							"vector": [92.84929, -13.1453, -80.87324]
						},
						"3.1333": {
							"vector": [-6.1, 11.85, 140.12]
						},
						"5.1333": {
							"vector": [0.02765, -0.59448, 141.22033]
						}
					},
					"position": {
						"0.0": {
							"vector": [0, 0, 0]
						},
						"2.8": {
							"vector": [0, 0, -0.02]
						},
						"2.8667": {
							"vector": [0, 0, 2]
						},
						"2.9333": {
							"vector": [0, 1.25, 5]
						},
						"3.0": {
							"vector": [0.5, 4.5, 8]
						},
						"3.0667": {
							"vector": [9, 8, 8]
						},
						"3.1333": {
							"vector": [13, -2, 11]
						},
						"3.3333": {
							"vector": [12.25, -0.5, 11]
						},
						"3.4": {
							"vector": [4, -12, 11]
						},
						"3.7333": {
							"vector": [4.13, -12.38, 11]
						},
						"3.8": {
							"vector": [-10.25, -11.25, 11]
						},
						"3.9333": {
							"vector": [-11, -11, 11]
						},
						"4.0": {
							"vector": [-8.5, -10.5, 11]
						},
						"4.0667": {
							"vector": [-16, 0, 11]
						},
						"4.1333": {
							"vector": [-15, 0.5, 11]
						},
						"4.2": {
							"vector": [-8, 11, 11]
						},
						"4.4": {
							"vector": [-7.75, 12, 11]
						},
						"4.4667": {
							"vector": [7, 11, 11]
						},
						"4.6667": {
							"vector": [6.75, 10.75, 11]
						},
						"4.7": {
							"vector": [10.38, 5.38, 11]
						},
						"4.7333": {
							"vector": [12, 0, 11]
						},
						"4.9333": {
							"vector": [11.75, 2, 11]
						},
						"4.9667": {
							"vector": [10.38, -5, 11]
						},
						"5.0": {
							"vector": [5, -11, 11]
						},
						"5.1333": {
							"vector": [-2, 0, 0]
						}
					}
				},
				"bulletcasing1": {
					"rotation": {
						"1.5333": {
							"vector": [0, 0, 0]
						},
						"1.6333": {
							"vector": [-2.54033, -2.52608, -0.32238]
						},
						"1.7333": {
							"vector": [-137.58631, -45.11336, -2.40818]
						},
						"1.8": {
							"vector": [-150.47941, 17.4771, 150.27582]
						},
						"1.8667": {
							"vector": [-370.48, 17.48, 150.28]
						},
						"3.8667": {
							"vector": [-358.07332, -0.00979, 149.67269]
						},
						"3.9333": {
							"vector": [-357.85883, -0.38321, 132.14888]
						}
					},
					"position": {
						"0.0": {
							"vector": [0, 0, 0]
						},
						"1.5": {
							"vector": [0, 0, 0]
						},
						"1.5333": {
							"vector": [0, 0, 1]
						},
						"1.6333": {
							"vector": [-0.1, 0, 3]
						},
						"1.7333": {
							"vector": [0.75, -4.625, 8]
						},
						"1.8": {
							"vector": [3, -9, 8]
						},
						"1.8333": {
							"vector": [-7, -11.5, 8]
						},
						"1.8667": {
							"vector": [-13, 0, 8]
						},
						"2.2": {
							"vector": [-13, 0, 8]
						},
						"2.2667": {
							"vector": [-5, 12, 8]
						},
						"2.5333": {
							"vector": [-3.57, 12, 8]
						},
						"2.6": {
							"vector": [9.62, 9, 8]
						},
						"2.7333": {
							"vector": [7.16, 10.5, 8]
						},
						"2.8": {
							"vector": [10, 10, 8]
						},
						"2.9333": {
							"vector": [9, 10.2, 8]
						},
						"3.0667": {
							"vector": [14, -0.93, 8]
						},
						"3.1333": {
							"vector": [15, -2, 8]
						},
						"3.3333": {
							"vector": [14, -4.1, 8]
						},
						"3.4": {
							"vector": [7, -12.8, 8]
						},
						"3.4667": {
							"vector": [5, -13, 8]
						},
						"3.7333": {
							"vector": [3.3, -13.29, 8]
						},
						"3.8": {
							"vector": [-7.12, -10.86, 8]
						},
						"3.8667": {
							"vector": [-7.89, -13.43, 6]
						},
						"3.9333": {
							"vector": [0, 0, 0]
						}
					}
				},
				"leftarm": {
					"rotation": {
						"0.0": {
							"vector": [0, 0, 0]
						},
						"0.5": {
							"vector": [0, 0, 0]
						},
						"0.9333": {
							"vector": [-2.5, 0, 0]
						},
						"1.1": {
							"vector": [-5, 0, 0]
						},
						"1.2667": {
							"vector": [-11.55487, 9.79259, 6.86127]
						},
						"1.3333": {
							"vector": [-9.05487, 9.79259, 6.86127]
						},
						"1.4": {
							"vector": [-15.87032, 19.74579, 8.90892]
						},
						"1.8": {
							"vector": [-15.87, 19.75, 8.91]
						},
						"1.8667": {
							"vector": [-10.87, 19.75, 8.91]
						},
						"1.9333": {
							"vector": [-15.87, 19.75, 8.91]
						},
						"2.2": {
							"vector": [-15.87, 19.75, 8.91]
						},
						"2.2667": {
							"vector": [-10.87, 19.75, 8.91]
						},
						"2.3333": {
							"vector": [-15.87, 19.75, 8.91]
						},
						"2.5333": {
							"vector": [-15.87, 19.75, 8.91]
						},
						"2.6": {
							"vector": [-10.87, 19.75, 8.91]
						},
						"2.6667": {
							"vector": [-15.87, 19.75, 8.91]
						},
						"2.8": {
							"vector": [-15.87, 19.75, 8.91]
						},
						"2.8667": {
							"vector": [-15.87, 19.75, 8.91]
						},
						"2.9333": {
							"vector": [-15.87, 19.75, 8.91]
						},
						"3.0667": {
							"vector": [-10.87, 19.75, 8.91]
						},
						"3.2": {
							"vector": [-15.87, 19.75, 8.91]
						},
						"3.2667": {
							"vector": [-15.87, 19.75, 8.91]
						},
						"3.3333": {
							"vector": [-15.87, 19.75, 8.91]
						},
						"3.4": {
							"vector": [-10.87, 19.75, 8.91]
						},
						"3.6": {
							"vector": [-15.87, 19.75, 8.91]
						},
						"3.6667": {
							"vector": [-15.87, 19.75, 8.91]
						},
						"3.7333": {
							"vector": [-15.87, 19.75, 8.91]
						},
						"3.8": {
							"vector": [-10.87, 19.75, 8.91]
						},
						"3.8667": {
							"vector": [-12.81174, 29.63957, 11.35377]
						},
						"4.0": {
							"vector": [-12.81, 29.64, 11.35]
						},
						"4.1333": {
							"vector": [-12.81, 29.64, 11.35]
						},
						"4.2": {
							"vector": [-7.81, 29.64, 11.35]
						},
						"4.3333": {
							"vector": [-12.81, 29.64, 11.35]
						},
						"4.4": {
							"vector": [-12.81, 29.64, 11.35]
						},
						"4.4667": {
							"vector": [-7.81, 29.64, 11.35]
						},
						"4.6": {
							"vector": [-12.81, 29.64, 11.35]
						},
						"4.6667": {
							"vector": [-12.81, 29.64, 11.35]
						},
						"4.7333": {
							"vector": [-7.81, 29.64, 11.35]
						},
						"4.8667": {
							"vector": [-12.81, 29.64, 11.35]
						},
						"4.9333": {
							"vector": [-12.81, 29.64, 11.35]
						},
						"5.0": {
							"vector": [-7.81, 29.64, 11.35]
						},
						"5.1333": {
							"vector": [-12.81, 29.64, 11.35]
						},
						"5.6333": {
							"vector": [0, 0, 0]
						},
						"5.7333": {
							"vector": [0, 0, 0]
						}
					},
					"position": {
						"0.0": {
							"vector": [0, 0, 0]
						},
						"0.5": {
							"vector": [-2.41, 2.34, 1.07]
						},
						"0.9333": {
							"vector": [-4.5, 2.5, 2]
						},
						"1.0333": {
							"vector": [-5.75, 3, 2]
						},
						"1.1": {
							"vector": [-6.25, 2.5, 2]
						},
						"1.2667": {
							"vector": [-3.25, 2.5, -2]
						},
						"1.3333": {
							"vector": [-3.25, 2.5, -2]
						},
						"1.4": {
							"vector": [-4.25, 2.5, -4]
						},
						"1.5": {
							"vector": [-4.25, 2.5, -9]
						},
						"1.5667": {
							"vector": [-4.25, 2.5, -5]
						},
						"1.6333": {
							"vector": [-4.25, 2.5, -2]
						},
						"1.8": {
							"vector": [-4.25, 2.5, 1]
						},
						"1.8667": {
							"vector": [-4.25, 2.5, 1]
						},
						"1.9333": {
							"vector": [-4.25, 2.5, -9]
						},
						"2.1333": {
							"vector": [-4.25, 2.5, -2]
						},
						"2.2": {
							"vector": [-4.25, 2.5, 1]
						},
						"2.2667": {
							"vector": [-4.25, 2.5, 1]
						},
						"2.4": {
							"vector": [-4.25, 2.5, -9]
						},
						"2.4667": {
							"vector": [-4.25, 2.5, -2]
						},
						"2.5333": {
							"vector": [-4.25, 2.5, 1]
						},
						"2.7333": {
							"vector": [-4.25, 2.5, 1]
						},
						"2.8": {
							"vector": [-4.25, 2.5, -9]
						},
						"2.8667": {
							"vector": [-4.25, 2.5, -2]
						},
						"2.9333": {
							"vector": [-4.25, 2.5, 1]
						},
						"3.0667": {
							"vector": [-4.25, 2.5, 1]
						},
						"3.2": {
							"vector": [-4.25, 2.5, -9]
						},
						"3.2667": {
							"vector": [-4.25, 2.5, -2]
						},
						"3.3333": {
							"vector": [-4.25, 2.5, 1]
						},
						"3.4": {
							"vector": [-4.25, 2.5, 1]
						},
						"3.6": {
							"vector": [-4.25, 2.5, -9]
						},
						"3.6667": {
							"vector": [-4.25, 2.5, -2]
						},
						"3.7333": {
							"vector": [-4.25, 2.5, 1]
						},
						"3.8": {
							"vector": [-4.25, 2.5, 1]
						},
						"3.8667": {
							"vector": [-7.25, 1.5, 9]
						},
						"3.9333": {
							"vector": [-10.25, 1.5, 9]
						},
						"4.0": {
							"vector": [-8.25, 1.5, 9]
						},
						"4.0667": {
							"vector": [-10.25, 1.5, 9]
						},
						"4.1333": {
							"vector": [-8.25, 1.5, 9]
						},
						"4.2": {
							"vector": [-8.25, 1.5, 9]
						},
						"4.3333": {
							"vector": [-10.25, 1.5, 9]
						},
						"4.4": {
							"vector": [-8.25, 1.5, 9]
						},
						"4.4667": {
							"vector": [-8.25, 1.5, 9]
						},
						"4.6": {
							"vector": [-10.25, 1.5, 9]
						},
						"4.6667": {
							"vector": [-8.25, 1.5, 9]
						},
						"4.8667": {
							"vector": [-10.25, 1.5, 9]
						},
						"4.9333": {
							"vector": [-8.25, 1.5, 9]
						},
						"5.1333": {
							"vector": [-10.25, 1.5, 9]
						},
						"5.2": {
							"vector": [-9.25, 2.5, 9]
						},
						"5.4": {
							"vector": [-9.25, 2.5, 11]
						},
						"5.4667": {
							"vector": [-9.25, 2.5, 9]
						},
						"5.5333": {
							"vector": [-0.25, 2.5, 9]
						},
						"5.6333": {
							"vector": [-2.41, 2.34, 1.07]
						},
						"5.7333": {
							"vector": [0, 0, 0]
						}
					}
				}
			},
			"sound_effects": {
				"0.0": {
					"effect": "saareload"
				}
			}
		}
	},
	"geckolib_format_version": 2
}